日期,素材ID,素材名,消耗,展示数,点击数,转化成本,转化数,CTR
2026-07-28,13471070287,CH-SC-广义新-10136363822650-新综合频道-家庭清洁-京喜拉新-剪辑-转化引导-家庭清洁-20260602-反向-625-3,4845.60,90354,8658,63.76,76.00,9.58
2026-07-28,13486885202,CH-SC-广义新-无-新10元话费券-10元话费券-京喜拉新-剪辑-转化引导-10元话费券-20260605-无-625-4,765.66,45676,3378,23.93,32.00,7.40
2026-07-28,13799981390,CH-SC-广义新-10134479334759-新综合频道-钟表眼镜-京喜拉新-剪辑-转化引导-钟表眼镜-20260703-无-625-aigc-12,710.85,17300,5520,88.86,8.00,31.91
2026-07-28,13559888558,CH-SC-广义新-10139440032542-新综合频道-运动户外-京喜拉新-剪辑-转化引导-运动户外-20260612-无-625-7,428.88,22683,404,61.27,7.00,1.78
2026-07-28,13559845298,CH-PRJ-采销项目-10204138700158-快手安卓-外卖美食-无-剪辑-转化引导-外卖美食-20260612-无-625-1,325.73,5785,3328,0.20,1628.65,57.53
2026-07-28,13651815810,CH-SC-低活-10081585918372-超级抢购-家庭清洁纸品-无-剪辑-转化引导-家庭清洁纸品-20260623-无-625-aigc-15,215.88,26647,2039,21.59,10.00,7.65
2026-07-28,13904991258,CH-SC-广义新-10136363822650-新综合频道-家庭清洁-京喜拉新-剪辑-转化引导-家庭清洁-20260717-反向-625-3,215.84,3013,267,71.95,3.00,8.86
2026-07-28,13536549173,CH-SC-低活-10219841541026-超级抢购加补-厨具-无-剪辑-转化引导-厨具-20260610-无-625-aigc-10,214.33,8897,570,14.29,15.00,6.41
2026-07-28,13559845354,CH-PRJ-采销项目-10204138700158-快手安卓-外卖美食-无-剪辑-转化引导-外卖美食-20260612-无-625-4,203.21,4259,2239,0.19,1069.53,52.57
2026-07-28,13873168305,CH-SC-低活-10137455430983-超级抢购-纸品-无-剪辑-转化引导-纸品-20260709-无-625-aigc-7,163.07,11632,2516,9.59,17.00,21.63
2026-07-28,13846397896,CH-SC-低活-10112643484929-超级抢购-手机通讯-无-剪辑-转化引导-手机通讯-20260708-无-625-aigc-1,160.03,12827,385,14.55,11.00,3.00
2026-07-28,13603329865,CH-SC-广义新-10139440032542-新综合频道-运动户外-京喜拉新-剪辑-转化引导-运动户外-20260617-无-625-aigc10,158.06,13001,203,15.81,10.00,1.56
2026-07-28,13352555282,CH-SC-低活-10081585918372-超级抢购-家庭清洁纸品-无-剪辑-转化引导-家庭清洁纸品-20260521-无-625-16,153.23,23253,760,38.31,4.00,3.27
2026-07-28,13651812729,CH-SC-低活-10081585918372-超级抢购-家庭清洁纸品-无-剪辑-转化引导-家庭清洁纸品-20260623-无-625-aigc-12,134.07,9584,2873,33.52,4.00,29.98
2026-07-28,13916493537,CH-SC-广义新-10040988734451-新10元话费券-无-无-剪辑-转化引导-无-20260715-无-625-26,130.70,17250,2109,0.00,0.00,12.23
2026-07-28,13547605427,CH-SC-低活-10140207411553-超级抢购加补-文教文化用品-无-剪辑-转化引导-文教文化用品-20260611-无-625-4,118.29,10059,945,6.96,17.00,9.39
2026-07-28,13559886032,CH-SC-广义新-10120132288166-新综合频道-运动户外-京喜拉新-剪辑-转化引导-运动户外-20260612-无-625-9,114.75,27807,86,38.25,3.00,0.31
2026-07-28,13559845061,CH-PRJ-采销项目-10204138700158-快手安卓-外卖美食-无-剪辑-转化引导-外卖美食-20260612-无-625-9,104.93,2025,1027,0.19,552.26,50.72
2026-07-28,13873171234,CH-SC-低活-10137455430983-超级抢购-纸品-无-剪辑-转化引导-纸品-20260709-无-625-aigc-12,94.99,2915,2312,94.99,1.00,79.31
2026-07-28,13873278009,CH-SC-低活-10081585918372-超级抢购-纸品-无-剪辑-转化引导-纸品-20260702-无-625-aigc-16,86.26,5764,286,28.75,3.00,4.96
2026-07-28,13471070035,CH-SC-广义新-10136363822650-新综合频道-家庭清洁-京喜拉新-剪辑-转化引导-家庭清洁-20260602-反向-625-1,84.30,2989,330,42.15,2.00,11.04
2026-07-28,13559845188,CH-PRJ-采销项目-10204138700158-快手安卓-外卖美食-无-剪辑-转化引导-外卖美食-20260612-无-625-10,82.14,1598,918,0.20,410.70,57.45
2026-07-28,13559844197,CH-PRJ-采销项目-10204138700158-快手安卓-外卖美食-无-剪辑-转化引导-外卖美食-20260612-无-625-3,80.73,1924,896,0.19,424.89,46.57
2026-07-28,13352561533,CH-SC-低活-10081585918372-超级抢购-家庭清洁纸品-无-剪辑-转化引导-家庭清洁纸品-20260521-无-625-4,74.25,2284,219,14.85,5.00,9.59
2026-07-28,13873165421,CH-SC-低活-10137455430983-超级抢购-纸品-无-剪辑-转化引导-纸品-20260709-无-625-aigc-4,73.71,2241,600,8.19,9.00,26.77
2026-07-28,13957181664,信息流-小牛-保温饭盒-三方主体-代运营-新人福利价-0724-10125420247464-大盘扒改-625-3,72.20,8972,223,36.10,2.00,2.49
2026-07-28,13873166540,CH-SC-低活-10137455430983-超级抢购-纸品-无-剪辑-转化引导-纸品-20260709-无-625-aigc-5,71.79,11965,637,11.97,6.00,5.32
2026-07-28,13904991981,CH-SC-广义新-10136363822650-新综合频道-家庭清洁-京喜拉新-剪辑-转化引导-家庭清洁-202600602-反向-625-5,69.04,1907,62,34.52,2.00,3.25
2026-07-28,13916497314,CH-SC-广义新-10040988734451-新10元话费券-无-无-剪辑-转化引导-无-20260715-无-625-22,61.89,6068,802,61.89,1.00,13.22
2026-07-28,13922153461,信息流-小牛-抽纸-京东主体-代运营-新人福利价-0721-100281253200-设计自选-625-aigc-8,57.56,1054,369,0.00,0.00,35.01
2026-07-28,13722926601,CH-SC-低活-10118706992345-超级抢购加补-纸品-无-剪辑-转化引导-纸品-20260629-无-625-aigc-1,56.78,32118,521,0.00,0.00,1.62
2026-07-28,13559844535,CH-PRJ-采销项目-10204138700158-快手安卓-外卖美食-无-剪辑-转化引导-外卖美食-20260612-无-625-6,56.50,1069,627,0.17,332.35,58.65
2026-07-28,13873164965,CH-SC-低活-10137455430983-超级抢购-纸品-无-剪辑-转化引导-纸品-20260709-无-625-aigc-2,48.59,1032,294,9.72,5.00,28.49
2026-07-28,13352556484,CH-SC-低活-10081585918372-超级抢购-家庭清洁纸品-无-剪辑-转化引导-家庭清洁纸品-20260521-无-625-20,44.90,3180,991,44.90,1.00,31.16
2026-07-28,13873170621,CH-SC-低活-10137455430983-超级抢购-纸品-无-剪辑-转化引导-纸品-20260709-无-625-aigc-11,41.97,7742,680,20.99,2.00,8.78
2026-07-28,13352554681,CH-SC-低活-10081585918372-超级抢购-家庭清洁纸品-无-剪辑-转化引导-家庭清洁纸品-20260521-无-625-13,40.87,3862,162,40.87,1.00,4.19
2026-07-28,13873166317,CH-SC-低活-10137455430983-超级抢购-纸品-无-剪辑-转化引导-纸品-20260709-无-625-aigc-3,39.56,2572,538,7.91,5.00,20.92
2026-07-28,13873285611,CH-SC-低活-10081585918372-超级抢购-纸品-无-剪辑-转化引导-纸品-20260702-无-625-aigc-24,38.57,1390,424,0.00,0.00,30.50
2026-07-28,13614624623,CH-SC-广义新-10134479334759-新综合频道-钟表眼镜-京喜拉新-剪辑-转化引导-钟表眼镜-20260618-无-625-aigc-7,36.41,1479,61,0.00,0.00,4.12
2026-07-28,13916117935,CH-SC-广义新-10155000015319-新综合频道-厨具-京喜拉新-剪辑-转化引导-厨具-20260716-无-625-aigc-9,35.10,2037,80,0.00,0.00,3.93
2026-07-28,13719130258,CH-SC-广义新-10130866966155-新综合频道-服饰内衣-京喜拉新-剪辑-转化引导-服饰内衣-20260629-无-625-aigc-1,31.99,4331,186,0.00,0.00,4.29
2026-07-28,13559844150,CH-PRJ-采销项目-10204138700158-快手安卓-外卖美食-无-剪辑-转化引导-外卖美食-20260612-无-625-2,28.09,698,336,0.17,165.24,48.14
2026-07-28,13873168594,CH-SC-低活-10137455430983-超级抢购-纸品-无-剪辑-转化引导-纸品-20260709-无-625-aigc-8,27.93,1972,355,13.97,2.00,18.00
2026-07-28,13939870699,CH-SC-广义新-10217878263924 -新综合频道-汽车用品-京喜拉新-剪辑-转化引导-汽车用品-20260717-无-625-3,26.55,7094,32,0.00,0.00,0.45
2026-07-28,13846372517,CH-SC-低活-10112643484929-超级抢购-手机通讯-无-剪辑-转化引导-手机通讯-20260708-无-625-aigc-5,24.97,1289,34,0.00,0.00,2.64
2026-07-28,13352557402,CH-SC-低活-10081585918372-超级抢购-家庭清洁纸品-无-剪辑-转化引导-家庭清洁纸品-20260521-无-625-25,23.87,1386,401,0.00,0.00,28.93
2026-07-28,13873169325,CH-SC-低活-10137455430983-超级抢购-纸品-无-剪辑-转化引导-纸品-20260709-无-625-aigc-9,22.17,1203,201,7.39,3.00,16.71
2026-07-28,13904992394,CH-SC-广义新-10136363822650-新综合频道-家庭清洁-京喜拉新-剪辑-转化引导-家庭清洁-20260717-反向-625-1,21.92,7622,16,21.92,1.00,0.21
2026-07-28,13873283614,CH-SC-低活-10081585918372-超级抢购-纸品-无-剪辑-转化引导-纸品-20260702-无-625-aigc-22,21.56,1009,390,21.56,1.00,38.65
2026-07-28,13776524108,CH-SC-广义新-10130866966155-新综合频道-服饰内衣-京喜拉新-剪辑-转化引导-服饰内衣-20260702-无-625-aigc-11,21.06,3076,156,0.00,0.00,5.07
2026-07-28,13873167301,CH-SC-低活-10137455430983-超级抢购-纸品-无-剪辑-转化引导-纸品-20260709-无-625-aigc-6,20.85,19473,65,0.00,0.00,0.33
2026-07-28,13685269854,CH-SC-低活-10220560400432-超级抢购加补-生活日用-无-剪辑-转化引导-生活日用-20260626-无-625-aigc-15,20.83,639,21,20.83,1.00,3.29
2026-07-28,13352554298,CH-SC-低活-10081585918372-超级抢购-家庭清洁纸品-无-剪辑-转化引导-家庭清洁纸品-20260521-无-625-11,20.73,2696,104,0.00,0.00,3.86
2026-07-28,13836038216,CH-SC-低活-10223482211866-超级抢购-生活日用-无-剪辑-转化引导-生活日用-20260703-无-625-7,18.85,357,85,0.00,0.00,23.81
2026-07-28,13559844369,CH-PRJ-采销项目-10204138700158-快手安卓-外卖美食-无-剪辑-转化引导-外卖美食-20260612-无-625-5,18.47,680,238,0.20,92.35,35.00
2026-07-28,13559844857,CH-PRJ-采销项目-10204138700158-快手安卓-外卖美食-无-剪辑-转化引导-外卖美食-20260612-无-625-8,18.09,473,223,0.16,113.06,47.15
2026-07-28,13559844692,CH-PRJ-采销项目-10204138700158-快手安卓-外卖美食-无-剪辑-转化引导-外卖美食-20260612-无-625-7,17.89,532,237,0.15,119.27,44.55
2026-07-28,13651786488,CH-SC-低活-10166301474829-超级抢购加补-厨具-无-剪辑-转化引导-厨具-20260623-无-625-18,14.41,1001,179,0.00,0.00,17.88
2026-07-28,13603318244,CH-SC-广义新-10118706992345-新综合频道-纸品-无-剪辑-转化引导-纸品-20260617-无-625-aigc-11,13.67,6496,228,0.00,0.00,3.51
2026-07-28,13918399564,信息流-小牛-车载支架-低活-代运营-福利价-0721-100091919404-深海货盘-625-aigc-10,13.07,2924,570,0.00,0.00,19.49
2026-07-28,13846316443,CH-SC-低活-10140917922437-超级抢购-家庭清洁-无-剪辑-转化引导-家庭清洁-20260708-无-625-aigc-16,11.41,556,16,11.41,1.00,2.88
2026-07-28,13684856672,CH-SC-广义新-无-新10元话费券-10元话费券-京喜拉新-剪辑-转化引导-10元话费券-20260626-无-625-1,11.08,1579,113,0.00,0.00,7.16
2026-07-28,13873277927,CH-SC-低活-10081585918372-超级抢购-纸品-无-剪辑-转化引导-纸品-20260702-无-625-aigc-17,10.74,274,12,0.00,0.00,4.38
2026-07-28,13916493564,CH-SC-广义新-10040988734451-新10元话费券-无-无-剪辑-转化引导-无-20260715-无-625-24,10.59,869,80,0.00,0.00,9.21
2026-07-28,13873203758,CH-SC-低活-10140917922437-超级抢购-家庭清洁-无-剪辑-转化引导-家庭清洁-20260709-无-625-aigc-12,10.43,341,219,0.00,0.00,64.22
2026-07-28,13916295481,CH-SC-低活-10130886489325-超级抢购-厨具-无-剪辑-转化引导-厨具-20260715-无-625-15,10.23,60,34,10.23,1.00,56.67
2026-07-28,13836021303,CH-SC-低活-10081585918372-超级抢购-纸品-无-剪辑-转化引导-纸品-20260702-无-625-aigc-3,9.75,452,106,9.75,1.00,23.45
2026-07-28,13603383616,CH-SC-低活-10217740550325-超级抢购加补-箱包皮具-无-剪辑-转化引导-箱包皮具-20260617-无-625-aigc-5,9.10,651,19,0.00,0.00,2.92
2026-07-28,13592316754,CH-SC-广义新-10146456039187-新综合频道-纸品-京喜拉新-剪辑-转化引导-纸品-20260616-反向-625-aigc-8,8.26,1127,112,0.00,0.00,9.94
2026-07-28,13836027051,CH-SC-低活-10118706992345-超级抢购-纸品-无-剪辑-转化引导-纸品-20260702-无-625-aigc-11,7.79,497,190,3.90,2.00,38.23
2026-07-28,13776518178,CH-SC-广义新-10130866966155-新综合频道-服饰内衣-京喜拉新-剪辑-转化引导-服饰内衣-20260702-无-625-aigc-4,7.77,995,212,0.00,0.00,21.31
2026-07-28,13922151320,信息流-小牛-抽纸-京东主体-代运营-新人福利价-0721-100281253200-设计自选-625-aigc-3,7.69,169,46,7.69,1.00,27.22
2026-07-28,13614625693,CH-SC-广义新-10134479334759-新综合频道-钟表眼镜-京喜拉新-剪辑-转化引导-钟表眼镜-20260618-无-625-aigc-8,7.53,850,20,0.00,0.00,2.35
2026-07-28,13799983282,CH-SC-广义新-10134479334759-新综合频道-钟表眼镜-京喜拉新-剪辑-转化引导-钟表眼镜-20260703-无-625-aigc-13,7.43,801,8,0.00,0.00,1.00
2026-07-28,13776523214,CH-SC-广义新-10130866966155-新综合频道-服饰内衣-京喜拉新-剪辑-转化引导-服饰内衣-20260702-无-625-aigc-10,7.05,813,13,0.00,0.00,1.60
2026-07-28,13873244696,CH-SC-低活-10217740550325-超级抢购-箱包皮具-无-剪辑-转化引导-箱包皮具-20260713-无-625-aigc-7,6.66,229,9,6.66,1.00,3.93
2026-07-28,13836019918,CH-SC-低活-10081585918372-超级抢购-纸品-无-剪辑-转化引导-纸品-20260702-无-625-aigc-2,6.18,241,4,0.00,0.00,1.66
2026-07-28,13836018714,CH-SC-低活-10081585918372-超级抢购-纸品-无-剪辑-转化引导-纸品-20260702-无-625-aigc-9,5.49,161,4,0.00,0.00,2.48
2026-07-28,13940201606,CH-SC-低活-10200755904098-超级抢购-汽车用品-无-剪辑-转化引导-汽车用品-20260716-无-625-aigc-6,5.44,856,37,2.72,2.00,4.32
2026-07-28,13397046708,CH-SC-广义新-10215767576641-新综合频道-生鲜-京喜拉新-剪辑-转化引导-生鲜-20260526-反向-625-aigc-4,5.31,2488,70,0.00,0.00,2.81
2026-07-28,13941342898,信息流-小牛-手机支架-三方主体-代运营-新人福利价-0723-10139440032542 -设计自选-625-6,5.25,373,4,0.00,0.00,1.07
2026-07-28,13918401522,信息流-小牛-车载支架-低活-代运营-福利价-0721-100091919404-深海货盘-625-aigc-14,5.07,636,228,0.00,0.00,35.85
2026-07-28,13651811864,CH-SC-低活-10081585918372-超级抢购-家庭清洁纸品-无-剪辑-转化引导-家庭清洁纸品-20260623-无-625-aigc-10,4.96,113,7,0.00,0.00,6.19
2026-07-28,13904991502,CH-SC-广义新-10136363822650-新综合频道-家庭清洁-京喜拉新-剪辑-转化引导-家庭清洁-20260717-反向-625-4,4.96,123,18,0.00,0.00,14.63
2026-07-28,13916490717,CH-SC-广义新-10040988734451-新10元话费券-无-无-剪辑-转化引导-无-20260715-无-625-6,4.90,556,36,0.00,0.00,6.47
2026-07-28,13846397120,CH-SC-低活-10112643484929-超级抢购-手机通讯-无-剪辑-转化引导-手机通讯-20260708-无-625-aigc-2,4.89,268,8,0.00,0.00,2.99
2026-07-28,13940214040,CH-SC-低活-10223570717754-超级抢购-生鲜-无-剪辑-转化引导-生鲜-20260716-无-625-aigc-9,4.75,214,3,0.00,0.00,1.40
2026-07-28,13940212738,CH-SC-低活-10223570717754-超级抢购-生鲜-无-剪辑-转化引导-生鲜-20260716-无-625-aigc-6,4.62,177,8,0.00,0.00,4.52
2026-07-28,13799931656,CH-SC-广义新-10158258669630-新综合频道-居家布艺-京喜拉新-剪辑-转化引导-居家布艺-20260706-无-625-aigc-7,4.48,1554,79,0.00,0.00,5.08
2026-07-28,13536545427,CH-SC-低活-10219841541026-超级抢购加补-厨具-无-剪辑-转化引导-厨具-20260610-无-625-aigc-4,4.34,61,1,0.00,0.00,1.64
2026-07-28,13873247401,CH-SC-低活-10217740550325-超级抢购-箱包皮具-无-剪辑-转化引导-箱包皮具-20260713-无-625-aigc-1,4.34,240,29,0.00,0.00,12.08
2026-07-28,13873251318,CH-SC-低活-10081585918372-超级抢购-纸品-无-剪辑-转化引导-纸品-20260702-无-625-aigc-26,4.13,178,67,0.00,0.00,37.64
2026-07-28,13719128579,CH-SC-广义新-10130866966155-新综合频道-服饰内衣-京喜拉新-剪辑-转化引导-服饰内衣-20260629-无-625-aigc-5,4.11,1049,114,0.00,0.00,10.87
2026-07-28,13845993499,CH-SC-广义新-10120961944861-新综合频道-运动户外 -京喜拉新-剪辑-转化引导-运动户外 -20260710-无-625-aigc-6,3.91,632,29,0.00,0.00,4.59
2026-07-28,13881546157,CH-SC-广义新-10102020339908 -新综合频道-数码-京喜拉新-剪辑-转化引导-数码-20260715-无-625-10,3.82,840,31,3.82,1.00,3.69
2026-07-28,13352555432,CH-SC-低活-10081585918372-超级抢购-家庭清洁纸品-无-剪辑-转化引导-家庭清洁纸品-20260521-无-625-18,3.73,820,97,3.73,1.00,11.83
2026-07-28,13836027533,CH-SC-低活-10118706992345-超级抢购-纸品-无-剪辑-转化引导-纸品-20260702-无-625-aigc-9,3.69,245,90,0.00,0.00,36.73
2026-07-28,13846422587,CH-SC-低活-10220560400432-超级抢购-生活日用-无-剪辑-转化引导-生活日用-20260708-无-625-aigc-7,3.61,385,114,0.00,0.00,29.61
2026-07-28,13939907432,CH-SC-广义新-10183880057418 -新综合频道-箱包皮具-京喜拉新-剪辑-转化引导-箱包皮具-20260717-无-625-aigc-12,3.42,623,18,0.00,0.00,2.89
2026-07-28,13836041295,CH-SC-低活-10118706992345-超级抢购-纸品-无-剪辑-转化引导-纸品-20260702-无-625-aigc-12,3.38,200,77,0.00,0.00,38.50
2026-07-28,13940211127,CH-SC-低活-10223570717754-超级抢购-生鲜-无-剪辑-转化引导-生鲜-20260716-无-625-aigc-2,3.30,147,4,3.30,1.00,2.72
2026-07-28,13872651421,CH-SC-广义新-10136363822650 -新综合频道-纸品-京喜拉新-剪辑-转化引导-纸品-20260714-无-625-9,3.19,1273,83,0.00,0.00,6.52
2026-07-28,13846321758,CH-SC-低活-10140917922437-超级抢购-家庭清洁-无-剪辑-转化引导-家庭清洁-20260708-无-625-aigc-3,3.17,91,2,3.17,1.00,2.20
2026-07-28,13940213199,CH-SC-低活-10223570717754-超级抢购-生鲜-无-剪辑-转化引导-生鲜-20260716-无-625-aigc-7,3.07,137,7,0.00,0.00,5.11
2026-07-28,13904992036,CH-SC-广义新-10136363822650-新综合频道-家庭清洁-京喜拉新-剪辑-转化引导-家庭清洁-20260717-反向-625-6,3.01,4258,7,0.00,0.00,0.16
2026-07-28,13559884894,CH-SC-广义新-10120132288166-新综合频道-运动户外-京喜拉新-剪辑-转化引导-运动户外-20260612-无-625-3,2.55,515,30,0.00,0.00,5.83
2026-07-28,13559884947,CH-SC-广义新-10120132288166-新综合频道-运动户外-京喜拉新-剪辑-转化引导-运动户外-20260612-无-625-6,2.44,620,9,0.00,0.00,1.45
2026-07-28,13960084261,信息流-小牛-抽纸-三方主体-代运营-新人福利价-0724-10105196309536 -历史爆品-625-7,2.37,41,16,0.00,0.00,39.02
2026-07-28,13776532381,CH-SC-广义新-10130866966155-新综合频道-服饰内衣-京喜拉新-剪辑-转化引导-服饰内衣-20260702-无-625-aigc-17,2.25,256,78,0.00,0.00,30.47
2026-07-28,13776519951,CH-SC-广义新-10130866966155-新综合频道-服饰内衣-京喜拉新-剪辑-转化引导-服饰内衣-20260702-无-625-aigc-7,2.23,236,43,0.00,0.00,18.22
2026-07-28,13163606382,荣耀-XN-汽车-通用-途虎养车-混剪-260428-625-7,2.11,24,10,0.70,3.01,41.67
2026-07-28,13881547160,CH-SC-广义新-10102020339908 -新综合频道-数码-京喜拉新-剪辑-转化引导-数码-20260715-无-625-3,2.03,889,50,0.00,0.00,5.62
2026-07-28,13547606643,CH-SC-低活-10140207411553-超级抢购加补-文教文化用品-无-剪辑-转化引导-文教文化用品-20260611-无-625-8,2.00,304,14,0.00,0.00,4.61
2026-07-28,13916495108,CH-SC-广义新-10040988734451-新10元话费券-无-无-剪辑-转化引导-无-20260715-无-625-7,1.99,190,7,0.00,0.00,3.68
2026-07-28,13916489768,CH-SC-广义新-10040988734451-新10元话费券-无-无-剪辑-转化引导-无-20260715-无-625-11,1.96,144,9,0.00,0.00,6.25
2026-07-28,13163608903,荣耀-XN-汽车-通用-途虎养车-混剪-260428-625-10,1.96,84,5,0.00,0.00,5.95
2026-07-28,13835197010,CH-SC-广义新-10139440032542-新综合频道-运动户外-京喜拉新-剪辑-转化引导-运动户外-20260708-无-625-aigc-8,1.88,69,1,0.00,0.00,1.45
2026-07-28,13916094018,CH-SC-广义新-10147832788047-新综合频道-工业品-京喜拉新-剪辑-转化引导-工业品-20260716-反向-625-3,1.88,5,4,0.00,0.00,80.00
2026-07-28,13916491839,CH-SC-广义新-10040988734451-新10元话费券-无-无-剪辑-转化引导-无-20260715-无-625-5,1.81,48,4,0.00,0.00,8.33
2026-07-28,13940217406,CH-SC-低活-10223570717754-超级抢购-生鲜-无-剪辑-转化引导-生鲜-20260716-无-625-aigc-1,1.74,101,3,0.00,0.00,2.97
2026-07-28,13776536723,CH-SC-广义新-10130866966155-新综合频道-服饰内衣-京喜拉新-剪辑-转化引导-服饰内衣-20260702-无-625-aigc-1,1.42,303,95,0.00,0.00,31.35
2026-07-28,13836043947,CH-SC-低活-10118706992345-超级抢购-纸品-无-剪辑-转化引导-纸品-20260702-无-625-aigc-4,1.38,185,22,0.00,0.00,11.89
2026-07-28,13846303476,CH-SC-低活-10140917922437-超级抢购-家庭清洁-无-剪辑-转化引导-家庭清洁-20260708-无-625-aigc-6,1.38,41,1,0.00,0.00,2.44
2026-07-28,13559884097,CH-SC-广义新-10120132288166-新综合频道-运动户外-京喜拉新-剪辑-转化引导-运动户外-20260612-无-625-4,1.33,301,2,0.00,0.00,0.66
2026-07-28,13916092543,CH-SC-广义新-10147832788047-新综合频道-工业品-京喜拉新-剪辑-转化引导-工业品-20260716-反向-625-2,1.32,5,1,0.00,0.00,20.00
2026-07-28,13916491947,CH-SC-广义新-10040988734451-新10元话费券-无-无-剪辑-转化引导-无-20260715-无-625-16,1.32,174,7,0.00,0.00,4.02
2026-07-28,13651811209,CH-SC-低活-10081585918372-超级抢购-家庭清洁纸品-无-剪辑-转化引导-家庭清洁纸品-20260623-无-625-aigc-6,1.30,21,2,0.00,0.00,9.52
2026-07-28,13776519630,CH-SC-广义新-10130866966155-新综合频道-服饰内衣-京喜拉新-剪辑-转化引导-服饰内衣-20260702-无-625-aigc-5,1.30,194,43,0.00,0.00,22.16
2026-07-28,13846319941,CH-SC-低活-10140917922437-超级抢购-家庭清洁-无-剪辑-转化引导-家庭清洁-20260708-无-625-aigc-2,1.29,110,1,0.00,0.00,0.91
2026-07-28,13559886850,CH-SC-广义新-10120132288166-新综合频道-运动户外-京喜拉新-剪辑-转化引导-运动户外-20260612-无-625-10,1.27,475,5,0.00,0.00,1.05
2026-07-28,13860551989,CH-SC-广义新-10162692688878-新综合频道-家用电器-京喜拉新-剪辑-转化引导-家用电器-20260713-无-625-aigc-6,1.23,83,60,0.00,0.00,72.29
2026-07-28,13872650671,CH-SC-广义新-10136363822650 -新综合频道-纸品-京喜拉新-剪辑-转化引导-纸品-20260714-无-625-5,1.22,148,6,0.00,0.00,4.05
2026-07-28,13719129557,CH-SC-广义新-10130866966155-新综合频道-服饰内衣-京喜拉新-剪辑-转化引导-服饰内衣-20260629-无-625-aigc-8,1.20,154,33,0.00,0.00,21.43
2026-07-28,13836045401,CH-SC-低活-10118706992345-超级抢购-纸品-无-剪辑-转化引导-纸品-20260702-无-625-aigc-6,1.19,123,23,0.00,0.00,18.70
2026-07-28,13939909961,CH-SC-广义新-10183880057418 -新综合频道-箱包皮具-京喜拉新-剪辑-转化引导-箱包皮具-20260717-无-625-aigc-13,1.13,279,2,0.00,0.00,0.72
2026-07-28,13471070253,CH-SC-广义新-10136363822650-新综合频道-家庭清洁-京喜拉新-剪辑-转化引导-家庭清洁-20260602-反向-625-aigc-6,1.06,41,0,0.00,0.00,0.00
2026-07-28,13940216644,CH-SC-低活-10223570717754-超级抢购-生鲜-无-剪辑-转化引导-生鲜-20260716-无-625-aigc-4,1.00,67,0,0.00,0.00,0.00
2026-07-28,13836023204,CH-SC-低活-10081585918372-超级抢购-纸品-无-剪辑-转化引导-纸品-20260702-无-625-aigc-5,0.98,37,5,0.00,0.00,13.51
2026-07-28,13673738697,CH-SC-低活-10166301474829-超级抢购加补-厨具-无-剪辑-转化引导-厨具-20260625-无-625-13,0.96,67,8,0.00,0.00,11.94
2026-07-28,13559885026,CH-SC-广义新-10120132288166-新综合频道-运动户外-京喜拉新-剪辑-转化引导-运动户外-20260612-无-625-5,0.95,208,10,0.00,0.00,4.81
2026-07-28,13746328503,CH-SC-低活-10139440032542-超级抢购5元-运动户外-无-剪辑-转化引导-运动户外-20260630-无-625-aigc-7,0.93,55,0,0.00,0.00,0.00
2026-07-28,13957201211,信息流-小牛-无骨鸡爪-三方主体-代运营-新人福利价-0724-10181243448351-大盘扒改-625-10,0.91,98,4,0.00,0.00,4.08
2026-07-28,13873248011,CH-SC-低活-10217740550325-超级抢购-箱包皮具-无-剪辑-转化引导-箱包皮具-20260713-无-625-aigc-2,0.91,59,28,0.00,0.00,47.46
2026-07-28,13873279405,CH-SC-低活-10081585918372-超级抢购-纸品-无-剪辑-转化引导-纸品-20260702-无-625-aigc-18,0.89,86,13,0.00,0.00,15.12
2026-07-28,13846375083,CH-SC-低活-10112643484929-超级抢购-手机通讯-无-剪辑-转化引导-手机通讯-20260708-无-625-aigc-6,0.85,63,1,0.00,0.00,1.59
2026-07-28,13685269945,CH-SC-低活-10220560400432-超级抢购加补-生活日用-无-剪辑-转化引导-生活日用-20260626-无-625-aigc-13,0.79,193,1,0.00,0.00,0.52
2026-07-28,13746347679,CH-SC-低活-10219841541026-超级抢购加补-厨具-无-剪辑-转化引导-厨具-20260630-无-625-aigc-8,0.72,427,3,0.00,0.00,0.70
2026-07-28,13872652245,CH-SC-广义新-10136363822650 -新综合频道-纸品-京喜拉新-剪辑-转化引导-纸品-20260714-无-625-11,0.71,325,18,0.00,0.00,5.54
2026-07-28,13846346637,CH-SC-低活-10113209119177-超级抢购-电动车-无-剪辑-转化引导-电动车-20260708-无-625-12,0.71,7,2,0.00,0.00,28.57
2026-07-28,13722919113,CH-SC-低活-10220560400432-超级抢购加补-生活日用-无-剪辑-转化引导-生活日用-20260629-无-625-aigc-4,0.67,14,1,0.00,0.00,7.14
2026-07-28,13846398501,CH-SC-低活-10112643484929-超级抢购-手机通讯-无-剪辑-转化引导-手机通讯-20260708-无-625-aigc-3,0.66,73,2,0.00,0.00,2.74
2026-07-28,13731658321,CH-SC-广义新-10103971298079-新综合频道-家具-京喜拉新-剪辑-转化引导-家具-20260630-反向-625-18,0.61,45,5,0.00,0.00,11.11
2026-07-28,13614673056,CH-SC-低活-10143318867797-超级抢购5元-厨具-无-剪辑-转化引导-厨具-20260618-无-625-aigc-2,0.58,53,0,0.00,0.00,0.00
2026-07-28,13873198936,CH-SC-低活-10140917922437-超级抢购-家庭清洁-无-剪辑-转化引导-家庭清洁-20260709-无-625-aigc-9,0.54,34,7,0.00,0.00,20.59
2026-07-28,13872652954,CH-SC-广义新-10136363822650 -新综合频道-纸品-京喜拉新-剪辑-转化引导-纸品-20260714-无-625-1,0.53,13,1,0.53,1.00,7.69
2026-07-28,13722920074,CH-SC-低活-10220560400432-超级抢购加补-生活日用-无-剪辑-转化引导-生活日用-20260629-无-625-aigc-8,0.52,16,1,0.00,0.00,6.25
2026-07-28,13471071527,CH-SC-广义新-10136363822650-新综合频道-家庭清洁-京喜拉新-剪辑-转化引导-家庭清洁-20260602-反向-625-aigc-2,0.52,141,1,0.00,0.00,0.71
2026-07-28,13846306026,CH-SC-低活-10140917922437-超级抢购-家庭清洁-无-剪辑-转化引导-家庭清洁-20260708-无-625-aigc-7,0.49,32,1,0.49,1.00,3.12
2026-07-28,13846399385,CH-SC-低活-10081585918372-超级抢购-家庭清洁纸品-无-剪辑-转化引导-家庭清洁纸品-20260708-无-625-aigc-18,0.48,5,3,0.00,0.00,60.00
2026-07-28,13836023523,CH-SC-低活-10081585918372-超级抢购-纸品-无-剪辑-转化引导-纸品-20260702-无-625-aigc-6,0.46,11,2,0.00,0.00,18.18
2026-07-28,13614673729,CH-SC-低活-10143318867797-超级抢购5元-厨具-无-剪辑-转化引导-厨具-20260618-无-625-aigc-3,0.45,93,2,0.00,0.00,2.15
2026-07-28,13799927457,CH-SC-广义新-10158258669630-新综合频道-居家布艺-京喜拉新-剪辑-转化引导-居家布艺-20260706-无-625-aigc-2,0.45,234,17,0.00,0.00,7.26
2026-07-28,13860580424,CH-SC-广义新-10215307938752-新综合频道-鞋靴-京喜拉新-剪辑-转化引导-鞋靴-20260713-反向-625-aigc-3,0.45,48,10,0.00,0.00,20.83
2026-07-28,13881548030,CH-SC-广义新-10102020339908 -新综合频道-数码-京喜拉新-剪辑-转化引导-数码-20260715-无-625-5,0.44,358,6,0.00,0.00,1.68
2026-07-28,13651814241,CH-SC-低活-10081585918372-超级抢购-家庭清洁纸品-无-剪辑-转化引导-家庭清洁纸品-20260623-无-625-aigc-11,0.44,9,0,0.00,0.00,0.00
2026-07-28,13684894906,CH-SC-低活-10113209119177-超级抢购-摩托车-无-剪辑-转化引导-摩托车-20260626-无-625-aigc-5,0.44,12,0,0.00,0.00,0.00
2026-07-28,13835190847,CH-SC-广义新-10109170972947-新综合频道-钟表眼镜-京喜拉新-剪辑-转化引导-钟表眼镜-20260708-无-625-aigc-15,0.44,126,37,0.00,0.00,29.37
2026-07-28,13941342174,信息流-小牛-手机支架-三方主体-代运营-新人福利价-0723-10139440032542 -设计自选-625-5,0.43,41,0,0.00,0.00,0.00
2026-07-28,13799913889,CH-SC-广义新-10118706992345-新综合频道-纸品-京喜拉新-剪辑-转化引导-纸品-20260707-无-625-aigc-4,0.42,2,1,0.00,0.00,50.00
2026-07-28,13341766059,CH-SC-广义新-10219841541026-新综合频道-厨具-京喜拉新-剪辑-转化引导-厨具-20260520-反向-625-8,0.40,412,0,0.00,0.00,0.00
2026-07-28,13836044901,CH-SC-低活-10118706992345-超级抢购-纸品-无-剪辑-转化引导-纸品-20260702-无-625-aigc-5,0.39,32,2,0.00,0.00,6.25
2026-07-28,13352554865,CH-SC-低活-10081585918372-超级抢购-家庭清洁纸品-无-剪辑-转化引导-家庭清洁纸品-20260521-无-625-14,0.38,21,5,0.00,0.00,23.81
2026-07-28,13946571473,信息流-小牛-电煮锅-京东主体-代运营-新人福利价-0723-10125368295124-设计自选-625-aigc-2,0.37,38,3,0.00,0.00,7.89
2026-07-28,13815443566,CH-PRJ-采销项目-10227170510852-快手-本地生活-无-剪辑-转化引导-本地生活-20260710-无-625-15,0.36,17,7,0.00,0.00,41.18
2026-07-28,13592311598,CH-SC-广义新-10139440032542-新综合频道-运动户外-京喜拉新-剪辑-转化引导-运动户外-20260616-无-625-aigc-16,0.36,106,0,0.00,0.00,0.00
2026-07-28,13846337923,CH-SC-低活-10113209119177-超级抢购-电动车-无-剪辑-转化引导-电动车-20260708-无-625-5,0.34,11,0,0.00,0.00,0.00
2026-07-28,13846370672,CH-SC-低活-10112643484929-超级抢购-手机通讯-无-剪辑-转化引导-手机通讯-20260708-无-625-aigc-4,0.33,47,1,0.00,0.00,2.13
2026-07-28,13960084356,信息流-小牛-抽纸-三方主体-代运营-新人福利价-0724-10105196309536 -历史爆品-625-8,0.33,26,3,0.00,0.00,11.54
2026-07-28,13799885673,CH-SC-广义新-10140493395931-新综合频道-厨房卫浴-京喜拉新-剪辑-转化引导-厨房卫浴-20260707-无-625-aigc-9,0.33,42,4,0.00,0.00,9.52
2026-07-28,13846394660,CH-SC-低活-10112643484929-超级抢购-手机通讯-无-剪辑-转化引导-手机通讯-20260708-无-625-aigc-20,0.32,16,2,0.00,0.00,12.50
2026-07-28,13916489653,CH-SC-广义新-10040988734451-新10元话费券-无-无-剪辑-转化引导-无-20260715-无-625-1,0.32,24,2,0.00,0.00,8.33
2026-07-28,13939905194,CH-SC-广义新-10183880057418 -新综合频道-箱包皮具-京喜拉新-剪辑-转化引导-箱包皮具-20260717-无-625-aigc-10,0.31,34,0,0.00,0.00,0.00
2026-07-28,13836023118,CH-SC-低活-10081585918372-超级抢购-纸品-无-剪辑-转化引导-纸品-20260702-无-625-aigc-4,0.31,14,0,0.00,0.00,0.00
2026-07-28,13685270209,CH-SC-低活-10220560400432-超级抢购加补-生活日用-无-剪辑-转化引导-生活日用-20260626-无-625-aigc-14,0.29,6,1,0.00,0.00,16.67
2026-07-28,13960082328,信息流-小牛-抽纸-三方主体-代运营-新人福利价-0724-10105196309536 -历史爆品-625-4,0.27,48,4,0.00,0.00,8.33
2026-07-28,13941337060,信息流-小牛-手机支架-三方主体-代运营-新人福利价-0723-10139440032542 -设计自选-625-9,0.26,28,0,0.00,0.00,0.00
2026-07-28,13957197513,信息流-小牛-无骨鸡爪-三方主体-代运营-新人福利价-0724-10181243448351-大盘扒改-625-5,0.26,67,3,0.00,0.00,4.48
2026-07-28,13872653271,CH-SC-广义新-10136363822650 -新综合频道-纸品-京喜拉新-剪辑-转化引导-纸品-20260714-无-625-2,0.24,97,2,0.00,0.00,2.06
2026-07-28,13946598338,信息流-小牛-电煮锅-京东主体-代运营-新人福利价-0723-10125368295124-设计自选-625-aigc-1,0.24,50,4,0.00,0.00,8.00
2026-07-28,13486882714,CH-SC-广义新-无-新10元话费券-10元话费券-京喜拉新-剪辑-转化引导-10元话费券-20260605-无-625-25,0.22,8,2,0.00,0.00,25.00
2026-07-28,13651813816,CH-SC-低活-10081585918372-超级抢购-家庭清洁纸品-无-剪辑-转化引导-家庭清洁纸品-20260623-无-625-aigc-13,0.22,7,0,0.00,0.00,0.00
2026-07-28,13547619349,CH-SC-低活-10217613031260-好价清单-休闲食品-无-剪辑-转化引导-休闲食品-20260611-无-625-12,0.21,65,0,0.00,0.00,0.00
2026-07-28,13873280184,CH-SC-低活-10081585918372-超级抢购-纸品-无-剪辑-转化引导-纸品-20260702-无-625-aigc-20,0.21,92,4,0.00,0.00,4.35
2026-07-28,13341768699,CH-SC-广义新-10219841541026-新综合频道-厨具-京喜拉新-剪辑-转化引导-厨具-20260520-反向-625-14,0.21,7,0,0.00,0.00,0.00
2026-07-28,13940213927,CH-SC-低活-10223570717754-超级抢购-生鲜-无-剪辑-转化引导-生鲜-20260716-无-625-aigc-8,0.20,8,0,0.00,0.00,0.00
2026-07-28,13835204958,CH-SC-广义新-10139440032542-新综合频道-运动户外-京喜拉新-剪辑-转化引导-运动户外-20260708-无-625-aigc-6,0.20,17,0,0.00,0.00,0.00
2026-07-28,13746320691,CH-SC-低活-10139440032542-超级抢购5元-运动户外-无-剪辑-转化引导-运动户外-20260630-无-625-aigc-1,0.20,2,0,0.00,0.00,0.00
2026-07-28,13352560732,CH-SC-低活-10081585918372-超级抢购-家庭清洁纸品-无-剪辑-转化引导-家庭清洁纸品-20260521-无-625-2,0.20,12,0,0.00,0.00,0.00
2026-07-28,13860586003,CH-SC-广义新-10215307938752-新综合频道-鞋靴-京喜拉新-剪辑-转化引导-鞋靴-20260713-反向-625-aigc-4,0.20,9,0,0.00,0.00,0.00
2026-07-28,13881547607,CH-SC-广义新-10102020339908 -新综合频道-数码-京喜拉新-剪辑-转化引导-数码-20260715-无-625-4,0.19,54,0,0.00,0.00,0.00
2026-07-28,13731660821,CH-SC-广义新-10103971298079-新综合频道-家具-京喜拉新-剪辑-转化引导-家具-20260630-反向-625-5,0.17,29,4,0.00,0.00,13.79
2026-07-28,13746328313,CH-SC-低活-10139440032542-超级抢购5元-运动户外-无-剪辑-转化引导-运动户外-20260630-无-625-aigc-8,0.17,11,0,0.00,0.00,0.00
2026-07-28,13603353487,CH-SC-广义新-10166301474829-新综合频道-厨具-京喜拉新-剪辑-转化引导-厨具-20260617-反向-625-aigc-19,0.17,9,3,0.00,0.00,33.33
2026-07-28,13846406613,CH-SC-低活-10081585918372-超级抢购-家庭清洁纸品-无-剪辑-转化引导-家庭清洁纸品-20260708-无-625-aigc-16,0.17,9,3,0.00,0.00,33.33
2026-07-28,13846306405,CH-SC-低活-10140917922437-超级抢购-家庭清洁-无-剪辑-转化引导-家庭清洁-20260708-无-625-aigc-8,0.17,7,0,0.00,0.00,0.00
2026-07-28,13922154453,信息流-小牛-抽纸-京东主体-代运营-新人福利价-0721-100281253200-设计自选-625-aigc-10,0.17,12,1,0.00,0.00,8.33
2026-07-28,13603320531,CH-SC-广义新-10118706992345-新综合频道-纸品-无-剪辑-转化引导-纸品-20260617-无-625-aigc-12,0.16,74,1,0.00,0.00,1.35
2026-07-28,13163605379,荣耀-XN-汽车-通用-途虎养车-混剪-260428-625-6,0.16,3,1,0.00,0.00,33.33
2026-07-28,13916303997,CH-SC-低活-10140917922437-超级抢购-家庭清洁-无-剪辑-转化引导-家庭清洁-20260715-无-625-aigc-15,0.16,10,0,0.00,0.00,0.00
2026-07-28,13722919375,CH-SC-低活-10220560400432-超级抢购加补-生活日用-无-剪辑-转化引导-生活日用-20260629-无-625-aigc-5,0.15,4,0,0.00,0.00,0.00
2026-07-28,13916300247,CH-SC-低活-10140917922437-超级抢购-家庭清洁-无-剪辑-转化引导-家庭清洁-20260715-无-625-aigc-6,0.15,62,4,0.00,0.00,6.45
2026-07-28,13916494785,CH-SC-广义新-10040988734451-新10元话费券-无-无-剪辑-转化引导-无-20260715-无-625-14,0.14,10,2,0.00,0.00,20.00
2026-07-28,13960081370,信息流-小牛-抽纸-三方主体-代运营-新人福利价-0724-10105196309536 -历史爆品-625-3,0.14,27,0,0.00,0.00,0.00
2026-07-28,13603354275,CH-SC-广义新-10166301474829-新综合频道-厨具-京喜拉新-剪辑-转化引导-厨具-20260617-反向-625-aigc-20,0.14,26,6,0.00,0.00,23.08
2026-07-28,13916103586,CH-SC-广义新-10155000015319-新综合频道-厨具-京喜拉新-剪辑-转化引导-厨具-20260716-无-625-aigc-1,0.14,9,0,0.00,0.00,0.00
2026-07-28,13940216774,CH-SC-低活-10223570717754-超级抢购-生鲜-无-剪辑-转化引导-生鲜-20260716-无-625-aigc-12,0.14,5,0,0.00,0.00,0.00
2026-07-28,13873197666,CH-SC-低活-10140917922437-超级抢购-家庭清洁-无-剪辑-转化引导-家庭清洁-20260709-无-625-aigc-7,0.13,4,0,0.00,0.00,0.00
2026-07-28,13547605080,CH-SC-低活-10140207411553-超级抢购加补-文教文化用品-无-剪辑-转化引导-文教文化用品-20260611-无-625-6,0.12,61,8,0.00,0.00,13.11
2026-07-28,13836018392,CH-SC-低活-10081585918372-超级抢购-纸品-无-剪辑-转化引导-纸品-20260702-无-625-aigc-8,0.12,9,0,0.00,0.00,0.00
2026-07-28,13941337263,信息流-小牛-手机支架-三方主体-代运营-新人福利价-0723-10139440032542 -设计自选-625-10,0.12,15,1,0.00,0.00,6.67
2026-07-28,13873245744,CH-SC-低活-10217740550325-超级抢购-箱包皮具-无-剪辑-转化引导-箱包皮具-20260713-无-625-aigc-8,0.12,6,0,0.00,0.00,0.00
2026-07-28,13547603956,CH-SC-低活-10140207411553-超级抢购加补-文教文化用品-无-剪辑-转化引导-文教文化用品-20260611-无-625-1,0.11,64,8,0.00,0.00,12.50
2026-07-28,13846400862,CH-SC-低活-10081585918372-超级抢购-家庭清洁纸品-无-剪辑-转化引导-家庭清洁纸品-20260708-无-625-aigc-2,0.11,6,6,0.00,0.00,100.00
2026-07-28,13776589156,CH-SC-广义新-10177393646076-新综合频道-灯饰照明-京喜拉新-剪辑-转化引导-灯饰照明-20260702-反向-625-aigc-9,0.11,5,0,0.00,0.00,0.00
2026-07-28,13873229273,CH-SC-低活-10184888743389-超级抢购-纸品-无-剪辑-转化引导-纸品-20260710-无-625-aigc-8,0.11,12,2,0.00,0.00,16.67
2026-07-28,13873211899,CH-SC-低活-10113209119177-超级抢购-电动车-无-剪辑-转化引导-电动车-20260709-无-625-4,0.10,7,0,0.00,0.00,0.00
2026-07-28,13940215763,CH-SC-低活-10223570717754-超级抢购-生鲜-无-剪辑-转化引导-生鲜-20260716-无-625-aigc-11,0.10,5,0,0.00,0.00,0.00
2026-07-28,13341769458,CH-SC-广义新-10219841541026-新综合频道-厨具-京喜拉新-剪辑-转化引导-厨具-20260520-反向-625-15,0.09,77,1,0.00,0.00,1.30
2026-07-28,13940215081,CH-SC-低活-10223570717754-超级抢购-生鲜-无-剪辑-转化引导-生鲜-20260716-无-625-aigc-10,0.09,4,0,0.00,0.00,0.00
2026-07-28,13547605549,CH-SC-低活-10140207411553-超级抢购加补-文教文化用品-无-剪辑-转化引导-文教文化用品-20260611-无-625-7,0.09,58,10,0.00,0.00,17.24
2026-07-28,13799972803,CH-SC-广义新-10139440032542-新综合频道-运动户外-京喜拉新-剪辑-转化引导-运动户外-20260703-无-625-aigc-17,0.09,16,0,0.00,0.00,0.00
2026-07-28,13846314592,CH-SC-低活-10140917922437-超级抢购-家庭清洁-无-剪辑-转化引导-家庭清洁-20260708-无-625-aigc-15,0.08,3,0,0.00,0.00,0.00
2026-07-28,13873207385,CH-SC-低活-10113209119177-超级抢购-电动车-无-剪辑-转化引导-电动车-20260709-无-625-11,0.08,9,3,0.00,0.00,33.33
2026-07-28,13746324684,CH-SC-低活-10139440032542-超级抢购5元-运动户外-无-剪辑-转化引导-运动户外-20260630-无-625-aigc-5,0.08,15,0,0.00,0.00,0.00
2026-07-28,13614680716,CH-SC-低活-10143318867797-超级抢购5元-厨具-无-剪辑-转化引导-厨具-20260618-无-625-aigc-1,0.08,9,0,0.00,0.00,0.00
2026-07-28,13845971377,CH-SC-广义新-10156923061370-新综合频道-数码-京喜拉新-剪辑-转化引导-数码-20260710-无-625-4,0.08,46,13,0.00,0.00,28.26
2026-07-28,13603360081,CH-SC-广义新-10166301474829-新综合频道-厨具-京喜拉新-剪辑-转化引导-厨具-20260617-反向-625-aigc-1,0.08,7,2,0.00,0.00,28.57
2026-07-28,13815434561,CH-PRJ-采销项目-10227170510852-快手-本地生活-无-剪辑-转化引导-本地生活-20260710-无-625-8,0.07,4,3,0.00,0.00,75.00
2026-07-28,13352562264,CH-SC-低活-10081585918372-超级抢购-家庭清洁纸品-无-剪辑-转化引导-家庭清洁纸品-20260521-无-625-8,0.07,17,0,0.00,0.00,0.00
2026-07-28,13799758725,CH-SC-广义新-10157346551639-新综合频道-生鲜-京喜拉新-剪辑-转化引导-生鲜-20260706-无-625-12,0.07,2,1,0.00,0.00,50.00
2026-07-28,13614614062,CH-SC-广义新-10161130444375-新综合频道-农资园艺-京喜拉新-剪辑-转化引导-农资园艺-20260618-反向-625-aigc-5,0.07,25,0,0.00,0.00,0.00
2026-07-28,13603346672,CH-SC-广义新-10166301474829-新综合频道-厨具-京喜拉新-剪辑-转化引导-厨具-20260617-反向-625-aigc-12,0.07,32,0,0.00,0.00,0.00
2026-07-28,13916109369,CH-SC-广义新-10155000015319-新综合频道-厨具-京喜拉新-剪辑-转化引导-厨具-20260716-无-625-aigc-3,0.07,4,0,0.00,0.00,0.00
2026-07-28,13922152192,信息流-小牛-抽纸-京东主体-代运营-新人福利价-0721-100281253200-设计自选-625-aigc-5,0.06,8,1,0.00,0.00,12.50
2026-07-28,13846400502,CH-SC-低活-10081585918372-超级抢购-家庭清洁纸品-无-剪辑-转化引导-家庭清洁纸品-20260708-无-625-aigc-23,0.06,3,0,0.00,0.00,0.00
2026-07-28,13846406325,CH-SC-低活-10081585918372-超级抢购-家庭清洁纸品-无-剪辑-转化引导-家庭清洁纸品-20260708-无-625-aigc-15,0.06,10,1,0.00,0.00,10.00
2026-07-28,13651815762,CH-SC-低活-10081585918372-超级抢购-家庭清洁纸品-无-剪辑-转化引导-家庭清洁纸品-20260623-无-625-aigc-17,0.06,5,0,0.00,0.00,0.00
2026-07-28,13651816053,CH-SC-低活-10081585918372-超级抢购-家庭清洁纸品-无-剪辑-转化引导-家庭清洁纸品-20260623-无-625-aigc-18,0.05,6,4,0.00,0.00,66.67
2026-07-28,13940211488,CH-SC-低活-10223570717754-超级抢购-生鲜-无-剪辑-转化引导-生鲜-20260716-无-625-aigc-3,0.05,2,0,0.00,0.00,0.00
2026-07-28,13957194157,信息流-小牛-无骨鸡爪-三方主体-代运营-新人福利价-0724-10181243448351-大盘扒改-625-3,0.05,58,0,0.00,0.00,0.00
2026-07-28,13835193701,CH-SC-广义新-10109170972947-新综合频道-钟表眼镜-京喜拉新-剪辑-转化引导-钟表眼镜-20260708-无-625-aigc-6,0.05,5,0,0.00,0.00,0.00
2026-07-28,13846309120,CH-SC-低活-10140917922437-超级抢购-家庭清洁-无-剪辑-转化引导-家庭清洁-20260708-无-625-aigc-10,0.05,2,0,0.00,0.00,0.00
2026-07-28,13957196651,信息流-小牛-无骨鸡爪-三方主体-代运营-新人福利价-0724-10181243448351-大盘扒改-625-4,0.05,8,1,0.00,0.00,12.50
2026-07-28,13731657139,CH-SC-广义新-10103971298079-新综合频道-家具-京喜拉新-剪辑-转化引导-家具-20260630-反向-625-16,0.05,9,0,0.00,0.00,0.00
2026-07-28,13873199145,CH-SC-低活-10140917922437-超级抢购-家庭清洁-无-剪辑-转化引导-家庭清洁-20260709-无-625-aigc-8,0.05,26,0,0.00,0.00,0.00
2026-07-28,13860584358,CH-SC-广义新-10215307938752-新综合频道-鞋靴-京喜拉新-剪辑-转化引导-鞋靴-20260713-反向-625-aigc-6,0.05,11,0,0.00,0.00,0.00
2026-07-28,13835201908,CH-SC-广义新-10139440032542-新综合频道-运动户外-京喜拉新-剪辑-转化引导-运动户外-20260708-无-625-aigc-14,0.05,5,0,0.00,0.00,0.00
2026-07-28,13836021498,CH-SC-低活-10081585918372-超级抢购-纸品-无-剪辑-转化引导-纸品-20260702-无-625-aigc-1,0.05,2,0,0.00,0.00,0.00
2026-07-28,13845997471,CH-SC-广义新-10120961944861-新综合频道-运动户外 -京喜拉新-剪辑-转化引导-运动户外 -20260710-无-625-aigc-7,0.05,416,46,0.00,0.00,11.06
2026-07-28,13352560975,CH-SC-低活-10081585918372-超级抢购-家庭清洁纸品-无-剪辑-转化引导-家庭清洁纸品-20260521-无-625-3,0.05,1,0,0.00,0.00,0.00
2026-07-28,13846398992,CH-SC-低活-10081585918372-超级抢购-家庭清洁纸品-无-剪辑-转化引导-家庭清洁纸品-20260708-无-625-aigc-19,0.05,2,0,0.00,0.00,0.00
2026-07-28,13547603927,CH-SC-低活-10140207411553-超级抢购加补-文教文化用品-无-剪辑-转化引导-文教文化用品-20260611-无-625-2,0.05,47,4,0.00,0.00,8.51
2026-07-28,13873193276,CH-SC-低活-10140917922437-超级抢购-家庭清洁-无-剪辑-转化引导-家庭清洁-20260709-无-625-aigc-4,0.04,1,0,0.00,0.00,0.00
2026-07-28,13746333921,CH-SC-低活-10139440032542-超级抢购5元-运动户外-无-剪辑-转化引导-运动户外-20260630-无-625-aigc-10,0.04,3,0,0.00,0.00,0.00
2026-07-28,13916401971,CH-SC-低活-10120093290551-超级抢购-纸品-无-剪辑-转化引导-纸品-20260715-无-625-aigc-12,0.04,36,0,0.00,0.00,0.00
2026-07-28,13939908809,CH-SC-广义新-10183880057418 -新综合频道-箱包皮具-京喜拉新-剪辑-转化引导-箱包皮具-20260717-无-625-aigc-11,0.04,8,0,0.00,0.00,0.00
2026-07-28,13941338945,信息流-小牛-手机支架-三方主体-代运营-新人福利价-0723-10139440032542 -设计自选-625-12,0.04,8,0,0.00,0.00,0.00
2026-07-28,13946590312,信息流-小牛-电煮锅-京东主体-代运营-新人福利价-0723-10125368295124-设计自选-625-aigc-9,0.04,23,0,0.00,0.00,0.00
2026-07-28,13916497706,CH-SC-广义新-10040988734451-新10元话费券-无-无-剪辑-转化引导-无-20260715-无-625-3,0.04,4,0,0.00,0.00,0.00
2026-07-28,13946569358,信息流-小牛-电煮锅-京东主体-代运营-新人福利价-0723-10125368295124-设计自选-625-aigc-3,0.04,20,1,0.00,0.00,5.00
2026-07-28,13846427213,CH-SC-低活-10220560400432-超级抢购-生活日用-无-剪辑-转化引导-生活日用-20260708-无-625-aigc-10,0.04,28,4,0.00,0.00,14.29
2026-07-28,13873280201,CH-SC-低活-10081585918372-超级抢购-纸品-无-剪辑-转化引导-纸品-20260702-无-625-aigc-19,0.04,23,2,0.00,0.00,8.70
2026-07-28,13873215737,CH-SC-低活-10113209119177-超级抢购-电动车-无-剪辑-转化引导-电动车-20260709-无-625-8,0.03,6,0,0.00,0.00,0.00
2026-07-28,13846014779,CH-SC-广义新-10140917922437-新综合频道-家庭清洁-京喜拉新-剪辑-转化引导-家庭清洁-20260710-无-625-aigc-9,0.03,6,1,0.00,0.00,16.67
2026-07-28,13746355396,CH-SC-低活-10112643484929-超级抢购加补-手机通讯-无-剪辑-转化引导-手机通讯-20260630-无-625-3,0.03,2,0,0.00,0.00,0.00
2026-07-28,13946585562,信息流-小牛-电煮锅-京东主体-代运营-新人福利价-0723-10125368295124-设计自选-625-aigc-5,0.03,9,0,0.00,0.00,0.00
2026-07-28,13957199390,信息流-小牛-无骨鸡爪-三方主体-代运营-新人福利价-0724-10181243448351-大盘扒改-625-8,0.03,9,0,0.00,0.00,0.00
2026-07-28,13746194241,CH-SC-低活-10154156974144-超级抢购-厨具-无-剪辑-转化引导-厨具-20260701-无-625-aigc-5,0.03,66,0,0.00,0.00,0.00
2026-07-28,13946559070,信息流-小牛-车载支架-京东主体-代运营-新人福利价-0723-10139440032542-设计自选-625-aigc-3,0.03,1,0,0.00,0.00,0.00
2026-07-28,13916111070,CH-SC-广义新-10155000015319-新综合频道-厨具-京喜拉新-剪辑-转化引导-厨具-20260716-无-625-aigc-4,0.03,4,0,0.00,0.00,0.00
2026-07-28,13352561956,CH-SC-低活-10081585918372-超级抢购-家庭清洁纸品-无-剪辑-转化引导-家庭清洁纸品-20260521-无-625-9,0.03,5,0,0.00,0.00,0.00
2026-07-28,13407974348,CH-SC-广义新-10159656246030-新综合频道-电脑-京喜拉新-剪辑-转化引导-电脑-20260527-反向-625-aigc-1,0.03,19,3,0.00,0.00,15.79
2026-07-28,13937232126,信息流-小牛-洗衣粉-低活-代运营-福利价-0722-10174693254918-深海货盘-625-3,0.03,1,1,0.00,0.00,100.00
2026-07-28,13486880647,CH-SC-广义新-无-新10元话费券-10元话费券-京喜拉新-剪辑-转化引导-10元话费券-20260605-无-625-21,0.03,29,5,0.00,0.00,17.24
2026-07-28,13989049447,CH-SC-广义新-10209805116351-新综合频道-生鲜-京喜拉新-剪辑-转化引导-生鲜-20260722-无-625-4,0.02,12,0,0.00,0.00,0.00
2026-07-28,13937228064,信息流-小牛-洗衣粉-低活-代运营-福利价-0722-10174693254918-深海货盘-625-13,0.02,2,2,0.00,0.00,100.00
2026-07-28,13651815416,CH-SC-低活-10081585918372-超级抢购-家庭清洁纸品-无-剪辑-转化引导-家庭清洁纸品-20260623-无-625-aigc-16,0.02,1,0,0.00,0.00,0.00
2026-07-28,13846409286,CH-SC-低活-10220560400432-超级抢购-生活日用-无-剪辑-转化引导-生活日用-20260708-无-625-aigc-19,0.02,9,0,0.00,0.00,0.00
2026-07-28,13941339057,信息流-小牛-手机支架-三方主体-代运营-新人福利价-0723-10139440032542 -设计自选-625-1,0.02,3,0,0.00,0.00,0.00
2026-07-28,13957187571,信息流-小牛-拼豆-三方主体-代运营-新人福利价-0724-10191018980880-大盘扒改-625-1,0.02,4,0,0.00,0.00,0.00
2026-07-28,13916296963,CH-SC-低活-10130886489325-超级抢购-厨具-无-剪辑-转化引导-厨具-20260715-无-625-17,0.02,9,0,0.00,0.00,0.00
2026-07-28,13860488800,CH-SC-广义新-10151951361734-新综合频道-箱包皮具-京喜拉新-剪辑-转化引导-箱包皮具-20260713-无-625-aigc-6,0.02,2,1,0.00,0.00,50.00
2026-07-28,13397056832,CH-SC-广义新-10219841541026-新综合频道-厨具-京喜拉新-剪辑-转化引导-厨具-20260526-反向-625-aigc-8,0.02,1,0,0.00,0.00,0.00
2026-07-28,13916303191,CH-SC-低活-10140917922437-超级抢购-家庭清洁-无-剪辑-转化引导-家庭清洁-20260715-无-625-aigc-13,0.02,7,0,0.00,0.00,0.00
2026-07-28,13957190022,信息流-小牛-独头蒜-三方主体-代运营-新人福利价-0724-10209805116351-大盘扒改-625-4,0.02,14,0,0.00,0.00,0.00
2026-07-28,13603353242,CH-SC-广义新-10166301474829-新综合频道-厨具-京喜拉新-剪辑-转化引导-厨具-20260617-反向-625-aigc-21,0.02,15,1,0.00,0.00,6.67
2026-07-28,13860484585,CH-SC-广义新-10151951361734-新综合频道-箱包皮具-京喜拉新-剪辑-转化引导-箱包皮具-20260713-无-625-aigc-2,0.02,4,0,0.00,0.00,0.00
2026-07-28,13746203094,CH-SC-低活-10154156974144-超级抢购-厨具-无-剪辑-转化引导-厨具-20260701-无-625-aigc-9,0.02,32,0,0.00,0.00,0.00
2026-07-28,13946594215,信息流-小牛-电煮锅-京东主体-代运营-新人福利价-0723-10125368295124-设计自选-625-aigc-10,0.02,13,0,0.00,0.00,0.00
2026-07-28,13960083009,信息流-小牛-抽纸-三方主体-代运营-新人福利价-0724-10105196309536 -历史爆品-625-6,0.02,3,0,0.00,0.00,0.00
2026-07-28,13846325426,CH-SC-低活-10113209119177-超级抢购-电动车-无-剪辑-转化引导-电动车-20260708-无-625-25,0.02,11,1,0.00,0.00,9.09
2026-07-28,13941337214,信息流-小牛-手机支架-三方主体-代运营-新人福利价-0723-10139440032542 -设计自选-625-8,0.02,5,0,0.00,0.00,0.00
2026-07-28,13873260691,CH-SC-低活-10081585918372-超级抢购-纸品-无-剪辑-转化引导-纸品-20260702-无-625-aigc-1,0.02,2,0,0.00,0.00,0.00
2026-07-28,13916115670,CH-SC-广义新-10155000015319-新综合频道-厨具-京喜拉新-剪辑-转化引导-厨具-20260716-无-625-aigc-5,0.02,4,0,0.00,0.00,0.00
2026-07-28,13946559719,信息流-小牛-车载支架-京东主体-代运营-新人福利价-0723-10139440032542-设计自选-625-aigc-6,0.02,3,0,0.00,0.00,0.00
2026-07-28,13559888815,CH-SC-广义新-10139440032542-新综合频道-运动户外-京喜拉新-剪辑-转化引导-运动户外-20260612-无-625-9,0.02,8,0,0.00,0.00,0.00
2026-07-28,13873243579,CH-SC-低活-10118706992345-超级抢购-纸品-无-剪辑-转化引导-纸品-20260710-无-625-aigc-11,0.01,5,0,0.00,0.00,0.00
2026-07-28,13946589615,信息流-小牛-电煮锅-京东主体-代运营-新人福利价-0723-10125368295124-设计自选-625-aigc-7,0.01,3,0,0.00,0.00,0.00
2026-07-28,13685266465,CH-SC-低活-10220560400432-超级抢购加补-生活日用-无-剪辑-转化引导-生活日用-20260626-无-625-aigc-7,0.01,1,0,0.00,0.00,0.00
2026-07-28,13799763117,CH-SC-广义新-10157346551639-新综合频道-生鲜-京喜拉新-剪辑-转化引导-生鲜-20260706-无-625-10,0.01,2,0,0.00,0.00,0.00
2026-07-28,13916304807,CH-SC-低活-10140917922437-超级抢购-家庭清洁-无-剪辑-转化引导-家庭清洁-20260715-无-625-aigc-1,0.01,1,0,0.00,0.00,0.00
2026-07-28,13916091171,CH-SC-广义新-10184972523548-新综合频道-厨具-京喜拉新-剪辑-转化引导-厨具-20260716-反向-625-aigc-2,0.01,20,0,0.00,0.00,0.00
2026-07-28,13957204347,信息流-小牛-无骨鸡爪-三方主体-代运营-新人福利价-0724-10181243448351-大盘扒改-625-1,0.01,4,0,0.00,0.00,0.00
2026-07-28,13397044023,CH-SC-广义新-10215767576641-新综合频道-生鲜-京喜拉新-剪辑-转化引导-生鲜-20260526-反向-625-aigc-8,0.01,11,0,0.00,0.00,0.00
2026-07-28,13746139217,CH-SC-低活-10154156974144-超级抢购-厨具-无-剪辑-转化引导-厨具-20260701-无-625-aigc-14,0.01,1,0,0.00,0.00,0.00
2026-07-28,13873275138,CH-SC-低活-10081585918372-超级抢购-纸品-无-剪辑-转化引导-纸品-20260702-无-625-aigc-14,0.01,3,0,0.00,0.00,0.00
2026-07-28,13835202290,CH-SC-广义新-10139440032542-新综合频道-运动户外-京喜拉新-剪辑-转化引导-运动户外-20260708-无-625-aigc-2,0.01,1,0,0.00,0.00,0.00
2026-07-28,13836034502,CH-SC-低活-10223482211866-超级抢购-生活日用-无-剪辑-转化引导-生活日用-20260703-无-625-3,0.01,5,0,0.00,0.00,0.00
2026-07-28,13836018437,CH-SC-低活-10081585918372-超级抢购-纸品-无-剪辑-转化引导-纸品-20260702-无-625-aigc-7,0.01,1,0,0.00,0.00,0.00
2026-07-28,13873248988,CH-SC-低活-10217740550325-超级抢购-箱包皮具-无-剪辑-转化引导-箱包皮具-20260713-无-625-aigc-3,0.01,2,0,0.00,0.00,0.00
2026-07-28,13939866711,CH-SC-广义新-10217878263924 -新综合频道-汽车用品-京喜拉新-剪辑-转化引导-汽车用品-20260717-无-625-5,0.01,2,0,0.00,0.00,0.00
2026-07-28,13846310030,CH-SC-低活-10140917922437-超级抢购-家庭清洁-无-剪辑-转化引导-家庭清洁-20260708-无-625-aigc-11,0.01,4,0,0.00,0.00,0.00
2026-07-28,13916491411,CH-SC-广义新-10040988734451-新10元话费券-无-无-剪辑-转化引导-无-20260715-无-625-9,0.01,1,0,0.00,0.00,0.00
2026-07-28,13846430246,CH-SC-低活-10220560400432-超级抢购-生活日用-无-剪辑-转化引导-生活日用-20260708-无-625-aigc-12,0.01,4,0,0.00,0.00,0.00
2026-07-28,13946565376,信息流-小牛-车载支架-京东主体-代运营-新人福利价-0723-10139440032542-设计自选-625-aigc-9,0.01,3,0,0.00,0.00,0.00
2026-07-28,13904991175,CH-SC-广义新-10136363822650-新综合频道-家庭清洁-京喜拉新-剪辑-转化引导-家庭清洁-20260602-反向-625-2,0.01,5,0,0.00,0.00,0.00
2026-07-28,13957193263,信息流-小牛-无骨鸡爪-三方主体-代运营-新人福利价-0724-10181243448351-大盘扒改-625-2,0.01,2,1,0.00,0.00,50.00
2026-07-28,13815443598,CH-PRJ-采销项目-10227170510852-快手-本地生活-无-剪辑-转化引导-本地生活-20260710-无-625-2,0.01,2,1,0.00,0.00,50.00
2026-07-28,13163620656,荣耀-XN-汽车-通用-途虎养车-混剪-260428-625-23,0.01,10,1,0.00,0.00,10.00
2026-07-28,13846316876,CH-SC-低活-10140917922437-超级抢购-家庭清洁-无-剪辑-转化引导-家庭清洁-20260708-无-625-aigc-1,0.01,3,0,0.00,0.00,0.00
2026-07-28,13846417634,CH-SC-低活-10220560400432-超级抢购-生活日用-无-剪辑-转化引导-生活日用-20260708-无-625-aigc-4,0.01,8,2,0.00,0.00,25.00
2026-07-28,13835197635,CH-SC-广义新-10139440032542-新综合频道-运动户外-京喜拉新-剪辑-转化引导-运动户外-20260708-无-625-aigc-10,0.01,3,0,0.00,0.00,0.00
2026-07-28,13846312854,CH-SC-低活-10140917922437-超级抢购-家庭清洁-无-剪辑-转化引导-家庭清洁-20260708-无-625-aigc-13,0.01,33,0,0.00,0.00,0.00
2026-07-28,13916099751,CH-SC-广义新-10184972523548-新综合频道-厨具-京喜拉新-剪辑-转化引导-厨具-20260716-反向-625-aigc-7,0.01,3,2,0.00,0.00,66.67
2026-07-28,13916288347,CH-SC-低活-10130886489325-超级抢购-厨具-无-剪辑-转化引导-厨具-20260715-无-625-4,0.01,2,1,0.00,0.00,50.00
2026-07-28,13799781798,CH-SC-广义新-10155085148227-新综合频道-家用电器-京喜拉新-剪辑-转化引导-家用电器-20260707-反向-625-aigc-16,0.01,2,0,0.00,0.00,0.00
2026-07-28,13746134030,CH-SC-低活-10154156974144-超级抢购-厨具-无-剪辑-转化引导-厨具-20260701-无-625-aigc-13,0.01,2,0,0.00,0.00,0.00
2026-07-28,13946589828,信息流-小牛-电煮锅-京东主体-代运营-新人福利价-0723-10125368295124-设计自选-625-aigc-8,0.01,39,1,0.00,0.00,2.56
2026-07-28,13846385439,CH-SC-低活-10112643484929-超级抢购-手机通讯-无-剪辑-转化引导-手机通讯-20260708-无-625-aigc-14,0.01,8,1,0.00,0.00,12.50
2026-07-28,13407970309,CH-SC-广义新-10159656246030-新综合频道-电脑-京喜拉新-剪辑-转化引导-电脑-20260527-反向-625-aigc-9,0.01,22,3,0.00,0.00,13.64
2026-07-28,13882958582,CH-SC-低活-10093106199290-超级抢购-纸品-无-剪辑-转化引导-纸品-20260714-无-625-5,0.01,1,0,0.00,0.00,0.00
2026-07-28,13957204480,信息流-小牛-无骨鸡爪-三方主体-代运营-新人福利价-0724-10181243448351-大盘扒改-625-12,0.01,4,0,0.00,0.00,0.00
2026-07-28,13845986350,CH-SC-广义新-10120961944861-新综合频道-运动户外 -京喜拉新-剪辑-转化引导-运动户外 -20260710-无-625-aigc-8,0.01,5,0,0.00,0.00,0.00
2026-07-28,13957187981,信息流-小牛-拼豆-三方主体-代运营-新人福利价-0724-10191018980880-大盘扒改-625-2,0.01,5,0,0.00,0.00,0.00
2026-07-28,13922147817,信息流-小牛-百香果-京东主体-代运营-新人福利价-0721-10161286379662-深海货盘-625-aigc-10,0.01,1,0,0.00,0.00,0.00
2026-07-28,13846392308,CH-SC-低活-10112643484929-超级抢购-手机通讯-无-剪辑-转化引导-手机通讯-20260708-无-625-aigc-18,0.01,1,0,0.00,0.00,0.00
2026-07-28,13916496854,CH-SC-广义新-10040988734451-新10元话费券-无-无-剪辑-转化引导-无-20260715-无-625-15,0.01,1,0,0.00,0.00,0.00
2026-07-28,13960086134,信息流-小牛-抽纸-三方主体-代运营-新人福利价-0724-10105196309536 -历史爆品-625-10,0.01,3,0,0.00,0.00,0.00
2026-07-28,13913156026,信息流-小牛-刮水器-京东主体-代运营-新人1分钱-0720-10101434066164-历史爆品-625-15,0.00,1,0,0.00,0.00,0.00
2026-07-28,13846381296,CH-SC-低活-10112643484929-超级抢购-手机通讯-无-剪辑-转化引导-手机通讯-20260708-无-625-aigc-11,0.00,0,0,0.00,0.00,0.00
2026-07-28,13673842592,CH-SC-广义新-10156923061370-新综合频道-数码-京喜拉新-剪辑-转化引导-数码-20260625-无-625-8,0.00,0,0,0.00,0.00,0.00
2026-07-28,13835220652,CH-SC-广义新-10153911006548-新综合频道-粮油调味-京喜拉新-剪辑-转化引导-粮油调味-20260708-无-625-aigc-10,0.00,2,0,0.00,0.00,0.00
2026-07-28,13873223905,CH-SC-低活-10162692688878-超级抢购-家用电器-无-剪辑-转化引导-家用电器-20260710-无-625-aigc-5,0.00,2,0,0.00,0.00,0.00
2026-07-28,13536516462,CH-SC-广义新-10127068425204-新综合频道-收纳用品-京喜拉新-剪辑-转化引导-收纳用品-20260610-无-625-2,0.00,11,0,0.00,0.00,0.00
2026-07-28,13836054268,CH-SC-低活-10156776256916-超级抢购-珠宝首饰-无-剪辑-转化引导-珠宝首饰-20260703-无-625-aigc-6,0.00,3,0,0.00,0.00,0.00
2026-07-28,13835223293,CH-SC-广义新-10153911006548-新综合频道-粮油调味-京喜拉新-剪辑-转化引导-粮油调味-20260708-无-625-aigc-14,0.00,0,0,0.00,0.00,0.00
2026-07-28,13835233353,CH-SC-广义新-10211029652151-新综合频道-纸品-京喜拉新-剪辑-转化引导-纸品-20260709-无-625-5,0.00,1,0,0.00,0.00,0.00
2026-07-28,13846301313,CH-SC-低活-10162692688878-超级抢购-家用电器-无-剪辑-转化引导-家用电器-20260708-无-625-aigc-5,0.00,1,0,0.00,0.00,0.00
2026-07-28,13836054642,CH-SC-低活-10156776256916-超级抢购-珠宝首饰-无-剪辑-转化引导-珠宝首饰-20260703-无-625-aigc-5,0.00,1,0,0.00,0.00,0.00
2026-07-28,13922143282,信息流-小牛-百香果-京东主体-代运营-新人福利价-0721-10161286379662-深海货盘-625-aigc-5,0.00,1,0,0.00,0.00,0.00
2026-07-28,13916292781,CH-SC-低活-10130886489325-超级抢购-厨具-无-剪辑-转化引导-厨具-20260715-无-625-10,0.00,1,0,0.00,0.00,0.00
2026-07-28,13746139900,CH-SC-低活-10154156974144-超级抢购-厨具-无-剪辑-转化引导-厨具-20260701-无-625-aigc-15,0.00,1,0,0.00,0.00,0.00
2026-07-28,13746176594,CH-SC-低活-10100644668875-超级抢购加补-汽车用品-无-剪辑-转化引导-汽车用品-20260701-无-625-aigc-9,0.00,0,0,0.00,0.00,0.00
2026-07-28,13746188907,CH-SC-低活-10154156974144-超级抢购-厨具-无-剪辑-转化引导-厨具-20260701-无-625-aigc-2,0.00,4,0,0.00,0.00,0.00
2026-07-28,13536517872,CH-SC-广义新-10127068425204-新综合频道-收纳用品-京喜拉新-剪辑-转化引导-收纳用品-20260610-无-625-6,0.00,4,0,0.00,0.00,0.00
2026-07-28,13799945643,CH-SC-广义新-10139440032542-新综合频道-运动户外-京喜拉新-剪辑-转化引导-运动户外-20260703-无-625-aigc-4,0.00,2,1,0.00,0.00,50.00
2026-07-28,13937234453,信息流-小牛-洗衣粉-低活-代运营-福利价-0722-10174693254918-深海货盘-625-6,0.00,0,0,0.00,0.00,0.00
2026-07-28,13746200210,CH-SC-低活-10154156974144-超级抢购-厨具-无-剪辑-转化引导-厨具-20260701-无-625-aigc-8,0.00,1,0,0.00,0.00,0.00
2026-07-28,13407977687,CH-SC-广义新-10159656246030-新综合频道-电脑-京喜拉新-剪辑-转化引导-电脑-20260527-反向-625-aigc-6,0.00,6,1,0.00,0.00,16.67
2026-07-28,13352559589,CH-SC-低活-10081585918372-超级抢购-家庭清洁纸品-无-剪辑-转化引导-家庭清洁纸品-20260521-无-625-34,0.00,1,0,0.00,0.00,0.00
2026-07-28,13163614618,荣耀-XN-汽车-通用-途虎养车-混剪-260428-625-15,0.00,0,0,0.00,0.00,0.00
2026-07-28,13799781175,CH-SC-广义新-10155085148227-新综合频道-家用电器-京喜拉新-剪辑-转化引导-家用电器-20260707-反向-625-aigc-14,0.00,0,0,0.00,0.00,0.00
2026-07-28,13486890259,CH-SC-广义新-无-新10元话费券-10元话费券-京喜拉新-剪辑-转化引导-10元话费券-20260605-无-625-11,0.00,6,0,0.00,0.00,0.00
2026-07-28,13776511664,CH-SC-广义新-10101267118895-新综合频道-厨具-京喜拉新-剪辑-转化引导-厨具-20260702-无-625-aigc-2,0.00,0,0,0.00,0.00,0.00
2026-07-28,13939954099,CH-SC-广义新-10115067968253-新综合频道-家用电器-京喜拉新-剪辑-转化引导-家用电器-20260720-无-625-aigc-22,0.00,1,0,0.00,0.00,0.00
2026-07-28,13746324048,CH-SC-低活-10139440032542-超级抢购5元-运动户外-无-剪辑-转化引导-运动户外-20260630-无-625-aigc-4,0.00,3,0,0.00,0.00,0.00
2026-07-28,13471023329,CH-SC-广义新-10219841541026-新综合频道-厨具-京喜拉新-剪辑-转化引导-厨具-20260602-反向-625-aigc-26,0.00,0,0,0.00,0.00,0.00
2026-07-28,13922149943,信息流-小牛-百香果-京东主体-代运营-新人福利价-0721-10161286379662-深海货盘-625-aigc-12,0.00,7,1,0.00,0.00,14.29
2026-07-28,13940210122,CH-SC-低活-10200755904098-超级抢购-汽车用品-无-剪辑-转化引导-汽车用品-20260716-无-625-aigc-1,0.00,0,0,0.00,0.00,0.00
2026-07-28,13407975628,CH-SC-广义新-10159656246030-新综合频道-电脑-京喜拉新-剪辑-转化引导-电脑-20260527-反向-625-aigc-3,0.00,2,0,0.00,0.00,0.00
2026-07-28,13407975793,CH-SC-广义新-10159656246030-新综合频道-电脑-京喜拉新-剪辑-转化引导-电脑-20260527-反向-625-aigc-5,0.00,4,0,0.00,0.00,0.00
2026-07-28,13407977493,CH-SC-广义新-10159656246030-新综合频道-电脑-京喜拉新-剪辑-转化引导-电脑-20260527-反向-625-aigc-7,0.00,2,1,0.00,0.00,50.00
2026-07-28,13835184730,CH-SC-广义新-10155085148227-新综合频道-家用电器-京喜拉新-剪辑-转化引导-家用电器-20260708-无-625-aigc-67,0.00,0,0,0.00,0.00,0.00
2026-07-28,13916089309,CH-SC-广义新-10184972523548-新综合频道-厨具-京喜拉新-剪辑-转化引导-厨具-20260716-反向-625-aigc-1,0.00,10,1,0.00,0.00,10.00
2026-07-28,13845993937,CH-SC-广义新-10120961944861-新综合频道-运动户外 -京喜拉新-剪辑-转化引导-运动户外 -20260710-无-625-aigc-5,0.00,1,0,0.00,0.00,0.00
2026-07-28,13873191576,CH-SC-低活-10140917922437-超级抢购-家庭清洁-无-剪辑-转化引导-家庭清洁-20260709-无-625-aigc-3,0.00,1,0,0.00,0.00,0.00
2026-07-28,13939880498,CH-SC-广义新-10201862878352 -新综合频道-厨具-京喜拉新-剪辑-转化引导-厨具-20260717-无-625-aigc-8,0.00,0,0,0.00,0.00,0.00
2026-07-28,13746207506,CH-SC-低活-10154156974144-超级抢购-厨具-无-剪辑-转化引导-厨具-20260701-无-625-aigc-10,0.00,5,0,0.00,0.00,0.00
2026-07-28,13873189462,CH-SC-低活-10140917922437-超级抢购-家庭清洁-无-剪辑-转化引导-家庭清洁-20260709-无-625-aigc-1,0.00,0,0,0.00,0.00,0.00
2026-07-28,13547603878,CH-SC-低活-10140207411553-超级抢购加补-文教文化用品-无-剪辑-转化引导-文教文化用品-20260611-无-625-14,0.00,17,2,0.00,0.00,11.76
2026-07-28,13873175465,CH-SC-低活-10162692688878-超级抢购-家用电器-无-剪辑-转化引导-家用电器-20260709-无-625-aigc-17,0.00,0,0,0.00,0.00,0.00
2026-07-28,13471069673,CH-SC-广义新-10136363822650-新综合频道-家庭清洁-京喜拉新-剪辑-转化引导-家庭清洁-20260602-反向-625-aigc-5,0.00,0,0,0.00,0.00,0.00
2026-07-28,13860578733,CH-SC-广义新-10215307938752-新综合频道-鞋靴-京喜拉新-剪辑-转化引导-鞋靴-20260713-反向-625-aigc-1,0.00,1,0,0.00,0.00,0.00
2026-07-28,13746139362,CH-SC-低活-10154156974144-超级抢购-厨具-无-剪辑-转化引导-厨具-20260701-无-625-aigc-16,0.00,5,0,0.00,0.00,0.00
2026-07-28,13352556383,CH-SC-低活-10081585918372-超级抢购-家庭清洁纸品-无-剪辑-转化引导-家庭清洁纸品-20260521-无-625-17,0.00,0,0,0.00,0.00,0.00
2026-07-28,13407972249,CH-SC-广义新-10159656246030-新综合频道-电脑-京喜拉新-剪辑-转化引导-电脑-20260527-反向-625-aigc-11,0.00,3,1,0.00,0.00,33.33
2026-07-28,13846294839,CH-SC-低活-10162692688878-超级抢购-家用电器-无-剪辑-转化引导-家用电器-20260708-无-625-aigc-20,0.00,1,0,0.00,0.00,0.00
2026-07-28,13922154849,信息流-小牛-抽纸-京东主体-代运营-新人福利价-0721-100281253200-设计自选-625-aigc-9,0.00,1,0,0.00,0.00,0.00
2026-07-28,13799934599,CH-SC-广义新-10158258669630-新综合频道-居家布艺-京喜拉新-剪辑-转化引导-居家布艺-20260706-无-625-aigc-9,0.00,2,0,0.00,0.00,0.00
2026-07-28,13916304234,CH-SC-低活-10140917922437-超级抢购-家庭清洁-无-剪辑-转化引导-家庭清洁-20260715-无-625-aigc-16,0.00,0,0,0.00,0.00,0.00
2026-07-28,13835232698,CH-SC-广义新-10211029652151-新综合频道-纸品-京喜拉新-剪辑-转化引导-纸品-20260709-无-625-4,0.00,0,0,0.00,0.00,0.00
2026-07-28,13939898143,CH-SC-广义新-10183880057418 -新综合频道-箱包皮具-京喜拉新-剪辑-转化引导-箱包皮具-20260717-无-625-aigc-4,0.00,0,0,0.00,0.00,0.00
2026-07-28,13873238696,CH-SC-低活-10118706992345-超级抢购-纸品-无-剪辑-转化引导-纸品-20260710-无-625-aigc-3,0.00,0,0,0.00,0.00,0.00
2026-07-28,13559885868,CH-SC-广义新-10120132288166-新综合频道-运动户外-京喜拉新-剪辑-转化引导-运动户外-20260612-无-625-7,0.00,0,0,0.00,0.00,0.00
2026-07-28,13916095756,CH-SC-广义新-10147832788047-新综合频道-工业品-京喜拉新-剪辑-转化引导-工业品-20260716-反向-625-8,0.00,0,0,0.00,0.00,0.00
2026-07-28,13040038827,荣耀-XN-社交-通用-美女-混剪-纯新AIGC-260410-625-2,0.00,0,0,0.00,0.00,0.00
2026-07-28,13776540896,CH-SC-广义新-10130866966155-新综合频道-服饰内衣-京喜拉新-剪辑-转化引导-服饰内衣-20260702-无-625-aigc-2,0.00,2,0,0.00,0.00,0.00
2026-07-28,13846291002,CH-SC-低活-10162692688878-超级抢购-家用电器-无-剪辑-转化引导-家用电器-20260708-无-625-aigc-18,0.00,0,0,0.00,0.00,0.00
2026-07-28,13846011495,CH-SC-广义新-10140917922437-新综合频道-家庭清洁-京喜拉新-剪辑-转化引导-家庭清洁-20260710-无-625-aigc-3,0.00,4,0,0.00,0.00,0.00
2026-07-28,13581452102,CH-SC-广义新-10130866966155-新综合频道-服饰内衣-京喜拉新-剪辑-转化引导-服饰内衣-20260615-反向-625-aigc-10,0.00,0,0,0.00,0.00,0.00
2026-07-28,13916094215,CH-SC-广义新-10147832788047-新综合频道-工业品-京喜拉新-剪辑-转化引导-工业品-20260716-反向-625-4,0.00,0,0,0.00,0.00,0.00
2026-07-28,13096012900,荣耀-XN-影音娱乐-通用-手势舞-混剪-260417-625-15,0.00,0,0,0.00,0.00,0.00
2026-07-28,13882966739,CH-SC-低活-10093106199290-超级抢购-纸品-无-剪辑-转化引导-纸品-20260714-无-625-2,0.00,0,0,0.00,0.00,0.00
2026-07-28,13746143935,CH-SC-低活-10154156974144-超级抢购-厨具-无-剪辑-转化引导-厨具-20260701-无-625-aigc-18,0.00,2,0,0.00,0.00,0.00
2026-07-28,13835203321,CH-SC-广义新-10139440032542-新综合频道-运动户外-京喜拉新-剪辑-转化引导-运动户外-20260708-无-625-aigc-3,0.00,1,0,0.00,0.00,0.00
2026-07-28,13860581516,CH-SC-广义新-10215307938752-新综合频道-鞋靴-京喜拉新-剪辑-转化引导-鞋靴-20260713-反向-625-aigc-5,0.00,0,0,0.00,0.00,0.00
2026-07-28,13836034892,CH-SC-低活-10223482211866-超级抢购-生活日用-无-剪辑-转化引导-生活日用-20260703-无-625-1,0.00,0,0,0.00,0.00,0.00
2026-07-28,13835192045,CH-SC-广义新-10109170972947-新综合频道-钟表眼镜-京喜拉新-剪辑-转化引导-钟表眼镜-20260708-无-625-aigc-3,0.00,1,0,0.00,0.00,0.00
2026-07-28,13939906647,CH-SC-广义新-10183880057418 -新综合频道-箱包皮具-京喜拉新-剪辑-转化引导-箱包皮具-20260717-无-625-aigc-5,0.00,3,0,0.00,0.00,0.00
2026-07-28,13960083584,信息流-小牛-抽纸-三方主体-代运营-新人福利价-0724-10105196309536 -历史爆品-625-5,0.00,10,1,0.00,0.00,10.00
2026-07-28,13860586602,CH-SC-广义新-10215307938752-新综合频道-鞋靴-京喜拉新-剪辑-转化引导-鞋靴-20260713-反向-625-aigc-7,0.00,0,0,0.00,0.00,0.00
2026-07-28,13846404142,CH-SC-低活-10081585918372-超级抢购-家庭清洁纸品-无-剪辑-转化引导-家庭清洁纸品-20260708-无-625-aigc-13,0.00,0,0,0.00,0.00,0.00
2026-07-28,13916117535,CH-SC-广义新-10155000015319-新综合频道-厨具-京喜拉新-剪辑-转化引导-厨具-20260716-无-625-aigc-8,0.00,1,0,0.00,0.00,0.00
2026-07-28,13913153338,信息流-小牛-刮水器-京东主体-代运营-新人1分钱-0720-10101434066164-历史爆品-625-9,0.00,2,0,0.00,0.00,0.00
2026-07-28,13873232512,CH-SC-低活-10184888743389-超级抢购-纸品-无-剪辑-转化引导-纸品-20260710-无-625-aigc-11,0.00,1,0,0.00,0.00,0.00
2026-07-28,13916311123,CH-SC-低活-10215767576641-超级抢购-生鲜-无-剪辑-转化引导-生鲜-20260715-无-625-aigc-1,0.00,3,0,0.00,0.00,0.00
2026-07-28,13881545653,CH-SC-广义新-10102020339908 -新综合频道-数码-京喜拉新-剪辑-转化引导-数码-20260715-无-625-1,0.00,0,0,0.00,0.00,0.00
2026-07-28,13916098016,CH-SC-广义新-10147832788047-新综合频道-工业品-京喜拉新-剪辑-转化引导-工业品-20260716-反向-625-1,0.00,0,0,0.00,0.00,0.00
2026-07-28,13916089784,CH-SC-广义新-10184972523548-新综合频道-厨具-京喜拉新-剪辑-转化引导-厨具-20260716-反向-625-aigc-11,0.00,1,0,0.00,0.00,0.00
2026-07-28,13799760353,CH-SC-广义新-10157346551639-新综合频道-生鲜-京喜拉新-剪辑-转化引导-生鲜-20260706-无-625-7,0.00,0,0,0.00,0.00,0.00
2026-07-28,13603339171,CH-SC-广义新-10166301474829-新综合频道-厨具-京喜拉新-剪辑-转化引导-厨具-20260617-反向-625-aigc-5,0.00,10,1,0.00,0.00,10.00
2026-07-28,13916108983,CH-SC-广义新-10155000015319-新综合频道-厨具-京喜拉新-剪辑-转化引导-厨具-20260716-无-625-aigc-10,0.00,1,0,0.00,0.00,0.00
2026-07-28,13939910115,CH-SC-广义新-10183880057418 -新综合频道-箱包皮具-京喜拉新-剪辑-转化引导-箱包皮具-20260717-无-625-aigc-14,0.00,5,1,0.00,0.00,20.00
2026-07-28,13536545311,CH-SC-低活-10219841541026-超级抢购加补-厨具-无-剪辑-转化引导-厨具-20260610-无-625-aigc-3,0.00,0,0,0.00,0.00,0.00
2026-07-28,13957178306,信息流-小牛-保温饭盒-三方主体-代运营-新人福利价-0724-10125420247464-大盘扒改-625-4,0.00,3,0,0.00,0.00,0.00
2026-07-28,13835195403,CH-SC-广义新-10109170972947-新综合频道-钟表眼镜-京喜拉新-剪辑-转化引导-钟表眼镜-20260708-无-625-aigc-8,0.00,2,0,0.00,0.00,0.00
2026-07-28,13846311562,CH-SC-低活-10140917922437-超级抢购-家庭清洁-无-剪辑-转化引导-家庭清洁-20260708-无-625-aigc-12,0.00,8,0,0.00,0.00,0.00
2026-07-28,13939871021,CH-SC-广义新-10217878263924 -新综合频道-汽车用品-京喜拉新-剪辑-转化引导-汽车用品-20260717-无-625-8,0.00,1,0,0.00,0.00,0.00
2026-07-28,13916092599,CH-SC-广义新-10184972523548-新综合频道-厨具-京喜拉新-剪辑-转化引导-厨具-20260716-反向-625-aigc-4,0.00,2,0,0.00,0.00,0.00
2026-07-28,13946554762,信息流-小牛-车载支架-京东主体-代运营-新人福利价-0723-10139440032542-设计自选-625-aigc-2,0.00,4,0,0.00,0.00,0.00
2026-07-28,13913155252,信息流-小牛-刮水器-京东主体-代运营-新人1分钱-0720-10101434066164-历史爆品-625-13,0.00,2,0,0.00,0.00,0.00
2026-07-28,13916298312,CH-SC-低活-10140917922437-超级抢购-家庭清洁-无-剪辑-转化引导-家庭清洁-20260715-无-625-aigc-2,0.00,1,0,0.00,0.00,0.00
2026-07-28,13957203343,信息流-小牛-无骨鸡爪-三方主体-代运营-新人福利价-0724-10181243448351-大盘扒改-625-11,0.00,3,0,0.00,0.00,0.00
2026-07-28,13939888246,CH-SC-广义新-10201862878352 -新综合频道-厨具-京喜拉新-剪辑-转化引导-厨具-20260717-无-625-aigc-19,0.00,0,0,0.00,0.00,0.00
2026-07-28,12903597212,荣耀-XN-影音-通用-怀旧风景-混剪-260327-625-3,0.00,0,0,0.00,0.00,0.00
2026-07-28,13913157203,信息流-小牛-刮水器-京东主体-代运营-新人1分钱-0720-10101434066164-历史爆品-625-18,0.00,4,0,0.00,0.00,0.00
2026-07-28,13352599079,CH-SC-低活-10156923061370-超级抢购5元-数码-无-剪辑-转化引导-数码-20260521-无-625-1,0.00,8,0,0.00,0.00,0.00
2026-07-28,13407972630,CH-SC-广义新-10159656246030-新综合频道-电脑-京喜拉新-剪辑-转化引导-电脑-20260527-反向-625-aigc-12,0.00,1,0,0.00,0.00,0.00
2026-07-28,13835216162,CH-SC-广义新-10153911006548-新综合频道-粮油调味-京喜拉新-剪辑-转化引导-粮油调味-20260708-无-625-aigc-3,0.00,1,0,0.00,0.00,0.00
2026-07-28,13746278025,CH-SC-广义新-10109170972947-新综合频道-钟表眼镜-京喜拉新-剪辑-转化引导-钟表眼镜-20260701-无-625-aigc-4,0.00,1,0,0.00,0.00,0.00
2026-07-28,13960080735,信息流-小牛-抽纸-三方主体-代运营-新人福利价-0724-10105196309536 -历史爆品-625-1,0.00,7,2,0.00,0.00,28.57
2026-07-28,13939896010,CH-SC-广义新-10183880057418 -新综合频道-箱包皮具-京喜拉新-剪辑-转化引导-箱包皮具-20260717-无-625-aigc-2,0.00,1,0,0.00,0.00,0.00
2026-07-28,13939903179,CH-SC-广义新-10183880057418 -新综合频道-箱包皮具-京喜拉新-剪辑-转化引导-箱包皮具-20260717-无-625-aigc-8,0.00,0,0,0.00,0.00,0.00
2026-07-28,13939881696,CH-SC-广义新-10201862878352 -新综合频道-厨具-京喜拉新-剪辑-转化引导-厨具-20260717-无-625-aigc-9,0.00,0,0,0.00,0.00,0.00
2026-07-28,13922107264,信息流-小牛-百香果-京东主体-代运营-新人福利价-0721-10161286379662-深海货盘-625-aigc-13,0.00,1,0,0.00,0.00,0.00
2026-07-28,13939904626,CH-SC-广义新-10183880057418 -新综合频道-箱包皮具-京喜拉新-剪辑-转化引导-箱包皮具-20260717-无-625-aigc-9,0.00,0,0,0.00,0.00,0.00
2026-07-28,13916092866,CH-SC-广义新-10184972523548-新综合频道-厨具-京喜拉新-剪辑-转化引导-厨具-20260716-反向-625-aigc-3,0.00,1,0,0.00,0.00,0.00
2026-07-28,13835214491,CH-SC-广义新-10153911006548-新综合频道-粮油调味-京喜拉新-剪辑-转化引导-粮油调味-20260708-无-625-aigc-1,0.00,3,0,0.00,0.00,0.00
2026-07-28,13815432816,CH-PRJ-采销项目-10227170510852-快手-本地生活-无-剪辑-转化引导-本地生活-20260710-无-625-4,0.00,0,0,0.00,0.00,0.00
2026-07-28,13913150041,信息流-小牛-刮水器-京东主体-代运营-新人1分钱-0720-10101434066164-历史爆品-625-3,0.00,1,0,0.00,0.00,0.00
2026-07-28,13939862856,CH-SC-广义新-10133471421086-新综合频道-箱包皮具-京喜拉新-剪辑-转化引导-箱包皮具-20260716-反向-625-10,0.00,1,0,0.00,0.00,0.00
2026-07-28,13179791538,荣耀-XN-影音娱乐-通用-唱歌-混剪-260429-625-21,0.00,0,0,0.00,0.00,0.00
2026-07-28,13940212351,CH-SC-低活-10223570717754-超级抢购-生鲜-无-剪辑-转化引导-生鲜-20260716-无-625-aigc-5,0.00,1,0,0.00,0.00,0.00
2026-07-28,13873191026,CH-SC-低活-10140917922437-超级抢购-家庭清洁-无-剪辑-转化引导-家庭清洁-20260709-无-625-aigc-2,0.00,0,0,0.00,0.00,0.00
2026-07-28,13916299517,CH-SC-低活-10140917922437-超级抢购-家庭清洁-无-剪辑-转化引导-家庭清洁-20260715-无-625-aigc-5,0.00,1,0,0.00,0.00,0.00
2026-07-28,13799911408,CH-SC-广义新-10118706992345-新综合频道-纸品-京喜拉新-剪辑-转化引导-纸品-20260707-无-625-aigc-2,0.00,0,0,0.00,0.00,0.00
2026-07-28,13946563357,信息流-小牛-车载支架-京东主体-代运营-新人福利价-0723-10139440032542-设计自选-625-aigc-8,0.00,1,0,0.00,0.00,0.00
2026-07-28,13835217700,CH-SC-广义新-10153911006548-新综合频道-粮油调味-京喜拉新-剪辑-转化引导-粮油调味-20260708-无-625-aigc-6,0.00,1,0,0.00,0.00,0.00
2026-07-28,13939896569,CH-SC-广义新-10183880057418 -新综合频道-箱包皮具-京喜拉新-剪辑-转化引导-箱包皮具-20260717-无-625-aigc-3,0.00,0,0,0.00,0.00,0.00
2026-07-28,13846400344,CH-SC-低活-10081585918372-超级抢购-家庭清洁纸品-无-剪辑-转化引导-家庭清洁纸品-20260708-无-625-aigc-1,0.00,0,0,0.00,0.00,0.00
2026-07-28,13799928462,CH-SC-广义新-10158258669630-新综合频道-居家布艺-京喜拉新-剪辑-转化引导-居家布艺-20260706-无-625-aigc-3,0.00,2,1,0.00,0.00,50.00
2026-07-28,13946584622,信息流-小牛-电煮锅-京东主体-代运营-新人福利价-0723-10125368295124-设计自选-625-aigc-6,0.00,1,0,0.00,0.00,0.00
2026-07-28,13835196265,CH-SC-广义新-10109170972947-新综合频道-钟表眼镜-京喜拉新-剪辑-转化引导-钟表眼镜-20260708-无-625-aigc-11,0.00,5,0,0.00,0.00,0.00
2026-07-28,13916302821,CH-SC-低活-10140917922437-超级抢购-家庭清洁-无-剪辑-转化引导-家庭清洁-20260715-无-625-aigc-12,0.00,0,0,0.00,0.00,0.00
2026-07-28,13746319970,CH-SC-低活-10139440032542-超级抢购5元-运动户外-无-剪辑-转化引导-运动户外-20260630-无-625-aigc-12,0.00,1,0,0.00,0.00,0.00
2026-07-28,13873250654,CH-SC-低活-10217740550325-超级抢购-箱包皮具-无-剪辑-转化引导-箱包皮具-20260713-无-625-aigc-5,0.00,1,0,0.00,0.00,0.00
2026-07-28,13957199370,信息流-小牛-无骨鸡爪-三方主体-代运营-新人福利价-0724-10181243448351-大盘扒改-625-7,0.00,3,0,0.00,0.00,0.00
2026-07-28,13873235824,CH-SC-低活-10184888743389-超级抢购-纸品-无-剪辑-转化引导-纸品-20260710-无-625-aigc-3,0.00,0,0,0.00,0.00,0.00
2026-07-28,13873272312,CH-SC-低活-10081585918372-超级抢购-纸品-无-剪辑-转化引导-纸品-20260702-无-625-aigc-11,0.00,0,0,0.00,0.00,0.00
2026-07-28,13922140035,信息流-小牛-百香果-京东主体-代运营-新人福利价-0721-10161286379662-深海货盘-625-aigc-2,0.00,1,0,0.00,0.00,0.00
2026-07-28,13536521344,CH-SC-广义新-10127068425204-新综合频道-收纳用品-京喜拉新-剪辑-转化引导-收纳用品-20260610-无-625-11,0.00,0,0,0.00,0.00,0.00
2026-07-28,13873172231,CH-SC-低活-10137455430983-超级抢购-纸品-无-剪辑-转化引导-纸品-20260709-无-625-aigc-1,0.00,0,0,0.00,0.00,0.00
2026-07-28,13163618006,荣耀-XN-汽车-通用-途虎养车-混剪-260428-625-18,0.00,0,0,0.00,0.00,0.00
2026-07-28,13836032434,CH-SC-低活-10223482211866-超级抢购-生活日用-无-剪辑-转化引导-生活日用-20260703-无-625-15,0.00,0,0,0.00,0.00,0.00
2026-07-28,13916102483,CH-SC-广义新-10184972523548-新综合频道-厨具-京喜拉新-剪辑-转化引导-厨具-20260716-反向-625-aigc-8,0.00,8,0,0.00,0.00,0.00
2026-07-28,13614653474,CH-SC-低活-10147800266661-超级抢购加补-家庭清洁-无-剪辑-转化引导-家庭清洁-20260618-无-625-aigc-10,0.00,0,0,0.00,0.00,0.00
2026-07-28,13776607706,CH-SC-广义新-10177393646076-新综合频道-灯饰照明-京喜拉新-剪辑-转化引导-灯饰照明-20260702-反向-625-aigc-17,0.00,0,0,0.00,0.00,0.00
2026-07-28,13922135840,信息流-小牛-百香果-京东主体-代运营-新人福利价-0721-10161286379662-深海货盘-625-aigc-19,0.00,1,0,0.00,0.00,0.00
2026-07-28,13662879438,CH-SC-低活-10134479334759-超级抢购通用-钟表眼镜-无-剪辑-转化引导-钟表眼镜-20260624-无-625-AIGC-6,0.00,1,0,0.00,0.00,0.00
2026-07-28,13835195814,CH-SC-广义新-10109170972947-新综合频道-钟表眼镜-京喜拉新-剪辑-转化引导-钟表眼镜-20260708-无-625-aigc-10,0.00,1,0,0.00,0.00,0.00
2026-07-28,13873194156,CH-SC-低活-10140917922437-超级抢购-家庭清洁-无-剪辑-转化引导-家庭清洁-20260709-无-625-aigc-5,0.00,4,0,0.00,0.00,0.00
2026-07-28,13939884982,CH-SC-广义新-10201862878352 -新综合频道-厨具-京喜拉新-剪辑-转化引导-厨具-20260717-无-625-aigc-14,0.00,0,0,0.00,0.00,0.00
2026-07-28,13873170399,CH-SC-低活-10137455430983-超级抢购-纸品-无-剪辑-转化引导-纸品-20260709-无-625-aigc-10,0.00,0,0,0.00,0.00,0.00
2026-07-28,13860589367,CH-SC-广义新-10215307938752-新综合频道-鞋靴-京喜拉新-剪辑-转化引导-鞋靴-20260713-反向-625-aigc-8,0.00,0,0,0.00,0.00,0.00
2026-07-28,13922146083,信息流-小牛-百香果-京东主体-代运营-新人福利价-0721-10161286379662-深海货盘-625-aigc-8,0.00,2,0,0.00,0.00,0.00
2026-07-28,13836021758,CH-SC-低活-10081585918372-超级抢购-纸品-无-剪辑-转化引导-纸品-20260702-无-625-aigc-10,0.00,0,0,0.00,0.00,0.00
2026-07-28,13407975609,CH-SC-广义新-10159656246030-新综合频道-电脑-京喜拉新-剪辑-转化引导-电脑-20260527-反向-625-aigc-4,0.00,15,0,0.00,0.00,0.00
2026-07-28,13922141809,信息流-小牛-百香果-京东主体-代运营-新人福利价-0721-10161286379662-深海货盘-625-aigc-3,0.00,1,0,0.00,0.00,0.00
2026-07-28,13957197484,信息流-小牛-无骨鸡爪-三方主体-代运营-新人福利价-0724-10181243448351-大盘扒改-625-6,0.00,9,0,0.00,0.00,0.00
2026-07-28,13916100740,CH-SC-广义新-10184972523548-新综合频道-厨具-京喜拉新-剪辑-转化引导-厨具-20260716-反向-625-aigc-6,0.00,2,0,0.00,0.00,0.00
2026-07-28,13873282737,CH-SC-低活-10081585918372-超级抢购-纸品-无-剪辑-转化引导-纸品-20260702-无-625-aigc-23,0.00,0,0,0.00,0.00,0.00
2026-07-28,13939911163,CH-SC-广义新-10183880057418 -新综合频道-箱包皮具-京喜拉新-剪辑-转化引导-箱包皮具-20260717-无-625-aigc-1,0.00,0,0,0.00,0.00,0.00
2026-07-28,13916115157,CH-SC-广义新-10155000015319-新综合频道-厨具-京喜拉新-剪辑-转化引导-厨具-20260716-无-625-aigc-7,0.00,1,0,0.00,0.00,0.00
2026-07-28,13939892050,CH-SC-广义新-10201862878352 -新综合频道-厨具-京喜拉新-剪辑-转化引导-厨具-20260717-无-625-aigc-24,0.00,0,0,0.00,0.00,0.00
2026-07-28,13941343514,信息流-小牛-手机支架-三方主体-代运营-新人福利价-0723-10139440032542 -设计自选-625-7,0.00,2,0,0.00,0.00,0.00
2026-07-28,13937225737,信息流-小牛-洗衣粉-低活-代运营-福利价-0722-10174693254918-深海货盘-625-12,0.00,2,2,0.00,0.00,100.00
2026-07-28,13916095684,CH-SC-广义新-10147832788047-新综合频道-工业品-京喜拉新-剪辑-转化引导-工业品-20260716-反向-625-6,0.00,0,0,0.00,0.00,0.00
2026-07-28,13960081543,信息流-小牛-抽纸-三方主体-代运营-新人福利价-0724-10105196309536 -历史爆品-625-2,0.00,5,0,0.00,0.00,0.00
2026-07-28,13592315087,CH-SC-广义新-10139440032542-新综合频道-运动户外-京喜拉新-剪辑-转化引导-运动户外-20260616-无-625-aigc-30,0.00,1,0,0.00,0.00,0.00
2026-07-28,13860577782,CH-SC-广义新-10215307938752-新综合频道-鞋靴-京喜拉新-剪辑-转化引导-鞋靴-20260713-反向-625-aigc-10,0.00,1,0,0.00,0.00,0.00
2026-07-28,13916297147,CH-SC-低活-10130886489325-超级抢购-厨具-无-剪辑-转化引导-厨具-20260715-无-625-18,0.00,0,0,0.00,0.00,0.00
2026-07-28,13939874677,CH-SC-广义新-10217878263924 -新综合频道-汽车用品-京喜拉新-剪辑-转化引导-汽车用品-20260717-无-625-1,0.00,2,0,0.00,0.00,0.00
2026-07-28,13799756880,CH-SC-广义新-10157346551639-新综合频道-生鲜-京喜拉新-剪辑-转化引导-生鲜-20260706-无-625-11,0.00,2,0,0.00,0.00,0.00
2026-07-28,13916289426,CH-SC-低活-10130886489325-超级抢购-厨具-无-剪辑-转化引导-厨具-20260715-无-625-5,0.00,1,0,0.00,0.00,0.00
2026-07-28,13913153770,信息流-小牛-刮水器-京东主体-代运营-新人1分钱-0720-10101434066164-历史爆品-625-10,0.00,6,0,0.00,0.00,0.00
2026-07-28,13913150249,信息流-小牛-刮水器-京东主体-代运营-新人1分钱-0720-10101434066164-历史爆品-625-2,0.00,4,0,0.00,0.00,0.00
2026-07-28,13846322912,CH-SC-低活-10140917922437-超级抢购-家庭清洁-无-剪辑-转化引导-家庭清洁-20260708-无-625-aigc-5,0.00,0,0,0.00,0.00,0.00
2026-07-28,13685267417,CH-SC-低活-10220560400432-超级抢购加补-生活日用-无-剪辑-转化引导-生活日用-20260626-无-625-aigc-10,0.00,1,0,0.00,0.00,0.00
2026-07-28,13746151090,CH-SC-低活-10154156974144-超级抢购-厨具-无-剪辑-转化引导-厨具-20260701-无-625-aigc-1,0.00,27,0,0.00,0.00,0.00
2026-07-28,13302410132,CH-SC-广义新-10169142079015-新综合频道-厨具-京喜拉新-剪辑-转化引导-厨具-20260515-无-625-10,0.00,5,0,0.00,0.00,0.00
2026-07-28,13179800724,荣耀-XN-影音娱乐-通用-萌宠视频-混剪-260429-625-2,0.00,0,0,0.00,0.00,0.00
2026-07-28,13302406456,CH-SC-广义新-10169142079015-新综合频道-厨具-京喜拉新-剪辑-转化引导-厨具-20260515-无-625-4,0.00,4,0,0.00,0.00,0.00
2026-07-28,13799798181,CH-SC-广义新-10155085148227-新综合频道-家用电器-京喜拉新-剪辑-转化引导-家用电器-20260707-反向-625-aigc-4,0.00,0,0,0.00,0.00,0.00
2026-07-28,13873255943,CH-SC-低活-10081585918372-超级抢购-纸品-无-剪辑-转化引导-纸品-20260702-无-625-aigc-27,0.00,1,1,0.00,0.00,100.00
2026-07-28,13922145678,信息流-小牛-百香果-京东主体-代运营-新人福利价-0721-10161286379662-深海货盘-625-aigc-9,0.00,1,0,0.00,0.00,0.00
2026-07-28,13471071598,CH-SC-广义新-10136363822650-新综合频道-家庭清洁-京喜拉新-剪辑-转化引导-家庭清洁-20260602-反向-625-aigc-1,0.00,1,0,0.00,0.00,0.00
2026-07-28,13746193220,CH-SC-低活-10154156974144-超级抢购-厨具-无-剪辑-转化引导-厨具-20260701-无-625-aigc-3,0.00,6,0,0.00,0.00,0.00
2026-07-28,13916091946,CH-SC-广义新-10184972523548-新综合频道-厨具-京喜拉新-剪辑-转化引导-厨具-20260716-反向-625-aigc-5,0.00,1,0,0.00,0.00,0.00
2026-07-28,13525509906,CH-SC-低活-10140917922437-超级抢购加补-家庭清洁-无-剪辑-转化引导-家庭清洁-20260609-无-625-aigc-8,0.00,3,0,0.00,0.00,0.00
2026-07-28,13988876041,CH-SC-低活-10217740550325-超级抢购-箱包皮具-无-剪辑-转化引导-箱包皮具-20260720-无-625-aigc-8,0.00,1,0,0.00,0.00,0.00
2026-07-28,13005947658,荣耀-XN-金融-通用-壁纸-混剪-纯新AIGC-260409-625-29,0.00,0,0,0.00,0.00,0.00
2026-07-28,13916097680,CH-SC-广义新-10147832788047-新综合频道-工业品-京喜拉新-剪辑-转化引导-工业品-20260716-反向-625-9,0.00,0,0,0.00,0.00,0.00
2026-07-28,13873275900,CH-SC-低活-10081585918372-超级抢购-纸品-无-剪辑-转化引导-纸品-20260702-无-625-aigc-15,0.00,0,0,0.00,0.00,0.00
2026-07-28,13957201698,信息流-小牛-无骨鸡爪-三方主体-代运营-新人福利价-0724-10181243448351-大盘扒改-625-9,0.00,1,0,0.00,0.00,0.00
2026-07-28,13960085419,信息流-小牛-抽纸-三方主体-代运营-新人福利价-0724-10105196309536 -历史爆品-625-9,0.00,3,1,0.00,0.00,33.33
2026-07-28,13922147929,信息流-小牛-百香果-京东主体-代运营-新人福利价-0721-10161286379662-深海货盘-625-aigc-11,0.00,27,2,0.00,0.00,7.41
2026-07-28,13746199752,CH-SC-低活-10154156974144-超级抢购-厨具-无-剪辑-转化引导-厨具-20260701-无-625-aigc-6,0.00,3,1,0.00,0.00,33.33
2026-07-28,13916089663,CH-SC-广义新-10184972523548-新综合频道-厨具-京喜拉新-剪辑-转化引导-厨具-20260716-反向-625-aigc-10,0.00,1,0,0.00,0.00,0.00
2026-07-28,13946571614,信息流-小牛-电煮锅-京东主体-代运营-新人福利价-0723-10125368295124-设计自选-625-aigc-4,0.00,6,0,0.00,0.00,0.00
2026-07-28,13913157759,信息流-小牛-刮水器-京东主体-代运营-新人1分钱-0720-10101434066164-历史爆品-625-16,0.00,1,0,0.00,0.00,0.00
2026-07-28,13939871506,CH-SC-广义新-10217878263924 -新综合频道-汽车用品-京喜拉新-剪辑-转化引导-汽车用品-20260717-无-625-11,0.00,0,0,0.00,0.00,0.00
2026-07-28,13684908249,CH-SC-低活-10150446326220-好价清单-厨具-无-剪辑-转化引导-厨具-20260626-无-625-aigc-11,0.00,1,0,0.00,0.00,0.00
2026-07-28,13916402149,CH-SC-低活-10120093290551-超级抢购-纸品-无-剪辑-转化引导-纸品-20260715-无-625-aigc-2,0.00,1,0,0.00,0.00,0.00
2026-07-28,13547608214,CH-SC-低活-10140207411553-超级抢购加补-文教文化用品-无-剪辑-转化引导-文教文化用品-20260611-无-625-12,0.00,22,1,0.00,0.00,4.55
2026-07-28,13846396417,CH-SC-低活-10112643484929-超级抢购-手机通讯-无-剪辑-转化引导-手机通讯-20260708-无-625-aigc-21,0.00,3,0,0.00,0.00,0.00
2026-07-28,13913152765,信息流-小牛-刮水器-京东主体-代运营-新人1分钱-0720-10101434066164-历史爆品-625-8,0.00,1,0,0.00,0.00,0.00
2026-07-28,13946598909,信息流-小牛-电煮锅-京东主体-代运营-新人福利价-0723-10125368295124-设计自选-625-aigc-11,0.00,2,0,0.00,0.00,0.00
2026-07-28,13922120422,信息流-小牛-百香果-京东主体-代运营-新人福利价-0721-10161286379662-深海货盘-625-aigc-18,0.00,7,0,0.00,0.00,0.00
2026-07-28,13846433997,CH-SC-低活-10220560400432-超级抢购-生活日用-无-剪辑-转化引导-生活日用-20260708-无-625-aigc-16,0.00,0,0,0.00,0.00,0.00
2026-07-28,13916096211,CH-SC-广义新-10147832788047-新综合频道-工业品-京喜拉新-剪辑-转化引导-工业品-20260716-反向-625-7,0.00,0,0,0.00,0.00,0.00
2026-07-21,13471070287,CH-SC-广义新-10136363822650-新综合频道-家庭清洁-京喜拉新-剪辑-转化引导-家庭清洁-20260602-反向-625-3,16592.82,458852,60596,52.18,317.99,13.21
2026-07-21,13471070035,CH-SC-广义新-10136363822650-新综合频道-家庭清洁-京喜拉新-剪辑-转化引导-家庭清洁-20260602-反向-625-1,1028.21,46405,6023,64.26,16.00,12.98
2026-07-21,13486885202,CH-SC-广义新-无-新10元话费券-10元话费券-京喜拉新-剪辑-转化引导-10元话费券-20260605-无-625-4,891.53,49553,3395,31.84,28.00,6.85
2026-07-21,13799781175,CH-SC-广义新-10155085148227-新综合频道-家用电器-京喜拉新-剪辑-转化引导-家用电器-20260707-反向-625-aigc-14,784.01,127855,10535,35.64,22.00,8.24
2026-07-21,13559844535,CH-PRJ-采销项目-10204138700158-快手安卓-外卖美食-无-剪辑-转化引导-外卖美食-20260612-无-625-6,651.43,13463,7075,0.18,3619.06,52.55
2026-07-21,13722915761,CH-SC-低活-10156923061370-超级抢购加补-数码-无-剪辑-转化引导-数码-20260629-无-625-aigc-2,558.34,840,224,55.83,10.00,26.67
2026-07-21,13559888558,CH-SC-广义新-10139440032542-新综合频道-运动户外-京喜拉新-剪辑-转化引导-运动户外-20260612-无-625-7,544.98,48971,430,45.42,12.00,0.88
2026-07-21,13559845354,CH-PRJ-采销项目-10204138700158-快手安卓-外卖美食-无-剪辑-转化引导-外卖美食-20260612-无-625-4,508.66,9271,5120,0.17,2992.12,55.23
2026-07-21,13559845298,CH-PRJ-采销项目-10204138700158-快手安卓-外卖美食-无-剪辑-转化引导-外卖美食-20260612-无-625-1,456.76,7715,4817,0.17,2686.82,62.44
2026-07-21,13559844692,CH-PRJ-采销项目-10204138700158-快手安卓-外卖美食-无-剪辑-转化引导-外卖美食-20260612-无-625-7,441.16,11806,4844,0.18,2450.89,41.03
2026-07-21,13873164965,CH-SC-低活-10137455430983-超级抢购-纸品-无-剪辑-转化引导-纸品-20260709-无-625-aigc-2,425.84,14017,3392,10.39,40.99,24.20
2026-07-21,13799781798,CH-SC-广义新-10155085148227-新综合频道-家用电器-京喜拉新-剪辑-转化引导-家用电器-20260707-反向-625-aigc-16,389.04,38180,9953,27.79,14.00,26.07
2026-07-21,13559844197,CH-PRJ-采销项目-10204138700158-快手安卓-外卖美食-无-剪辑-转化引导-外卖美食-20260612-无-625-3,374.63,6771,3830,0.17,2203.71,56.56
2026-07-21,13873165421,CH-SC-低活-10137455430983-超级抢购-纸品-无-剪辑-转化引导-纸品-20260709-无-625-aigc-4,342.51,19838,2180,6.85,50.00,10.99
2026-07-21,13559844857,CH-PRJ-采销项目-10204138700158-快手安卓-外卖美食-无-剪辑-转化引导-外卖美食-20260612-无-625-8,328.72,7764,3672,0.19,1730.11,47.30
2026-07-21,13040042427,荣耀-XN-社交-通用-美女-混剪-纯新AIGC-260410-625-14,327.02,7364,1586,3.48,93.97,21.54
2026-07-21,13559844150,CH-PRJ-采销项目-10204138700158-快手安卓-外卖美食-无-剪辑-转化引导-外卖美食-20260612-无-625-2,315.43,4808,2707,0.20,1577.15,56.30
2026-07-21,13651815810,CH-SC-低活-10081585918372-超级抢购-家庭清洁纸品-无-剪辑-转化引导-家庭清洁纸品-20260623-无-625-aigc-15,294.11,32411,3210,13.37,22.00,9.90
2026-07-21,13559844369,CH-PRJ-采销项目-10204138700158-快手安卓-外卖美食-无-剪辑-转化引导-外卖美食-20260612-无-625-5,277.86,4916,2645,0.17,1634.47,53.80
2026-07-21,13873166317,CH-SC-低活-10137455430983-超级抢购-纸品-无-剪辑-转化引导-纸品-20260709-无-625-aigc-3,263.51,22470,3429,7.53,34.99,15.26
2026-07-21,13603329865,CH-SC-广义新-10139440032542-新综合频道-运动户外-京喜拉新-剪辑-转化引导-运动户外-20260617-无-625-aigc10,256.63,38006,348,36.66,7.00,0.92
2026-07-21,13685269854,CH-SC-低活-10220560400432-超级抢购加补-生活日用-无-剪辑-转化引导-生活日用-20260626-无-625-aigc-15,248.70,9621,266,17.76,14.00,2.76
2026-07-21,13873170621,CH-SC-低活-10137455430983-超级抢购-纸品-无-剪辑-转化引导-纸品-20260709-无-625-aigc-11,210.60,28635,5215,5.85,36.00,18.21
2026-07-21,12954051296,荣耀-XN-小说-通用-滚屏-混剪-纯AIGC-260402-625-4,210.31,1119,311,3.29,63.92,27.79
2026-07-21,13559845188,CH-PRJ-采销项目-10204138700158-快手安卓-外卖美食-无-剪辑-转化引导-外卖美食-20260612-无-625-10,200.44,3289,2161,0.19,1054.95,65.70
2026-07-21,13873169325,CH-SC-低活-10137455430983-超级抢购-纸品-无-剪辑-转化引导-纸品-20260709-无-625-aigc-9,200.42,11551,4131,7.16,27.99,35.76
2026-07-21,13904991981,CH-SC-广义新-10136363822650-新综合频道-家庭清洁-京喜拉新-剪辑-转化引导-家庭清洁-202600602-反向-625-5,193.28,5107,780,0.00,0.00,15.27
2026-07-21,13559845061,CH-PRJ-采销项目-10204138700158-快手安卓-外卖美食-无-剪辑-转化引导-外卖美食-20260612-无-625-9,178.69,3536,1893,0.17,1051.12,53.54
2026-07-21,13536549173,CH-SC-低活-10219841541026-超级抢购加补-厨具-无-剪辑-转化引导-厨具-20260610-无-625-aigc-10,171.63,7817,1575,17.16,10.00,20.15
2026-07-21,13132579643,荣耀-XN-社交-通用-聊天券-混剪-260424-625-11,152.12,781,249,2.62,58.06,31.88
2026-07-21,13845971377,CH-SC-广义新-10156923061370-新综合频道-数码-京喜拉新-剪辑-转化引导-数码-20260710-无-625-4,149.90,1014,294,0.00,0.00,28.99
2026-07-21,13846291002,CH-SC-低活-10162692688878-超级抢购-家用电器-无-剪辑-转化引导-家用电器-20260708-无-625-aigc-18,146.63,86335,5453,20.95,7.00,6.32
2026-07-21,13275458672,荣耀-XN-小说-通用-动态漫-混剪-2600512-625-3,145.59,1080,228,2.31,63.03,21.11
2026-07-21,13873168305,CH-SC-低活-10137455430983-超级抢购-纸品-无-剪辑-转化引导-纸品-20260709-无-625-aigc-7,137.29,9847,1993,8.58,16.00,20.24
2026-07-21,13873171234,CH-SC-低活-10137455430983-超级抢购-纸品-无-剪辑-转化引导-纸品-20260709-无-625-aigc-12,130.71,8539,3307,21.79,6.00,38.73
2026-07-21,13685269945,CH-SC-低活-10220560400432-超级抢购加补-生活日用-无-剪辑-转化引导-生活日用-20260626-无-625-aigc-13,115.76,5296,181,16.54,7.00,3.42
2026-07-21,13592316754,CH-SC-广义新-10146456039187-新综合频道-纸品-京喜拉新-剪辑-转化引导-纸品-20260616-反向-625-aigc-8,112.20,27690,739,112.20,1.00,2.67
2026-07-21,12838476359,荣耀-XN-小说-通用-动态漫-AIGC-260318-625-14,100.57,549,158,3.05,32.97,28.78
2026-07-21,13846422587,CH-SC-低活-10220560400432-超级抢购-生活日用-无-剪辑-转化引导-生活日用-20260708-无-625-aigc-7,96.69,8645,1897,32.23,3.00,21.94
2026-07-21,13873167301,CH-SC-低活-10137455430983-超级抢购-纸品-无-剪辑-转化引导-纸品-20260709-无-625-aigc-6,91.38,42971,740,18.28,5.00,1.72
2026-07-21,13860514385,CH-SC-广义新-10211945068200-新综合频道-农资园艺-京喜拉新-剪辑-转化引导-农资园艺-20260713-反向-625-4,87.07,700,240,43.54,2.00,34.29
2026-07-21,13872652245,CH-SC-广义新-10136363822650 -新综合频道-纸品-京喜拉新-剪辑-转化引导-纸品-20260714-无-625-11,83.12,1207,244,83.12,1.00,20.22
2026-07-21,13872652661,CH-SC-广义新-10136363822650 -新综合频道-纸品-京喜拉新-剪辑-转化引导-纸品-20260714-无-625-12,82.98,1220,191,82.98,1.00,15.66
2026-07-21,13904991502,CH-SC-广义新-10136363822650-新综合频道-家庭清洁-京喜拉新-剪辑-转化引导-家庭清洁-20260717-反向-625-4,76.12,3308,516,76.12,1.00,15.60
2026-07-21,13860550328,CH-SC-广义新-10162692688878-新综合频道-家用电器-京喜拉新-剪辑-转化引导-家用电器-20260713-无-625-aigc-4,74.75,352,56,0.00,0.00,15.91
2026-07-21,13860551989,CH-SC-广义新-10162692688878-新综合频道-家用电器-京喜拉新-剪辑-转化引导-家用电器-20260713-无-625-aigc-6,73.65,529,26,73.65,1.00,4.91
2026-07-21,13873170399,CH-SC-低活-10137455430983-超级抢购-纸品-无-剪辑-转化引导-纸品-20260709-无-625-aigc-10,70.29,4349,219,10.04,7.00,5.04
2026-07-21,13651786488,CH-SC-低活-10166301474829-超级抢购加补-厨具-无-剪辑-转化引导-厨具-20260623-无-625-18,68.85,5523,1231,68.85,1.00,22.29
2026-07-21,13846012393,CH-SC-广义新-10140917922437-新综合频道-家庭清洁-京喜拉新-剪辑-转化引导-家庭清洁-20260710-无-625-aigc-6,67.69,13786,340,0.00,0.00,2.47
2026-07-21,13872651421,CH-SC-广义新-10136363822650 -新综合频道-纸品-京喜拉新-剪辑-转化引导-纸品-20260714-无-625-9,67.26,2161,528,67.26,1.00,24.43
2026-07-21,13873189462,CH-SC-低活-10140917922437-超级抢购-家庭清洁-无-剪辑-转化引导-家庭清洁-20260709-无-625-aigc-1,66.54,5765,464,33.27,2.00,8.05
2026-07-21,13836044901,CH-SC-低活-10118706992345-超级抢购-纸品-无-剪辑-转化引导-纸品-20260702-无-625-aigc-5,64.98,1982,728,64.98,1.00,36.73
2026-07-21,12954045293,荣耀-XN-小说-通用-滚屏-混剪-纯AIGC-260402-625-10,64.91,634,138,3.42,18.98,21.77
2026-07-21,13731658321,CH-SC-广义新-10103971298079-新综合频道-家具-京喜拉新-剪辑-转化引导-家具-20260630-反向-625-18,64.72,5163,268,64.72,1.00,5.19
2026-07-21,13846013662,CH-SC-广义新-10140917922437-新综合频道-家庭清洁-京喜拉新-剪辑-转化引导-家庭清洁-20260710-无-625-aigc-8,62.64,27451,98,62.64,1.00,0.36
2026-07-21,13873168594,CH-SC-低活-10137455430983-超级抢购-纸品-无-剪辑-转化引导-纸品-20260709-无-625-aigc-8,58.63,4316,1518,19.54,3.00,35.17
2026-07-21,13873248011,CH-SC-低活-10217740550325-超级抢购-箱包皮具-无-剪辑-转化引导-箱包皮具-20260713-无-625-aigc-2,58.15,1495,80,19.38,3.00,5.35
2026-07-21,13352556484,CH-SC-低活-10081585918372-超级抢购-家庭清洁纸品-无-剪辑-转化引导-家庭清洁纸品-20260521-无-625-20,55.33,10365,358,0.00,0.00,3.45
2026-07-21,13835184730,CH-SC-广义新-10155085148227-新综合频道-家用电器-京喜拉新-剪辑-转化引导-家用电器-20260708-无-625-aigc-67,54.79,26843,51,54.79,1.00,0.19
2026-07-21,13096006447,荣耀-XN-小说-通用-动态漫-混剪-260416-625-6,51.29,772,95,3.66,14.01,12.31
2026-07-21,13873282737,CH-SC-低活-10081585918372-超级抢购-纸品-无-剪辑-转化引导-纸品-20260702-无-625-aigc-23,50.23,3685,2456,0.00,0.00,66.65
2026-07-21,13836054268,CH-SC-低活-10156776256916-超级抢购-珠宝首饰-无-剪辑-转化引导-珠宝首饰-20260703-无-625-aigc-6,47.40,28789,164,0.00,0.00,0.57
2026-07-21,13873166540,CH-SC-低活-10137455430983-超级抢购-纸品-无-剪辑-转化引导-纸品-20260709-无-625-aigc-5,46.46,2085,253,15.49,3.00,12.13
2026-07-21,13799930681,CH-SC-广义新-10158258669630-新综合频道-居家布艺-京喜拉新-剪辑-转化引导-居家布艺-20260706-无-625-aigc-4,43.81,4572,642,0.00,0.00,14.04
2026-07-21,13846397120,CH-SC-低活-10112643484929-超级抢购-手机通讯-无-剪辑-转化引导-手机通讯-20260708-无-625-aigc-2,43.46,974,44,21.73,2.00,4.52
2026-07-21,13776536723,CH-SC-广义新-10130866966155-新综合频道-服饰内衣-京喜拉新-剪辑-转化引导-服饰内衣-20260702-无-625-aigc-1,43.10,8076,1981,0.00,0.00,24.53
2026-07-21,13873280184,CH-SC-低活-10081585918372-超级抢购-纸品-无-剪辑-转化引导-纸品-20260702-无-625-aigc-20,42.20,4878,1766,42.20,1.00,36.20
2026-07-21,13873279405,CH-SC-低活-10081585918372-超级抢购-纸品-无-剪辑-转化引导-纸品-20260702-无-625-aigc-18,41.37,3080,1129,20.69,2.00,36.66
2026-07-21,13592317577,CH-SC-广义新-10146456039187-新综合频道-纸品-京喜拉新-剪辑-转化引导-纸品-20260616-反向-625-aigc-13,40.78,11838,105,20.39,2.00,0.89
2026-07-21,13673842592,CH-SC-广义新-10156923061370-新综合频道-数码-京喜拉新-剪辑-转化引导-数码-20260625-无-625-8,39.82,1214,434,13.27,3.00,35.75
2026-07-21,13873280201,CH-SC-低活-10081585918372-超级抢购-纸品-无-剪辑-转化引导-纸品-20260702-无-625-aigc-19,36.27,3257,1580,36.27,1.00,48.51
2026-07-21,13799756880,CH-SC-广义新-10157346551639-新综合频道-生鲜-京喜拉新-剪辑-转化引导-生鲜-20260706-无-625-11,33.49,8199,9,33.49,1.00,0.11
2026-07-21,13873283614,CH-SC-低活-10081585918372-超级抢购-纸品-无-剪辑-转化引导-纸品-20260702-无-625-aigc-22,32.00,4088,2418,0.00,0.00,59.15
2026-07-21,13873277927,CH-SC-低活-10081585918372-超级抢购-纸品-无-剪辑-转化引导-纸品-20260702-无-625-aigc-17,31.33,1008,77,31.33,1.00,7.64
2026-07-21,13614625693,CH-SC-广义新-10134479334759-新综合频道-钟表眼镜-京喜拉新-剪辑-转化引导-钟表眼镜-20260618-无-625-aigc-8,28.51,4704,66,28.51,1.00,1.40
2026-07-21,13352556952,CH-SC-低活-10081585918372-超级抢购-家庭清洁纸品-无-剪辑-转化引导-家庭清洁纸品-20260521-无-625-22,26.84,1085,160,13.42,2.00,14.75
2026-07-21,13873238696,CH-SC-低活-10118706992345-超级抢购-纸品-无-剪辑-转化引导-纸品-20260710-无-625-aigc-3,26.58,1069,52,13.29,2.00,4.86
2026-07-21,13486880647,CH-SC-广义新-无-新10元话费券-10元话费券-京喜拉新-剪辑-转化引导-10元话费券-20260605-无-625-21,26.54,2310,577,0.00,0.00,24.98
2026-07-21,13846302132,CH-SC-低活-10162692688878-超级抢购-家用电器-无-剪辑-转化引导-家用电器-20260708-无-625-aigc-8,26.20,1963,40,0.00,0.00,2.04
2026-07-21,13559884097,CH-SC-广义新-10120132288166-新综合频道-运动户外-京喜拉新-剪辑-转化引导-运动户外-20260612-无-625-4,25.91,3376,69,25.91,1.00,2.04
2026-07-21,13559885868,CH-SC-广义新-10120132288166-新综合频道-运动户外-京喜拉新-剪辑-转化引导-运动户外-20260612-无-625-7,24.47,5019,219,0.00,0.00,4.36
2026-07-21,13835231456,CH-SC-广义新-10211029652151-新综合频道-纸品-京喜拉新-剪辑-转化引导-纸品-20260709-无-625-1,23.25,338,132,23.25,1.00,39.05
2026-07-21,13486890331,CH-SC-广义新-无-新10元话费券-10元话费券-京喜拉新-剪辑-转化引导-10元话费券-20260605-无-625-10,22.04,1176,108,0.00,0.00,9.18
2026-07-21,13684885426,CH-SC-低活-10150446326220-好价清单-厨具-无-剪辑-转化引导-厨具-20260626-无-625-aigc-3,21.92,4206,87,0.00,0.00,2.07
2026-07-21,13719128579,CH-SC-广义新-10130866966155-新综合频道-服饰内衣-京喜拉新-剪辑-转化引导-服饰内衣-20260629-无-625-aigc-5,20.98,3068,646,20.98,1.00,21.06
2026-07-21,13722919375,CH-SC-低活-10220560400432-超级抢购加补-生活日用-无-剪辑-转化引导-生活日用-20260629-无-625-aigc-5,20.34,398,10,10.17,2.00,2.51
2026-07-21,13836021303,CH-SC-低活-10081585918372-超级抢购-纸品-无-剪辑-转化引导-纸品-20260702-无-625-aigc-3,19.98,7228,155,0.00,0.00,2.14
2026-07-21,13836051417,CH-SC-低活-10156776256916-超级抢购-珠宝首饰-无-剪辑-转化引导-珠宝首饰-20260703-无-625-aigc-1,19.95,1751,133,19.95,1.00,7.60
2026-07-21,13846297548,CH-SC-低活-10162692688878-超级抢购-家用电器-无-剪辑-转化引导-家用电器-20260708-无-625-aigc-2,19.11,293,43,6.37,3.00,14.68
2026-07-21,13873242822,CH-SC-低活-10118706992345-超级抢购-纸品-无-剪辑-转化引导-纸品-20260710-无-625-aigc-10,18.49,1616,374,0.00,0.00,23.14
2026-07-21,13776518178,CH-SC-广义新-10130866966155-新综合频道-服饰内衣-京喜拉新-剪辑-转化引导-服饰内衣-20260702-无-625-aigc-4,17.83,2557,292,0.00,0.00,11.42
2026-07-21,13846422800,CH-SC-低活-10220560400432-超级抢购-生活日用-无-剪辑-转化引导-生活日用-20260708-无-625-aigc-8,17.68,561,95,0.00,0.00,16.93
2026-07-21,13614675657,CH-SC-低活-10143318867797-超级抢购5元-厨具-无-剪辑-转化引导-厨具-20260618-无-625-aigc-7,17.36,1627,222,0.00,0.00,13.64
2026-07-21,13603383616,CH-SC-低活-10217740550325-超级抢购加补-箱包皮具-无-剪辑-转化引导-箱包皮具-20260617-无-625-aigc-5,16.46,1835,63,16.46,1.00,3.43
2026-07-21,13471059670,CH-SC-低活-10147800266661-超级抢购加补-家庭清洁-无-剪辑-转化引导-家庭清洁-20260603-无-625-4,15.13,1215,454,15.13,1.00,37.37
2026-07-21,13836045401,CH-SC-低活-10118706992345-超级抢购-纸品-无-剪辑-转化引导-纸品-20260702-无-625-aigc-6,14.86,495,149,7.43,2.00,30.10
2026-07-21,13846372517,CH-SC-低活-10112643484929-超级抢购-手机通讯-无-剪辑-转化引导-手机通讯-20260708-无-625-aigc-5,14.81,638,12,14.81,1.00,1.88
2026-07-21,13799763117,CH-SC-广义新-10157346551639-新综合频道-生鲜-京喜拉新-剪辑-转化引导-生鲜-20260706-无-625-10,14.42,1676,9,14.42,1.00,0.54
2026-07-21,13846423357,CH-SC-低活-10220560400432-超级抢购-生活日用-无-剪辑-转化引导-生活日用-20260708-无-625-aigc-6,14.38,979,24,14.38,1.00,2.45
2026-07-21,13916401971,CH-SC-低活-10120093290551-超级抢购-纸品-无-剪辑-转化引导-纸品-20260715-无-625-aigc-12,13.79,3411,87,13.79,1.00,2.55
2026-07-21,13352555432,CH-SC-低活-10081585918372-超级抢购-家庭清洁纸品-无-剪辑-转化引导-家庭清洁纸品-20260521-无-625-18,13.42,3021,88,13.42,1.00,2.91
2026-07-21,13799758725,CH-SC-广义新-10157346551639-新综合频道-生鲜-京喜拉新-剪辑-转化引导-生鲜-20260706-无-625-12,13.41,991,10,13.41,1.00,1.01
2026-07-21,12838479363,荣耀-XN-小说-通用-动态漫-AIGC-260318-625-20,13.12,47,21,4.37,3.00,44.68
2026-07-21,13722915378,CH-SC-低活-10156923061370-超级抢购加补-数码-无-剪辑-转化引导-数码-20260629-无-625-aigc-11,12.58,914,20,0.00,0.00,2.19
2026-07-21,13916402149,CH-SC-低活-10120093290551-超级抢购-纸品-无-剪辑-转化引导-纸品-20260715-无-625-aigc-2,12.31,1763,100,0.00,0.00,5.67
2026-07-21,13916304807,CH-SC-低活-10140917922437-超级抢购-家庭清洁-无-剪辑-转化引导-家庭清洁-20260715-无-625-aigc-1,12.04,695,377,0.00,0.00,54.24
2026-07-21,13799798181,CH-SC-广义新-10155085148227-新综合频道-家用电器-京喜拉新-剪辑-转化引导-家用电器-20260707-反向-625-aigc-4,11.89,1335,121,0.00,0.00,9.06
2026-07-21,13836040772,CH-SC-低活-10118706992345-超级抢购-纸品-无-剪辑-转化引导-纸品-20260702-无-625-aigc-1,10.88,817,53,10.88,1.00,6.49
2026-07-21,13835197635,CH-SC-广义新-10139440032542-新综合频道-运动户外-京喜拉新-剪辑-转化引导-运动户外-20260708-无-625-aigc-10,10.81,652,11,0.00,0.00,1.69
2026-07-21,13352557402,CH-SC-低活-10081585918372-超级抢购-家庭清洁纸品-无-剪辑-转化引导-家庭清洁纸品-20260521-无-625-25,10.60,2293,45,0.00,0.00,1.96
2026-07-21,13873172231,CH-SC-低活-10137455430983-超级抢购-纸品-无-剪辑-转化引导-纸品-20260709-无-625-aigc-1,10.26,667,80,3.42,3.00,11.99
2026-07-21,13836027051,CH-SC-低活-10118706992345-超级抢购-纸品-无-剪辑-转化引导-纸品-20260702-无-625-aigc-11,10.06,415,156,0.00,0.00,37.59
2026-07-21,13873238176,CH-SC-低活-10118706992345-超级抢购-纸品-无-剪辑-转化引导-纸品-20260710-无-625-aigc-2,9.85,131,33,9.85,1.00,25.19
2026-07-21,13873250654,CH-SC-低活-10217740550325-超级抢购-箱包皮具-无-剪辑-转化引导-箱包皮具-20260713-无-625-aigc-5,9.48,1258,112,0.00,0.00,8.90
2026-07-21,13846294839,CH-SC-低活-10162692688878-超级抢购-家用电器-无-剪辑-转化引导-家用电器-20260708-无-625-aigc-20,9.01,6037,17,0.00,0.00,0.28
2026-07-21,13471069673,CH-SC-广义新-10136363822650-新综合频道-家庭清洁-京喜拉新-剪辑-转化引导-家庭清洁-20260602-反向-625-aigc-5,8.42,318,25,0.00,0.00,7.86
2026-07-21,13799914041,CH-SC-广义新-10118706992345-新综合频道-纸品-京喜拉新-剪辑-转化引导-纸品-20260707-无-625-aigc-1,8.36,1234,40,0.00,0.00,3.24
2026-07-21,13592282839,CH-SC-低活-10156925961082-超级抢购加补-家用电器-无-剪辑-转化引导-家用电器-20260616-无-625-aigc-10,8.32,493,215,0.00,0.00,43.61
2026-07-21,13547619349,CH-SC-低活-10217613031260-好价清单-休闲食品-无-剪辑-转化引导-休闲食品-20260611-无-625-12,8.06,2240,31,0.00,0.00,1.38
2026-07-21,13040038827,荣耀-XN-社交-通用-美女-混剪-纯新AIGC-260410-625-2,7.98,1941,202,1.60,4.99,10.41
2026-07-21,13873272312,CH-SC-低活-10081585918372-超级抢购-纸品-无-剪辑-转化引导-纸品-20260702-无-625-aigc-11,7.77,536,43,0.00,0.00,8.02
2026-07-21,13835201908,CH-SC-广义新-10139440032542-新综合频道-运动户外-京喜拉新-剪辑-转化引导-运动户外-20260708-无-625-aigc-14,7.58,425,11,0.00,0.00,2.59
2026-07-21,13776532381,CH-SC-广义新-10130866966155-新综合频道-服饰内衣-京喜拉新-剪辑-转化引导-服饰内衣-20260702-无-625-aigc-17,7.48,1293,224,0.00,0.00,17.32
2026-07-21,13341768699,CH-SC-广义新-10219841541026-新综合频道-厨具-京喜拉新-剪辑-转化引导-厨具-20260520-反向-625-14,7.18,525,3,0.00,0.00,0.57
2026-07-21,13614624623,CH-SC-广义新-10134479334759-新综合频道-钟表眼镜-京喜拉新-剪辑-转化引导-钟表眼镜-20260618-无-625-aigc-7,6.71,446,15,0.00,0.00,3.36
2026-07-21,13352560095,CH-SC-低活-10081585918372-超级抢购-家庭清洁纸品-无-剪辑-转化引导-家庭清洁纸品-20260521-无-625-36,6.71,6467,42,0.00,0.00,0.65
2026-07-21,13846435762,CH-SC-低活-10220560400432-超级抢购-生活日用-无-剪辑-转化引导-生活日用-20260708-无-625-aigc-18,6.63,689,34,0.00,0.00,4.93
2026-07-21,13799783455,CH-SC-广义新-10155085148227-新综合频道-家用电器-京喜拉新-剪辑-转化引导-家用电器-20260707-反向-625-aigc-17,6.61,5944,9,0.00,0.00,0.15
2026-07-21,13845997471,CH-SC-广义新-10120961944861-新综合频道-运动户外 -京喜拉新-剪辑-转化引导-运动户外 -20260710-无-625-aigc-7,6.56,1826,14,0.00,0.00,0.77
2026-07-21,13722919113,CH-SC-低活-10220560400432-超级抢购加补-生活日用-无-剪辑-转化引导-生活日用-20260629-无-625-aigc-4,6.54,140,4,0.00,0.00,2.86
2026-07-21,13341765349,CH-SC-广义新-10219841541026-新综合频道-厨具-京喜拉新-剪辑-转化引导-厨具-20260520-反向-625-7,6.41,694,25,0.00,0.00,3.60
2026-07-21,13352554865,CH-SC-低活-10081585918372-超级抢购-家庭清洁纸品-无-剪辑-转化引导-家庭清洁纸品-20260521-无-625-14,6.37,156,34,0.00,0.00,21.79
2026-07-21,13836027533,CH-SC-低活-10118706992345-超级抢购-纸品-无-剪辑-转化引导-纸品-20260702-无-625-aigc-9,6.33,405,134,6.33,1.00,33.09
2026-07-21,13719129907,CH-SC-广义新-10130866966155-新综合频道-服饰内衣-京喜拉新-剪辑-转化引导-服饰内衣-20260629-无-625-aigc-10,6.12,1841,154,0.00,0.00,8.37
2026-07-21,13904992394,CH-SC-广义新-10136363822650-新综合频道-家庭清洁-京喜拉新-剪辑-转化引导-家庭清洁-20260717-反向-625-1,6.03,181,52,0.00,0.00,28.73
2026-07-21,13776511664,CH-SC-广义新-10101267118895-新综合频道-厨具-京喜拉新-剪辑-转化引导-厨具-20260702-无-625-aigc-2,6.01,4370,45,0.00,0.00,1.03
2026-07-21,13397056071,CH-SC-广义新-10219841541026-新综合频道-厨具-京喜拉新-剪辑-转化引导-厨具-20260526-反向-625-aigc-9,5.88,320,10,0.00,0.00,3.12
2026-07-21,13873175465,CH-SC-低活-10162692688878-超级抢购-家用电器-无-剪辑-转化引导-家用电器-20260709-无-625-aigc-17,5.77,1655,46,0.00,0.00,2.78
2026-07-21,13873278009,CH-SC-低活-10081585918372-超级抢购-纸品-无-剪辑-转化引导-纸品-20260702-无-625-aigc-16,5.55,465,19,0.00,0.00,4.09
2026-07-21,13835204958,CH-SC-广义新-10139440032542-新综合频道-运动户外-京喜拉新-剪辑-转化引导-运动户外-20260708-无-625-aigc-6,5.52,349,7,0.00,0.00,2.01
2026-07-21,13873186801,CH-SC-低活-10162692688878-超级抢购-家用电器-无-剪辑-转化引导-家用电器-20260709-无-625-aigc-9,5.50,1402,28,5.50,1.00,2.00
2026-07-21,13651875619,CH-SC-广义新-10125368295124-新综合频道-家用电器-京喜拉新-剪辑-转化引导-家用电器-20260623-无-625-4,5.44,1056,11,0.00,0.00,1.04
2026-07-21,13746354558,CH-SC-低活-10112643484929-超级抢购加补-手机通讯-无-剪辑-转化引导-手机通讯-20260630-无-625-2,5.34,406,14,0.00,0.00,3.45
2026-07-21,12838467549,荣耀-XN-小说-通用-动态漫-AIGC-260318-625-1,5.28,376,175,1.76,3.00,46.54
2026-07-21,13684897264,CH-SC-低活-10113209119177-超级抢购-摩托车-无-剪辑-转化引导-摩托车-20260626-无-625-aigc-8,5.27,1834,211,0.00,0.00,11.50
2026-07-21,13662919410,CH-SC-广义新-10130866966155-新综合频道-服饰内衣-京喜拉新-剪辑-转化引导-服饰内衣-20260624-无-625-4,4.98,254,112,0.00,0.00,44.09
2026-07-21,13547605427,CH-SC-低活-10140207411553-超级抢购加补-文教文化用品-无-剪辑-转化引导-文教文化用品-20260611-无-625-4,4.78,146,30,4.78,1.00,20.55
2026-07-21,13904991258,CH-SC-广义新-10136363822650-新综合频道-家庭清洁-京喜拉新-剪辑-转化引导-家庭清洁-20260717-反向-625-3,4.74,230,32,0.00,0.00,13.91
2026-07-21,13486890259,CH-SC-广义新-无-新10元话费券-10元话费券-京喜拉新-剪辑-转化引导-10元话费券-20260605-无-625-11,4.58,230,59,4.58,1.00,25.65
2026-07-21,13873285611,CH-SC-低活-10081585918372-超级抢购-纸品-无-剪辑-转化引导-纸品-20260702-无-625-aigc-24,4.39,398,179,0.00,0.00,44.97
2026-07-21,13873254531,CH-SC-低活-10081585918372-超级抢购-纸品-无-剪辑-转化引导-纸品-20260702-无-625-aigc-29,4.36,21,0,0.00,0.00,0.00
2026-07-21,13799972803,CH-SC-广义新-10139440032542-新综合频道-运动户外-京喜拉新-剪辑-转化引导-运动户外-20260703-无-625-aigc-17,4.35,211,31,0.00,0.00,14.69
2026-07-21,13835192045,CH-SC-广义新-10109170972947-新综合频道-钟表眼镜-京喜拉新-剪辑-转化引导-钟表眼镜-20260708-无-625-aigc-3,4.33,3683,5,0.00,0.00,0.14
2026-07-21,13352555838,CH-SC-低活-10081585918372-超级抢购-家庭清洁纸品-无-剪辑-转化引导-家庭清洁纸品-20260521-无-625-19,4.28,598,23,0.00,0.00,3.85
2026-07-21,13525532527,CH-SC-低活-10156923061370-超级抢购加补-数码-无-剪辑-转化引导-数码-20260609-无-625-19,4.21,193,84,4.21,1.00,43.52
2026-07-21,13835235397,CH-SC-广义新-10211029652151-新综合频道-纸品-京喜拉新-剪辑-转化引导-纸品-20260709-无-625-10,4.18,29,5,0.00,0.00,17.24
2026-07-21,13872650137,CH-SC-广义新-10136363822650 -新综合频道-纸品-京喜拉新-剪辑-转化引导-纸品-20260714-无-625-3,4.12,286,62,0.00,0.00,21.68
2026-07-21,13916303997,CH-SC-低活-10140917922437-超级抢购-家庭清洁-无-剪辑-转化引导-家庭清洁-20260715-无-625-aigc-15,4.07,221,115,0.00,0.00,52.04
2026-07-21,13559886032,CH-SC-广义新-10120132288166-新综合频道-运动户外-京喜拉新-剪辑-转化引导-运动户外-20260612-无-625-9,4.03,958,18,0.00,0.00,1.88
2026-07-21,13662919215,CH-SC-广义新-10130866966155-新综合频道-服饰内衣-京喜拉新-剪辑-转化引导-服饰内衣-20260624-无-625-3,3.90,237,90,0.00,0.00,37.97
2026-07-21,13776523214,CH-SC-广义新-10130866966155-新综合频道-服饰内衣-京喜拉新-剪辑-转化引导-服饰内衣-20260702-无-625-aigc-10,3.78,574,107,0.00,0.00,18.64
2026-07-21,13904991175,CH-SC-广义新-10136363822650-新综合频道-家庭清洁-京喜拉新-剪辑-转化引导-家庭清洁-20260602-反向-625-2,3.69,176,31,0.00,0.00,17.61
2026-07-21,13397056832,CH-SC-广义新-10219841541026-新综合频道-厨具-京喜拉新-剪辑-转化引导-厨具-20260526-反向-625-aigc-8,3.67,283,10,0.00,0.00,3.53
2026-07-21,13836046661,CH-SC-低活-10118706992345-超级抢购-纸品-无-剪辑-转化引导-纸品-20260702-无-625-aigc-7,3.67,123,14,0.00,0.00,11.38
2026-07-21,13873245744,CH-SC-低活-10217740550325-超级抢购-箱包皮具-无-剪辑-转化引导-箱包皮具-20260713-无-625-aigc-8,3.66,92,3,3.66,1.00,3.26
2026-07-21,13836049721,CH-SC-低活-10156776256916-超级抢购-珠宝首饰-无-剪辑-转化引导-珠宝首饰-20260703-无-625-aigc-9,3.61,839,33,0.00,0.00,3.93
2026-07-21,13873225444,CH-SC-低活-10162692688878-超级抢购-家用电器-无-剪辑-转化引导-家用电器-20260710-无-625-aigc-6,3.55,926,41,0.00,0.00,4.43
2026-07-21,13873215737,CH-SC-低活-10113209119177-超级抢购-电动车-无-剪辑-转化引导-电动车-20260709-无-625-8,3.52,185,2,0.00,0.00,1.08
2026-07-21,13731660821,CH-SC-广义新-10103971298079-新综合频道-家具-京喜拉新-剪辑-转化引导-家具-20260630-反向-625-5,3.44,551,29,0.00,0.00,5.26
2026-07-21,13845993499,CH-SC-广义新-10120961944861-新综合频道-运动户外 -京喜拉新-剪辑-转化引导-运动户外 -20260710-无-625-aigc-6,3.35,574,0,0.00,0.00,0.00
2026-07-21,13882948560,CH-SC-低活-10162692688878-超级抢购-家用电器-无-剪辑-转化引导-家用电器-20260714-无-625-aigc-12,3.34,259,6,0.00,0.00,2.32
2026-07-21,13916303191,CH-SC-低活-10140917922437-超级抢购-家庭清洁-无-剪辑-转化引导-家庭清洁-20260715-无-625-aigc-13,3.30,138,60,3.30,1.00,43.48
2026-07-21,13799816684,CH-SC-广义新-10156923061370-新综合频道-数码-京喜拉新-剪辑-转化引导-数码-20260707-无-625-aigc-19,3.16,894,6,0.00,0.00,0.67
2026-07-21,13471071527,CH-SC-广义新-10136363822650-新综合频道-家庭清洁-京喜拉新-剪辑-转化引导-家庭清洁-20260602-反向-625-aigc-2,3.09,583,22,0.00,0.00,3.77
2026-07-21,13846317793,CH-SC-低活-10140917922437-超级抢购-家庭清洁-无-剪辑-转化引导-家庭清洁-20260708-无-625-aigc-17,2.99,433,21,0.00,0.00,4.85
2026-07-21,13776521705,CH-SC-广义新-10130866966155-新综合频道-服饰内衣-京喜拉新-剪辑-转化引导-服饰内衣-20260702-无-625-aigc-9,2.99,505,107,0.00,0.00,21.19
2026-07-21,13731657139,CH-SC-广义新-10103971298079-新综合频道-家具-京喜拉新-剪辑-转化引导-家具-20260630-反向-625-16,2.97,403,28,0.00,0.00,6.95
2026-07-21,13776673362,CH-SC-广义新-10118706992345-新综合频道-纸品-京喜拉新-剪辑-转化引导-纸品-20260702-无-625-aigc-12,2.94,373,28,0.00,0.00,7.51
2026-07-21,13836049057,CH-SC-低活-10156776256916-超级抢购-珠宝首饰-无-剪辑-转化引导-珠宝首饰-20260703-无-625-aigc-10,2.93,559,19,0.00,0.00,3.40
2026-07-21,13846316443,CH-SC-低活-10140917922437-超级抢购-家庭清洁-无-剪辑-转化引导-家庭清洁-20260708-无-625-aigc-16,2.91,363,13,0.00,0.00,3.58
2026-07-21,13873223905,CH-SC-低活-10162692688878-超级抢购-家用电器-无-剪辑-转化引导-家用电器-20260710-无-625-aigc-5,2.89,896,5,0.00,0.00,0.56
2026-07-21,13248259856,荣耀-XN-影音娱乐-通用-风景-混剪-260508-625-15,2.87,23,12,1.44,1.99,52.17
2026-07-21,13836041295,CH-SC-低活-10118706992345-超级抢购-纸品-无-剪辑-转化引导-纸品-20260702-无-625-aigc-12,2.86,294,53,0.00,0.00,18.03
2026-07-21,13873244696,CH-SC-低活-10217740550325-超级抢购-箱包皮具-无-剪辑-转化引导-箱包皮具-20260713-无-625-aigc-7,2.80,111,4,2.80,1.00,3.60
2026-07-21,13916307253,CH-SC-低活-10215767576641-超级抢购-生鲜-无-剪辑-转化引导-生鲜-20260715-无-625-aigc-4,2.78,103,24,0.00,0.00,23.30
2026-07-21,13799775505,CH-SC-广义新-10155085148227-新综合频道-家用电器-京喜拉新-剪辑-转化引导-家用电器-20260707-反向-625-aigc-12,2.76,431,37,0.00,0.00,8.58
2026-07-21,13776519630,CH-SC-广义新-10130866966155-新综合频道-服饰内衣-京喜拉新-剪辑-转化引导-服饰内衣-20260702-无-625-aigc-5,2.73,520,83,0.00,0.00,15.96
2026-07-21,13776524108,CH-SC-广义新-10130866966155-新综合频道-服饰内衣-京喜拉新-剪辑-转化引导-服饰内衣-20260702-无-625-aigc-11,2.71,408,13,0.00,0.00,3.19
2026-07-21,13846385439,CH-SC-低活-10112643484929-超级抢购-手机通讯-无-剪辑-转化引导-手机通讯-20260708-无-625-aigc-14,2.64,91,4,0.00,0.00,4.40
2026-07-21,13873281975,CH-SC-低活-10081585918372-超级抢购-纸品-无-剪辑-转化引导-纸品-20260702-无-625-aigc-21,2.57,435,132,0.00,0.00,30.34
2026-07-21,13846296497,CH-SC-低活-10162692688878-超级抢购-家用电器-无-剪辑-转化引导-家用电器-20260708-无-625-aigc-4,2.54,90,5,0.00,0.00,5.56
2026-07-21,13873173915,CH-SC-低活-10162692688878-超级抢购-家用电器-无-剪辑-转化引导-家用电器-20260709-无-625-aigc-14,2.50,459,5,0.00,0.00,1.09
2026-07-21,13341769458,CH-SC-广义新-10219841541026-新综合频道-厨具-京喜拉新-剪辑-转化引导-厨具-20260520-反向-625-15,2.43,84,4,0.00,0.00,4.76
2026-07-21,13421936745,CH-SC-广义新-10155085148227-新综合频道-家用电器-京喜拉新-剪辑-转化引导-家用电器-20260528-无-625-20,2.36,564,3,0.00,0.00,0.53
2026-07-21,13799741063,CH-SC-广义新-10155085148227-新综合频道-家用电器-京喜拉新-剪辑-转化引导-家用电器-20260706-无-625-aigc-14,2.27,2113,1,0.00,0.00,0.05
2026-07-21,13916302821,CH-SC-低活-10140917922437-超级抢购-家庭清洁-无-剪辑-转化引导-家庭清洁-20260715-无-625-aigc-12,2.26,68,39,0.00,0.00,57.35
2026-07-21,13873257894,CH-SC-低活-10081585918372-超级抢购-纸品-无-剪辑-转化引导-纸品-20260702-无-625-aigc-30,2.23,383,11,0.00,0.00,2.87
2026-07-21,13881548030,CH-SC-广义新-10102020339908 -新综合频道-数码-京喜拉新-剪辑-转化引导-数码-20260715-无-625-5,2.23,301,11,0.00,0.00,3.65
2026-07-21,13873284948,CH-SC-低活-10081585918372-超级抢购-纸品-无-剪辑-转化引导-纸品-20260702-无-625-aigc-25,2.18,202,40,0.00,0.00,19.80
2026-07-21,13836045031,CH-SC-低活-10118706992345-超级抢购-纸品-无-剪辑-转化引导-纸品-20260702-无-625-aigc-3,2.17,27,10,0.00,0.00,37.04
2026-07-21,13581448625,CH-SC-广义新-10130866966155-新综合频道-服饰内衣-京喜拉新-剪辑-转化引导-服饰内衣-20260615-反向-625-aigc-13,2.16,211,37,0.00,0.00,17.54
2026-07-21,13873222336,CH-SC-低活-10162692688878-超级抢购-家用电器-无-剪辑-转化引导-家用电器-20260710-无-625-aigc-3,2.11,470,6,0.00,0.00,1.28
2026-07-21,13873203758,CH-SC-低活-10140917922437-超级抢购-家庭清洁-无-剪辑-转化引导-家庭清洁-20260709-无-625-aigc-12,2.11,260,24,0.00,0.00,9.23
2026-07-21,13603346672,CH-SC-广义新-10166301474829-新综合频道-厨具-京喜拉新-剪辑-转化引导-厨具-20260617-反向-625-aigc-12,2.10,154,38,0.00,0.00,24.68
2026-07-21,13846403714,CH-SC-低活-10081585918372-超级抢购-家庭清洁纸品-无-剪辑-转化引导-家庭清洁纸品-20260708-无-625-aigc-4,2.08,693,13,0.00,0.00,1.88
2026-07-21,13872659378,CH-SC-广义新-10164212627902-新综合频道-五金-京喜拉新-剪辑-转化引导-五金-20260714-无-625-aigc-5,2.08,263,1,0.00,0.00,0.38
2026-07-21,13873223563,CH-SC-低活-10162692688878-超级抢购-家用电器-无-剪辑-转化引导-家用电器-20260710-无-625-aigc-4,2.03,40,26,0.00,0.00,65.00
2026-07-21,13846300315,CH-SC-低活-10162692688878-超级抢购-家用电器-无-剪辑-转化引导-家用电器-20260708-无-625-aigc-15,2.01,93,2,2.01,1.00,2.15
2026-07-21,13873235824,CH-SC-低活-10184888743389-超级抢购-纸品-无-剪辑-转化引导-纸品-20260710-无-625-aigc-3,1.99,37,25,0.00,0.00,67.57
2026-07-21,13581451283,CH-SC-广义新-10130866966155-新综合频道-服饰内衣-京喜拉新-剪辑-转化引导-服饰内衣-20260615-反向-625-aigc-7,1.93,175,51,0.00,0.00,29.14
2026-07-21,13746354197,CH-SC-低活-10112643484929-超级抢购加补-手机通讯-无-剪辑-转化引导-手机通讯-20260630-无-625-12,1.89,200,3,0.00,0.00,1.50
2026-07-21,13881546157,CH-SC-广义新-10102020339908 -新综合频道-数码-京喜拉新-剪辑-转化引导-数码-20260715-无-625-10,1.84,1308,27,0.00,0.00,2.06
2026-07-21,13799802662,CH-SC-广义新-10155085148227-新综合频道-家用电器-京喜拉新-剪辑-转化引导-家用电器-20260707-反向-625-aigc-6,1.73,767,6,0.00,0.00,0.78
2026-07-21,13846398501,CH-SC-低活-10112643484929-超级抢购-手机通讯-无-剪辑-转化引导-手机通讯-20260708-无-625-aigc-3,1.70,214,2,0.00,0.00,0.93
2026-07-21,13846375083,CH-SC-低活-10112643484929-超级抢购-手机通讯-无-剪辑-转化引导-手机通讯-20260708-无-625-aigc-6,1.66,86,3,0.00,0.00,3.49
2026-07-21,13536545427,CH-SC-低活-10219841541026-超级抢购加补-厨具-无-剪辑-转化引导-厨具-20260610-无-625-aigc-4,1.64,20,2,0.00,0.00,10.00
2026-07-21,13592282070,CH-SC-低活-10156925961082-超级抢购加补-家用电器-无-剪辑-转化引导-家用电器-20260616-无-625-aigc-19,1.52,432,97,0.00,0.00,22.45
2026-07-21,13845991997,CH-SC-广义新-10120961944861-新综合频道-运动户外 -京喜拉新-剪辑-转化引导-运动户外 -20260710-无-625-aigc-12,1.50,652,0,0.00,0.00,0.00
2026-07-21,13916308362,CH-SC-低活-10215767576641-超级抢购-生鲜-无-剪辑-转化引导-生鲜-20260715-无-625-aigc-6,1.50,30,12,0.00,0.00,40.00
2026-07-21,13719129557,CH-SC-广义新-10130866966155-新综合频道-服饰内衣-京喜拉新-剪辑-转化引导-服饰内衣-20260629-无-625-aigc-8,1.46,299,40,0.00,0.00,13.38
2026-07-21,13846310030,CH-SC-低活-10140917922437-超级抢购-家庭清洁-无-剪辑-转化引导-家庭清洁-20260708-无-625-aigc-11,1.41,93,28,0.00,0.00,30.11
2026-07-21,13872660124,CH-SC-广义新-10164212627902-新综合频道-五金-京喜拉新-剪辑-转化引导-五金-20260714-无-625-aigc-3,1.40,261,0,0.00,0.00,0.00
2026-07-21,13397044203,CH-SC-广义新-10215767576641-新综合频道-生鲜-京喜拉新-剪辑-转化引导-生鲜-20260526-反向-625-aigc-7,1.39,1041,64,0.00,0.00,6.15
2026-07-21,13486889621,CH-SC-广义新-无-新10元话费券-10元话费券-京喜拉新-剪辑-转化引导-10元话费券-20260605-无-625-12,1.38,90,11,0.00,0.00,12.22
2026-07-21,13799834838,CH-SC-广义新-10156923061370-新综合频道-数码-京喜拉新-剪辑-转化引导-数码-20260707-无-625-aigc-11,1.35,269,1,0.00,0.00,0.37
2026-07-21,13846401745,CH-SC-低活-10081585918372-超级抢购-家庭清洁纸品-无-剪辑-转化引导-家庭清洁纸品-20260708-无-625-aigc-3,1.35,245,10,0.00,0.00,4.08
2026-07-21,13882939747,CH-SC-低活-10162692688878-超级抢购-家用电器-无-剪辑-转化引导-家用电器-20260714-无-625-aigc-8,1.34,130,3,0.00,0.00,2.31
2026-07-21,13846311562,CH-SC-低活-10140917922437-超级抢购-家庭清洁-无-剪辑-转化引导-家庭清洁-20260708-无-625-aigc-12,1.34,118,53,1.34,1.00,44.92
2026-07-21,13872630797,CH-SC-广义新-10155085148227-新综合频道-家用电器-京喜拉新-剪辑-转化引导-家用电器-20260714-无-625-12,1.30,552,1,0.00,0.00,0.18
2026-07-21,13746356251,CH-SC-低活-10112643484929-超级抢购加补-手机通讯-无-剪辑-转化引导-手机通讯-20260630-无-625-4,1.29,364,13,0.00,0.00,3.57
2026-07-21,13872630613,CH-SC-广义新-10155085148227-新综合频道-家用电器-京喜拉新-剪辑-转化引导-家用电器-20260714-无-625-1,1.29,947,2,0.00,0.00,0.21
2026-07-21,13846406325,CH-SC-低活-10081585918372-超级抢购-家庭清洁纸品-无-剪辑-转化引导-家庭清洁纸品-20260708-无-625-aigc-15,1.27,63,0,0.00,0.00,0.00
2026-07-21,13592311755,CH-SC-广义新-10139440032542-新综合频道-运动户外-京喜拉新-剪辑-转化引导-运动户外-20260616-无-625-aigc-17,1.26,540,4,0.00,0.00,0.74
2026-07-21,13581451665,CH-SC-广义新-10130866966155-新综合频道-服饰内衣-京喜拉新-剪辑-转化引导-服饰内衣-20260615-反向-625-aigc-8,1.25,71,35,0.00,0.00,49.30
2026-07-21,13603339171,CH-SC-广义新-10166301474829-新综合频道-厨具-京喜拉新-剪辑-转化引导-厨具-20260617-反向-625-aigc-5,1.21,124,39,0.00,0.00,31.45
2026-07-21,13846291914,CH-SC-低活-10162692688878-超级抢购-家用电器-无-剪辑-转化引导-家用电器-20260708-无-625-aigc-19,1.20,15,0,0.00,0.00,0.00
2026-07-21,13835232126,CH-SC-广义新-10211029652151-新综合频道-纸品-京喜拉新-剪辑-转化引导-纸品-20260709-无-625-3,1.12,27,5,0.00,0.00,18.52
2026-07-21,13872650749,CH-SC-广义新-10136363822650 -新综合频道-纸品-京喜拉新-剪辑-转化引导-纸品-20260714-无-625-6,1.12,172,16,0.00,0.00,9.30
2026-07-21,13836043947,CH-SC-低活-10118706992345-超级抢购-纸品-无-剪辑-转化引导-纸品-20260702-无-625-aigc-4,1.11,28,2,0.00,0.00,7.14
2026-07-21,13836023523,CH-SC-低活-10081585918372-超级抢购-纸品-无-剪辑-转化引导-纸品-20260702-无-625-aigc-6,1.10,146,13,0.00,0.00,8.90
2026-07-21,13873270500,CH-SC-低活-10081585918372-超级抢购-纸品-无-剪辑-转化引导-纸品-20260702-无-625-aigc-9,1.08,87,4,0.00,0.00,4.60
2026-07-21,13873226100,CH-SC-低活-10184888743389-超级抢购-纸品-无-剪辑-转化引导-纸品-20260710-无-625-aigc-5,1.07,27,12,0.00,0.00,44.44
2026-07-21,12954044927,荣耀-XN-小说-通用-滚屏-混剪-纯AIGC-260402-625-9,1.07,158,4,0.00,0.00,2.53
2026-07-21,13746355396,CH-SC-低活-10112643484929-超级抢购加补-手机通讯-无-剪辑-转化引导-手机通讯-20260630-无-625-3,1.07,207,11,0.00,0.00,5.31
2026-07-21,13846397896,CH-SC-低活-10112643484929-超级抢购-手机通讯-无-剪辑-转化引导-手机通讯-20260708-无-625-aigc-1,1.06,100,7,0.00,0.00,7.00
2026-07-21,13799786449,CH-SC-广义新-10155085148227-新综合频道-家用电器-京喜拉新-剪辑-转化引导-家用电器-20260707-反向-625-aigc-20,1.05,833,0,0.00,0.00,0.00
2026-07-21,13872650671,CH-SC-广义新-10136363822650 -新综合频道-纸品-京喜拉新-剪辑-转化引导-纸品-20260714-无-625-5,1.04,153,20,0.00,0.00,13.07
2026-07-21,13860580424,CH-SC-广义新-10215307938752-新综合频道-鞋靴-京喜拉新-剪辑-转化引导-鞋靴-20260713-反向-625-aigc-3,1.02,4,1,0.00,0.00,25.00
2026-07-21,13799804422,CH-SC-广义新-10155085148227-新综合频道-家用电器-京喜拉新-剪辑-转化引导-家用电器-20260707-反向-625-aigc-9,0.99,354,1,0.00,0.00,0.28
2026-07-21,13873266928,CH-SC-低活-10081585918372-超级抢购-纸品-无-剪辑-转化引导-纸品-20260702-无-625-aigc-6,0.99,108,5,0.00,0.00,4.63
2026-07-21,13873241560,CH-SC-低活-10118706992345-超级抢购-纸品-无-剪辑-转化引导-纸品-20260710-无-625-aigc-6,0.97,159,17,0.00,0.00,10.69
2026-07-21,13873240631,CH-SC-低活-10118706992345-超级抢购-纸品-无-剪辑-转化引导-纸品-20260710-无-625-aigc-5,0.96,90,4,0.00,0.00,4.44
2026-07-21,13873275138,CH-SC-低活-10081585918372-超级抢购-纸品-无-剪辑-转化引导-纸品-20260702-无-625-aigc-14,0.96,334,12,0.00,0.00,3.59
2026-07-21,13873268211,CH-SC-低活-10081585918372-超级抢购-纸品-无-剪辑-转化引导-纸品-20260702-无-625-aigc-7,0.95,87,3,0.00,0.00,3.45
2026-07-21,13845986350,CH-SC-广义新-10120961944861-新综合频道-运动户外 -京喜拉新-剪辑-转化引导-运动户外 -20260710-无-625-aigc-8,0.95,517,0,0.00,0.00,0.00
2026-07-21,13603354275,CH-SC-广义新-10166301474829-新综合频道-厨具-京喜拉新-剪辑-转化引导-厨具-20260617-反向-625-aigc-20,0.92,75,21,0.00,0.00,28.00
2026-07-21,13559884894,CH-SC-广义新-10120132288166-新综合频道-运动户外-京喜拉新-剪辑-转化引导-运动户外-20260612-无-625-3,0.90,245,27,0.00,0.00,11.02
2026-07-21,13799792684,CH-SC-广义新-10155085148227-新综合频道-家用电器-京喜拉新-剪辑-转化引导-家用电器-20260707-反向-625-aigc-21,0.89,145,0,0.00,0.00,0.00
2026-07-21,13846417634,CH-SC-低活-10220560400432-超级抢购-生活日用-无-剪辑-转化引导-生活日用-20260708-无-625-aigc-4,0.88,252,18,0.00,0.00,7.14
2026-07-21,13835185806,CH-SC-广义新-10155085148227-新综合频道-家用电器-京喜拉新-剪辑-转化引导-家用电器-20260708-无-625-aigc-610,0.87,126,4,0.00,0.00,3.17
2026-07-21,13746324684,CH-SC-低活-10139440032542-超级抢购5元-运动户外-无-剪辑-转化引导-运动户外-20260630-无-625-aigc-5,0.86,154,3,0.00,0.00,1.95
2026-07-21,12838476710,荣耀-XN-小说-通用-动态漫-AIGC-260318-625-15,0.84,300,3,0.00,0.00,1.00
2026-07-21,13846301649,CH-SC-低活-10162692688878-超级抢购-家用电器-无-剪辑-转化引导-家用电器-20260708-无-625-aigc-16,0.78,35,0,0.00,0.00,0.00
2026-07-21,13799924045,CH-SC-广义新-10158258669630-新综合频道-居家布艺-京喜拉新-剪辑-转化引导-居家布艺-20260706-无-625-aigc-10,0.76,66,28,0.00,0.00,42.42
2026-07-21,13581451478,CH-SC-广义新-10130866966155-新综合频道-服饰内衣-京喜拉新-剪辑-转化引导-服饰内衣-20260615-反向-625-aigc-6,0.76,148,52,0.00,0.00,35.14
2026-07-21,13916308580,CH-SC-低活-10215767576641-超级抢购-生鲜-无-剪辑-转化引导-生鲜-20260715-无-625-aigc-8,0.76,111,51,0.00,0.00,45.95
2026-07-21,13673738697,CH-SC-低活-10166301474829-超级抢购加补-厨具-无-剪辑-转化引导-厨具-20260625-无-625-13,0.75,55,4,0.00,0.00,7.27
2026-07-21,13846011708,CH-SC-广义新-10140917922437-新综合频道-家庭清洁-京喜拉新-剪辑-转化引导-家庭清洁-20260710-无-625-aigc-4,0.75,138,3,0.00,0.00,2.17
2026-07-21,13662920782,CH-SC-广义新-10130866966155-新综合频道-服饰内衣-京喜拉新-剪辑-转化引导-服饰内衣-20260624-无-625-10,0.74,106,21,0.00,0.00,19.81
2026-07-21,13722915237,CH-SC-低活-10156923061370-超级抢购加补-数码-无-剪辑-转化引导-数码-20260629-无-625-aigc-10,0.73,52,13,0.00,0.00,25.00
2026-07-21,13603360081,CH-SC-广义新-10166301474829-新综合频道-厨具-京喜拉新-剪辑-转化引导-厨具-20260617-反向-625-aigc-1,0.72,51,13,0.00,0.00,25.49
2026-07-21,13846312854,CH-SC-低活-10140917922437-超级抢购-家庭清洁-无-剪辑-转化引导-家庭清洁-20260708-无-625-aigc-13,0.71,93,2,0.00,0.00,2.15
2026-07-21,13873255943,CH-SC-低活-10081585918372-超级抢购-纸品-无-剪辑-转化引导-纸品-20260702-无-625-aigc-27,0.71,200,1,0.00,0.00,0.50
2026-07-21,13916301057,CH-SC-低活-10140917922437-超级抢购-家庭清洁-无-剪辑-转化引导-家庭清洁-20260715-无-625-aigc-8,0.71,34,13,0.00,0.00,38.24
2026-07-21,13916299082,CH-SC-低活-10140917922437-超级抢购-家庭清洁-无-剪辑-转化引导-家庭清洁-20260715-无-625-aigc-3,0.70,16,1,0.00,0.00,6.25
2026-07-21,13776526340,CH-SC-广义新-10130866966155-新综合频道-服饰内衣-京喜拉新-剪辑-转化引导-服饰内衣-20260702-无-625-aigc-12,0.70,95,33,0.00,0.00,34.74
2026-07-21,13836021498,CH-SC-低活-10081585918372-超级抢购-纸品-无-剪辑-转化引导-纸品-20260702-无-625-aigc-1,0.68,128,3,0.00,0.00,2.34
2026-07-21,13525507683,CH-SC-广义新-10156923061370-新综合频道-数码-京喜拉新-剪辑-转化引导-数码-20260609-无-625-aigc-10,0.67,18,7,0.00,0.00,38.89
2026-07-21,13096002959,荣耀-XN-社交-通用-美女-混剪-纯新AIGC-260416-625-4,0.67,31,1,0.00,0.00,3.23
2026-07-21,13881544579,CH-SC-广义新-10102020339908 -新综合频道-数码-京喜拉新-剪辑-转化引导-数码-20260715-无-625-7,0.67,169,14,0.00,0.00,8.28
2026-07-21,13846411953,CH-SC-低活-10220560400432-超级抢购-生活日用-无-剪辑-转化引导-生活日用-20260708-无-625-aigc-21,0.65,3,1,0.00,0.00,33.33
2026-07-21,13846303476,CH-SC-低活-10140917922437-超级抢购-家庭清洁-无-剪辑-转化引导-家庭清洁-20260708-无-625-aigc-6,0.65,22,1,0.00,0.00,4.55
2026-07-21,13614673729,CH-SC-低活-10143318867797-超级抢购5元-厨具-无-剪辑-转化引导-厨具-20260618-无-625-aigc-3,0.63,187,1,0.00,0.00,0.53
2026-07-21,13846433997,CH-SC-低活-10220560400432-超级抢购-生活日用-无-剪辑-转化引导-生活日用-20260708-无-625-aigc-16,0.62,51,1,0.00,0.00,1.96
2026-07-21,13835189424,CH-SC-广义新-10109170972947-新综合频道-钟表眼镜-京喜拉新-剪辑-转化引导-钟表眼镜-20260708-无-625-aigc-12,0.61,10,0,0.00,0.00,0.00
2026-07-21,13835232698,CH-SC-广义新-10211029652151-新综合频道-纸品-京喜拉新-剪辑-转化引导-纸品-20260709-无-625-4,0.61,28,8,0.00,0.00,28.57
2026-07-21,13873257564,CH-SC-低活-10081585918372-超级抢购-纸品-无-剪辑-转化引导-纸品-20260702-无-625-aigc-31,0.61,281,4,0.00,0.00,1.42
2026-07-21,13776519951,CH-SC-广义新-10130866966155-新综合频道-服饰内衣-京喜拉新-剪辑-转化引导-服饰内衣-20260702-无-625-aigc-7,0.61,234,21,0.00,0.00,8.97
2026-07-21,13873191576,CH-SC-低活-10140917922437-超级抢购-家庭清洁-无-剪辑-转化引导-家庭清洁-20260709-无-625-aigc-3,0.60,96,4,0.00,0.00,4.17
2026-07-21,13873248988,CH-SC-低活-10217740550325-超级抢购-箱包皮具-无-剪辑-转化引导-箱包皮具-20260713-无-625-aigc-3,0.60,131,5,0.00,0.00,3.82
2026-07-21,13846430246,CH-SC-低活-10220560400432-超级抢购-生活日用-无-剪辑-转化引导-生活日用-20260708-无-625-aigc-12,0.60,118,5,0.00,0.00,4.24
2026-07-21,13836053888,CH-SC-低活-10156776256916-超级抢购-珠宝首饰-无-剪辑-转化引导-珠宝首饰-20260703-无-625-aigc-4,0.60,61,2,0.00,0.00,3.28
2026-07-21,13352554298,CH-SC-低活-10081585918372-超级抢购-家庭清洁纸品-无-剪辑-转化引导-家庭清洁纸品-20260521-无-625-11,0.59,40,0,0.00,0.00,0.00
2026-07-21,13873211899,CH-SC-低活-10113209119177-超级抢购-电动车-无-剪辑-转化引导-电动车-20260709-无-625-4,0.59,41,0,0.00,0.00,0.00
2026-07-21,13836042478,CH-SC-低活-10118706992345-超级抢购-纸品-无-剪辑-转化引导-纸品-20260702-无-625-aigc-2,0.58,52,2,0.00,0.00,3.85
2026-07-21,13722915976,CH-SC-低活-10156923061370-超级抢购加补-数码-无-剪辑-转化引导-数码-20260629-无-625-aigc-4,0.58,3,0,0.00,0.00,0.00
2026-07-21,13846385603,CH-SC-低活-10112643484929-超级抢购-手机通讯-无-剪辑-转化引导-手机通讯-20260708-无-625-aigc-13,0.57,29,1,0.00,0.00,3.45
2026-07-21,13776533495,CH-SC-广义新-10130866966155-新综合频道-服饰内衣-京喜拉新-剪辑-转化引导-服饰内衣-20260702-无-625-aigc-18,0.56,99,1,0.00,0.00,1.01
2026-07-21,13352605791,CH-SC-低活-10155395301306-超级抢购-生活日用-无-剪辑-转化引导-生活日用-20260521-无-625-6,0.56,135,13,0.00,0.00,9.63
2026-07-21,13846396417,CH-SC-低活-10112643484929-超级抢购-手机通讯-无-剪辑-转化引导-手机通讯-20260708-无-625-aigc-21,0.56,71,8,0.00,0.00,11.27
2026-07-21,13860514374,CH-SC-广义新-10211945068200-新综合频道-农资园艺-京喜拉新-剪辑-转化引导-农资园艺-20260713-反向-625-6,0.56,3,1,0.00,0.00,33.33
2026-07-21,13846012852,CH-SC-广义新-10140917922437-新综合频道-家庭清洁-京喜拉新-剪辑-转化引导-家庭清洁-20260710-无-625-aigc-7,0.55,144,5,0.00,0.00,3.47
2026-07-21,13776589156,CH-SC-广义新-10177393646076-新综合频道-灯饰照明-京喜拉新-剪辑-转化引导-灯饰照明-20260702-反向-625-aigc-9,0.54,161,1,0.00,0.00,0.62
2026-07-21,13835233800,CH-SC-广义新-10211029652151-新综合频道-纸品-京喜拉新-剪辑-转化引导-纸品-20260709-无-625-6,0.53,335,1,0.00,0.00,0.30
2026-07-21,13746353346,CH-SC-低活-10112643484929-超级抢购加补-手机通讯-无-剪辑-转化引导-手机通讯-20260630-无-625-10,0.52,6,1,0.00,0.00,16.67
2026-07-21,13873269148,CH-SC-低活-10081585918372-超级抢购-纸品-无-剪辑-转化引导-纸品-20260702-无-625-aigc-8,0.50,48,6,0.00,0.00,12.50
2026-07-21,13746354563,CH-SC-低活-10112643484929-超级抢购加补-手机通讯-无-剪辑-转化引导-手机通讯-20260630-无-625-1,0.50,46,5,0.00,0.00,10.87
2026-07-21,13873261096,CH-SC-低活-10081585918372-超级抢购-纸品-无-剪辑-转化引导-纸品-20260702-无-625-aigc-2,0.50,73,2,0.00,0.00,2.74
2026-07-21,13719130093,CH-SC-广义新-10130866966155-新综合频道-服饰内衣-京喜拉新-剪辑-转化引导-服饰内衣-20260629-无-625-aigc-9,0.48,121,3,0.00,0.00,2.48
2026-07-21,13722926601,CH-SC-低活-10118706992345-超级抢购加补-纸品-无-剪辑-转化引导-纸品-20260629-无-625-aigc-1,0.48,33,14,0.00,0.00,42.42
2026-07-21,12810373226,荣耀-XN-小说-通用-滚屏-混剪-260313-625-18,0.48,52,9,0.00,0.00,17.31
2026-07-21,13836051783,CH-SC-低活-10156776256916-超级抢购-珠宝首饰-无-剪辑-转化引导-珠宝首饰-20260703-无-625-aigc-2,0.47,60,0,0.00,0.00,0.00
2026-07-21,13776598531,CH-SC-广义新-10177393646076-新综合频道-灯饰照明-京喜拉新-剪辑-转化引导-灯饰照明-20260702-反向-625-aigc-13,0.46,35,0,0.00,0.00,0.00
2026-07-21,13873275900,CH-SC-低活-10081585918372-超级抢购-纸品-无-剪辑-转化引导-纸品-20260702-无-625-aigc-15,0.44,61,1,0.00,0.00,1.64
2026-07-21,13846010759,CH-SC-广义新-10140917922437-新综合频道-家庭清洁-京喜拉新-剪辑-转化引导-家庭清洁-20260710-无-625-aigc-2,0.44,144,3,0.00,0.00,2.08
2026-07-21,13835202290,CH-SC-广义新-10139440032542-新综合频道-运动户外-京喜拉新-剪辑-转化引导-运动户外-20260708-无-625-aigc-2,0.43,50,1,0.00,0.00,2.00
2026-07-21,13719127978,CH-SC-广义新-10130866966155-新综合频道-服饰内衣-京喜拉新-剪辑-转化引导-服饰内衣-20260629-无-625-aigc-3,0.42,89,1,0.00,0.00,1.12
2026-07-21,13873198936,CH-SC-低活-10140917922437-超级抢购-家庭清洁-无-剪辑-转化引导-家庭清洁-20260709-无-625-aigc-9,0.42,13,2,0.00,0.00,15.38
2026-07-21,13846409286,CH-SC-低活-10220560400432-超级抢购-生活日用-无-剪辑-转化引导-生活日用-20260708-无-625-aigc-19,0.42,50,5,0.00,0.00,10.00
2026-07-21,13835234463,CH-SC-广义新-10211029652151-新综合频道-纸品-京喜拉新-剪辑-转化引导-纸品-20260709-无-625-8,0.42,2,1,0.00,0.00,50.00
2026-07-21,13846435400,CH-SC-低活-10220560400432-超级抢购-生活日用-无-剪辑-转化引导-生活日用-20260708-无-625-aigc-17,0.41,53,10,0.00,0.00,18.87
2026-07-21,13722920074,CH-SC-低活-10220560400432-超级抢购加补-生活日用-无-剪辑-转化引导-生活日用-20260629-无-625-aigc-8,0.41,15,2,0.00,0.00,13.33
2026-07-21,13873271713,CH-SC-低活-10081585918372-超级抢购-纸品-无-剪辑-转化引导-纸品-20260702-无-625-aigc-10,0.40,11,1,0.00,0.00,9.09
2026-07-21,13860584358,CH-SC-广义新-10215307938752-新综合频道-鞋靴-京喜拉新-剪辑-转化引导-鞋靴-20260713-反向-625-aigc-6,0.40,4,0,0.00,0.00,0.00
2026-07-21,13873247401,CH-SC-低活-10217740550325-超级抢购-箱包皮具-无-剪辑-转化引导-箱包皮具-20260713-无-625-aigc-1,0.40,38,20,0.00,0.00,52.63
2026-07-21,13882935732,CH-SC-低活-10162692688878-超级抢购-家用电器-无-剪辑-转化引导-家用电器-20260714-无-625-aigc-4,0.39,21,0,0.00,0.00,0.00
2026-07-21,13776636016,CH-SC-广义新-10177393646076-新综合频道-灯饰照明-京喜拉新-剪辑-转化引导-灯饰照明-20260702-反向-625-aigc-2,0.39,22,1,0.00,0.00,4.55
2026-07-21,13746347679,CH-SC-低活-10219841541026-超级抢购加补-厨具-无-剪辑-转化引导-厨具-20260630-无-625-aigc-8,0.38,170,4,0.00,0.00,2.35
2026-07-21,13799952134,CH-SC-广义新-10139440032542-新综合频道-运动户外-京喜拉新-剪辑-转化引导-运动户外-20260703-无-625-aigc-6,0.38,111,1,0.00,0.00,0.90
2026-07-21,13846398992,CH-SC-低活-10081585918372-超级抢购-家庭清洁纸品-无-剪辑-转化引导-家庭清洁纸品-20260708-无-625-aigc-19,0.37,29,6,0.00,0.00,20.69
2026-07-21,13916306204,CH-SC-低活-10215767576641-超级抢购-生鲜-无-剪辑-转化引导-生鲜-20260715-无-625-aigc-5,0.37,8,3,0.00,0.00,37.50
2026-07-21,13873207645,CH-SC-低活-10113209119177-超级抢购-电动车-无-剪辑-转化引导-电动车-20260709-无-625-1,0.35,190,1,0.00,0.00,0.53
2026-07-21,13873274874,CH-SC-低活-10081585918372-超级抢购-纸品-无-剪辑-转化引导-纸品-20260702-无-625-aigc-13,0.33,43,2,0.00,0.00,4.65
2026-07-21,13846409972,CH-SC-低活-10220560400432-超级抢购-生活日用-无-剪辑-转化引导-生活日用-20260708-无-625-aigc-20,0.33,69,22,0.00,0.00,31.88
2026-07-21,13846381296,CH-SC-低活-10112643484929-超级抢购-手机通讯-无-剪辑-转化引导-手机通讯-20260708-无-625-aigc-11,0.32,198,2,0.00,0.00,1.01
2026-07-21,13846293812,CH-SC-低活-10162692688878-超级抢购-家用电器-无-剪辑-转化引导-家用电器-20260708-无-625-aigc-1,0.31,73,35,0.00,0.00,47.95
2026-07-21,13916311543,CH-SC-低活-10215767576641-超级抢购-生鲜-无-剪辑-转化引导-生鲜-20260715-无-625-aigc-2,0.31,18,0,0.00,0.00,0.00
2026-07-21,13836032425,CH-SC-低活-10223482211866-超级抢购-生活日用-无-剪辑-转化引导-生活日用-20260703-无-625-14,0.31,100,3,0.00,0.00,3.00
2026-07-21,13860520202,CH-SC-广义新-10211945068200-新综合频道-农资园艺-京喜拉新-剪辑-转化引导-农资园艺-20260713-反向-625-9,0.31,3,0,0.00,0.00,0.00
2026-07-21,13592282061,CH-SC-低活-10156925961082-超级抢购加补-家用电器-无-剪辑-转化引导-家用电器-20260616-无-625-aigc-2,0.31,96,16,0.00,0.00,16.67
2026-07-21,13846337923,CH-SC-低活-10113209119177-超级抢购-电动车-无-剪辑-转化引导-电动车-20260708-无-625-5,0.30,27,1,0.00,0.00,3.70
2026-07-21,13836048947,CH-SC-低活-10156776256916-超级抢购-珠宝首饰-无-剪辑-转化引导-珠宝首饰-20260703-无-625-aigc-7,0.30,95,2,0.00,0.00,2.11
2026-07-21,13860519846,CH-SC-广义新-10211945068200-新综合频道-农资园艺-京喜拉新-剪辑-转化引导-农资园艺-20260713-反向-625-10,0.28,31,2,0.00,0.00,6.45
2026-07-21,13846314592,CH-SC-低活-10140917922437-超级抢购-家庭清洁-无-剪辑-转化引导-家庭清洁-20260708-无-625-aigc-15,0.27,13,0,0.00,0.00,0.00
2026-07-21,13873249245,CH-SC-低活-10217740550325-超级抢购-箱包皮具-无-剪辑-转化引导-箱包皮具-20260713-无-625-aigc-4,0.27,10,0,0.00,0.00,0.00
2026-07-21,13471071598,CH-SC-广义新-10136363822650-新综合频道-家庭清洁-京喜拉新-剪辑-转化引导-家庭清洁-20260602-反向-625-aigc-1,0.27,86,1,0.00,0.00,1.16
2026-07-21,13719129393,CH-SC-广义新-10130866966155-新综合频道-服饰内衣-京喜拉新-剪辑-转化引导-服饰内衣-20260629-无-625-aigc-7,0.26,53,46,0.00,0.00,86.79
2026-07-21,13799797654,CH-SC-广义新-10155085148227-新综合频道-家用电器-京喜拉新-剪辑-转化引导-家用电器-20260707-反向-625-aigc-3,0.25,45,0,0.00,0.00,0.00
2026-07-21,13179806001,荣耀-XN-影音娱乐-通用-萌宠视频-混剪-260429-625-11,0.25,23,6,0.25,1.00,26.09
2026-07-21,13799781871,CH-SC-广义新-10155085148227-新综合频道-家用电器-京喜拉新-剪辑-转化引导-家用电器-20260707-反向-625-aigc-15,0.25,143,1,0.00,0.00,0.70
2026-07-21,13776599474,CH-SC-广义新-10177393646076-新综合频道-灯饰照明-京喜拉新-剪辑-转化引导-灯饰照明-20260702-反向-625-aigc-14,0.25,19,2,0.00,0.00,10.53
2026-07-21,13846306405,CH-SC-低活-10140917922437-超级抢购-家庭清洁-无-剪辑-转化引导-家庭清洁-20260708-无-625-aigc-8,0.24,4,0,0.00,0.00,0.00
2026-07-21,13603353487,CH-SC-广义新-10166301474829-新综合频道-厨具-京喜拉新-剪辑-转化引导-厨具-20260617-反向-625-aigc-19,0.24,20,4,0.00,0.00,20.00
2026-07-21,13873264538,CH-SC-低活-10081585918372-超级抢购-纸品-无-剪辑-转化引导-纸品-20260702-无-625-aigc-5,0.24,51,1,0.00,0.00,1.96
2026-07-21,13486882714,CH-SC-广义新-无-新10元话费券-10元话费券-京喜拉新-剪辑-转化引导-10元话费券-20260605-无-625-25,0.23,41,4,0.00,0.00,9.76
2026-07-21,13845990761,CH-SC-广义新-10120961944861-新综合频道-运动户外 -京喜拉新-剪辑-转化引导-运动户外 -20260710-无-625-aigc-2,0.23,129,0,0.00,0.00,0.00
2026-07-21,13873175081,CH-SC-低活-10162692688878-超级抢购-家用电器-无-剪辑-转化引导-家用电器-20260709-无-625-aigc-16,0.23,38,5,0.00,0.00,13.16
2026-07-21,13835190847,CH-SC-广义新-10109170972947-新综合频道-钟表眼镜-京喜拉新-剪辑-转化引导-钟表眼镜-20260708-无-625-aigc-15,0.23,18,0,0.00,0.00,0.00
2026-07-21,13846319941,CH-SC-低活-10140917922437-超级抢购-家庭清洁-无-剪辑-转化引导-家庭清洁-20260708-无-625-aigc-2,0.23,2,0,0.00,0.00,0.00
2026-07-21,13722916475,CH-SC-低活-10156923061370-超级抢购加补-数码-无-剪辑-转化引导-数码-20260629-无-625-aigc-8,0.22,56,17,0.00,0.00,30.36
2026-07-21,13684856672,CH-SC-广义新-无-新10元话费券-10元话费券-京喜拉新-剪辑-转化引导-10元话费券-20260626-无-625-1,0.22,14,0,0.00,0.00,0.00
2026-07-21,13352555069,CH-SC-低活-10081585918372-超级抢购-家庭清洁纸品-无-剪辑-转化引导-家庭清洁纸品-20260521-无-625-15,0.21,38,2,0.00,0.00,5.26
2026-07-21,13547606643,CH-SC-低活-10140207411553-超级抢购加补-文教文化用品-无-剪辑-转化引导-文教文化用品-20260611-无-625-8,0.20,50,0,0.00,0.00,0.00
2026-07-21,13722915633,CH-SC-低活-10156923061370-超级抢购加补-数码-无-剪辑-转化引导-数码-20260629-无-625-aigc-1,0.20,18,0,0.00,0.00,0.00
2026-07-21,13860509986,CH-SC-广义新-10211945068200-新综合频道-农资园艺-京喜拉新-剪辑-转化引导-农资园艺-20260713-反向-625-1,0.20,61,3,0.00,0.00,4.92
2026-07-21,13799792096,CH-SC-广义新-10155085148227-新综合频道-家用电器-京喜拉新-剪辑-转化引导-家用电器-20260707-反向-625-aigc-1,0.20,35,1,0.00,0.00,2.86
2026-07-21,13873191026,CH-SC-低活-10140917922437-超级抢购-家庭清洁-无-剪辑-转化引导-家庭清洁-20260709-无-625-aigc-2,0.19,16,9,0.00,0.00,56.25
2026-07-21,13471070253,CH-SC-广义新-10136363822650-新综合频道-家庭清洁-京喜拉新-剪辑-转化引导-家庭清洁-20260602-反向-625-aigc-6,0.19,17,0,0.00,0.00,0.00
2026-07-21,13882950037,CH-SC-低活-10162692688878-超级抢购-家用电器-无-剪辑-转化引导-家用电器-20260714-无-625-aigc-15,0.19,15,4,0.00,0.00,26.67
2026-07-21,13746320869,CH-SC-低活-10139440032542-超级抢购5元-运动户外-无-剪辑-转化引导-运动户外-20260630-无-625-aigc-2,0.19,16,0,0.00,0.00,0.00
2026-07-21,13881544705,CH-SC-广义新-10102020339908 -新综合频道-数码-京喜拉新-剪辑-转化引导-数码-20260715-无-625-8,0.19,110,4,0.00,0.00,3.64
2026-07-21,13860515886,CH-SC-广义新-10211945068200-新综合频道-农资园艺-京喜拉新-剪辑-转化引导-农资园艺-20260713-反向-625-7,0.19,52,0,0.00,0.00,0.00
2026-07-21,13846427213,CH-SC-低活-10220560400432-超级抢购-生活日用-无-剪辑-转化引导-生活日用-20260708-无-625-aigc-10,0.18,34,9,0.00,0.00,26.47
2026-07-21,13881545653,CH-SC-广义新-10102020339908 -新综合频道-数码-京喜拉新-剪辑-转化引导-数码-20260715-无-625-1,0.18,35,0,0.00,0.00,0.00
2026-07-21,13731661880,CH-SC-广义新-10103971298079-新综合频道-家具-京喜拉新-剪辑-转化引导-家具-20260630-反向-625-8,0.18,11,0,0.00,0.00,0.00
2026-07-21,12810379906,荣耀-XN-小说-通用-滚屏-混剪-260313-625-25,0.18,2,0,0.00,0.00,0.00
2026-07-21,13846015115,CH-SC-广义新-10140917922437-新综合频道-家庭清洁-京喜拉新-剪辑-转化引导-家庭清洁-20260710-无-625-aigc-11,0.18,36,1,0.00,0.00,2.78
2026-07-21,13651882417,CH-SC-低活-10081585918372-超级抢购-家庭清洁纸品-无-剪辑-转化引导-家庭清洁纸品-20260623-无-625-aigc-4,0.18,29,0,0.00,0.00,0.00
2026-07-21,13872634739,CH-SC-广义新-10155085148227-新综合频道-家用电器-京喜拉新-剪辑-转化引导-家用电器-20260714-无-625-9,0.18,13,0,0.00,0.00,0.00
2026-07-21,13873263238,CH-SC-低活-10081585918372-超级抢购-纸品-无-剪辑-转化引导-纸品-20260702-无-625-aigc-3,0.18,19,2,0.00,0.00,10.53
2026-07-21,13904992036,CH-SC-广义新-10136363822650-新综合频道-家庭清洁-京喜拉新-剪辑-转化引导-家庭清洁-20260717-反向-625-6,0.18,274,16,0.00,0.00,5.84
2026-07-21,13873197666,CH-SC-低活-10140917922437-超级抢购-家庭清洁-无-剪辑-转化引导-家庭清洁-20260709-无-625-aigc-7,0.18,1,0,0.00,0.00,0.00
2026-07-21,13662879534,CH-SC-低活-10134479334759-超级抢购通用-钟表眼镜-无-剪辑-转化引导-钟表眼镜-20260624-无-625-AIGC-7,0.18,19,0,0.00,0.00,0.00
2026-07-21,13592318035,CH-SC-广义新-10146456039187-新综合频道-纸品-京喜拉新-剪辑-转化引导-纸品-20260616-反向-625-aigc-15,0.17,69,1,0.00,0.00,1.45
2026-07-21,13846322912,CH-SC-低活-10140917922437-超级抢购-家庭清洁-无-剪辑-转化引导-家庭清洁-20260708-无-625-aigc-5,0.17,73,0,0.00,0.00,0.00
2026-07-21,13872651762,CH-SC-广义新-10136363822650 -新综合频道-纸品-京喜拉新-剪辑-转化引导-纸品-20260714-无-625-8,0.16,30,0,0.00,0.00,0.00
2026-07-21,13872664767,CH-SC-广义新-10164212627902-新综合频道-五金-京喜拉新-剪辑-转化引导-五金-20260714-无-625-aigc-12,0.16,156,0,0.00,0.00,0.00
2026-07-21,13882944289,CH-SC-低活-10162692688878-超级抢购-家用电器-无-剪辑-转化引导-家用电器-20260714-无-625-aigc-11,0.16,11,0,0.00,0.00,0.00
2026-07-21,13846009424,CH-SC-广义新-10140917922437-新综合频道-家庭清洁-京喜拉新-剪辑-转化引导-家庭清洁-20260710-无-625-aigc-12,0.16,41,0,0.00,0.00,0.00
2026-07-21,13746357541,CH-SC-低活-10112643484929-超级抢购加补-手机通讯-无-剪辑-转化引导-手机通讯-20260630-无-625-7,0.16,1,1,0.00,0.00,100.00
2026-07-21,13581450030,CH-SC-广义新-10130866966155-新综合频道-服饰内衣-京喜拉新-剪辑-转化引导-服饰内衣-20260615-反向-625-aigc-1,0.16,8,3,0.00,0.00,37.50
2026-07-21,13799819999,CH-SC-广义新-10156923061370-新综合频道-数码-京喜拉新-剪辑-转化引导-数码-20260707-无-625-aigc-2,0.16,39,0,0.00,0.00,0.00
2026-07-21,13873213514,CH-SC-低活-10113209119177-超级抢购-电动车-无-剪辑-转化引导-电动车-20260709-无-625-6,0.16,22,0,0.00,0.00,0.00
2026-07-21,13835199939,CH-SC-广义新-10139440032542-新综合频道-运动户外-京喜拉新-剪辑-转化引导-运动户外-20260708-无-625-aigc-11,0.16,21,1,0.00,0.00,4.76
2026-07-21,13882951085,CH-SC-低活-10162692688878-超级抢购-家用电器-无-剪辑-转化引导-家用电器-20260714-无-625-aigc-16,0.15,14,0,0.00,0.00,0.00
2026-07-21,13881547607,CH-SC-广义新-10102020339908 -新综合频道-数码-京喜拉新-剪辑-转化引导-数码-20260715-无-625-4,0.15,32,4,0.00,0.00,12.50
2026-07-21,13799788126,CH-SC-广义新-10155085148227-新综合频道-家用电器-京喜拉新-剪辑-转化引导-家用电器-20260707-反向-625-aigc-19,0.15,30,2,0.00,0.00,6.67
2026-07-21,13799812071,CH-SC-广义新-10156923061370-新综合频道-数码-京喜拉新-剪辑-转化引导-数码-20260707-无-625-aigc-14,0.15,139,0,0.00,0.00,0.00
2026-07-21,13873195263,CH-SC-低活-10140917922437-超级抢购-家庭清洁-无-剪辑-转化引导-家庭清洁-20260709-无-625-aigc-6,0.15,1,1,0.00,0.00,100.00
2026-07-21,13846400344,CH-SC-低活-10081585918372-超级抢购-家庭清洁纸品-无-剪辑-转化引导-家庭清洁纸品-20260708-无-625-aigc-1,0.15,82,1,0.00,0.00,1.22
2026-07-21,13471029901,CH-SC-低活-10219841541026-超级抢购加补-厨具-无-剪辑-转化引导-厨具-20260602-无-625-3,0.15,54,1,0.00,0.00,1.85
2026-07-21,13881544188,CH-SC-广义新-10102020339908 -新综合频道-数码-京喜拉新-剪辑-转化引导-数码-20260715-无-625-6,0.14,125,1,0.00,0.00,0.80
2026-07-21,13873246008,CH-SC-低活-10217740550325-超级抢购-箱包皮具-无-剪辑-转化引导-箱包皮具-20260713-无-625-aigc-9,0.14,4,0,0.00,0.00,0.00
2026-07-21,13916106597,CH-SC-广义新-10155000015319-新综合频道-厨具-京喜拉新-剪辑-转化引导-厨具-20260716-无-625-aigc-11,0.14,14,0,0.00,0.00,0.00
2026-07-21,13846392308,CH-SC-低活-10112643484929-超级抢购-手机通讯-无-剪辑-转化引导-手机通讯-20260708-无-625-aigc-18,0.14,31,5,0.00,0.00,16.13
2026-07-21,13799774961,CH-SC-广义新-10155085148227-新综合频道-家用电器-京喜拉新-剪辑-转化引导-家用电器-20260707-反向-625-aigc-11,0.14,26,0,0.00,0.00,0.00
2026-07-21,13846338047,CH-SC-低活-10113209119177-超级抢购-电动车-无-剪辑-转化引导-电动车-20260708-无-625-7,0.14,5,0,0.00,0.00,0.00
2026-07-21,13835233926,CH-SC-广义新-10211029652151-新综合频道-纸品-京喜拉新-剪辑-转化引导-纸品-20260709-无-625-7,0.14,2,1,0.00,0.00,50.00
2026-07-21,13352562493,CH-SC-低活-10081585918372-超级抢购-家庭清洁纸品-无-剪辑-转化引导-家庭清洁纸品-20260521-无-625-10,0.13,45,2,0.00,0.00,4.44
2026-07-21,13873254200,CH-SC-低活-10081585918372-超级抢购-纸品-无-剪辑-转化引导-纸品-20260702-无-625-aigc-28,0.13,12,2,0.00,0.00,16.67
2026-07-21,13846406613,CH-SC-低活-10081585918372-超级抢购-家庭清洁纸品-无-剪辑-转化引导-家庭清洁纸品-20260708-无-625-aigc-16,0.13,32,0,0.00,0.00,0.00
2026-07-21,13799958362,CH-SC-广义新-10139440032542-新综合频道-运动户外-京喜拉新-剪辑-转化引导-运动户外-20260703-无-625-aigc-9,0.13,6,0,0.00,0.00,0.00
2026-07-21,13836018437,CH-SC-低活-10081585918372-超级抢购-纸品-无-剪辑-转化引导-纸品-20260702-无-625-aigc-7,0.12,2,1,0.00,0.00,50.00
2026-07-21,13799793362,CH-SC-广义新-10155085148227-新综合频道-家用电器-京喜拉新-剪辑-转化引导-家用电器-20260707-反向-625-aigc-2,0.12,73,0,0.00,0.00,0.00
2026-07-21,13846298061,CH-SC-低活-10162692688878-超级抢购-家用电器-无-剪辑-转化引导-家用电器-20260708-无-625-aigc-6,0.12,9,0,0.00,0.00,0.00
2026-07-21,13581450358,CH-SC-广义新-10130866966155-新综合频道-服饰内衣-京喜拉新-剪辑-转化引导-服饰内衣-20260615-反向-625-aigc-4,0.12,15,2,0.00,0.00,13.33
2026-07-21,13873242126,CH-SC-低活-10118706992345-超级抢购-纸品-无-剪辑-转化引导-纸品-20260710-无-625-aigc-7,0.12,29,7,0.00,0.00,24.14
2026-07-21,13614673056,CH-SC-低活-10143318867797-超级抢购5元-厨具-无-剪辑-转化引导-厨具-20260618-无-625-aigc-2,0.11,51,1,0.00,0.00,1.96
2026-07-21,13559885026,CH-SC-广义新-10120132288166-新综合频道-运动户外-京喜拉新-剪辑-转化引导-运动户外-20260612-无-625-5,0.11,24,0,0.00,0.00,0.00
2026-07-21,13916301575,CH-SC-低活-10140917922437-超级抢购-家庭清洁-无-剪辑-转化引导-家庭清洁-20260715-无-625-aigc-9,0.11,2,1,0.00,0.00,50.00
2026-07-21,13846431605,CH-SC-低活-10220560400432-超级抢购-生活日用-无-剪辑-转化引导-生活日用-20260708-无-625-aigc-14,0.11,24,3,0.00,0.00,12.50
2026-07-21,13603353242,CH-SC-广义新-10166301474829-新综合频道-厨具-京喜拉新-剪辑-转化引导-厨具-20260617-反向-625-aigc-21,0.11,55,1,0.00,0.00,1.82
2026-07-21,13882952480,CH-SC-低活-10162692688878-超级抢购-家用电器-无-剪辑-转化引导-家用电器-20260714-无-625-aigc-17,0.11,11,0,0.00,0.00,0.00
2026-07-21,13662919828,CH-SC-广义新-10130866966155-新综合频道-服饰内衣-京喜拉新-剪辑-转化引导-服饰内衣-20260624-无-625-5,0.11,31,1,0.00,0.00,3.23
2026-07-21,13846306026,CH-SC-低活-10140917922437-超级抢购-家庭清洁-无-剪辑-转化引导-家庭清洁-20260708-无-625-aigc-7,0.11,8,4,0.00,0.00,50.00
2026-07-21,13846400862,CH-SC-低活-10081585918372-超级抢购-家庭清洁纸品-无-剪辑-转化引导-家庭清洁纸品-20260708-无-625-aigc-2,0.10,20,0,0.00,0.00,0.00
2026-07-21,13873265327,CH-SC-低活-10081585918372-超级抢购-纸品-无-剪辑-转化引导-纸品-20260702-无-625-aigc-4,0.10,49,3,0.00,0.00,6.12
2026-07-21,13799775352,CH-SC-广义新-10155085148227-新综合频道-家用电器-京喜拉新-剪辑-转化引导-家用电器-20260707-反向-625-aigc-13,0.10,15,0,0.00,0.00,0.00
2026-07-21,13846014179,CH-SC-广义新-10140917922437-新综合频道-家庭清洁-京喜拉新-剪辑-转化引导-家庭清洁-20260710-无-625-aigc-10,0.10,74,1,0.00,0.00,1.35
2026-07-21,13916094215,CH-SC-广义新-10147832788047-新综合频道-工业品-京喜拉新-剪辑-转化引导-工业品-20260716-反向-625-4,0.10,20,0,0.00,0.00,0.00
2026-07-21,13835199930,CH-SC-广义新-10139440032542-新综合频道-运动户外-京喜拉新-剪辑-转化引导-运动户外-20260708-无-625-aigc-13,0.10,6,2,0.00,0.00,33.33
2026-07-21,13846306131,CH-SC-低活-10140917922437-超级抢购-家庭清洁-无-剪辑-转化引导-家庭清洁-20260708-无-625-aigc-9,0.10,7,4,0.00,0.00,57.14
2026-07-21,13916302351,CH-SC-低活-10140917922437-超级抢购-家庭清洁-无-剪辑-转化引导-家庭清洁-20260715-无-625-aigc-11,0.10,16,2,0.00,0.00,12.50
2026-07-21,13614680716,CH-SC-低活-10143318867797-超级抢购5元-厨具-无-剪辑-转化引导-厨具-20260618-无-625-aigc-1,0.10,43,1,0.00,0.00,2.33
2026-07-21,13882960579,CH-SC-低活-10093106199290-超级抢购-纸品-无-剪辑-转化引导-纸品-20260714-无-625-8,0.10,3,1,0.00,0.00,33.33
2026-07-21,13836038216,CH-SC-低活-10223482211866-超级抢购-生活日用-无-剪辑-转化引导-生活日用-20260703-无-625-7,0.09,8,2,0.00,0.00,25.00
2026-07-21,13799802478,CH-SC-广义新-10155085148227-新综合频道-家用电器-京喜拉新-剪辑-转化引导-家用电器-20260707-反向-625-aigc-8,0.09,10,0,0.00,0.00,0.00
2026-07-21,13916111070,CH-SC-广义新-10155000015319-新综合频道-厨具-京喜拉新-剪辑-转化引导-厨具-20260716-无-625-aigc-4,0.09,8,0,0.00,0.00,0.00
2026-07-21,13492180108,CH-SC-低活-10215767576641-超级抢购5元-生鲜-无-剪辑-转化引导-生鲜-20260605-无-625-23,0.09,40,1,0.00,0.00,2.50
2026-07-21,13845974179,CH-SC-广义新-10156923061370-新综合频道-数码-京喜拉新-剪辑-转化引导-数码-20260710-无-625-10,0.09,10,0,0.00,0.00,0.00
2026-07-21,13651812729,CH-SC-低活-10081585918372-超级抢购-家庭清洁纸品-无-剪辑-转化引导-家庭清洁纸品-20260623-无-625-aigc-12,0.09,5,1,0.00,0.00,20.00
2026-07-21,13836029597,CH-SC-低活-10223482211866-超级抢购-生活日用-无-剪辑-转化引导-生活日用-20260703-无-625-9,0.09,11,2,0.00,0.00,18.18
2026-07-21,13916108983,CH-SC-广义新-10155000015319-新综合频道-厨具-京喜拉新-剪辑-转化引导-厨具-20260716-无-625-aigc-10,0.09,39,1,0.00,0.00,2.56
2026-07-21,13662879438,CH-SC-低活-10134479334759-超级抢购通用-钟表眼镜-无-剪辑-转化引导-钟表眼镜-20260624-无-625-AIGC-6,0.09,25,2,0.00,0.00,8.00
2026-07-21,13835229660,CH-SC-广义新-10211029652151-新综合频道-纸品-京喜拉新-剪辑-转化引导-纸品-20260709-无-625-13,0.09,9,1,0.00,0.00,11.11
2026-07-21,13471069395,CH-SC-广义新-10136363822650-新综合频道-家庭清洁-京喜拉新-剪辑-转化引导-家庭清洁-20260602-反向-625-aigc-4,0.08,20,2,0.00,0.00,10.00
2026-07-21,13846312909,CH-SC-低活-10140917922437-超级抢购-家庭清洁-无-剪辑-转化引导-家庭清洁-20260708-无-625-aigc-14,0.08,11,0,0.00,0.00,0.00
2026-07-21,13846404142,CH-SC-低活-10081585918372-超级抢购-家庭清洁纸品-无-剪辑-转化引导-家庭清洁纸品-20260708-无-625-aigc-13,0.08,31,0,0.00,0.00,0.00
2026-07-21,13835184888,CH-SC-广义新-10155085148227-新综合频道-家用电器-京喜拉新-剪辑-转化引导-家用电器-20260708-无-625-aigc-68,0.08,23,0,0.00,0.00,0.00
2026-07-21,13341767596,CH-SC-广义新-10219841541026-新综合频道-厨具-京喜拉新-剪辑-转化引导-厨具-20260520-反向-625-11,0.08,28,0,0.00,0.00,0.00
2026-07-21,13872633011,CH-SC-广义新-10155085148227-新综合频道-家用电器-京喜拉新-剪辑-转化引导-家用电器-20260714-无-625-11,0.08,71,0,0.00,0.00,0.00
2026-07-21,13845988965,CH-SC-广义新-10120961944861-新综合频道-运动户外 -京喜拉新-剪辑-转化引导-运动户外 -20260710-无-625-aigc-11,0.08,46,0,0.00,0.00,0.00
2026-07-21,13603387974,CH-SC-低活-10217740550325-超级抢购加补-箱包皮具-无-剪辑-转化引导-箱包皮具-20260617-无-625-aigc-10,0.08,10,0,0.00,0.00,0.00
2026-07-21,13835193701,CH-SC-广义新-10109170972947-新综合频道-钟表眼镜-京喜拉新-剪辑-转化引导-钟表眼镜-20260708-无-625-aigc-6,0.08,7,0,0.00,0.00,0.00
2026-07-21,13731659463,CH-SC-广义新-10103971298079-新综合频道-家具-京喜拉新-剪辑-转化引导-家具-20260630-反向-625-1,0.07,5,1,0.00,0.00,20.00
2026-07-21,13836035226,CH-SC-低活-10223482211866-超级抢购-生活日用-无-剪辑-转化引导-生活日用-20260703-无-625-2,0.07,12,1,0.00,0.00,8.33
2026-07-21,13421928684,CH-SC-广义新-10155085148227-新综合频道-家用电器-京喜拉新-剪辑-转化引导-家用电器-20260528-无-625-7,0.07,18,0,0.00,0.00,0.00
2026-07-21,13916302041,CH-SC-低活-10140917922437-超级抢购-家庭清洁-无-剪辑-转化引导-家庭清洁-20260715-无-625-aigc-10,0.07,6,3,0.00,0.00,50.00
2026-07-21,13559885872,CH-SC-广义新-10120132288166-新综合频道-运动户外-京喜拉新-剪辑-转化引导-运动户外-20260612-无-625-8,0.07,12,0,0.00,0.00,0.00
2026-07-21,13662880493,CH-SC-低活-10134479334759-超级抢购通用-钟表眼镜-无-剪辑-转化引导-钟表眼镜-20260624-无-625-AIGC-14,0.07,2,0,0.00,0.00,0.00
2026-07-21,13651815762,CH-SC-低活-10081585918372-超级抢购-家庭清洁纸品-无-剪辑-转化引导-家庭清洁纸品-20260623-无-625-aigc-17,0.07,14,4,0.00,0.00,28.57
2026-07-21,13799831594,CH-SC-广义新-10156923061370-新综合频道-数码-京喜拉新-剪辑-转化引导-数码-20260707-无-625-aigc-9,0.07,65,0,0.00,0.00,0.00
2026-07-21,13846370672,CH-SC-低活-10112643484929-超级抢购-手机通讯-无-剪辑-转化引导-手机通讯-20260708-无-625-aigc-4,0.07,20,1,0.00,0.00,5.00
2026-07-21,13846309120,CH-SC-低活-10140917922437-超级抢购-家庭清洁-无-剪辑-转化引导-家庭清洁-20260708-无-625-aigc-10,0.07,7,2,0.00,0.00,28.57
2026-07-21,13836027012,CH-SC-低活-10118706992345-超级抢购-纸品-无-剪辑-转化引导-纸品-20260702-无-625-aigc-10,0.07,20,3,0.00,0.00,15.00
2026-07-21,13845985981,CH-SC-广义新-10120961944861-新综合频道-运动户外 -京喜拉新-剪辑-转化引导-运动户外 -20260710-无-625-aigc-10,0.07,2,0,0.00,0.00,0.00
2026-07-21,13916095684,CH-SC-广义新-10147832788047-新综合频道-工业品-京喜拉新-剪辑-转化引导-工业品-20260716-反向-625-6,0.06,10,1,0.00,0.00,10.00
2026-07-21,13799963066,CH-SC-广义新-10139440032542-新综合频道-运动户外-京喜拉新-剪辑-转化引导-运动户外-20260703-无-625-aigc-12,0.06,5,0,0.00,0.00,0.00
2026-07-21,13916304234,CH-SC-低活-10140917922437-超级抢购-家庭清洁-无-剪辑-转化引导-家庭清洁-20260715-无-625-aigc-16,0.06,1,0,0.00,0.00,0.00
2026-07-21,13835203321,CH-SC-广义新-10139440032542-新综合频道-运动户外-京喜拉新-剪辑-转化引导-运动户外-20260708-无-625-aigc-3,0.06,11,0,0.00,0.00,0.00
2026-07-21,13835187021,CH-SC-广义新-10155085148227-新综合频道-家用电器-京喜拉新-剪辑-转化引导-家用电器-20260708-无-625-aigc-62,0.06,13,0,0.00,0.00,0.00
2026-07-21,13486882744,CH-SC-广义新-无-新10元话费券-10元话费券-京喜拉新-剪辑-转化引导-10元话费券-20260605-无-625-27,0.06,16,2,0.00,0.00,12.50
2026-07-21,13846014779,CH-SC-广义新-10140917922437-新综合频道-家庭清洁-京喜拉新-剪辑-转化引导-家庭清洁-20260710-无-625-aigc-9,0.06,46,1,0.00,0.00,2.17
2026-07-21,13836034502,CH-SC-低活-10223482211866-超级抢购-生活日用-无-剪辑-转化引导-生活日用-20260703-无-625-3,0.06,30,3,0.00,0.00,10.00
2026-07-21,13421931592,CH-SC-广义新-10155085148227-新综合频道-家用电器-京喜拉新-剪辑-转化引导-家用电器-20260528-无-625-11,0.06,9,0,0.00,0.00,0.00
2026-07-21,13873220607,CH-SC-低活-10162692688878-超级抢购-家用电器-无-剪辑-转化引导-家用电器-20260710-无-625-aigc-2,0.05,5,0,0.00,0.00,0.00
2026-07-21,13846433173,CH-SC-低活-10220560400432-超级抢购-生活日用-无-剪辑-转化引导-生活日用-20260708-无-625-aigc-15,0.05,18,1,0.00,0.00,5.56
2026-07-21,13746328313,CH-SC-低活-10139440032542-超级抢购5元-运动户外-无-剪辑-转化引导-运动户外-20260630-无-625-aigc-8,0.05,3,0,0.00,0.00,0.00
2026-07-21,13731644953,CH-SC-广义新-10139440032542-新综合频道-运动户外-京喜拉新-剪辑-转化引导-运动户外-20260630-无-625-aigc-8,0.05,1,1,0.00,0.00,100.00
2026-07-21,13836021758,CH-SC-低活-10081585918372-超级抢购-纸品-无-剪辑-转化引导-纸品-20260702-无-625-aigc-10,0.05,9,0,0.00,0.00,0.00
2026-07-21,13421923932,CH-SC-广义新-10155085148227-新综合频道-家用电器-京喜拉新-剪辑-转化引导-家用电器-20260528-无-625-6,0.05,8,0,0.00,0.00,0.00
2026-07-21,13662881239,CH-SC-低活-10134479334759-超级抢购通用-钟表眼镜-无-剪辑-转化引导-钟表眼镜-20260624-无-625-AIGC-2,0.05,2,0,0.00,0.00,0.00
2026-07-21,13846321758,CH-SC-低活-10140917922437-超级抢购-家庭清洁-无-剪辑-转化引导-家庭清洁-20260708-无-625-aigc-3,0.05,5,0,0.00,0.00,0.00
2026-07-21,13873220547,CH-SC-低活-10162692688878-超级抢购-家用电器-无-剪辑-转化引导-家用电器-20260710-无-625-aigc-1,0.05,4,0,0.00,0.00,0.00
2026-07-21,13882957472,CH-SC-低活-10162692688878-超级抢购-家用电器-无-剪辑-转化引导-家用电器-20260714-无-625-aigc-3,0.05,4,0,0.00,0.00,0.00
2026-07-21,13835188199,CH-SC-广义新-10155085148227-新综合频道-家用电器-京喜拉新-剪辑-转化引导-家用电器-20260708-无-625-aigc-65,0.05,33,0,0.00,0.00,0.00
2026-07-21,13592283103,CH-SC-低活-10156925961082-超级抢购加补-家用电器-无-剪辑-转化引导-家用电器-20260616-无-625-aigc-8,0.05,3,0,0.00,0.00,0.00
2026-07-21,13525533971,CH-SC-低活-10156923061370-超级抢购加补-数码-无-剪辑-转化引导-数码-20260609-无-625-2,0.05,12,10,0.00,0.00,83.33
2026-07-21,13471070612,CH-SC-广义新-10136363822650-新综合频道-家庭清洁-京喜拉新-剪辑-转化引导-家庭清洁-20260602-反向-625-4,0.05,3,0,0.00,0.00,0.00
2026-07-21,13846011180,CH-SC-广义新-10140917922437-新综合频道-家庭清洁-京喜拉新-剪辑-转化引导-家庭清洁-20260710-无-625-aigc-1,0.05,43,0,0.00,0.00,0.00
2026-07-21,13872635385,CH-SC-广义新-10155085148227-新综合频道-家用电器-京喜拉新-剪辑-转化引导-家用电器-20260714-无-625-10,0.04,23,0,0.00,0.00,0.00
2026-07-21,13799797660,CH-SC-广义新-10155085148227-新综合频道-家用电器-京喜拉新-剪辑-转化引导-家用电器-20260707-反向-625-aigc-5,0.04,8,0,0.00,0.00,0.00
2026-07-21,13776598178,CH-SC-广义新-10177393646076-新综合频道-灯饰照明-京喜拉新-剪辑-转化引导-灯饰照明-20260702-反向-625-aigc-15,0.04,3,0,0.00,0.00,0.00
2026-07-21,13846400502,CH-SC-低活-10081585918372-超级抢购-家庭清洁纸品-无-剪辑-转化引导-家庭清洁纸品-20260708-无-625-aigc-23,0.04,16,1,0.00,0.00,6.25
2026-07-21,13603318244,CH-SC-广义新-10118706992345-新综合频道-纸品-无-剪辑-转化引导-纸品-20260617-无-625-aigc-11,0.04,4,0,0.00,0.00,0.00
2026-07-21,13603320531,CH-SC-广义新-10118706992345-新综合频道-纸品-无-剪辑-转化引导-纸品-20260617-无-625-aigc-12,0.04,27,1,0.00,0.00,3.70
2026-07-21,13684894906,CH-SC-低活-10113209119177-超级抢购-摩托车-无-剪辑-转化引导-摩托车-20260626-无-625-aigc-5,0.04,2,0,0.00,0.00,0.00
2026-07-21,13872632277,CH-SC-广义新-10155085148227-新综合频道-家用电器-京喜拉新-剪辑-转化引导-家用电器-20260714-无-625-2,0.04,18,1,0.00,0.00,5.56
2026-07-21,13882935256,CH-SC-低活-10162692688878-超级抢购-家用电器-无-剪辑-转化引导-家用电器-20260714-无-625-aigc-6,0.04,8,1,0.00,0.00,12.50
2026-07-21,13799978035,CH-SC-广义新-10139440032542-新综合频道-运动户外-京喜拉新-剪辑-转化引导-运动户外-20260703-无-625-aigc-21,0.04,9,0,0.00,0.00,0.00
2026-07-21,13719128160,CH-SC-广义新-10130866966155-新综合频道-服饰内衣-京喜拉新-剪辑-转化引导-服饰内衣-20260629-无-625-aigc-4,0.04,11,1,0.00,0.00,9.09
2026-07-21,13873215751,CH-SC-低活-10113209119177-超级抢购-电动车-无-剪辑-转化引导-电动车-20260709-无-625-9,0.04,19,0,0.00,0.00,0.00
2026-07-21,13799945643,CH-SC-广义新-10139440032542-新综合频道-运动户外-京喜拉新-剪辑-转化引导-运动户外-20260703-无-625-aigc-4,0.04,11,0,0.00,0.00,0.00
2026-07-21,13525530534,CH-SC-低活-10156923061370-超级抢购加补-数码-无-剪辑-转化引导-数码-20260609-无-625-13,0.04,41,24,0.00,0.00,58.54
2026-07-21,13799982663,CH-SC-广义新-10139440032542-新综合频道-运动户外-京喜拉新-剪辑-转化引导-运动户外-20260703-无-625-aigc-22,0.04,5,0,0.00,0.00,0.00
2026-07-21,13651816738,CH-SC-低活-10081585918372-超级抢购-家庭清洁纸品-无-剪辑-转化引导-家庭清洁纸品-20260623-无-625-aigc-21,0.04,7,0,0.00,0.00,0.00
2026-07-21,13846012973,CH-SC-广义新-10140917922437-新综合频道-家庭清洁-京喜拉新-剪辑-转化引导-家庭清洁-20260710-无-625-aigc-5,0.04,20,0,0.00,0.00,0.00
2026-07-21,13719129077,CH-SC-广义新-10130866966155-新综合频道-服饰内衣-京喜拉新-剪辑-转化引导-服饰内衣-20260629-无-625-aigc-6,0.04,9,5,0.00,0.00,55.56
2026-07-21,13845971782,CH-SC-广义新-10156923061370-新综合频道-数码-京喜拉新-剪辑-转化引导-数码-20260710-无-625-6,0.04,5,0,0.00,0.00,0.00
2026-07-21,13684905307,CH-SC-低活-10113209119177-超级抢购-摩托车-无-剪辑-转化引导-摩托车-20260626-无-625-aigc-17,0.04,2,0,0.00,0.00,0.00
2026-07-21,13846325426,CH-SC-低活-10113209119177-超级抢购-电动车-无-剪辑-转化引导-电动车-20260708-无-625-25,0.04,9,0,0.00,0.00,0.00
2026-07-21,13916092543,CH-SC-广义新-10147832788047-新综合频道-工业品-京喜拉新-剪辑-转化引导-工业品-20260716-反向-625-2,0.04,7,0,0.00,0.00,0.00
2026-07-21,13746353080,CH-SC-低活-10112643484929-超级抢购加补-手机通讯-无-剪辑-转化引导-手机通讯-20260630-无-625-11,0.04,50,2,0.00,0.00,4.00
2026-07-21,13722915364,CH-SC-低活-10156923061370-超级抢购加补-数码-无-剪辑-转化引导-数码-20260629-无-625-aigc-12,0.04,8,0,0.00,0.00,0.00
2026-07-21,13916097288,CH-SC-广义新-10147832788047-新综合频道-工业品-京喜拉新-剪辑-转化引导-工业品-20260716-反向-625-10,0.03,3,0,0.00,0.00,0.00
2026-07-21,13873250986,CH-SC-低活-10217740550325-超级抢购-箱包皮具-无-剪辑-转化引导-箱包皮具-20260713-无-625-aigc-6,0.03,6,0,0.00,0.00,0.00
2026-07-21,13731645684,CH-SC-广义新-10139440032542-新综合频道-运动户外-京喜拉新-剪辑-转化引导-运动户外-20260630-无-625-aigc-6,0.03,5,0,0.00,0.00,0.00
2026-07-21,13835185421,CH-SC-广义新-10155085148227-新综合频道-家用电器-京喜拉新-剪辑-转化引导-家用电器-20260708-无-625-aigc-66,0.03,3,0,0.00,0.00,0.00
2026-07-21,13836018392,CH-SC-低活-10081585918372-超级抢购-纸品-无-剪辑-转化引导-纸品-20260702-无-625-aigc-8,0.03,12,0,0.00,0.00,0.00
2026-07-21,13662880352,CH-SC-低活-10134479334759-超级抢购通用-钟表眼镜-无-剪辑-转化引导-钟表眼镜-20260624-无-625-AIGC-12,0.03,23,1,0.00,0.00,4.35
2026-07-21,13916298312,CH-SC-低活-10140917922437-超级抢购-家庭清洁-无-剪辑-转化引导-家庭清洁-20260715-无-625-aigc-2,0.03,1,0,0.00,0.00,0.00
2026-07-21,13873201819,CH-SC-低活-10140917922437-超级抢购-家庭清洁-无-剪辑-转化引导-家庭清洁-20260709-无-625-aigc-10,0.03,32,0,0.00,0.00,0.00
2026-07-21,13776644238,CH-SC-广义新-10118706992345-新综合频道-纸品-京喜拉新-剪辑-转化引导-纸品-20260702-无-625-aigc-3,0.03,6,2,0.00,0.00,33.33
2026-07-21,13872652954,CH-SC-广义新-10136363822650 -新综合频道-纸品-京喜拉新-剪辑-转化引导-纸品-20260714-无-625-1,0.03,5,0,0.00,0.00,0.00
2026-07-21,13873273466,CH-SC-低活-10081585918372-超级抢购-纸品-无-剪辑-转化引导-纸品-20260702-无-625-aigc-12,0.03,22,1,0.00,0.00,4.55
2026-07-21,13799751625,CH-SC-广义新-10155085148227-新综合频道-家用电器-京喜拉新-剪辑-转化引导-家用电器-20260706-无-625-aigc-3,0.03,8,0,0.00,0.00,0.00
2026-07-21,13916115670,CH-SC-广义新-10155000015319-新综合频道-厨具-京喜拉新-剪辑-转化引导-厨具-20260716-无-625-aigc-5,0.03,1,0,0.00,0.00,0.00
2026-07-21,13872633794,CH-SC-广义新-10155085148227-新综合频道-家用电器-京喜拉新-剪辑-转化引导-家用电器-20260714-无-625-7,0.03,4,0,0.00,0.00,0.00
2026-07-21,13873184507,CH-SC-低活-10162692688878-超级抢购-家用电器-无-剪辑-转化引导-家用电器-20260709-无-625-aigc-8,0.03,18,0,0.00,0.00,0.00
2026-07-21,13873237233,CH-SC-低活-10118706992345-超级抢购-纸品-无-剪辑-转化引导-纸品-20260710-无-625-aigc-1,0.03,21,1,0.00,0.00,4.76
2026-07-21,13836023118,CH-SC-低活-10081585918372-超级抢购-纸品-无-剪辑-转化引导-纸品-20260702-无-625-aigc-4,0.03,56,1,0.00,0.00,1.79
2026-07-21,13836047564,CH-SC-低活-10156776256916-超级抢购-珠宝首饰-无-剪辑-转化引导-珠宝首饰-20260703-无-625-aigc-8,0.03,21,0,0.00,0.00,0.00
2026-07-21,13836024992,CH-SC-低活-10118706992345-超级抢购-纸品-无-剪辑-转化引导-纸品-20260702-无-625-aigc-8,0.03,23,0,0.00,0.00,0.00
2026-07-21,13731646677,CH-SC-广义新-10139440032542-新综合频道-运动户外-京喜拉新-剪辑-转化引导-运动户外-20260630-无-625-aigc-1,0.03,9,9,0.00,0.00,100.00
2026-07-21,13799745874,CH-SC-广义新-10155085148227-新综合频道-家用电器-京喜拉新-剪辑-转化引导-家用电器-20260706-无-625-aigc-15,0.02,4,0,0.00,0.00,0.00
2026-07-21,13846011495,CH-SC-广义新-10140917922437-新综合频道-家庭清洁-京喜拉新-剪辑-转化引导-家庭清洁-20260710-无-625-aigc-3,0.02,2,0,0.00,0.00,0.00
2026-07-21,13872662590,CH-SC-广义新-10164212627902-新综合频道-五金-京喜拉新-剪辑-转化引导-五金-20260714-无-625-aigc-10,0.02,12,0,0.00,0.00,0.00
2026-07-21,13916095756,CH-SC-广义新-10147832788047-新综合频道-工业品-京喜拉新-剪辑-转化引导-工业品-20260716-反向-625-8,0.02,4,0,0.00,0.00,0.00
2026-07-21,13662919973,CH-SC-广义新-10130866966155-新综合频道-服饰内衣-京喜拉新-剪辑-转化引导-服饰内衣-20260624-无-625-6,0.02,3,0,0.00,0.00,0.00
2026-07-21,13799866346,CH-SC-广义新-10140493395931-新综合频道-厨房卫浴-京喜拉新-剪辑-转化引导-厨房卫浴-20260707-无-625-aigc-11,0.02,1,0,0.00,0.00,0.00
2026-07-21,13731648259,CH-SC-广义新-10139440032542-新综合频道-运动户外-京喜拉新-剪辑-转化引导-运动户外-20260630-无-625-aigc-4,0.02,5,0,0.00,0.00,0.00
2026-07-21,13873247091,CH-SC-低活-10217740550325-超级抢购-箱包皮具-无-剪辑-转化引导-箱包皮具-20260713-无-625-aigc-10,0.02,3,0,0.00,0.00,0.00
2026-07-21,13731655884,CH-SC-广义新-10103971298079-新综合频道-家具-京喜拉新-剪辑-转化引导-家具-20260630-反向-625-12,0.02,5,0,0.00,0.00,0.00
2026-07-21,13860522010,CH-SC-广义新-10211945068200-新综合频道-农资园艺-京喜拉新-剪辑-转化引导-农资园艺-20260713-反向-625-11,0.02,8,0,0.00,0.00,0.00
2026-07-21,13731655868,CH-SC-广义新-10103971298079-新综合频道-家具-京喜拉新-剪辑-转化引导-家具-20260630-反向-625-13,0.02,2,0,0.00,0.00,0.00
2026-07-21,13673841589,CH-SC-广义新-10156923061370-新综合频道-数码-京喜拉新-剪辑-转化引导-数码-20260625-无-625-3,0.02,3,0,0.00,0.00,0.00
2026-07-21,13835233353,CH-SC-广义新-10211029652151-新综合频道-纸品-京喜拉新-剪辑-转化引导-纸品-20260709-无-625-5,0.02,7,0,0.00,0.00,0.00
2026-07-21,13916098016,CH-SC-广义新-10147832788047-新综合频道-工业品-京喜拉新-剪辑-转化引导-工业品-20260716-反向-625-1,0.02,2,0,0.00,0.00,0.00
2026-07-21,13662881669,CH-SC-低活-10134479334759-超级抢购通用-钟表眼镜-无-剪辑-转化引导-钟表眼镜-20260624-无-625-AIGC-5,0.02,15,1,0.00,0.00,6.67
2026-07-21,13651811425,CH-SC-低活-10081585918372-超级抢购-家庭清洁纸品-无-剪辑-转化引导-家庭清洁纸品-20260623-无-625-aigc-9,0.02,2,0,0.00,0.00,0.00
2026-07-22,13471070287,CH-SC-广义新-10136363822650-新综合频道-家庭清洁-京喜拉新-剪辑-转化引导-家庭清洁-20260602-反向-625-3,8946.08,171644,20769,69.35,129.00,12.10
2026-07-22,13471070035,CH-SC-广义新-10136363822650-新综合频道-家庭清洁-京喜拉新-剪辑-转化引导-家庭清洁-20260602-反向-625-1,2624.67,62313,8606,87.49,30.00,13.81
2026-07-22,13845993499,CH-SC-广义新-10120961944861-新综合频道-运动户外 -京喜拉新-剪辑-转化引导-运动户外 -20260710-无-625-aigc-6,1718.21,58573,5035,90.43,19.00,8.60
2026-07-22,13559888558,CH-SC-广义新-10139440032542-新综合频道-运动户外-京喜拉新-剪辑-转化引导-运动户外-20260612-无-625-7,1579.34,109417,1479,50.95,31.00,1.35
2026-07-22,13799781175,CH-SC-广义新-10155085148227-新综合频道-家用电器-京喜拉新-剪辑-转化引导-家用电器-20260707-反向-625-aigc-14,724.31,140848,26666,42.61,17.00,18.93
2026-07-22,13559844535,CH-PRJ-采销项目-10204138700158-快手安卓-外卖美食-无-剪辑-转化引导-外卖美食-20260612-无-625-6,658.11,13407,7600,0.17,3871.24,56.69
2026-07-22,13872651421,CH-SC-广义新-10136363822650 -新综合频道-纸品-京喜拉新-剪辑-转化引导-纸品-20260714-无-625-9,609.53,83162,3074,76.19,8.00,3.70
2026-07-22,13559844197,CH-PRJ-采销项目-10204138700158-快手安卓-外卖美食-无-剪辑-转化引导-外卖美食-20260612-无-625-3,579.90,11265,6594,0.18,3221.67,58.54
2026-07-22,13873165421,CH-SC-低活-10137455430983-超级抢购-纸品-无-剪辑-转化引导-纸品-20260709-无-625-aigc-4,562.03,48820,8605,9.21,61.02,17.63
2026-07-22,13873164965,CH-SC-低活-10137455430983-超级抢购-纸品-无-剪辑-转化引导-纸品-20260709-无-625-aigc-2,542.60,21852,4950,8.10,66.99,22.65
2026-07-22,13486885202,CH-SC-广义新-无-新10元话费券-10元话费券-京喜拉新-剪辑-转化引导-10元话费券-20260605-无-625-4,528.98,27229,1980,66.12,8.00,7.27
2026-07-22,13873170621,CH-SC-低活-10137455430983-超级抢购-纸品-无-剪辑-转化引导-纸品-20260709-无-625-aigc-11,503.92,53183,13585,10.50,47.99,25.54
2026-07-22,13547605427,CH-SC-低活-10140207411553-超级抢购加补-文教文化用品-无-剪辑-转化引导-文教文化用品-20260611-无-625-4,498.39,13410,4796,4.15,120.09,35.76
2026-07-22,13559845298,CH-PRJ-采销项目-10204138700158-快手安卓-外卖美食-无-剪辑-转化引导-外卖美食-20260612-无-625-1,492.04,8514,5455,0.17,2894.35,64.07
2026-07-22,13559844692,CH-PRJ-采销项目-10204138700158-快手安卓-外卖美食-无-剪辑-转化引导-外卖美食-20260612-无-625-7,425.57,9098,4744,0.17,2503.35,52.14
2026-07-22,13873166317,CH-SC-低活-10137455430983-超级抢购-纸品-无-剪辑-转化引导-纸品-20260709-无-625-aigc-3,369.50,40535,6490,11.20,32.99,16.01
2026-07-22,13559845354,CH-PRJ-采销项目-10204138700158-快手安卓-外卖美食-无-剪辑-转化引导-外卖美食-20260612-无-625-4,316.12,6460,3675,0.15,2107.47,56.89
2026-07-22,13651815810,CH-SC-低活-10081585918372-超级抢购-家庭清洁纸品-无-剪辑-转化引导-家庭清洁纸品-20260623-无-625-aigc-15,309.21,35690,2100,14.72,21.01,5.88
2026-07-22,13873168305,CH-SC-低活-10137455430983-超级抢购-纸品-无-剪辑-转化引导-纸品-20260709-无-625-aigc-7,304.41,24124,7309,12.18,24.99,30.30
2026-07-22,13872652954,CH-SC-广义新-10136363822650 -新综合频道-纸品-京喜拉新-剪辑-转化引导-纸品-20260714-无-625-1,291.96,4062,722,41.71,7.00,17.77
2026-07-22,13559845188,CH-PRJ-采销项目-10204138700158-快手安卓-外卖美食-无-剪辑-转化引导-外卖美食-20260612-无-625-10,257.63,4974,2990,0.16,1610.19,60.11
2026-07-22,13799781798,CH-SC-广义新-10155085148227-新综合频道-家用电器-京喜拉新-剪辑-转化引导-家用电器-20260707-反向-625-aigc-16,245.54,31847,6798,61.39,4.00,21.35
2026-07-22,13916102483,CH-SC-广义新-10184972523548-新综合频道-厨具-京喜拉新-剪辑-转化引导-厨具-20260716-反向-625-aigc-8,218.03,20124,2469,0.00,0.00,12.27
2026-07-22,13916493537,CH-SC-广义新-10040988734451-新10元话费券-无-无-剪辑-转化引导-无-20260715-无-625-26,201.40,35824,3352,201.40,1.00,9.36
2026-07-22,13845993937,CH-SC-广义新-10120961944861-新综合频道-运动户外 -京喜拉新-剪辑-转化引导-运动户外 -20260710-无-625-aigc-5,198.07,2888,334,39.61,5.00,11.57
2026-07-22,13799927457,CH-SC-广义新-10158258669630-新综合频道-居家布艺-京喜拉新-剪辑-转化引导-居家布艺-20260706-无-625-aigc-2,190.35,17801,6492,0.00,0.00,36.47
2026-07-22,13873169325,CH-SC-低活-10137455430983-超级抢购-纸品-无-剪辑-转化引导-纸品-20260709-无-625-aigc-9,189.51,15636,6000,9.97,19.01,38.37
2026-07-22,13873166540,CH-SC-低活-10137455430983-超级抢购-纸品-无-剪辑-转化引导-纸品-20260709-无-625-aigc-5,186.71,8370,1227,11.67,16.00,14.66
2026-07-22,13872650671,CH-SC-广义新-10136363822650 -新综合频道-纸品-京喜拉新-剪辑-转化引导-纸品-20260714-无-625-5,170.90,1996,122,56.97,3.00,6.11
2026-07-22,13719128579,CH-SC-广义新-10130866966155-新综合频道-服饰内衣-京喜拉新-剪辑-转化引导-服饰内衣-20260629-无-625-aigc-5,165.68,27715,4462,41.42,4.00,16.10
2026-07-22,13559845061,CH-PRJ-采销项目-10204138700158-快手安卓-外卖美食-无-剪辑-转化引导-外卖美食-20260612-无-625-9,165.16,3441,1745,0.17,971.53,50.71
2026-07-22,13846397120,CH-SC-低活-10112643484929-超级抢购-手机通讯-无-剪辑-转化引导-手机通讯-20260708-无-625-aigc-2,160.01,13663,342,22.86,7.00,2.50
2026-07-22,13603329865,CH-SC-广义新-10139440032542-新综合频道-运动户外-京喜拉新-剪辑-转化引导-运动户外-20260617-无-625-aigc10,151.41,18510,228,50.47,3.00,1.23
2026-07-22,13685269854,CH-SC-低活-10220560400432-超级抢购加补-生活日用-无-剪辑-转化引导-生活日用-20260626-无-625-aigc-15,149.52,8177,243,37.38,4.00,2.97
2026-07-22,13846398501,CH-SC-低活-10112643484929-超级抢购-手机通讯-无-剪辑-转化引导-手机通讯-20260708-无-625-aigc-3,148.96,15163,562,21.28,7.00,3.71
2026-07-22,12838476359,荣耀-XN-小说-通用-动态漫-AIGC-260318-625-14,145.61,549,189,3.03,48.06,34.43
2026-07-22,13916089663,CH-SC-广义新-10184972523548-新综合频道-厨具-京喜拉新-剪辑-转化引导-厨具-20260716-反向-625-aigc-10,140.14,41178,130,0.00,0.00,0.32
2026-07-22,13836044901,CH-SC-低活-10118706992345-超级抢购-纸品-无-剪辑-转化引导-纸品-20260702-无-625-aigc-5,134.82,5118,1851,14.98,9.00,36.17
2026-07-22,13592316754,CH-SC-广义新-10146456039187-新综合频道-纸品-京喜拉新-剪辑-转化引导-纸品-20260616-反向-625-aigc-8,128.99,33935,1027,64.50,2.00,3.03
2026-07-22,13873242822,CH-SC-低活-10118706992345-超级抢购-纸品-无-剪辑-转化引导-纸品-20260710-无-625-aigc-10,120.53,8394,3105,24.11,5.00,36.99
2026-07-22,13559844369,CH-PRJ-采销项目-10204138700158-快手安卓-外卖美食-无-剪辑-转化引导-外卖美食-20260612-无-625-5,119.60,3947,1614,0.18,664.44,40.89
2026-07-22,13559844857,CH-PRJ-采销项目-10204138700158-快手安卓-外卖美食-无-剪辑-转化引导-外卖美食-20260612-无-625-8,113.86,3514,1400,0.15,759.07,39.84
2026-07-22,13904991981,CH-SC-广义新-10136363822650-新综合频道-家庭清洁-京喜拉新-剪辑-转化引导-家庭清洁-202600602-反向-625-5,112.61,2117,238,112.61,1.00,11.24
2026-07-22,13872652245,CH-SC-广义新-10136363822650 -新综合频道-纸品-京喜拉新-剪辑-转化引导-纸品-20260714-无-625-11,107.98,11912,547,53.99,2.00,4.59
2026-07-22,13873189462,CH-SC-低活-10140917922437-超级抢购-家庭清洁-无-剪辑-转化引导-家庭清洁-20260709-无-625-aigc-1,107.03,14979,911,17.84,6.00,6.08
2026-07-22,12954051296,荣耀-XN-小说-通用-滚屏-混剪-纯AIGC-260402-625-4,104.90,448,185,3.09,33.95,41.29
2026-07-22,13846013662,CH-SC-广义新-10140917922437-新综合频道-家庭清洁-京喜拉新-剪辑-转化引导-家庭清洁-20260710-无-625-aigc-8,103.38,35797,162,103.38,1.00,0.45
2026-07-22,13873168594,CH-SC-低活-10137455430983-超级抢购-纸品-无-剪辑-转化引导-纸品-20260709-无-625-aigc-8,103.03,9421,2972,17.17,6.00,31.55
2026-07-22,13873171234,CH-SC-低活-10137455430983-超级抢购-纸品-无-剪辑-转化引导-纸品-20260709-无-625-aigc-12,102.52,4302,2575,51.26,2.00,59.86
2026-07-22,13873282737,CH-SC-低活-10081585918372-超级抢购-纸品-无-剪辑-转化引导-纸品-20260702-无-625-aigc-23,98.81,9469,6707,98.81,1.00,70.83
2026-07-22,13776536723,CH-SC-广义新-10130866966155-新综合频道-服饰内衣-京喜拉新-剪辑-转化引导-服饰内衣-20260702-无-625-aigc-1,93.71,16849,4356,23.43,4.00,25.85
2026-07-22,13846372517,CH-SC-低活-10112643484929-超级抢购-手机通讯-无-剪辑-转化引导-手机通讯-20260708-无-625-aigc-5,90.45,8241,259,30.15,3.00,3.14
2026-07-22,13873283614,CH-SC-低活-10081585918372-超级抢购-纸品-无-剪辑-转化引导-纸品-20260702-无-625-aigc-22,87.10,9175,6282,21.78,4.00,68.47
2026-07-22,13799758725,CH-SC-广义新-10157346551639-新综合频道-生鲜-京喜拉新-剪辑-转化引导-生鲜-20260706-无-625-12,86.98,1745,129,43.49,2.00,7.39
2026-07-22,13547606643,CH-SC-低活-10140207411553-超级抢购加补-文教文化用品-无-剪辑-转化引导-文教文化用品-20260611-无-625-8,86.89,5548,643,3.48,24.97,11.59
2026-07-22,13916089784,CH-SC-广义新-10184972523548-新综合频道-厨具-京喜拉新-剪辑-转化引导-厨具-20260716-反向-625-aigc-11,85.63,27485,116,0.00,0.00,0.42
2026-07-22,13873203758,CH-SC-低活-10140917922437-超级抢购-家庭清洁-无-剪辑-转化引导-家庭清洁-20260709-无-625-aigc-12,76.69,1156,543,38.35,2.00,46.97
2026-07-22,13836021303,CH-SC-低活-10081585918372-超级抢购-纸品-无-剪辑-转化引导-纸品-20260702-无-625-aigc-3,71.89,19051,452,0.00,0.00,2.37
2026-07-22,13341769458,CH-SC-广义新-10219841541026-新综合频道-厨具-京喜拉新-剪辑-转化引导-厨具-20260520-反向-625-15,69.07,69030,901,34.54,2.00,1.31
2026-07-22,13536549173,CH-SC-低活-10219841541026-超级抢购加补-厨具-无-剪辑-转化引导-厨具-20260610-无-625-aigc-10,68.55,3500,630,34.28,2.00,18.00
2026-07-22,13836054268,CH-SC-低活-10156776256916-超级抢购-珠宝首饰-无-剪辑-转化引导-珠宝首饰-20260703-无-625-aigc-6,65.79,50697,234,0.00,0.00,0.46
2026-07-22,13799930088,CH-SC-广义新-10158258669630-新综合频道-居家布艺-京喜拉新-剪辑-转化引导-居家布艺-20260706-无-625-aigc-5,64.51,10112,658,64.51,1.00,6.51
2026-07-22,13651786488,CH-SC-低活-10166301474829-超级抢购加补-厨具-无-剪辑-转化引导-厨具-20260623-无-625-18,59.03,4300,359,19.68,3.00,8.35
2026-07-22,13835192045,CH-SC-广义新-10109170972947-新综合频道-钟表眼镜-京喜拉新-剪辑-转化引导-钟表眼镜-20260708-无-625-aigc-3,56.66,47130,58,0.00,0.00,0.12
2026-07-22,13873248011,CH-SC-低活-10217740550325-超级抢购-箱包皮具-无-剪辑-转化引导-箱包皮具-20260713-无-625-aigc-2,56.36,1083,61,8.05,7.00,5.63
2026-07-22,13916092866,CH-SC-广义新-10184972523548-新综合频道-厨具-京喜拉新-剪辑-转化引导-厨具-20260716-反向-625-aigc-3,55.50,14453,71,0.00,0.00,0.49
2026-07-22,13873238176,CH-SC-低活-10118706992345-超级抢购-纸品-无-剪辑-转化引导-纸品-20260710-无-625-aigc-2,51.33,768,307,10.27,5.00,39.97
2026-07-22,13815434561,CH-PRJ-采销项目-10227170510852-快手-本地生活-无-剪辑-转化引导-本地生活-20260710-无-625-8,51.31,536,302,10.26,5.00,56.34
2026-07-22,13846422587,CH-SC-低活-10220560400432-超级抢购-生活日用-无-剪辑-转化引导-生活日用-20260708-无-625-aigc-7,50.61,3739,953,0.00,0.00,25.49
2026-07-22,13916092599,CH-SC-广义新-10184972523548-新综合频道-厨具-京喜拉新-剪辑-转化引导-厨具-20260716-反向-625-aigc-4,50.51,9412,82,0.00,0.00,0.87
2026-07-22,13873167301,CH-SC-低活-10137455430983-超级抢购-纸品-无-剪辑-转化引导-纸品-20260709-无-625-aigc-6,50.45,2169,881,16.82,3.00,40.62
2026-07-22,13916089309,CH-SC-广义新-10184972523548-新综合频道-厨具-京喜拉新-剪辑-转化引导-厨具-20260716-反向-625-aigc-1,48.96,4406,159,0.00,0.00,3.61
2026-07-22,13685269945,CH-SC-低活-10220560400432-超级抢购加补-生活日用-无-剪辑-转化引导-生活日用-20260626-无-625-aigc-13,47.32,2342,51,0.00,0.00,2.18
2026-07-22,13916091946,CH-SC-广义新-10184972523548-新综合频道-厨具-京喜拉新-剪辑-转化引导-厨具-20260716-反向-625-aigc-5,45.37,8537,118,0.00,0.00,1.38
2026-07-22,13916099751,CH-SC-广义新-10184972523548-新综合频道-厨具-京喜拉新-剪辑-转化引导-厨具-20260716-反向-625-aigc-7,44.62,12508,221,0.00,0.00,1.77
2026-07-22,13835184730,CH-SC-广义新-10155085148227-新综合频道-家用电器-京喜拉新-剪辑-转化引导-家用电器-20260708-无-625-aigc-67,44.22,12196,129,44.22,1.00,1.06
2026-07-22,13873172231,CH-SC-低活-10137455430983-超级抢购-纸品-无-剪辑-转化引导-纸品-20260709-无-625-aigc-1,42.65,2269,422,10.66,4.00,18.60
2026-07-22,13916105958,CH-SC-广义新-10184972523548-新综合频道-厨具-京喜拉新-剪辑-转化引导-厨具-20260716-反向-625-aigc-9,42.36,3465,241,0.00,0.00,6.96
2026-07-22,13846423357,CH-SC-低活-10220560400432-超级抢购-生活日用-无-剪辑-转化引导-生活日用-20260708-无-625-aigc-6,40.65,1285,30,8.13,5.00,2.33
2026-07-22,13846012393,CH-SC-广义新-10140917922437-新综合频道-家庭清洁-京喜拉新-剪辑-转化引导-家庭清洁-20260710-无-625-aigc-6,38.58,9341,85,0.00,0.00,0.91
2026-07-22,12810387558,荣耀-XN-小说-通用-解压-混剪-260313-625-6,36.84,195,80,4.09,9.01,41.03
2026-07-22,13846396417,CH-SC-低活-10112643484929-超级抢购-手机通讯-无-剪辑-转化引导-手机通讯-20260708-无-625-aigc-21,35.95,14102,954,0.00,0.00,6.76
2026-07-22,13673738697,CH-SC-低活-10166301474829-超级抢购加补-厨具-无-剪辑-转化引导-厨具-20260625-无-625-13,33.74,2410,646,16.87,2.00,26.80
2026-07-22,13873170399,CH-SC-低活-10137455430983-超级抢购-纸品-无-剪辑-转化引导-纸品-20260709-无-625-aigc-10,31.26,2091,83,10.42,3.00,3.97
2026-07-22,13873280184,CH-SC-低活-10081585918372-超级抢购-纸品-无-剪辑-转化引导-纸品-20260702-无-625-aigc-20,31.08,4955,769,15.54,2.00,15.52
2026-07-22,13873238696,CH-SC-低活-10118706992345-超级抢购-纸品-无-剪辑-转化引导-纸品-20260710-无-625-aigc-3,30.56,630,149,15.28,2.00,23.65
2026-07-22,13873277927,CH-SC-低活-10081585918372-超级抢购-纸品-无-剪辑-转化引导-纸品-20260702-无-625-aigc-17,30.11,2429,97,30.11,1.00,3.99
2026-07-22,13815432816,CH-PRJ-采销项目-10227170510852-快手-本地生活-无-剪辑-转化引导-本地生活-20260710-无-625-4,29.07,365,163,0.00,0.00,44.66
2026-07-22,13872651899,CH-SC-广义新-10136363822650 -新综合频道-纸品-京喜拉新-剪辑-转化引导-纸品-20260714-无-625-10,28.74,4962,97,0.00,0.00,1.95
2026-07-22,13397045020,CH-SC-广义新-10215767576641-新综合频道-生鲜-京喜拉新-剪辑-转化引导-生鲜-20260526-反向-625-aigc-9,25.76,1861,551,0.00,0.00,29.61
2026-07-22,13815439536,CH-PRJ-采销项目-10227170510852-快手-本地生活-无-剪辑-转化引导-本地生活-20260710-无-625-12,25.27,315,168,0.00,0.00,53.33
2026-07-22,13836046661,CH-SC-低活-10118706992345-超级抢购-纸品-无-剪辑-转化引导-纸品-20260702-无-625-aigc-7,25.23,4954,82,25.23,1.00,1.66
2026-07-22,13873281975,CH-SC-低活-10081585918372-超级抢购-纸品-无-剪辑-转化引导-纸品-20260702-无-625-aigc-21,23.96,4114,2565,0.00,0.00,62.35
2026-07-22,13873279405,CH-SC-低活-10081585918372-超级抢购-纸品-无-剪辑-转化引导-纸品-20260702-无-625-aigc-18,23.83,2037,659,11.92,2.00,32.35
2026-07-22,13836027012,CH-SC-低活-10118706992345-超级抢购-纸品-无-剪辑-转化引导-纸品-20260702-无-625-aigc-10,23.73,8044,87,0.00,0.00,1.08
2026-07-22,13873250654,CH-SC-低活-10217740550325-超级抢购-箱包皮具-无-剪辑-转化引导-箱包皮具-20260713-无-625-aigc-5,23.70,3827,229,23.70,1.00,5.98
2026-07-22,13873280201,CH-SC-低活-10081585918372-超级抢购-纸品-无-剪辑-转化引导-纸品-20260702-无-625-aigc-19,22.84,2465,1189,22.84,1.00,48.24
2026-07-22,12810379906,荣耀-XN-小说-通用-滚屏-混剪-260313-625-25,22.06,38,20,2.45,9.00,52.63
2026-07-22,13916401971,CH-SC-低活-10120093290551-超级抢购-纸品-无-剪辑-转化引导-纸品-20260715-无-625-aigc-12,21.22,6852,98,0.00,0.00,1.43
2026-07-22,13815443598,CH-PRJ-采销项目-10227170510852-快手-本地生活-无-剪辑-转化引导-本地生活-20260710-无-625-2,20.79,279,148,20.79,1.00,53.05
2026-07-22,13352555432,CH-SC-低活-10081585918372-超级抢购-家庭清洁纸品-无-剪辑-转化引导-家庭清洁纸品-20260521-无-625-18,20.76,977,271,0.00,0.00,27.74
2026-07-22,13547619349,CH-SC-低活-10217613031260-好价清单-休闲食品-无-剪辑-转化引导-休闲食品-20260611-无-625-12,20.15,5315,87,0.00,0.00,1.64
2026-07-22,13559885868,CH-SC-广义新-10120132288166-新综合频道-运动户外-京喜拉新-剪辑-转化引导-运动户外-20260612-无-625-7,19.36,3375,210,19.36,1.00,6.22
2026-07-22,13873278009,CH-SC-低活-10081585918372-超级抢购-纸品-无-剪辑-转化引导-纸品-20260702-无-625-aigc-16,19.19,1173,69,0.00,0.00,5.88
2026-07-22,13815431986,CH-PRJ-采销项目-10227170510852-快手-本地生活-无-剪辑-转化引导-本地生活-20260710-无-625-5,18.61,154,65,0.00,0.00,42.21
2026-07-22,13559884097,CH-SC-广义新-10120132288166-新综合频道-运动户外-京喜拉新-剪辑-转化引导-运动户外-20260612-无-625-4,18.31,3454,512,0.00,0.00,14.82
2026-07-22,13815443566,CH-PRJ-采销项目-10227170510852-快手-本地生活-无-剪辑-转化引导-本地生活-20260710-无-625-15,17.01,210,120,8.51,2.00,57.14
2026-07-22,13603346672,CH-SC-广义新-10166301474829-新综合频道-厨具-京喜拉新-剪辑-转化引导-厨具-20260617-反向-625-aigc-12,17.01,1093,266,0.00,0.00,24.34
2026-07-22,13916109369,CH-SC-广义新-10155000015319-新综合频道-厨具-京喜拉新-剪辑-转化引导-厨具-20260716-无-625-aigc-3,16.38,12673,23,0.00,0.00,0.18
2026-07-22,13873275138,CH-SC-低活-10081585918372-超级抢购-纸品-无-剪辑-转化引导-纸品-20260702-无-625-aigc-14,15.90,6607,146,15.90,1.00,2.21
2026-07-22,13872651762,CH-SC-广义新-10136363822650 -新综合频道-纸品-京喜拉新-剪辑-转化引导-纸品-20260714-无-625-8,15.35,1360,47,7.68,2.00,3.46
2026-07-22,13040042427,荣耀-XN-社交-通用-美女-混剪-纯新AIGC-260410-625-14,14.45,1923,336,1.81,7.98,17.47
2026-07-22,13559844150,CH-PRJ-采销项目-10204138700158-快手安卓-外卖美食-无-剪辑-转化引导-外卖美食-20260612-无-625-2,13.80,354,177,0.10,138.00,50.00
2026-07-22,13882966739,CH-SC-低活-10093106199290-超级抢购-纸品-无-剪辑-转化引导-纸品-20260714-无-625-2,13.25,4602,125,0.00,0.00,2.72
2026-07-22,13845974095,CH-SC-广义新-10156923061370-新综合频道-数码-京喜拉新-剪辑-转化引导-数码-20260710-无-625-9,13.16,872,31,0.00,0.00,3.56
2026-07-22,13614624623,CH-SC-广义新-10134479334759-新综合频道-钟表眼镜-京喜拉新-剪辑-转化引导-钟表眼镜-20260618-无-625-aigc-7,13.06,2016,36,0.00,0.00,1.79
2026-07-22,13916091171,CH-SC-广义新-10184972523548-新综合频道-厨具-京喜拉新-剪辑-转化引导-厨具-20260716-反向-625-aigc-2,13.05,2185,90,0.00,0.00,4.12
2026-07-22,13776504220,CH-SC-广义新-10143318867797-新综合频道-厨具-京喜拉新-剪辑-转化引导-厨具-20260702-反向-625-aigc-6,13.00,7640,21,0.00,0.00,0.27
2026-07-22,13846397896,CH-SC-低活-10112643484929-超级抢购-手机通讯-无-剪辑-转化引导-手机通讯-20260708-无-625-aigc-1,12.89,3166,687,0.00,0.00,21.70
2026-07-22,13846302132,CH-SC-低活-10162692688878-超级抢购-家用电器-无-剪辑-转化引导-家用电器-20260708-无-625-aigc-8,12.74,783,17,0.00,0.00,2.17
2026-07-22,13776519630,CH-SC-广义新-10130866966155-新综合频道-服饰内衣-京喜拉新-剪辑-转化引导-服饰内衣-20260702-无-625-aigc-5,12.44,2418,398,12.44,1.00,16.46
2026-07-22,13799983282,CH-SC-广义新-10134479334759-新综合频道-钟表眼镜-京喜拉新-剪辑-转化引导-钟表眼镜-20260703-无-625-aigc-13,11.69,3247,14,0.00,0.00,0.43
2026-07-22,13916493564,CH-SC-广义新-10040988734451-新10元话费券-无-无-剪辑-转化引导-无-20260715-无-625-24,10.26,1465,22,0.00,0.00,1.50
2026-07-22,13651875619,CH-SC-广义新-10125368295124-新综合频道-家用电器-京喜拉新-剪辑-转化引导-家用电器-20260623-无-625-4,10.03,1338,18,0.00,0.00,1.35
2026-07-22,13776519951,CH-SC-广义新-10130866966155-新综合频道-服饰内衣-京喜拉新-剪辑-转化引导-服饰内衣-20260702-无-625-aigc-7,9.74,2656,277,0.00,0.00,10.43
2026-07-22,13722919375,CH-SC-低活-10220560400432-超级抢购加补-生活日用-无-剪辑-转化引导-生活日用-20260629-无-625-aigc-5,9.49,184,2,0.00,0.00,1.09
2026-07-22,13614625693,CH-SC-广义新-10134479334759-新综合频道-钟表眼镜-京喜拉新-剪辑-转化引导-钟表眼镜-20260618-无-625-aigc-8,9.37,1516,28,0.00,0.00,1.85
2026-07-22,13846411953,CH-SC-低活-10220560400432-超级抢购-生活日用-无-剪辑-转化引导-生活日用-20260708-无-625-aigc-21,9.04,140,5,0.00,0.00,3.57
2026-07-22,13916491839,CH-SC-广义新-10040988734451-新10元话费券-无-无-剪辑-转化引导-无-20260715-无-625-5,8.70,463,37,0.00,0.00,7.99
2026-07-22,13719129907,CH-SC-广义新-10130866966155-新综合频道-服饰内衣-京喜拉新-剪辑-转化引导-服饰内衣-20260629-无-625-aigc-10,8.67,1439,220,0.00,0.00,15.29
2026-07-22,13592317577,CH-SC-广义新-10146456039187-新综合频道-纸品-京喜拉新-剪辑-转化引导-纸品-20260616-反向-625-aigc-13,8.59,2523,26,0.00,0.00,1.03
2026-07-22,13835190847,CH-SC-广义新-10109170972947-新综合频道-钟表眼镜-京喜拉新-剪辑-转化引导-钟表眼镜-20260708-无-625-aigc-15,8.26,1511,23,0.00,0.00,1.52
2026-07-22,13916100740,CH-SC-广义新-10184972523548-新综合频道-厨具-京喜拉新-剪辑-转化引导-厨具-20260716-反向-625-aigc-6,8.05,1435,42,0.00,0.00,2.93
2026-07-22,13684897264,CH-SC-低活-10113209119177-超级抢购-摩托车-无-剪辑-转化引导-摩托车-20260626-无-625-aigc-8,8.05,1871,283,0.00,0.00,15.13
2026-07-22,13836023523,CH-SC-低活-10081585918372-超级抢购-纸品-无-剪辑-转化引导-纸品-20260702-无-625-aigc-6,7.93,671,12,0.00,0.00,1.79
2026-07-22,13776523214,CH-SC-广义新-10130866966155-新综合频道-服饰内衣-京喜拉新-剪辑-转化引导-服饰内衣-20260702-无-625-aigc-10,7.62,1401,180,0.00,0.00,12.85
2026-07-22,13722919113,CH-SC-低活-10220560400432-超级抢购加补-生活日用-无-剪辑-转化引导-生活日用-20260629-无-625-aigc-4,7.51,238,52,0.00,0.00,21.85
2026-07-22,13872651072,CH-SC-广义新-10136363822650 -新综合频道-纸品-京喜拉新-剪辑-转化引导-纸品-20260714-无-625-7,7.43,363,45,0.00,0.00,12.40
2026-07-22,13397046708,CH-SC-广义新-10215767576641-新综合频道-生鲜-京喜拉新-剪辑-转化引导-生鲜-20260526-反向-625-aigc-4,7.42,1495,147,0.00,0.00,9.83
2026-07-22,13719129557,CH-SC-广义新-10130866966155-新综合频道-服饰内衣-京喜拉新-剪辑-转化引导-服饰内衣-20260629-无-625-aigc-8,7.37,1352,227,0.00,0.00,16.79
2026-07-22,13471070253,CH-SC-广义新-10136363822650-新综合频道-家庭清洁-京喜拉新-剪辑-转化引导-家庭清洁-20260602-反向-625-aigc-6,7.18,272,48,0.00,0.00,17.65
2026-07-22,13916491947,CH-SC-广义新-10040988734451-新10元话费券-无-无-剪辑-转化引导-无-20260715-无-625-16,7.16,1104,18,0.00,0.00,1.63
2026-07-22,13776518178,CH-SC-广义新-10130866966155-新综合频道-服饰内衣-京喜拉新-剪辑-转化引导-服饰内衣-20260702-无-625-aigc-4,7.08,843,98,0.00,0.00,11.63
2026-07-22,13916497314,CH-SC-广义新-10040988734451-新10元话费券-无-无-剪辑-转化引导-无-20260715-无-625-22,7.05,795,97,7.05,1.00,12.20
2026-07-22,13904992036,CH-SC-广义新-10136363822650-新综合频道-家庭清洁-京喜拉新-剪辑-转化引导-家庭清洁-20260717-反向-625-6,7.04,773,23,0.00,0.00,2.98
2026-07-22,13873284948,CH-SC-低活-10081585918372-超级抢购-纸品-无-剪辑-转化引导-纸品-20260702-无-625-aigc-25,6.91,909,386,0.00,0.00,42.46
2026-07-22,13352557402,CH-SC-低活-10081585918372-超级抢购-家庭清洁纸品-无-剪辑-转化引导-家庭清洁纸品-20260521-无-625-25,6.91,2200,27,0.00,0.00,1.23
2026-07-22,13799763117,CH-SC-广义新-10157346551639-新综合频道-生鲜-京喜拉新-剪辑-转化引导-生鲜-20260706-无-625-10,6.88,826,113,0.00,0.00,13.68
2026-07-22,13904992394,CH-SC-广义新-10136363822650-新综合频道-家庭清洁-京喜拉新-剪辑-转化引导-家庭清洁-20260717-反向-625-1,6.82,876,109,0.00,0.00,12.44
2026-07-22,13916115670,CH-SC-广义新-10155000015319-新综合频道-厨具-京喜拉新-剪辑-转化引导-厨具-20260716-无-625-aigc-5,6.72,3441,17,0.00,0.00,0.49
2026-07-22,13352554865,CH-SC-低活-10081585918372-超级抢购-家庭清洁纸品-无-剪辑-转化引导-家庭清洁纸品-20260521-无-625-14,6.56,149,79,0.00,0.00,53.02
2026-07-22,13916115157,CH-SC-广义新-10155000015319-新综合频道-厨具-京喜拉新-剪辑-转化引导-厨具-20260716-无-625-aigc-7,6.49,3862,12,0.00,0.00,0.31
2026-07-22,13799798181,CH-SC-广义新-10155085148227-新综合频道-家用电器-京喜拉新-剪辑-转化引导-家用电器-20260707-反向-625-aigc-4,6.44,961,104,0.00,0.00,10.82
2026-07-22,13904991175,CH-SC-广义新-10136363822650-新综合频道-家庭清洁-京喜拉新-剪辑-转化引导-家庭清洁-20260602-反向-625-2,6.25,885,139,0.00,0.00,15.71
2026-07-22,13559886032,CH-SC-广义新-10120132288166-新综合频道-运动户外-京喜拉新-剪辑-转化引导-运动户外-20260612-无-625-9,6.12,3341,11,0.00,0.00,0.33
2026-07-22,13846375083,CH-SC-低活-10112643484929-超级抢购-手机通讯-无-剪辑-转化引导-手机通讯-20260708-无-625-aigc-6,5.78,1990,82,0.00,0.00,4.12
2026-07-22,13603383616,CH-SC-低活-10217740550325-超级抢购加补-箱包皮具-无-剪辑-转化引导-箱包皮具-20260617-无-625-aigc-5,5.62,568,15,0.00,0.00,2.64
2026-07-22,13799934599,CH-SC-广义新-10158258669630-新综合频道-居家布艺-京喜拉新-剪辑-转化引导-居家布艺-20260706-无-625-aigc-9,5.53,1479,70,0.00,0.00,4.73
2026-07-22,13846385439,CH-SC-低活-10112643484929-超级抢购-手机通讯-无-剪辑-转化引导-手机通讯-20260708-无-625-aigc-14,5.46,903,21,0.00,0.00,2.33
2026-07-22,13799931656,CH-SC-广义新-10158258669630-新综合频道-居家布艺-京喜拉新-剪辑-转化引导-居家布艺-20260706-无-625-aigc-7,5.22,351,62,0.00,0.00,17.66
2026-07-22,13132579643,荣耀-XN-社交-通用-聊天券-混剪-260424-625-11,5.06,184,46,0.00,0.00,25.00
2026-07-22,13341765349,CH-SC-广义新-10219841541026-新综合频道-厨具-京喜拉新-剪辑-转化引导-厨具-20260520-反向-625-7,4.93,377,2,0.00,0.00,0.53
2026-07-22,13916402149,CH-SC-低活-10120093290551-超级抢购-纸品-无-剪辑-转化引导-纸品-20260715-无-625-aigc-2,4.92,1326,24,0.00,0.00,1.81
2026-07-22,13916489768,CH-SC-广义新-10040988734451-新10元话费券-无-无-剪辑-转化引导-无-20260715-无-625-11,4.90,404,28,4.90,1.00,6.93
2026-07-22,13746318805,CH-SC-广义新-10136364012448-新综合频道-纸品-京喜拉新-剪辑-转化引导-纸品-20260701-无-625-aigc-15,4.77,3550,7,0.00,0.00,0.20
2026-07-22,13846370672,CH-SC-低活-10112643484929-超级抢购-手机通讯-无-剪辑-转化引导-手机通讯-20260708-无-625-aigc-4,4.69,580,17,0.00,0.00,2.93
2026-07-22,13916496854,CH-SC-广义新-10040988734451-新10元话费券-无-无-剪辑-转化引导-无-20260715-无-625-15,4.68,659,15,0.00,0.00,2.28
2026-07-22,13873198936,CH-SC-低活-10140917922437-超级抢购-家庭清洁-无-剪辑-转化引导-家庭清洁-20260709-无-625-aigc-9,4.58,133,62,0.00,0.00,46.62
2026-07-22,13341768699,CH-SC-广义新-10219841541026-新综合频道-厨具-京喜拉新-剪辑-转化引导-厨具-20260520-反向-625-14,4.42,6037,26,0.00,0.00,0.43
2026-07-22,13916495528,CH-SC-广义新-10040988734451-新10元话费券-无-无-剪辑-转化引导-无-20260715-无-625-10,4.41,461,28,0.00,0.00,6.07
2026-07-22,13835197635,CH-SC-广义新-10139440032542-新综合频道-运动户外-京喜拉新-剪辑-转化引导-运动户外-20260708-无-625-aigc-10,4.27,208,2,4.27,1.00,0.96
2026-07-22,13799972803,CH-SC-广义新-10139440032542-新综合频道-运动户外-京喜拉新-剪辑-转化引导-运动户外-20260703-无-625-aigc-17,4.25,241,35,0.00,0.00,14.52
2026-07-22,13904991502,CH-SC-广义新-10136363822650-新综合频道-家庭清洁-京喜拉新-剪辑-转化引导-家庭清洁-20260717-反向-625-4,4.17,1517,21,0.00,0.00,1.38
2026-07-22,13916311543,CH-SC-低活-10215767576641-超级抢购-生鲜-无-剪辑-转化引导-生鲜-20260715-无-625-aigc-2,3.99,77,23,0.00,0.00,29.87
2026-07-22,13916490717,CH-SC-广义新-10040988734451-新10元话费券-无-无-剪辑-转化引导-无-20260715-无-625-6,3.95,529,10,0.00,0.00,1.89
2026-07-22,13776532381,CH-SC-广义新-10130866966155-新综合频道-服饰内衣-京喜拉新-剪辑-转化引导-服饰内衣-20260702-无-625-aigc-17,3.95,770,101,0.00,0.00,13.12
2026-07-22,13603339171,CH-SC-广义新-10166301474829-新综合频道-厨具-京喜拉新-剪辑-转化引导-厨具-20260617-反向-625-aigc-5,3.89,213,76,0.00,0.00,35.68
2026-07-22,13872653271,CH-SC-广义新-10136363822650 -新综合频道-纸品-京喜拉新-剪辑-转化引导-纸品-20260714-无-625-2,3.65,942,44,0.00,0.00,4.67
2026-07-22,13846392636,CH-SC-低活-10112643484929-超级抢购-手机通讯-无-剪辑-转化引导-手机通讯-20260708-无-625-aigc-19,3.64,346,19,0.00,0.00,5.49
2026-07-22,13684885426,CH-SC-低活-10150446326220-好价清单-厨具-无-剪辑-转化引导-厨具-20260626-无-625-aigc-3,3.62,1080,12,0.00,0.00,1.11
2026-07-22,13846435400,CH-SC-低活-10220560400432-超级抢购-生活日用-无-剪辑-转化引导-生活日用-20260708-无-625-aigc-17,3.58,107,52,0.00,0.00,48.60
2026-07-22,13746305739,CH-SC-广义新-10136364012448-新综合频道-纸品-京喜拉新-剪辑-转化引导-纸品-20260701-无-625-aigc-4,3.34,2892,5,0.00,0.00,0.17
2026-07-22,13486890331,CH-SC-广义新-无-新10元话费券-10元话费券-京喜拉新-剪辑-转化引导-10元话费券-20260605-无-625-10,3.33,204,23,0.00,0.00,11.27
2026-07-22,13846310030,CH-SC-低活-10140917922437-超级抢购-家庭清洁-无-剪辑-转化引导-家庭清洁-20260708-无-625-aigc-11,3.27,1145,5,0.00,0.00,0.44
2026-07-22,13846385090,CH-SC-低活-10112643484929-超级抢购-手机通讯-无-剪辑-转化引导-手机通讯-20260708-无-625-aigc-12,3.25,247,19,0.00,0.00,7.69
2026-07-22,13873285611,CH-SC-低活-10081585918372-超级抢购-纸品-无-剪辑-转化引导-纸品-20260702-无-625-aigc-24,3.24,430,194,3.24,1.00,45.12
2026-07-22,13835201908,CH-SC-广义新-10139440032542-新综合频道-运动户外-京喜拉新-剪辑-转化引导-运动户外-20260708-无-625-aigc-14,3.24,181,3,0.00,0.00,1.66
2026-07-22,13581451665,CH-SC-广义新-10130866966155-新综合频道-服饰内衣-京喜拉新-剪辑-转化引导-服饰内衣-20260615-反向-625-aigc-8,3.23,261,64,0.00,0.00,24.52
2026-07-22,13559884894,CH-SC-广义新-10120132288166-新综合频道-运动户外-京喜拉新-剪辑-转化引导-运动户外-20260612-无-625-3,3.21,1856,27,0.00,0.00,1.45
2026-07-22,13835204958,CH-SC-广义新-10139440032542-新综合频道-运动户外-京喜拉新-剪辑-转化引导-运动户外-20260708-无-625-aigc-6,3.15,209,8,0.00,0.00,3.83
2026-07-22,13746306693,CH-SC-广义新-10136364012448-新综合频道-纸品-京喜拉新-剪辑-转化引导-纸品-20260701-无-625-aigc-5,3.14,2785,11,0.00,0.00,0.39
2026-07-22,13846314592,CH-SC-低活-10140917922437-超级抢购-家庭清洁-无-剪辑-转化引导-家庭清洁-20260708-无-625-aigc-15,3.13,1460,7,0.00,0.00,0.48
2026-07-22,13835191383,CH-SC-广义新-10109170972947-新综合频道-钟表眼镜-京喜拉新-剪辑-转化引导-钟表眼镜-20260708-无-625-aigc-2,3.05,846,10,0.00,0.00,1.18
2026-07-22,13845976437,CH-SC-广义新-10156923061370-新综合频道-数码-京喜拉新-剪辑-转化引导-数码-20260710-无-625-2,3.04,649,12,0.00,0.00,1.85
2026-07-22,13836035226,CH-SC-低活-10223482211866-超级抢购-生活日用-无-剪辑-转化引导-生活日用-20260703-无-625-2,3.01,90,36,0.00,0.00,40.00
2026-07-22,13916309960,CH-SC-低活-10215767576641-超级抢购-生鲜-无-剪辑-转化引导-生鲜-20260715-无-625-aigc-11,2.93,81,31,0.00,0.00,38.27
2026-07-22,12838476710,荣耀-XN-小说-通用-动态漫-AIGC-260318-625-15,2.88,42,5,1.44,2.00,11.90
2026-07-22,13835195814,CH-SC-广义新-10109170972947-新综合频道-钟表眼镜-京喜拉新-剪辑-转化引导-钟表眼镜-20260708-无-625-aigc-10,2.87,436,7,0.00,0.00,1.61
2026-07-22,13846389890,CH-SC-低活-10112643484929-超级抢购-手机通讯-无-剪辑-转化引导-手机通讯-20260708-无-625-aigc-17,2.86,643,19,2.86,1.00,2.95
2026-07-22,13581451283,CH-SC-广义新-10130866966155-新综合频道-服饰内衣-京喜拉新-剪辑-转化引导-服饰内衣-20260615-反向-625-aigc-7,2.81,536,128,0.00,0.00,23.88
2026-07-22,13603354275,CH-SC-广义新-10166301474829-新综合频道-厨具-京喜拉新-剪辑-转化引导-厨具-20260617-反向-625-aigc-20,2.79,260,64,0.00,0.00,24.62
2026-07-22,13397045005,CH-SC-广义新-10215767576641-新综合频道-生鲜-京喜拉新-剪辑-转化引导-生鲜-20260526-反向-625-aigc-10,2.73,1694,17,0.00,0.00,1.00
2026-07-22,13581448625,CH-SC-广义新-10130866966155-新综合频道-服饰内衣-京喜拉新-剪辑-转化引导-服饰内衣-20260615-反向-625-aigc-13,2.70,145,31,0.00,0.00,21.38
2026-07-22,13916306014,CH-SC-低活-10215767576641-超级抢购-生鲜-无-剪辑-转化引导-生鲜-20260715-无-625-aigc-3,2.65,54,26,0.00,0.00,48.15
2026-07-22,13846385603,CH-SC-低活-10112643484929-超级抢购-手机通讯-无-剪辑-转化引导-手机通讯-20260708-无-625-aigc-13,2.64,234,14,0.00,0.00,5.98
2026-07-22,13746292295,CH-SC-广义新-10136364012448-新综合频道-纸品-京喜拉新-剪辑-转化引导-纸品-20260701-无-625-aigc-16,2.56,849,14,0.00,0.00,1.65
2026-07-22,13799786449,CH-SC-广义新-10155085148227-新综合频道-家用电器-京喜拉新-剪辑-转化引导-家用电器-20260707-反向-625-aigc-20,2.49,1956,3,0.00,0.00,0.15
2026-07-22,13746347679,CH-SC-低活-10219841541026-超级抢购加补-厨具-无-剪辑-转化引导-厨具-20260630-无-625-aigc-8,2.43,271,23,0.00,0.00,8.49
2026-07-22,13799932270,CH-SC-广义新-10158258669630-新综合频道-居家布艺-京喜拉新-剪辑-转化引导-居家布艺-20260706-无-625-aigc-8,2.42,310,4,0.00,0.00,1.29
2026-07-22,13603353487,CH-SC-广义新-10166301474829-新综合频道-厨具-京喜拉新-剪辑-转化引导-厨具-20260617-反向-625-aigc-19,2.34,138,41,0.00,0.00,29.71
2026-07-22,13603360081,CH-SC-广义新-10166301474829-新综合频道-厨具-京喜拉新-剪辑-转化引导-厨具-20260617-反向-625-aigc-1,2.30,106,44,0.00,0.00,41.51
2026-07-22,13799930857,CH-SC-广义新-10158258669630-新综合频道-居家布艺-京喜拉新-剪辑-转化引导-居家布艺-20260706-无-625-aigc-6,2.26,3355,81,0.00,0.00,2.41
2026-07-22,13614673729,CH-SC-低活-10143318867797-超级抢购5元-厨具-无-剪辑-转化引导-厨具-20260618-无-625-aigc-3,2.21,1344,2,0.00,0.00,0.15
2026-07-22,13471071527,CH-SC-广义新-10136363822650-新综合频道-家庭清洁-京喜拉新-剪辑-转化引导-家庭清洁-20260602-反向-625-aigc-2,2.21,562,7,0.00,0.00,1.25
2026-07-22,13352560095,CH-SC-低活-10081585918372-超级抢购-家庭清洁纸品-无-剪辑-转化引导-家庭清洁纸品-20260521-无-625-36,2.07,2003,15,0.00,0.00,0.75
2026-07-22,13916495108,CH-SC-广义新-10040988734451-新10元话费券-无-无-剪辑-转化引导-无-20260715-无-625-7,2.03,222,4,0.00,0.00,1.80
2026-07-22,13614618075,CH-SC-广义新-10161130444375-新综合频道-农资园艺-京喜拉新-剪辑-转化引导-农资园艺-20260618-反向-625-aigc-10,1.99,503,3,0.00,0.00,0.60
2026-07-22,13836032425,CH-SC-低活-10223482211866-超级抢购-生活日用-无-剪辑-转化引导-生活日用-20260703-无-625-14,1.99,270,38,0.00,0.00,14.07
2026-07-22,13799741063,CH-SC-广义新-10155085148227-新综合频道-家用电器-京喜拉新-剪辑-转化引导-家用电器-20260706-无-625-aigc-14,1.98,1266,1,0.00,0.00,0.08
2026-07-22,13836049057,CH-SC-低活-10156776256916-超级抢购-珠宝首饰-无-剪辑-转化引导-珠宝首饰-20260703-无-625-aigc-10,1.97,693,13,0.00,0.00,1.88
2026-07-22,13799783455,CH-SC-广义新-10155085148227-新综合频道-家用电器-京喜拉新-剪辑-转化引导-家用电器-20260707-反向-625-aigc-17,1.94,1432,2,0.00,0.00,0.14
2026-07-22,13799981390,CH-SC-广义新-10134479334759-新综合频道-钟表眼镜-京喜拉新-剪辑-转化引导-钟表眼镜-20260703-无-625-aigc-12,1.94,97,17,0.00,0.00,17.53
2026-07-22,13873270500,CH-SC-低活-10081585918372-超级抢购-纸品-无-剪辑-转化引导-纸品-20260702-无-625-aigc-9,1.90,206,20,0.00,0.00,9.71
2026-07-22,13397044023,CH-SC-广义新-10215767576641-新综合频道-生鲜-京喜拉新-剪辑-转化引导-生鲜-20260526-反向-625-aigc-8,1.88,528,46,0.00,0.00,8.71
2026-07-22,13731658321,CH-SC-广义新-10103971298079-新综合频道-家具-京喜拉新-剪辑-转化引导-家具-20260630-反向-625-18,1.85,199,7,0.00,0.00,3.52
2026-07-22,13746305468,CH-SC-广义新-10136364012448-新综合频道-纸品-京喜拉新-剪辑-转化引导-纸品-20260701-无-625-aigc-6,1.83,315,7,0.00,0.00,2.22
2026-07-22,13486880647,CH-SC-广义新-无-新10元话费券-10元话费券-京喜拉新-剪辑-转化引导-10元话费券-20260605-无-625-21,1.76,399,82,0.00,0.00,20.55
2026-07-22,13846322912,CH-SC-低活-10140917922437-超级抢购-家庭清洁-无-剪辑-转化引导-家庭清洁-20260708-无-625-aigc-5,1.69,721,2,0.00,0.00,0.28
2026-07-22,13536545427,CH-SC-低活-10219841541026-超级抢购加补-厨具-无-剪辑-转化引导-厨具-20260610-无-625-aigc-4,1.69,272,5,0.00,0.00,1.84
2026-07-22,13662919215,CH-SC-广义新-10130866966155-新综合频道-服饰内衣-京喜拉新-剪辑-转化引导-服饰内衣-20260624-无-625-3,1.64,148,55,0.00,0.00,37.16
2026-07-22,13846435762,CH-SC-低活-10220560400432-超级抢购-生活日用-无-剪辑-转化引导-生活日用-20260708-无-625-aigc-18,1.60,336,10,0.00,0.00,2.98
2026-07-22,13799924045,CH-SC-广义新-10158258669630-新综合频道-居家布艺-京喜拉新-剪辑-转化引导-居家布艺-20260706-无-625-aigc-10,1.60,1041,54,0.00,0.00,5.19
2026-07-22,13662920782,CH-SC-广义新-10130866966155-新综合频道-服饰内衣-京喜拉新-剪辑-转化引导-服饰内衣-20260624-无-625-10,1.57,139,44,0.00,0.00,31.65
2026-07-22,13846427213,CH-SC-低活-10220560400432-超级抢购-生活日用-无-剪辑-转化引导-生活日用-20260708-无-625-aigc-10,1.54,122,14,0.00,0.00,11.48
2026-07-22,13904991258,CH-SC-广义新-10136363822650-新综合频道-家庭清洁-京喜拉新-剪辑-转化引导-家庭清洁-20260717-反向-625-3,1.53,544,14,1.53,1.00,2.57
2026-07-22,13746295941,CH-SC-广义新-10136364012448-新综合频道-纸品-京喜拉新-剪辑-转化引导-纸品-20260701-无-625-aigc-19,1.52,993,6,0.00,0.00,0.60
2026-07-22,13846346637,CH-SC-低活-10113209119177-超级抢购-电动车-无-剪辑-转化引导-电动车-20260708-无-625-12,1.52,95,1,0.00,0.00,1.05
2026-07-22,13746315224,CH-SC-广义新-10136364012448-新综合频道-纸品-京喜拉新-剪辑-转化引导-纸品-20260701-无-625-aigc-11,1.48,1023,3,0.00,0.00,0.29
2026-07-22,13873272312,CH-SC-低活-10081585918372-超级抢购-纸品-无-剪辑-转化引导-纸品-20260702-无-625-aigc-11,1.44,104,9,0.00,0.00,8.65
2026-07-22,13846312854,CH-SC-低活-10140917922437-超级抢购-家庭清洁-无-剪辑-转化引导-家庭清洁-20260708-无-625-aigc-13,1.41,167,3,0.00,0.00,1.80
2026-07-22,13799928462,CH-SC-广义新-10158258669630-新综合频道-居家布艺-京喜拉新-剪辑-转化引导-居家布艺-20260706-无-625-aigc-3,1.36,309,27,0.00,0.00,8.74
2026-07-22,13916117935,CH-SC-广义新-10155000015319-新综合频道-厨具-京喜拉新-剪辑-转化引导-厨具-20260716-无-625-aigc-9,1.35,37,1,0.00,0.00,2.70
2026-07-22,13916494785,CH-SC-广义新-10040988734451-新10元话费券-无-无-剪辑-转化引导-无-20260715-无-625-14,1.29,183,15,0.00,0.00,8.20
2026-07-22,13603353242,CH-SC-广义新-10166301474829-新综合频道-厨具-京喜拉新-剪辑-转化引导-厨具-20260617-反向-625-aigc-21,1.28,179,27,1.28,1.00,15.08
2026-07-22,13916489653,CH-SC-广义新-10040988734451-新10元话费券-无-无-剪辑-转化引导-无-20260715-无-625-1,1.27,112,11,0.00,0.00,9.82
2026-07-22,13916303191,CH-SC-低活-10140917922437-超级抢购-家庭清洁-无-剪辑-转化引导-家庭清洁-20260715-无-625-aigc-13,1.26,50,3,0.00,0.00,6.00
2026-07-22,13873199145,CH-SC-低活-10140917922437-超级抢购-家庭清洁-无-剪辑-转化引导-家庭清洁-20260709-无-625-aigc-8,1.20,154,7,0.00,0.00,4.55
2026-07-22,13746324684,CH-SC-低活-10139440032542-超级抢购5元-运动户外-无-剪辑-转化引导-运动户外-20260630-无-625-aigc-5,1.20,56,1,0.00,0.00,1.79
2026-07-22,13846381296,CH-SC-低活-10112643484929-超级抢购-手机通讯-无-剪辑-转化引导-手机通讯-20260708-无-625-aigc-11,1.18,302,11,0.00,0.00,3.64
2026-07-22,13746295666,CH-SC-广义新-10136364012448-新综合频道-纸品-京喜拉新-剪辑-转化引导-纸品-20260701-无-625-aigc-18,1.17,213,1,0.00,0.00,0.47
2026-07-22,13846311562,CH-SC-低活-10140917922437-超级抢购-家庭清洁-无-剪辑-转化引导-家庭清洁-20260708-无-625-aigc-12,1.16,98,1,0.00,0.00,1.02
2026-07-22,13916106597,CH-SC-广义新-10155000015319-新综合频道-厨具-京喜拉新-剪辑-转化引导-厨具-20260716-无-625-aigc-11,1.11,142,3,0.00,0.00,2.11
2026-07-22,13916108983,CH-SC-广义新-10155000015319-新综合频道-厨具-京喜拉新-剪辑-转化引导-厨具-20260716-无-625-aigc-10,1.08,575,2,0.00,0.00,0.35
2026-07-22,13872650137,CH-SC-广义新-10136363822650 -新综合频道-纸品-京喜拉新-剪辑-转化引导-纸品-20260714-无-625-3,1.08,117,1,0.00,0.00,0.85
2026-07-22,13846392308,CH-SC-低活-10112643484929-超级抢购-手机通讯-无-剪辑-转化引导-手机通讯-20260708-无-625-aigc-18,1.06,171,10,0.00,0.00,5.85
2026-07-22,13486890259,CH-SC-广义新-无-新10元话费券-10元话费券-京喜拉新-剪辑-转化引导-10元话费券-20260605-无-625-11,1.05,34,7,0.00,0.00,20.59
2026-07-22,13860514385,CH-SC-广义新-10211945068200-新综合频道-农资园艺-京喜拉新-剪辑-转化引导-农资园艺-20260713-反向-625-4,1.04,10,5,0.00,0.00,50.00
2026-07-22,13799756880,CH-SC-广义新-10157346551639-新综合频道-生鲜-京喜拉新-剪辑-转化引导-生鲜-20260706-无-625-11,1.02,166,3,0.00,0.00,1.81
2026-07-22,13836043947,CH-SC-低活-10118706992345-超级抢购-纸品-无-剪辑-转化引导-纸品-20260702-无-625-aigc-4,1.02,45,15,0.00,0.00,33.33
2026-07-22,13581451478,CH-SC-广义新-10130866966155-新综合频道-服饰内衣-京喜拉新-剪辑-转化引导-服饰内衣-20260615-反向-625-aigc-6,1.01,250,59,0.00,0.00,23.60
2026-07-22,13731661880,CH-SC-广义新-10103971298079-新综合频道-家具-京喜拉新-剪辑-转化引导-家具-20260630-反向-625-8,0.95,42,16,0.00,0.00,38.10
2026-07-22,13352556484,CH-SC-低活-10081585918372-超级抢购-家庭清洁纸品-无-剪辑-转化引导-家庭清洁纸品-20260521-无-625-20,0.95,386,7,0.00,0.00,1.81
2026-07-22,13397043378,CH-SC-广义新-10215767576641-新综合频道-生鲜-京喜拉新-剪辑-转化引导-生鲜-20260526-反向-625-aigc-6,0.94,509,35,0.00,0.00,6.88
2026-07-22,13776599474,CH-SC-广义新-10177393646076-新综合频道-灯饰照明-京喜拉新-剪辑-转化引导-灯饰照明-20260702-反向-625-aigc-14,0.93,35,5,0.00,0.00,14.29
2026-07-22,13846417634,CH-SC-低活-10220560400432-超级抢购-生活日用-无-剪辑-转化引导-生活日用-20260708-无-625-aigc-4,0.91,218,22,0.00,0.00,10.09
2026-07-22,13916103586,CH-SC-广义新-10155000015319-新综合频道-厨具-京喜拉新-剪辑-转化引导-厨具-20260716-无-625-aigc-1,0.87,696,2,0.00,0.00,0.29
2026-07-22,13873245744,CH-SC-低活-10217740550325-超级抢购-箱包皮具-无-剪辑-转化引导-箱包皮具-20260713-无-625-aigc-8,0.87,26,0,0.00,0.00,0.00
2026-07-22,13746314373,CH-SC-广义新-10136364012448-新综合频道-纸品-京喜拉新-剪辑-转化引导-纸品-20260701-无-625-aigc-12,0.86,747,2,0.00,0.00,0.27
2026-07-22,13845984775,CH-SC-广义新-10120961944861-新综合频道-运动户外 -京喜拉新-剪辑-转化引导-运动户外 -20260710-无-625-aigc-9,0.83,73,1,0.00,0.00,1.37
2026-07-22,13722920074,CH-SC-低活-10220560400432-超级抢购加补-生活日用-无-剪辑-转化引导-生活日用-20260629-无-625-aigc-8,0.82,53,17,0.00,0.00,32.08
2026-07-22,13846387962,CH-SC-低活-10112643484929-超级抢购-手机通讯-无-剪辑-转化引导-手机通讯-20260708-无-625-aigc-15,0.82,284,9,0.00,0.00,3.17
2026-07-22,13873215737,CH-SC-低活-10113209119177-超级抢购-电动车-无-剪辑-转化引导-电动车-20260709-无-625-8,0.80,62,1,0.00,0.00,1.61
2026-07-22,13835196265,CH-SC-广义新-10109170972947-新综合频道-钟表眼镜-京喜拉新-剪辑-转化引导-钟表眼镜-20260708-无-625-aigc-11,0.79,72,6,0.00,0.00,8.33
2026-07-22,13746301261,CH-SC-广义新-10136364012448-新综合频道-纸品-京喜拉新-剪辑-转化引导-纸品-20260701-无-625-aigc-3,0.78,160,0,0.00,0.00,0.00
2026-07-22,13815437651,CH-PRJ-采销项目-10227170510852-快手-本地生活-无-剪辑-转化引导-本地生活-20260710-无-625-10,0.76,14,6,0.00,0.00,42.86
2026-07-22,13873244696,CH-SC-低活-10217740550325-超级抢购-箱包皮具-无-剪辑-转化引导-箱包皮具-20260713-无-625-aigc-7,0.75,33,1,0.00,0.00,3.03
2026-07-22,13916311123,CH-SC-低活-10215767576641-超级抢购-生鲜-无-剪辑-转化引导-生鲜-20260715-无-625-aigc-1,0.73,40,2,0.00,0.00,5.00
2026-07-22,13916308580,CH-SC-低活-10215767576641-超级抢购-生鲜-无-剪辑-转化引导-生鲜-20260715-无-625-aigc-8,0.73,133,12,0.00,0.00,9.02
2026-07-22,13746300537,CH-SC-广义新-10136364012448-新综合频道-纸品-京喜拉新-剪辑-转化引导-纸品-20260701-无-625-aigc-2,0.72,483,2,0.00,0.00,0.41
2026-07-22,13846422800,CH-SC-低活-10220560400432-超级抢购-生活日用-无-剪辑-转化引导-生活日用-20260708-无-625-aigc-8,0.72,209,8,0.00,0.00,3.83
2026-07-22,13799966019,CH-SC-广义新-10139440032542-新综合频道-运动户外-京喜拉新-剪辑-转化引导-运动户外-20260703-无-625-aigc-15,0.71,2,1,0.00,0.00,50.00
2026-07-22,13799926468,CH-SC-广义新-10158258669630-新综合频道-居家布艺-京喜拉新-剪辑-转化引导-居家布艺-20260706-无-625-aigc-12,0.70,464,31,0.00,0.00,6.68
2026-07-22,13835193716,CH-SC-广义新-10109170972947-新综合频道-钟表眼镜-京喜拉新-剪辑-转化引导-钟表眼镜-20260708-无-625-aigc-5,0.70,103,5,0.00,0.00,4.85
2026-07-22,13651877509,CH-SC-广义新-10125368295124-新综合频道-家用电器-京喜拉新-剪辑-转化引导-家用电器-20260623-无-625-1,0.68,13,1,0.00,0.00,7.69
2026-07-22,13731660821,CH-SC-广义新-10103971298079-新综合频道-家具-京喜拉新-剪辑-转化引导-家具-20260630-反向-625-5,0.67,88,11,0.00,0.00,12.50
2026-07-22,13746296787,CH-SC-广义新-10136364012448-新综合频道-纸品-京喜拉新-剪辑-转化引导-纸品-20260701-无-625-aigc-20,0.67,221,1,0.00,0.00,0.45
2026-07-22,13799781871,CH-SC-广义新-10155085148227-新综合频道-家用电器-京喜拉新-剪辑-转化引导-家用电器-20260707-反向-625-aigc-15,0.67,57,0,0.00,0.00,0.00
2026-07-22,13845971377,CH-SC-广义新-10156923061370-新综合频道-数码-京喜拉新-剪辑-转化引导-数码-20260710-无-625-4,0.66,606,21,0.00,0.00,3.47
2026-07-22,13873254531,CH-SC-低活-10081585918372-超级抢购-纸品-无-剪辑-转化引导-纸品-20260702-无-625-aigc-29,0.64,27,9,0.00,0.00,33.33
2026-07-22,13835231456,CH-SC-广义新-10211029652151-新综合频道-纸品-京喜拉新-剪辑-转化引导-纸品-20260709-无-625-1,0.62,12,6,0.00,0.00,50.00
2026-07-22,13872649671,CH-SC-广义新-10136363822650 -新综合频道-纸品-京喜拉新-剪辑-转化引导-纸品-20260714-无-625-4,0.61,15,1,0.00,0.00,6.67
2026-07-22,13836030048,CH-SC-低活-10223482211866-超级抢购-生活日用-无-剪辑-转化引导-生活日用-20260703-无-625-11,0.60,22,11,0.00,0.00,50.00
2026-07-22,13846409286,CH-SC-低活-10220560400432-超级抢购-生活日用-无-剪辑-转化引导-生活日用-20260708-无-625-aigc-19,0.60,63,12,0.00,0.00,19.05
2026-07-22,13486882714,CH-SC-广义新-无-新10元话费券-10元话费券-京喜拉新-剪辑-转化引导-10元话费券-20260605-无-625-25,0.59,89,30,0.00,0.00,33.71
2026-07-22,13882950037,CH-SC-低活-10162692688878-超级抢购-家用电器-无-剪辑-转化引导-家用电器-20260714-无-625-aigc-15,0.56,72,9,0.00,0.00,12.50
2026-07-22,13846430246,CH-SC-低活-10220560400432-超级抢购-生活日用-无-剪辑-转化引导-生活日用-20260708-无-625-aigc-12,0.55,198,6,0.00,0.00,3.03
2026-07-22,13614673056,CH-SC-低活-10143318867797-超级抢购5元-厨具-无-剪辑-转化引导-厨具-20260618-无-625-aigc-2,0.55,63,0,0.00,0.00,0.00
2026-07-22,13746283960,CH-SC-广义新-10109170972947-新综合频道-钟表眼镜-京喜拉新-剪辑-转化引导-钟表眼镜-20260701-无-625-aigc-9,0.53,96,5,0.00,0.00,5.21
2026-07-22,13873222336,CH-SC-低活-10162692688878-超级抢购-家用电器-无-剪辑-转化引导-家用电器-20260710-无-625-aigc-3,0.52,88,20,0.00,0.00,22.73
2026-07-22,13846337923,CH-SC-低活-10113209119177-超级抢购-电动车-无-剪辑-转化引导-电动车-20260708-无-625-5,0.52,34,0,0.00,0.00,0.00
2026-07-22,13799914041,CH-SC-广义新-10118706992345-新综合频道-纸品-京喜拉新-剪辑-转化引导-纸品-20260707-无-625-aigc-1,0.52,119,1,0.00,0.00,0.84
2026-07-22,13746301237,CH-SC-广义新-10136364012448-新综合频道-纸品-京喜拉新-剪辑-转化引导-纸品-20260701-无-625-aigc-1,0.51,205,0,0.00,0.00,0.00
2026-07-22,13916308362,CH-SC-低活-10215767576641-超级抢购-生鲜-无-剪辑-转化引导-生鲜-20260715-无-625-aigc-6,0.50,139,18,0.00,0.00,12.95
2026-07-22,13860488800,CH-SC-广义新-10151951361734-新综合频道-箱包皮具-京喜拉新-剪辑-转化引导-箱包皮具-20260713-无-625-aigc-6,0.50,17,2,0.00,0.00,11.76
2026-07-22,13916495614,CH-SC-广义新-10040988734451-新10元话费券-无-无-剪辑-转化引导-无-20260715-无-625-12,0.49,60,0,0.00,0.00,0.00
2026-07-22,13397046652,CH-SC-广义新-10215767576641-新综合频道-生鲜-京喜拉新-剪辑-转化引导-生鲜-20260526-反向-625-aigc-2,0.48,77,8,0.00,0.00,10.39
2026-07-22,13873194156,CH-SC-低活-10140917922437-超级抢购-家庭清洁-无-剪辑-转化引导-家庭清洁-20260709-无-625-aigc-5,0.48,7,1,0.00,0.00,14.29
2026-07-22,13836042478,CH-SC-低活-10118706992345-超级抢购-纸品-无-剪辑-转化引导-纸品-20260702-无-625-aigc-2,0.48,165,3,0.00,0.00,1.82
2026-07-22,13835230593,CH-SC-广义新-10211029652151-新综合频道-纸品-京喜拉新-剪辑-转化引导-纸品-20260709-无-625-15,0.47,37,6,0.00,0.00,16.22
2026-07-22,13846316443,CH-SC-低活-10140917922437-超级抢购-家庭清洁-无-剪辑-转化引导-家庭清洁-20260708-无-625-aigc-16,0.47,237,5,0.00,0.00,2.11
2026-07-22,13845967373,CH-SC-广义新-10156923061370-新综合频道-数码-京喜拉新-剪辑-转化引导-数码-20260710-无-625-3,0.47,685,24,0.00,0.00,3.50
2026-07-22,13846409972,CH-SC-低活-10220560400432-超级抢购-生活日用-无-剪辑-转化引导-生活日用-20260708-无-625-aigc-20,0.47,53,19,0.00,0.00,35.85
2026-07-22,13662919410,CH-SC-广义新-10130866966155-新综合频道-服饰内衣-京喜拉新-剪辑-转化引导-服饰内衣-20260624-无-625-4,0.44,34,7,0.00,0.00,20.59
2026-07-22,13916304807,CH-SC-低活-10140917922437-超级抢购-家庭清洁-无-剪辑-转化引导-家庭清洁-20260715-无-625-aigc-1,0.44,31,0,0.00,0.00,0.00
2026-07-22,13916497706,CH-SC-广义新-10040988734451-新10元话费券-无-无-剪辑-转化引导-无-20260715-无-625-3,0.43,45,1,0.00,0.00,2.22
2026-07-22,13776526340,CH-SC-广义新-10130866966155-新综合频道-服饰内衣-京喜拉新-剪辑-转化引导-服饰内衣-20260702-无-625-aigc-12,0.43,69,9,0.00,0.00,13.04
2026-07-22,13397056832,CH-SC-广义新-10219841541026-新综合频道-厨具-京喜拉新-剪辑-转化引导-厨具-20260526-反向-625-aigc-8,0.42,17,0,0.00,0.00,0.00
2026-07-22,13719130093,CH-SC-广义新-10130866966155-新综合频道-服饰内衣-京喜拉新-剪辑-转化引导-服饰内衣-20260629-无-625-aigc-9,0.41,318,3,0.00,0.00,0.94
2026-07-22,13916303997,CH-SC-低活-10140917922437-超级抢购-家庭清洁-无-剪辑-转化引导-家庭清洁-20260715-无-625-aigc-15,0.40,38,0,0.00,0.00,0.00
2026-07-22,13916307253,CH-SC-低活-10215767576641-超级抢购-生鲜-无-剪辑-转化引导-生鲜-20260715-无-625-aigc-4,0.39,26,2,0.00,0.00,7.69
2026-07-22,13746328313,CH-SC-低活-10139440032542-超级抢购5元-运动户外-无-剪辑-转化引导-运动户外-20260630-无-625-aigc-8,0.38,38,3,0.00,0.00,7.89
2026-07-22,13471069673,CH-SC-广义新-10136363822650-新综合频道-家庭清洁-京喜拉新-剪辑-转化引导-家庭清洁-20260602-反向-625-aigc-5,0.38,9,1,0.00,0.00,11.11
2026-07-22,13836023118,CH-SC-低活-10081585918372-超级抢购-纸品-无-剪辑-转化引导-纸品-20260702-无-625-aigc-4,0.38,8,1,0.00,0.00,12.50
2026-07-22,13397046406,CH-SC-广义新-10215767576641-新综合频道-生鲜-京喜拉新-剪辑-转化引导-生鲜-20260526-反向-625-aigc-3,0.37,61,13,0.00,0.00,21.31
2026-07-22,13846300315,CH-SC-低活-10162692688878-超级抢购-家用电器-无-剪辑-转化引导-家用电器-20260708-无-625-aigc-15,0.37,15,0,0.00,0.00,0.00
2026-07-22,13873257894,CH-SC-低活-10081585918372-超级抢购-纸品-无-剪辑-转化引导-纸品-20260702-无-625-aigc-30,0.36,43,6,0.00,0.00,13.95
2026-07-22,13860514374,CH-SC-广义新-10211945068200-新综合频道-农资园艺-京喜拉新-剪辑-转化引导-农资园艺-20260713-反向-625-6,0.36,1,0,0.00,0.00,0.00
2026-07-22,13776619971,CH-SC-广义新-10177393646076-新综合频道-灯饰照明-京喜拉新-剪辑-转化引导-灯饰照明-20260702-反向-625-aigc-21,0.36,21,6,0.00,0.00,28.57
2026-07-22,13845991997,CH-SC-广义新-10120961944861-新综合频道-运动户外 -京喜拉新-剪辑-转化引导-运动户外 -20260710-无-625-aigc-12,0.36,70,1,0.00,0.00,1.43
2026-07-22,13486889621,CH-SC-广义新-无-新10元话费券-10元话费券-京喜拉新-剪辑-转化引导-10元话费券-20260605-无-625-12,0.34,13,1,0.00,0.00,7.69
2026-07-22,13719129393,CH-SC-广义新-10130866966155-新综合频道-服饰内衣-京喜拉新-剪辑-转化引导-服饰内衣-20260629-无-625-aigc-7,0.33,85,39,0.00,0.00,45.88
2026-07-22,13614620052,CH-SC-广义新-10161130444375-新综合频道-农资园艺-京喜拉新-剪辑-转化引导-农资园艺-20260618-反向-625-aigc-13,0.33,46,0,0.00,0.00,0.00
2026-07-22,13835192145,CH-SC-广义新-10109170972947-新综合频道-钟表眼镜-京喜拉新-剪辑-转化引导-钟表眼镜-20260708-无-625-aigc-1,0.33,59,3,0.00,0.00,5.08
2026-07-22,13835216162,CH-SC-广义新-10153911006548-新综合频道-粮油调味-京喜拉新-剪辑-转化引导-粮油调味-20260708-无-625-aigc-3,0.33,26,0,0.00,0.00,0.00
2026-07-22,13873211899,CH-SC-低活-10113209119177-超级抢购-电动车-无-剪辑-转化引导-电动车-20260709-无-625-4,0.32,15,0,0.00,0.00,0.00
2026-07-22,13873255943,CH-SC-低活-10081585918372-超级抢购-纸品-无-剪辑-转化引导-纸品-20260702-无-625-aigc-27,0.32,1,0,0.00,0.00,0.00
2026-07-22,13776589156,CH-SC-广义新-10177393646076-新综合频道-灯饰照明-京喜拉新-剪辑-转化引导-灯饰照明-20260702-反向-625-aigc-9,0.31,141,6,0.00,0.00,4.26
2026-07-22,13614621411,CH-SC-广义新-10161130444375-新综合频道-农资园艺-京喜拉新-剪辑-转化引导-农资园艺-20260618-反向-625-aigc-15,0.31,51,0,0.00,0.00,0.00
2026-07-22,13614680716,CH-SC-低活-10143318867797-超级抢购5元-厨具-无-剪辑-转化引导-厨具-20260618-无-625-aigc-1,0.31,134,0,0.00,0.00,0.00
2026-07-22,13846301649,CH-SC-低活-10162692688878-超级抢购-家用电器-无-剪辑-转化引导-家用电器-20260708-无-625-aigc-16,0.31,9,0,0.00,0.00,0.00
2026-07-22,13776521705,CH-SC-广义新-10130866966155-新综合频道-服饰内衣-京喜拉新-剪辑-转化引导-服饰内衣-20260702-无-625-aigc-9,0.31,105,16,0.00,0.00,15.24
2026-07-22,13846325426,CH-SC-低活-10113209119177-超级抢购-电动车-无-剪辑-转化引导-电动车-20260708-无-625-25,0.30,14,1,0.00,0.00,7.14
2026-07-22,13614624762,CH-SC-广义新-10134479334759-新综合频道-钟表眼镜-京喜拉新-剪辑-转化引导-钟表眼镜-20260618-无-625-aigc-5,0.30,60,0,0.00,0.00,0.00
2026-07-22,13882948560,CH-SC-低活-10162692688878-超级抢购-家用电器-无-剪辑-转化引导-家用电器-20260714-无-625-aigc-12,0.29,29,0,0.00,0.00,0.00
2026-07-22,13846317793,CH-SC-低活-10140917922437-超级抢购-家庭清洁-无-剪辑-转化引导-家庭清洁-20260708-无-625-aigc-17,0.29,58,5,0.00,0.00,8.62
2026-07-22,13846347604,CH-SC-低活-10113209119177-超级抢购-电动车-无-剪辑-转化引导-电动车-20260708-无-625-15,0.29,8,0,0.00,0.00,0.00
2026-07-22,13651816914,CH-SC-低活-10081585918372-超级抢购-家庭清洁纸品-无-剪辑-转化引导-家庭清洁纸品-20260623-无-625-aigc-19,0.29,46,6,0.00,0.00,13.04
2026-07-22,13731657139,CH-SC-广义新-10103971298079-新综合频道-家具-京喜拉新-剪辑-转化引导-家具-20260630-反向-625-16,0.28,60,0,0.00,0.00,0.00
2026-07-22,13746310067,CH-SC-广义新-10136364012448-新综合频道-纸品-京喜拉新-剪辑-转化引导-纸品-20260701-无-625-aigc-8,0.28,254,0,0.00,0.00,0.00
2026-07-22,13815439724,CH-PRJ-采销项目-10227170510852-快手-本地生活-无-剪辑-转化引导-本地生活-20260710-无-625-13,0.28,2,2,0.00,0.00,100.00
2026-07-22,13746310254,CH-SC-广义新-10136364012448-新综合频道-纸品-京喜拉新-剪辑-转化引导-纸品-20260701-无-625-aigc-9,0.28,51,2,0.00,0.00,3.92
2026-07-22,13873191026,CH-SC-低活-10140917922437-超级抢购-家庭清洁-无-剪辑-转化引导-家庭清洁-20260709-无-625-aigc-2,0.28,10,0,0.00,0.00,0.00
2026-07-22,13746269667,CH-SC-广义新-10109170972947-新综合频道-钟表眼镜-京喜拉新-剪辑-转化引导-钟表眼镜-20260701-无-625-aigc-16,0.28,46,3,0.00,0.00,6.52
2026-07-22,13746279039,CH-SC-广义新-10109170972947-新综合频道-钟表眼镜-京喜拉新-剪辑-转化引导-钟表眼镜-20260701-无-625-aigc-5,0.28,70,4,0.00,0.00,5.71
2026-07-22,13746316917,CH-SC-广义新-10136364012448-新综合频道-纸品-京喜拉新-剪辑-转化引导-纸品-20260701-无-625-aigc-14,0.26,256,0,0.00,0.00,0.00
2026-07-22,13873261096,CH-SC-低活-10081585918372-超级抢购-纸品-无-剪辑-转化引导-纸品-20260702-无-625-aigc-2,0.26,20,3,0.00,0.00,15.00
2026-07-22,13835195185,CH-SC-广义新-10109170972947-新综合频道-钟表眼镜-京喜拉新-剪辑-转化引导-钟表眼镜-20260708-无-625-aigc-9,0.26,230,1,0.00,0.00,0.43
2026-07-22,13846319941,CH-SC-低活-10140917922437-超级抢购-家庭清洁-无-剪辑-转化引导-家庭清洁-20260708-无-625-aigc-2,0.26,18,0,0.00,0.00,0.00
2026-07-22,13746285472,CH-SC-广义新-10109170972947-新综合频道-钟表眼镜-京喜拉新-剪辑-转化引导-钟表眼镜-20260701-无-625-aigc-11,0.25,18,2,0.00,0.00,11.11
2026-07-22,13835192927,CH-SC-广义新-10109170972947-新综合频道-钟表眼镜-京喜拉新-剪辑-转化引导-钟表眼镜-20260708-无-625-aigc-4,0.25,49,1,0.00,0.00,2.04
2026-07-22,13592311755,CH-SC-广义新-10139440032542-新综合频道-运动户外-京喜拉新-剪辑-转化引导-运动户外-20260616-无-625-aigc-17,0.25,66,0,0.00,0.00,0.00
2026-07-22,13746292023,CH-SC-广义新-10136364012448-新综合频道-纸品-京喜拉新-剪辑-转化引导-纸品-20260701-无-625-aigc-17,0.25,67,0,0.00,0.00,0.00
2026-07-22,13746307382,CH-SC-广义新-10136364012448-新综合频道-纸品-京喜拉新-剪辑-转化引导-纸品-20260701-无-625-aigc-7,0.25,194,0,0.00,0.00,0.00
2026-07-22,13873237233,CH-SC-低活-10118706992345-超级抢购-纸品-无-剪辑-转化引导-纸品-20260710-无-625-aigc-1,0.24,51,1,0.00,0.00,1.96
2026-07-22,13614620757,CH-SC-广义新-10161130444375-新综合频道-农资园艺-京喜拉新-剪辑-转化引导-农资园艺-20260618-反向-625-aigc-12,0.24,22,0,0.00,0.00,0.00
2026-07-22,13746320869,CH-SC-低活-10139440032542-超级抢购5元-运动户外-无-剪辑-转化引导-运动户外-20260630-无-625-aigc-2,0.24,48,0,0.00,0.00,0.00
2026-07-22,13916066665,信息流-小牛-打火机-京东主体-代运营-新人福利价-0720-10162692688878-625-设计自选-aigc-8,0.23,57,7,0.00,0.00,12.28
2026-07-22,13916489625,CH-SC-广义新-10040988734451-新10元话费券-无-无-剪辑-转化引导-无-20260715-无-625-4,0.23,20,1,0.00,0.00,5.00
2026-07-22,13922159791,信息流-小牛-抽纸-京东主体-代运营-新人福利价-0721-100281253200-设计自选-625-aigc-20,0.23,127,1,0.00,0.00,0.79
2026-07-22,13746314980,CH-SC-广义新-10136364012448-新综合频道-纸品-京喜拉新-剪辑-转化引导-纸品-20260701-无-625-aigc-13,0.22,168,0,0.00,0.00,0.00
2026-07-22,13836034892,CH-SC-低活-10223482211866-超级抢购-生活日用-无-剪辑-转化引导-生活日用-20260703-无-625-1,0.22,14,8,0.00,0.00,57.14
2026-07-22,13835194217,CH-SC-广义新-10109170972947-新综合频道-钟表眼镜-京喜拉新-剪辑-转化引导-钟表眼镜-20260708-无-625-aigc-7,0.22,124,0,0.00,0.00,0.00
2026-07-22,13776598531,CH-SC-广义新-10177393646076-新综合频道-灯饰照明-京喜拉新-剪辑-转化引导-灯饰照明-20260702-反向-625-aigc-13,0.22,14,1,0.00,0.00,7.14
2026-07-22,13746354563,CH-SC-低活-10112643484929-超级抢购加补-手机通讯-无-剪辑-转化引导-手机通讯-20260630-无-625-1,0.21,22,0,0.00,0.00,0.00
2026-07-22,13614617361,CH-SC-广义新-10161130444375-新综合频道-农资园艺-京喜拉新-剪辑-转化引导-农资园艺-20260618-反向-625-aigc-8,0.21,26,0,0.00,0.00,0.00
2026-07-22,13746270308,CH-SC-广义新-10109170972947-新综合频道-钟表眼镜-京喜拉新-剪辑-转化引导-钟表眼镜-20260701-无-625-aigc-17,0.21,48,1,0.00,0.00,2.08
2026-07-22,13846312909,CH-SC-低活-10140917922437-超级抢购-家庭清洁-无-剪辑-转化引导-家庭清洁-20260708-无-625-aigc-14,0.21,18,1,0.00,0.00,5.56
2026-07-22,13662920826,CH-SC-广义新-10130866966155-新综合频道-服饰内衣-京喜拉新-剪辑-转化引导-服饰内衣-20260624-无-625-9,0.20,29,1,0.00,0.00,3.45
2026-07-22,13746310794,CH-SC-广义新-10136364012448-新综合频道-纸品-京喜拉新-剪辑-转化引导-纸品-20260701-无-625-aigc-10,0.20,117,2,0.00,0.00,1.71
2026-07-22,13421929028,CH-SC-广义新-10155085148227-新综合频道-家用电器-京喜拉新-剪辑-转化引导-家用电器-20260528-无-625-10,0.20,19,0,0.00,0.00,0.00
2026-07-22,13421936745,CH-SC-广义新-10155085148227-新综合频道-家用电器-京喜拉新-剪辑-转化引导-家用电器-20260528-无-625-20,0.20,72,1,0.00,0.00,1.39
2026-07-22,13614614832,CH-SC-广义新-10161130444375-新综合频道-农资园艺-京喜拉新-剪辑-转化引导-农资园艺-20260618-反向-625-aigc-6,0.19,6,0,0.00,0.00,0.00
2026-07-22,13614631318,CH-SC-广义新-10161130444375-新综合频道-农资园艺-京喜拉新-剪辑-转化引导-农资园艺-20260618-反向-625-aigc-1,0.19,24,0,0.00,0.00,0.00
2026-07-22,13922151320,信息流-小牛-抽纸-京东主体-代运营-新人福利价-0721-100281253200-设计自选-625-aigc-3,0.19,98,3,0.00,0.00,3.06
2026-07-22,13746278025,CH-SC-广义新-10109170972947-新综合频道-钟表眼镜-京喜拉新-剪辑-转化引导-钟表眼镜-20260701-无-625-aigc-4,0.19,33,3,0.00,0.00,9.09
2026-07-22,13846389536,CH-SC-低活-10112643484929-超级抢购-手机通讯-无-剪辑-转化引导-手机通讯-20260708-无-625-aigc-16,0.18,36,0,0.00,0.00,0.00
2026-07-22,13614675075,CH-SC-低活-10143318867797-超级抢购5元-厨具-无-剪辑-转化引导-厨具-20260618-无-625-aigc-6,0.18,6,4,0.00,0.00,66.67
2026-07-22,13614613443,CH-SC-广义新-10161130444375-新综合频道-农资园艺-京喜拉新-剪辑-转化引导-农资园艺-20260618-反向-625-aigc-3,0.18,33,0,0.00,0.00,0.00
2026-07-22,13836034502,CH-SC-低活-10223482211866-超级抢购-生活日用-无-剪辑-转化引导-生活日用-20260703-无-625-3,0.18,68,15,0.00,0.00,22.06
2026-07-22,13916310807,CH-SC-低活-10215767576641-超级抢购-生鲜-无-剪辑-转化引导-生鲜-20260715-无-625-aigc-10,0.18,21,2,0.00,0.00,9.52
2026-07-22,13614675657,CH-SC-低活-10143318867797-超级抢购5元-厨具-无-剪辑-转化引导-厨具-20260618-无-625-aigc-7,0.17,94,3,0.00,0.00,3.19
2026-07-22,13873186801,CH-SC-低活-10162692688878-超级抢购-家用电器-无-剪辑-转化引导-家用电器-20260709-无-625-aigc-9,0.17,112,0,0.00,0.00,0.00
2026-07-22,13835193701,CH-SC-广义新-10109170972947-新综合频道-钟表眼镜-京喜拉新-剪辑-转化引导-钟表眼镜-20260708-无-625-aigc-6,0.17,78,1,0.00,0.00,1.28
2026-07-22,13684856672,CH-SC-广义新-无-新10元话费券-10元话费券-京喜拉新-剪辑-转化引导-10元话费券-20260626-无-625-1,0.17,12,2,0.00,0.00,16.67
2026-07-22,13846012973,CH-SC-广义新-10140917922437-新综合频道-家庭清洁-京喜拉新-剪辑-转化引导-家庭清洁-20260710-无-625-aigc-5,0.16,7,3,0.00,0.00,42.86
2026-07-22,13651876631,CH-SC-广义新-10125368295124-新综合频道-家用电器-京喜拉新-剪辑-转化引导-家用电器-20260623-无-625-9,0.16,17,0,0.00,0.00,0.00
2026-07-22,13882945535,CH-SC-低活-10162692688878-超级抢购-家用电器-无-剪辑-转化引导-家用电器-20260714-无-625-aigc-13,0.16,137,0,0.00,0.00,0.00
2026-07-22,13836032434,CH-SC-低活-10223482211866-超级抢购-生活日用-无-剪辑-转化引导-生活日用-20260703-无-625-15,0.16,41,0,0.00,0.00,0.00
2026-07-22,13873248988,CH-SC-低活-10217740550325-超级抢购-箱包皮具-无-剪辑-转化引导-箱包皮具-20260713-无-625-aigc-3,0.16,14,1,0.00,0.00,7.14
2026-07-22,13559884947,CH-SC-广义新-10120132288166-新综合频道-运动户外-京喜拉新-剪辑-转化引导-运动户外-20260612-无-625-6,0.15,70,0,0.00,0.00,0.00
2026-07-22,13835189997,CH-SC-广义新-10109170972947-新综合频道-钟表眼镜-京喜拉新-剪辑-转化引导-钟表眼镜-20260708-无-625-aigc-13,0.15,25,0,0.00,0.00,0.00
2026-07-22,13815433525,CH-PRJ-采销项目-10227170510852-快手-本地生活-无-剪辑-转化引导-本地生活-20260710-无-625-6,0.15,6,3,0.00,0.00,50.00
2026-07-22,13872650749,CH-SC-广义新-10136363822650 -新综合频道-纸品-京喜拉新-剪辑-转化引导-纸品-20260714-无-625-6,0.15,13,0,0.00,0.00,0.00
2026-07-22,13746276241,CH-SC-广义新-10109170972947-新综合频道-钟表眼镜-京喜拉新-剪辑-转化引导-钟表眼镜-20260701-无-625-aigc-2,0.14,47,2,0.00,0.00,4.26
2026-07-22,13846433997,CH-SC-低活-10220560400432-超级抢购-生活日用-无-剪辑-转化引导-生活日用-20260708-无-625-aigc-16,0.14,17,0,0.00,0.00,0.00
2026-07-22,13860575912,CH-SC-广义新-10153911006548-新综合频道-粮油调味-京喜拉新-剪辑-转化引导-粮油调味-20260713-反向-625-aigc-5,0.14,14,1,0.00,0.00,7.14
2026-07-22,13684894906,CH-SC-低活-10113209119177-超级抢购-摩托车-无-剪辑-转化引导-摩托车-20260626-无-625-aigc-5,0.14,7,0,0.00,0.00,0.00
2026-07-22,13882957472,CH-SC-低活-10162692688878-超级抢购-家用电器-无-剪辑-转化引导-家用电器-20260714-无-625-aigc-3,0.14,10,0,0.00,0.00,0.00
2026-07-22,13845970023,CH-SC-广义新-10156923061370-新综合频道-数码-京喜拉新-剪辑-转化引导-数码-20260710-无-625-5,0.13,64,2,0.00,0.00,3.12
2026-07-22,13836027533,CH-SC-低活-10118706992345-超级抢购-纸品-无-剪辑-转化引导-纸品-20260702-无-625-aigc-9,0.13,16,0,0.00,0.00,0.00
2026-07-22,13799802662,CH-SC-广义新-10155085148227-新综合频道-家用电器-京喜拉新-剪辑-转化引导-家用电器-20260707-反向-625-aigc-6,0.13,82,1,0.00,0.00,1.22
2026-07-22,13916306204,CH-SC-低活-10215767576641-超级抢购-生鲜-无-剪辑-转化引导-生鲜-20260715-无-625-aigc-5,0.13,9,0,0.00,0.00,0.00
2026-07-22,13846329209,CH-SC-低活-10113209119177-超级抢购-电动车-无-剪辑-转化引导-电动车-20260708-无-625-1,0.13,5,0,0.00,0.00,0.00
2026-07-22,13882952480,CH-SC-低活-10162692688878-超级抢购-家用电器-无-剪辑-转化引导-家用电器-20260714-无-625-aigc-17,0.13,9,0,0.00,0.00,0.00
2026-07-22,13836045031,CH-SC-低活-10118706992345-超级抢购-纸品-无-剪辑-转化引导-纸品-20260702-无-625-aigc-3,0.13,46,0,0.00,0.00,0.00
2026-07-22,13846433173,CH-SC-低活-10220560400432-超级抢购-生活日用-无-剪辑-转化引导-生活日用-20260708-无-625-aigc-15,0.13,45,11,0.00,0.00,24.44
2026-07-22,13776527810,CH-SC-广义新-10130866966155-新综合频道-服饰内衣-京喜拉新-剪辑-转化引导-服饰内衣-20260702-无-625-aigc-16,0.12,8,2,0.00,0.00,25.00
2026-07-22,13746289876,CH-SC-广义新-10109170972947-新综合频道-钟表眼镜-京喜拉新-剪辑-转化引导-钟表眼镜-20260701-无-625-aigc-15,0.12,30,1,0.00,0.00,3.33
2026-07-22,13614615825,CH-SC-广义新-10161130444375-新综合频道-农资园艺-京喜拉新-剪辑-转化引导-农资园艺-20260618-反向-625-aigc-7,0.12,21,0,0.00,0.00,0.00
2026-07-22,13873226100,CH-SC-低活-10184888743389-超级抢购-纸品-无-剪辑-转化引导-纸品-20260710-无-625-aigc-5,0.12,7,4,0.00,0.00,57.14
2026-07-22,13836027051,CH-SC-低活-10118706992345-超级抢购-纸品-无-剪辑-转化引导-纸品-20260702-无-625-aigc-11,0.12,11,3,0.00,0.00,27.27
2026-07-22,13835229660,CH-SC-广义新-10211029652151-新综合频道-纸品-京喜拉新-剪辑-转化引导-纸品-20260709-无-625-13,0.11,21,1,0.00,0.00,4.76
2026-07-22,13651861755,CH-SC-广义新-10125368295124-新综合频道-家用电器-京喜拉新-剪辑-转化引导-家用电器-20260623-无-625-3,0.11,68,2,0.00,0.00,2.94
2026-07-22,13836029597,CH-SC-低活-10223482211866-超级抢购-生活日用-无-剪辑-转化引导-生活日用-20260703-无-625-9,0.11,5,2,0.00,0.00,40.00
2026-07-22,13559886877,CH-SC-广义新-10120132288166-新综合频道-运动户外-京喜拉新-剪辑-转化引导-运动户外-20260612-无-625-1,0.11,93,0,0.00,0.00,0.00
2026-07-22,13846394660,CH-SC-低活-10112643484929-超级抢购-手机通讯-无-剪辑-转化引导-手机通讯-20260708-无-625-aigc-20,0.11,92,0,0.00,0.00,0.00
2026-07-22,13746289343,CH-SC-广义新-10109170972947-新综合频道-钟表眼镜-京喜拉新-剪辑-转化引导-钟表眼镜-20260701-无-625-aigc-14,0.11,42,1,0.00,0.00,2.38
2026-07-22,13873175465,CH-SC-低活-10162692688878-超级抢购-家用电器-无-剪辑-转化引导-家用电器-20260709-无-625-aigc-17,0.10,70,0,0.00,0.00,0.00
2026-07-22,13776636016,CH-SC-广义新-10177393646076-新综合频道-灯饰照明-京喜拉新-剪辑-转化引导-灯饰照明-20260702-反向-625-aigc-2,0.10,15,0,0.00,0.00,0.00
2026-07-22,13845972181,CH-SC-广义新-10156923061370-新综合频道-数码-京喜拉新-剪辑-转化引导-数码-20260710-无-625-7,0.10,107,2,0.00,0.00,1.87
2026-07-22,13471029901,CH-SC-低活-10219841541026-超级抢购加补-厨具-无-剪辑-转化引导-厨具-20260602-无-625-3,0.10,35,1,0.00,0.00,2.86
2026-07-22,13746272362,CH-SC-广义新-10109170972947-新综合频道-钟表眼镜-京喜拉新-剪辑-转化引导-钟表眼镜-20260701-无-625-aigc-18,0.10,25,0,0.00,0.00,0.00
2026-07-22,13746279967,CH-SC-广义新-10109170972947-新综合频道-钟表眼镜-京喜拉新-剪辑-转化引导-钟表眼镜-20260701-无-625-aigc-7,0.10,19,4,0.00,0.00,21.05
2026-07-22,13799930681,CH-SC-广义新-10158258669630-新综合频道-居家布艺-京喜拉新-剪辑-转化引导-居家布艺-20260706-无-625-aigc-4,0.10,242,1,0.00,0.00,0.41
2026-07-22,13559885026,CH-SC-广义新-10120132288166-新综合频道-运动户外-京喜拉新-剪辑-转化引导-运动户外-20260612-无-625-5,0.09,25,0,0.00,0.00,0.00
2026-07-22,13492180108,CH-SC-低活-10215767576641-超级抢购5元-生鲜-无-剪辑-转化引导-生鲜-20260605-无-625-23,0.09,47,0,0.00,0.00,0.00
2026-07-22,13776673362,CH-SC-广义新-10118706992345-新综合频道-纸品-京喜拉新-剪辑-转化引导-纸品-20260702-无-625-aigc-12,0.09,57,0,0.00,0.00,0.00
2026-07-22,13922156787,信息流-小牛-抽纸-京东主体-代运营-新人福利价-0721-100281253200-设计自选-625-aigc-14,0.09,30,0,0.00,0.00,0.00
2026-07-22,13614630943,CH-SC-广义新-10161130444375-新综合频道-农资园艺-京喜拉新-剪辑-转化引导-农资园艺-20260618-反向-625-aigc-16,0.09,11,1,0.00,0.00,9.09
2026-07-22,13581450358,CH-SC-广义新-10130866966155-新综合频道-服饰内衣-京喜拉新-剪辑-转化引导-服饰内衣-20260615-反向-625-aigc-4,0.09,3,0,0.00,0.00,0.00
2026-07-22,13835233800,CH-SC-广义新-10211029652151-新综合频道-纸品-京喜拉新-剪辑-转化引导-纸品-20260709-无-625-6,0.09,28,1,0.00,0.00,3.57
2026-07-22,13846379340,CH-SC-低活-10112643484929-超级抢购-手机通讯-无-剪辑-转化引导-手机通讯-20260708-无-625-aigc-10,0.08,10,0,0.00,0.00,0.00
2026-07-22,13799945643,CH-SC-广义新-10139440032542-新综合频道-运动户外-京喜拉新-剪辑-转化引导-运动户外-20260703-无-625-aigc-4,0.08,6,0,0.00,0.00,0.00
2026-07-22,13916301057,CH-SC-低活-10140917922437-超级抢购-家庭清洁-无-剪辑-转化引导-家庭清洁-20260715-无-625-aigc-8,0.08,5,1,0.00,0.00,20.00
2026-07-22,13746287990,CH-SC-广义新-10109170972947-新综合频道-钟表眼镜-京喜拉新-剪辑-转化引导-钟表眼镜-20260701-无-625-aigc-13,0.08,14,1,0.00,0.00,7.14
2026-07-22,13873249245,CH-SC-低活-10217740550325-超级抢购-箱包皮具-无-剪辑-转化引导-箱包皮具-20260713-无-625-aigc-4,0.08,5,0,0.00,0.00,0.00
2026-07-22,13873178418,CH-SC-低活-10162692688878-超级抢购-家用电器-无-剪辑-转化引导-家用电器-20260709-无-625-aigc-3,0.08,3,0,0.00,0.00,0.00
2026-07-22,13614621848,CH-SC-广义新-10161130444375-新综合频道-农资园艺-京喜拉新-剪辑-转化引导-农资园艺-20260618-反向-625-aigc-14,0.08,4,0,0.00,0.00,0.00
2026-07-22,13846011708,CH-SC-广义新-10140917922437-新综合频道-家庭清洁-京喜拉新-剪辑-转化引导-家庭清洁-20260710-无-625-aigc-4,0.08,22,0,0.00,0.00,0.00
2026-07-22,13746280542,CH-SC-广义新-10109170972947-新综合频道-钟表眼镜-京喜拉新-剪辑-转化引导-钟表眼镜-20260701-无-625-aigc-6,0.08,4,4,0.00,0.00,100.00
2026-07-22,13536545311,CH-SC-低活-10219841541026-超级抢购加补-厨具-无-剪辑-转化引导-厨具-20260610-无-625-aigc-3,0.07,13,0,0.00,0.00,0.00
2026-07-22,13799929388,CH-SC-广义新-10158258669630-新综合频道-居家布艺-京喜拉新-剪辑-转化引导-居家布艺-20260706-无-625-aigc-1,0.07,22,0,0.00,0.00,0.00
2026-07-22,13846012852,CH-SC-广义新-10140917922437-新综合频道-家庭清洁-京喜拉新-剪辑-转化引导-家庭清洁-20260710-无-625-aigc-7,0.07,10,0,0.00,0.00,0.00
2026-07-22,13846010759,CH-SC-广义新-10140917922437-新综合频道-家庭清洁-京喜拉新-剪辑-转化引导-家庭清洁-20260710-无-625-aigc-2,0.07,14,0,0.00,0.00,0.00
2026-07-22,13799775505,CH-SC-广义新-10155085148227-新综合频道-家用电器-京喜拉新-剪辑-转化引导-家用电器-20260707-反向-625-aigc-12,0.07,25,0,0.00,0.00,0.00
2026-07-22,13836049721,CH-SC-低活-10156776256916-超级抢购-珠宝首饰-无-剪辑-转化引导-珠宝首饰-20260703-无-625-aigc-9,0.07,13,0,0.00,0.00,0.00
2026-07-22,13397044203,CH-SC-广义新-10215767576641-新综合频道-生鲜-京喜拉新-剪辑-转化引导-生鲜-20260526-反向-625-aigc-7,0.07,28,0,0.00,0.00,0.00
2026-07-22,13471071598,CH-SC-广义新-10136363822650-新综合频道-家庭清洁-京喜拉新-剪辑-转化引导-家庭清洁-20260602-反向-625-aigc-1,0.07,54,0,0.00,0.00,0.00
2026-07-22,13873175081,CH-SC-低活-10162692688878-超级抢购-家用电器-无-剪辑-转化引导-家用电器-20260709-无-625-aigc-16,0.07,33,0,0.00,0.00,0.00
2026-07-22,13873173915,CH-SC-低活-10162692688878-超级抢购-家用电器-无-剪辑-转化引导-家用电器-20260709-无-625-aigc-14,0.07,2,0,0.00,0.00,0.00
2026-07-22,13776499056,CH-SC-广义新-10143318867797-新综合频道-厨具-京喜拉新-剪辑-转化引导-厨具-20260702-反向-625-aigc-17,0.06,125,3,0.00,0.00,2.40
2026-07-22,13922158744,信息流-小牛-抽纸-京东主体-代运营-新人福利价-0721-100281253200-设计自选-625-aigc-18,0.06,19,2,0.00,0.00,10.53
2026-07-22,13916491411,CH-SC-广义新-10040988734451-新10元话费券-无-无-剪辑-转化引导-无-20260715-无-625-9,0.06,5,0,0.00,0.00,0.00
2026-07-22,13873269148,CH-SC-低活-10081585918372-超级抢购-纸品-无-剪辑-转化引导-纸品-20260702-无-625-aigc-8,0.06,21,2,0.00,0.00,9.52
2026-07-22,13662915269,CH-SC-广义新-10223419649136-新综合频道-手机通讯-京喜拉新-剪辑-转化引导-手机通讯-20260624-反向-625-AIGC-2,0.06,2,0,0.00,0.00,0.00
2026-07-22,13746283998,CH-SC-广义新-10109170972947-新综合频道-钟表眼镜-京喜拉新-剪辑-转化引导-钟表眼镜-20260701-无-625-aigc-10,0.06,8,1,0.00,0.00,12.50
2026-07-22,13614612617,CH-SC-广义新-10161130444375-新综合频道-农资园艺-京喜拉新-剪辑-转化引导-农资园艺-20260618-反向-625-aigc-4,0.06,13,0,0.00,0.00,0.00
2026-07-22,13860560856,CH-SC-广义新-10153911006548-新综合频道-粮油调味-京喜拉新-剪辑-转化引导-粮油调味-20260713-反向-625-aigc-6,0.06,4,1,0.00,0.00,25.00
2026-07-22,13873193276,CH-SC-低活-10140917922437-超级抢购-家庭清洁-无-剪辑-转化引导-家庭清洁-20260709-无-625-aigc-4,0.06,1,1,0.00,0.00,100.00
2026-07-22,13799952134,CH-SC-广义新-10139440032542-新综合频道-运动户外-京喜拉新-剪辑-转化引导-运动户外-20260703-无-625-aigc-6,0.06,11,1,0.00,0.00,9.09
2026-07-22,13845997471,CH-SC-广义新-10120961944861-新综合频道-运动户外 -京喜拉新-剪辑-转化引导-运动户外 -20260710-无-625-aigc-7,0.05,36,4,0.00,0.00,11.11
2026-07-22,13836036407,CH-SC-低活-10223482211866-超级抢购-生活日用-无-剪辑-转化引导-生活日用-20260703-无-625-4,0.05,12,1,0.00,0.00,8.33
2026-07-22,13873239465,CH-SC-低活-10118706992345-超级抢购-纸品-无-剪辑-转化引导-纸品-20260710-无-625-aigc-4,0.05,23,0,0.00,0.00,0.00
2026-07-22,13916116419,CH-SC-广义新-10155000015319-新综合频道-厨具-京喜拉新-剪辑-转化引导-厨具-20260716-无-625-aigc-6,0.05,5,0,0.00,0.00,0.00
2026-07-22,13846303476,CH-SC-低活-10140917922437-超级抢购-家庭清洁-无-剪辑-转化引导-家庭清洁-20260708-无-625-aigc-6,0.05,3,0,0.00,0.00,0.00
2026-07-22,13746287409,CH-SC-广义新-10109170972947-新综合频道-钟表眼镜-京喜拉新-剪辑-转化引导-钟表眼镜-20260701-无-625-aigc-12,0.05,13,1,0.00,0.00,7.69
2026-07-22,13835195403,CH-SC-广义新-10109170972947-新综合频道-钟表眼镜-京喜拉新-剪辑-转化引导-钟表眼镜-20260708-无-625-aigc-8,0.05,6,0,0.00,0.00,0.00
2026-07-22,13746272789,CH-SC-广义新-10109170972947-新综合频道-钟表眼镜-京喜拉新-剪辑-转化引导-钟表眼镜-20260701-无-625-aigc-19,0.05,10,1,0.00,0.00,10.00
2026-07-22,13916117535,CH-SC-广义新-10155000015319-新综合频道-厨具-京喜拉新-剪辑-转化引导-厨具-20260716-无-625-aigc-8,0.05,24,1,0.00,0.00,4.17
2026-07-22,13873241560,CH-SC-低活-10118706992345-超级抢购-纸品-无-剪辑-转化引导-纸品-20260710-无-625-aigc-6,0.05,9,1,0.00,0.00,11.11
2026-07-22,13746273311,CH-SC-广义新-10109170972947-新综合频道-钟表眼镜-京喜拉新-剪辑-转化引导-钟表眼镜-20260701-无-625-aigc-20,0.04,12,1,0.00,0.00,8.33
2026-07-22,13614618263,CH-SC-广义新-10161130444375-新综合频道-农资园艺-京喜拉新-剪辑-转化引导-农资园艺-20260618-反向-625-aigc-9,0.04,6,0,0.00,0.00,0.00
2026-07-22,13872634739,CH-SC-广义新-10155085148227-新综合频道-家用电器-京喜拉新-剪辑-转化引导-家用电器-20260714-无-625-9,0.04,14,0,0.00,0.00,0.00
2026-07-22,13873266928,CH-SC-低活-10081585918372-超级抢购-纸品-无-剪辑-转化引导-纸品-20260702-无-625-aigc-6,0.04,2,0,0.00,0.00,0.00
2026-07-22,13882954758,CH-SC-低活-10162692688878-超级抢购-家用电器-无-剪辑-转化引导-家用电器-20260714-无-625-aigc-2,0.04,15,1,0.00,0.00,6.67
2026-07-22,13873242126,CH-SC-低活-10118706992345-超级抢购-纸品-无-剪辑-转化引导-纸品-20260710-无-625-aigc-7,0.04,8,0,0.00,0.00,0.00
2026-07-22,13835190080,CH-SC-广义新-10109170972947-新综合频道-钟表眼镜-京喜拉新-剪辑-转化引导-钟表眼镜-20260708-无-625-aigc-14,0.04,4,1,0.00,0.00,25.00
2026-07-22,13592301637,CH-SC-广义新-10139440032542-新综合频道-运动户外-京喜拉新-剪辑-转化引导-运动户外-20260616-无-625-aigc-38,0.04,9,0,0.00,0.00,0.00
2026-07-22,13603387974,CH-SC-低活-10217740550325-超级抢购加补-箱包皮具-无-剪辑-转化引导-箱包皮具-20260617-无-625-aigc-10,0.04,5,0,0.00,0.00,0.00
2026-07-22,13882935732,CH-SC-低活-10162692688878-超级抢购-家用电器-无-剪辑-转化引导-家用电器-20260714-无-625-aigc-4,0.04,4,0,0.00,0.00,0.00
2026-07-22,13873177255,CH-SC-低活-10162692688878-超级抢购-家用电器-无-剪辑-转化引导-家用电器-20260709-无-625-aigc-1,0.04,6,0,0.00,0.00,0.00
2026-07-22,13731658362,CH-SC-广义新-10103971298079-新综合频道-家具-京喜拉新-剪辑-转化引导-家具-20260630-反向-625-19,0.04,4,2,0.00,0.00,50.00
2026-07-22,13581452102,CH-SC-广义新-10130866966155-新综合频道-服饰内衣-京喜拉新-剪辑-转化引导-服饰内衣-20260615-反向-625-aigc-10,0.04,1,1,0.00,0.00,100.00
2026-07-22,13547603878,CH-SC-低活-10140207411553-超级抢购加补-文教文化用品-无-剪辑-转化引导-文教文化用品-20260611-无-625-14,0.04,6,0,0.00,0.00,0.00
2026-07-22,13486882744,CH-SC-广义新-无-新10元话费券-10元话费券-京喜拉新-剪辑-转化引导-10元话费券-20260605-无-625-27,0.03,6,0,0.00,0.00,0.00
2026-07-22,13776644238,CH-SC-广义新-10118706992345-新综合频道-纸品-京喜拉新-剪辑-转化引导-纸品-20260702-无-625-aigc-3,0.03,3,0,0.00,0.00,0.00
2026-07-22,13846420227,CH-SC-低活-10220560400432-超级抢购-生活日用-无-剪辑-转化引导-生活日用-20260708-无-625-aigc-5,0.03,1,0,0.00,0.00,0.00
2026-07-22,13614620169,CH-SC-广义新-10161130444375-新综合频道-农资园艺-京喜拉新-剪辑-转化引导-农资园艺-20260618-反向-625-aigc-11,0.03,10,0,0.00,0.00,0.00
2026-07-22,13846014179,CH-SC-广义新-10140917922437-新综合频道-家庭清洁-京喜拉新-剪辑-转化引导-家庭清洁-20260710-无-625-aigc-10,0.03,2,0,0.00,0.00,0.00
2026-07-22,13614614062,CH-SC-广义新-10161130444375-新综合频道-农资园艺-京喜拉新-剪辑-转化引导-农资园艺-20260618-反向-625-aigc-5,0.03,8,0,0.00,0.00,0.00
2026-07-22,13746281307,CH-SC-广义新-10109170972947-新综合频道-钟表眼镜-京喜拉新-剪辑-转化引导-钟表眼镜-20260701-无-625-aigc-8,0.03,11,0,0.00,0.00,0.00
2026-07-22,13836030932,CH-SC-低活-10223482211866-超级抢购-生活日用-无-剪辑-转化引导-生活日用-20260703-无-625-13,0.03,1,0,0.00,0.00,0.00
2026-07-22,13835199930,CH-SC-广义新-10139440032542-新综合频道-运动户外-京喜拉新-剪辑-转化引导-运动户外-20260708-无-625-aigc-13,0.03,8,1,0.00,0.00,12.50
2026-07-22,13746328503,CH-SC-低活-10139440032542-超级抢购5元-运动户外-无-剪辑-转化引导-运动户外-20260630-无-625-aigc-7,0.03,2,0,0.00,0.00,0.00
2026-07-22,13846306405,CH-SC-低活-10140917922437-超级抢购-家庭清洁-无-剪辑-转化引导-家庭清洁-20260708-无-625-aigc-8,0.03,8,0,0.00,0.00,0.00
2026-07-22,13559885872,CH-SC-广义新-10120132288166-新综合频道-运动户外-京喜拉新-剪辑-转化引导-运动户外-20260612-无-625-8,0.03,6,0,0.00,0.00,0.00
2026-07-22,13873264538,CH-SC-低活-10081585918372-超级抢购-纸品-无-剪辑-转化引导-纸品-20260702-无-625-aigc-5,0.03,6,0,0.00,0.00,0.00
2026-07-22,13799792684,CH-SC-广义新-10155085148227-新综合频道-家用电器-京喜拉新-剪辑-转化引导-家用电器-20260707-反向-625-aigc-21,0.02,11,0,0.00,0.00,0.00
2026-07-22,13835232126,CH-SC-广义新-10211029652151-新综合频道-纸品-京喜拉新-剪辑-转化引导-纸品-20260709-无-625-3,0.02,5,1,0.00,0.00,20.00
2026-07-22,13846321758,CH-SC-低活-10140917922437-超级抢购-家庭清洁-无-剪辑-转化引导-家庭清洁-20260708-无-625-aigc-3,0.02,2,1,0.00,0.00,50.00
2026-07-22,13603320531,CH-SC-广义新-10118706992345-新综合频道-纸品-无-剪辑-转化引导-纸品-20260617-无-625-aigc-12,0.02,8,0,0.00,0.00,0.00
2026-07-22,13860487513,CH-SC-广义新-10151951361734-新综合频道-箱包皮具-京喜拉新-剪辑-转化引导-箱包皮具-20260713-无-625-aigc-5,0.02,8,1,0.00,0.00,12.50
2026-07-22,13873268211,CH-SC-低活-10081585918372-超级抢购-纸品-无-剪辑-转化引导-纸品-20260702-无-625-aigc-7,0.02,6,0,0.00,0.00,0.00
2026-07-22,13873271713,CH-SC-低活-10081585918372-超级抢购-纸品-无-剪辑-转化引导-纸品-20260702-无-625-aigc-10,0.02,3,0,0.00,0.00,0.00
2026-07-22,13846316876,CH-SC-低活-10140917922437-超级抢购-家庭清洁-无-剪辑-转化引导-家庭清洁-20260708-无-625-aigc-1,0.02,12,0,0.00,0.00,0.00
2026-07-22,13916487167,CH-SC-广义新-10040988734451-新10元话费券-无-无-剪辑-转化引导-无-20260715-无-625-19,0.02,2,1,0.00,0.00,50.00
2026-07-22,13776579149,CH-SC-广义新-10177393646076-新综合频道-灯饰照明-京喜拉新-剪辑-转化引导-灯饰照明-20260702-反向-625-aigc-8,0.02,7,0,0.00,0.00,0.00
2026-07-22,13916496273,CH-SC-广义新-10040988734451-新10元话费券-无-无-剪辑-转化引导-无-20260715-无-625-2,0.02,6,1,0.00,0.00,16.67
2026-07-22,13845977272,CH-SC-广义新-10156923061370-新综合频道-数码-京喜拉新-剪辑-转化引导-数码-20260710-无-625-1,0.02,8,3,0.00,0.00,37.50
2026-07-22,13559886850,CH-SC-广义新-10120132288166-新综合频道-运动户外-京喜拉新-剪辑-转化引导-运动户外-20260612-无-625-10,0.02,14,0,0.00,0.00,0.00
2026-07-22,13873213514,CH-SC-低活-10113209119177-超级抢购-电动车-无-剪辑-转化引导-电动车-20260709-无-625-6,0.02,2,0,0.00,0.00,0.00
2026-07-22,13719127978,CH-SC-广义新-10130866966155-新综合频道-服饰内衣-京喜拉新-剪辑-转化引导-服饰内衣-20260629-无-625-aigc-3,0.02,7,0,0.00,0.00,0.00
2026-07-22,13873195263,CH-SC-低活-10140917922437-超级抢购-家庭清洁-无-剪辑-转化引导-家庭清洁-20260709-无-625-aigc-6,0.02,13,0,0.00,0.00,0.00
2026-07-22,12838467549,荣耀-XN-小说-通用-动态漫-AIGC-260318-625-1,0.02,2,0,0.00,0.00,0.00
2026-07-22,13873223905,CH-SC-低活-10162692688878-超级抢购-家用电器-无-剪辑-转化引导-家用电器-20260710-无-625-aigc-5,0.02,13,0,0.00,0.00,0.00
2026-07-22,13916299436,CH-SC-低活-10140917922437-超级抢购-家庭清洁-无-剪辑-转化引导-家庭清洁-20260715-无-625-aigc-4,0.02,2,0,0.00,0.00,0.00
2026-07-22,13684905307,CH-SC-低活-10113209119177-超级抢购-摩托车-无-剪辑-转化引导-摩托车-20260626-无-625-aigc-17,0.02,2,0,0.00,0.00,0.00
2026-07-22,13776525905,CH-SC-广义新-10130866966155-新综合频道-服饰内衣-京喜拉新-剪辑-转化引导-服饰内衣-20260702-无-625-aigc-14,0.02,7,0,0.00,0.00,0.00
2026-07-22,13746275603,CH-SC-广义新-10109170972947-新综合频道-钟表眼镜-京喜拉新-剪辑-转化引导-钟表眼镜-20260701-无-625-aigc-3,0.02,7,0,0.00,0.00,0.00
2026-07-22,13776518168,CH-SC-广义新-10130866966155-新综合频道-服饰内衣-京喜拉新-剪辑-转化引导-服饰内衣-20260702-无-625-aigc-3,0.02,10,0,0.00,0.00,0.00
2026-07-22,13731655868,CH-SC-广义新-10103971298079-新综合频道-家具-京喜拉新-剪辑-转化引导-家具-20260630-反向-625-13,0.02,1,0,0.00,0.00,0.00
2026-07-22,13846406325,CH-SC-低活-10081585918372-超级抢购-家庭清洁纸品-无-剪辑-转化引导-家庭清洁纸品-20260708-无-625-aigc-15,0.02,6,0,0.00,0.00,0.00
2026-07-22,13746353080,CH-SC-低活-10112643484929-超级抢购加补-手机通讯-无-剪辑-转化引导-手机通讯-20260630-无-625-11,0.01,16,0,0.00,0.00,0.00
2026-07-22,13922152332,信息流-小牛-抽纸-京东主体-代运营-新人福利价-0721-100281253200-设计自选-625-aigc-4,0.01,2,0,0.00,0.00,0.00
2026-07-22,13746356941,CH-SC-低活-10112643484929-超级抢购加补-手机通讯-无-剪辑-转化引导-手机通讯-20260630-无-625-6,0.01,5,0,0.00,0.00,0.00
2026-07-22,13352562493,CH-SC-低活-10081585918372-超级抢购-家庭清洁纸品-无-剪辑-转化引导-家庭清洁纸品-20260521-无-625-10,0.01,7,0,0.00,0.00,0.00
2026-07-22,13776524108,CH-SC-广义新-10130866966155-新综合频道-服饰内衣-京喜拉新-剪辑-转化引导-服饰内衣-20260702-无-625-aigc-11,0.01,1,0,0.00,0.00,0.00
2026-07-22,13746353346,CH-SC-低活-10112643484929-超级抢购加补-手机通讯-无-剪辑-转化引导-手机通讯-20260630-无-625-10,0.01,1,0,0.00,0.00,0.00
2026-07-22,13471069395,CH-SC-广义新-10136363822650-新综合频道-家庭清洁-京喜拉新-剪辑-转化引导-家庭清洁-20260602-反向-625-aigc-4,0.01,7,0,0.00,0.00,0.00
2026-07-22,13486881864,CH-SC-广义新-无-新10元话费券-10元话费券-京喜拉新-剪辑-转化引导-10元话费券-20260605-无-625-23,0.01,8,1,0.00,0.00,12.50
2026-07-22,13835212442,CH-SC-广义新-10153911006548-新综合频道-粮油调味-京喜拉新-剪辑-转化引导-粮油调味-20260708-无-625-aigc-28,0.01,7,2,0.00,0.00,28.57
2026-07-22,13776646990,CH-SC-广义新-10118706992345-新综合频道-纸品-京喜拉新-剪辑-转化引导-纸品-20260702-无-625-aigc-5,0.01,4,0,0.00,0.00,0.00
2026-07-22,13846306131,CH-SC-低活-10140917922437-超级抢购-家庭清洁-无-剪辑-转化引导-家庭清洁-20260708-无-625-aigc-9,0.01,7,0,0.00,0.00,0.00
2026-07-22,13776588223,CH-SC-广义新-10177393646076-新综合频道-灯饰照明-京喜拉新-剪辑-转化引导-灯饰照明-20260702-反向-625-aigc-11,0.01,5,0,0.00,0.00,0.00
2026-07-22,13873220607,CH-SC-低活-10162692688878-超级抢购-家用电器-无-剪辑-转化引导-家用电器-20260710-无-625-aigc-2,0.01,1,0,0.00,0.00,0.00
2026-07-22,13719129077,CH-SC-广义新-10130866966155-新综合频道-服饰内衣-京喜拉新-剪辑-转化引导-服饰内衣-20260629-无-625-aigc-6,0.01,1,0,0.00,0.00,0.00
2026-07-22,13746275943,CH-SC-广义新-10109170972947-新综合频道-钟表眼镜-京喜拉新-剪辑-转化引导-钟表眼镜-20260701-无-625-aigc-1,0.01,3,0,0.00,0.00,0.00
2026-07-22,13486888224,CH-SC-广义新-无-新10元话费券-10元话费券-京喜拉新-剪辑-转化引导-10元话费券-20260605-无-625-7,0.01,1,0,0.00,0.00,0.00
2026-07-22,13846298061,CH-SC-低活-10162692688878-超级抢购-家用电器-无-剪辑-转化引导-家用电器-20260708-无-625-aigc-6,0.01,1,0,0.00,0.00,0.00
2026-07-22,13873247091,CH-SC-低活-10217740550325-超级抢购-箱包皮具-无-剪辑-转化引导-箱包皮具-20260713-无-625-aigc-10,0.01,3,0,0.00,0.00,0.00
2026-07-22,13835230827,CH-SC-广义新-10211029652151-新综合频道-纸品-京喜拉新-剪辑-转化引导-纸品-20260709-无-625-16,0.01,12,0,0.00,0.00,0.00
2026-07-22,13731659463,CH-SC-广义新-10103971298079-新综合频道-家具-京喜拉新-剪辑-转化引导-家具-20260630-反向-625-1,0.01,6,0,0.00,0.00,0.00
2026-07-22,13916309216,CH-SC-低活-10215767576641-超级抢购-生鲜-无-剪辑-转化引导-生鲜-20260715-无-625-aigc-9,0.01,1,0,0.00,0.00,0.00
2026-07-22,13746227642,CH-SC-低活-10172627929072-超级抢购-家装建材-无-剪辑-转化引导-家装建材-20260702-无-625-aigc-18,0.01,15,0,0.00,0.00,0.00
2026-07-22,13651875549,CH-SC-广义新-10125368295124-新综合频道-家用电器-京喜拉新-剪辑-转化引导-家用电器-20260623-无-625-5,0.01,13,1,0.00,0.00,7.69
2026-07-22,13592310330,CH-SC-广义新-10139440032542-新综合频道-运动户外-京喜拉新-剪辑-转化引导-运动户外-20260616-无-625-aigc-9,0.01,1,0,0.00,0.00,0.00
2026-07-22,13916493960,CH-SC-广义新-10040988734451-新10元话费券-无-无-剪辑-转化引导-无-20260715-无-625-25,0.01,1,0,0.00,0.00,0.00
2026-07-22,13836051417,CH-SC-低活-10156776256916-超级抢购-珠宝首饰-无-剪辑-转化引导-珠宝首饰-20260703-无-625-aigc-1,0.01,5,0,0.00,0.00,0.00
2026-07-22,13536516554,CH-SC-广义新-10127068425204-新综合频道-收纳用品-京喜拉新-剪辑-转化引导-收纳用品-20260610-无-625-4,0.01,3,0,0.00,0.00,0.00
2026-07-22,13719128160,CH-SC-广义新-10130866966155-新综合频道-服饰内衣-京喜拉新-剪辑-转化引导-服饰内衣-20260629-无-625-aigc-4,0.01,6,0,0.00,0.00,0.00
2026-07-22,13799971806,CH-SC-广义新-10139440032542-新综合频道-运动户外-京喜拉新-剪辑-转化引导-运动户外-20260703-无-625-aigc-18,0.01,5,0,0.00,0.00,0.00
2026-07-22,13873250986,CH-SC-低活-10217740550325-超级抢购-箱包皮具-无-剪辑-转化引导-箱包皮具-20260713-无-625-aigc-6,0.01,2,0,0.00,0.00,0.00
2026-07-22,13799909221,CH-SC-广义新-10118706992345-新综合频道-纸品-京喜拉新-剪辑-转化引导-纸品-20260707-无-625-aigc-17,0.01,5,0,0.00,0.00,0.00
2026-07-22,13592310978,CH-SC-广义新-10139440032542-新综合频道-运动户外-京喜拉新-剪辑-转化引导-运动户外-20260616-无-625-aigc-14,0.01,2,0,0.00,0.00,0.00
2026-07-22,13835222378,CH-SC-广义新-10153911006548-新综合频道-粮油调味-京喜拉新-剪辑-转化引导-粮油调味-20260708-无-625-aigc-12,0.01,5,0,0.00,0.00,0.00
2026-07-22,13860563485,CH-SC-广义新-10153911006548-新综合频道-粮油调味-京喜拉新-剪辑-转化引导-粮油调味-20260713-反向-625-aigc-9,0.01,5,0,0.00,0.00,0.00
2026-07-22,13341766059,CH-SC-广义新-10219841541026-新综合频道-厨具-京喜拉新-剪辑-转化引导-厨具-20260520-反向-625-8,0.01,4,0,0.00,0.00,0.00
2026-07-22,13846291002,CH-SC-低活-10162692688878-超级抢购-家用电器-无-剪辑-转化引导-家用电器-20260708-无-625-aigc-18,0.01,4,0,0.00,0.00,0.00
2026-07-22,13836038066,CH-SC-低活-10223482211866-超级抢购-生活日用-无-剪辑-转化引导-生活日用-20260703-无-625-6,0.01,5,4,0.00,0.00,80.00
2026-07-22,13651876489,CH-SC-广义新-10125368295124-新综合频道-家用电器-京喜拉新-剪辑-转化引导-家用电器-20260623-无-625-8,0.01,9,0,0.00,0.00,0.00
2026-07-22,13873184507,CH-SC-低活-10162692688878-超级抢购-家用电器-无-剪辑-转化引导-家用电器-20260709-无-625-aigc-8,0.01,1,0,0.00,0.00,0.00
2026-07-22,13836040772,CH-SC-低活-10118706992345-超级抢购-纸品-无-剪辑-转化引导-纸品-20260702-无-625-aigc-1,0.01,6,1,0.00,0.00,16.67
2026-07-22,13684905542,CH-SC-低活-10113209119177-超级抢购-摩托车-无-剪辑-转化引导-摩托车-20260626-无-625-aigc-18,0.01,15,1,0.00,0.00,6.67
2026-07-22,13916301575,CH-SC-低活-10140917922437-超级抢购-家庭清洁-无-剪辑-转化引导-家庭清洁-20260715-无-625-aigc-9,0.01,6,0,0.00,0.00,0.00
2026-07-22,13651876554,CH-SC-广义新-10125368295124-新综合频道-家用电器-京喜拉新-剪辑-转化引导-家用电器-20260623-无-625-7,0.01,9,1,0.01,1.00,11.11
2026-07-22,13776502221,CH-SC-广义新-10143318867797-新综合频道-厨具-京喜拉新-剪辑-转化引导-厨具-20260702-反向-625-aigc-5,0.01,25,1,0.00,0.00,4.00
2026-07-22,13916109786,CH-SC-广义新-10155000015319-新综合频道-厨具-京喜拉新-剪辑-转化引导-厨具-20260716-无-625-aigc-2,0.01,5,0,0.00,0.00,0.00
2026-07-22,13873191576,CH-SC-低活-10140917922437-超级抢购-家庭清洁-无-剪辑-转化引导-家庭清洁-20260709-无-625-aigc-3,0.01,1,0,0.00,0.00,0.00
2026-07-22,13836030665,CH-SC-低活-10223482211866-超级抢购-生活日用-无-剪辑-转化引导-生活日用-20260703-无-625-8,0.01,3,0,0.00,0.00,0.00
2026-07-22,13776592019,CH-SC-广义新-10177393646076-新综合频道-灯饰照明-京喜拉新-剪辑-转化引导-灯饰照明-20260702-反向-625-aigc-12,0.01,2,0,0.00,0.00,0.00
2026-07-22,13873275900,CH-SC-低活-10081585918372-超级抢购-纸品-无-剪辑-转化引导-纸品-20260702-无-625-aigc-15,0.01,1,0,0.00,0.00,0.00
2026-07-22,13846293812,CH-SC-低活-10162692688878-超级抢购-家用电器-无-剪辑-转化引导-家用电器-20260708-无-625-aigc-1,0.01,1,0,0.00,0.00,0.00
2026-07-22,13799804422,CH-SC-广义新-10155085148227-新综合频道-家用电器-京喜拉新-剪辑-转化引导-家用电器-20260707-反向-625-aigc-9,0.01,4,0,0.00,0.00,0.00
2026-07-22,13846015115,CH-SC-广义新-10140917922437-新综合频道-家庭清洁-京喜拉新-剪辑-转化引导-家庭清洁-20260710-无-625-aigc-11,0.01,14,1,0.00,0.00,7.14
2026-07-22,13916491102,CH-SC-广义新-10040988734451-新10元话费券-无-无-剪辑-转化引导-无-20260715-无-625-8,0.01,1,0,0.00,0.00,0.00
2026-07-22,13559888815,CH-SC-广义新-10139440032542-新综合频道-运动户外-京喜拉新-剪辑-转化引导-运动户外-20260612-无-625-9,0.01,2,0,0.00,0.00,0.00
2026-07-22,13836038216,CH-SC-低活-10223482211866-超级抢购-生活日用-无-剪辑-转化引导-生活日用-20260703-无-625-7,0.00,0,0,0.00,0.00,0.00
2026-07-22,13860548779,CH-SC-广义新-10162692688878-新综合频道-家用电器-京喜拉新-剪辑-转化引导-家用电器-20260713-无-625-aigc-3,0.00,1,0,0.00,0.00,0.00
2026-07-22,13603314654,CH-SC-广义新-10118706992345-新综合频道-纸品-无-剪辑-转化引导-纸品-20260617-无-625-aigc-4,0.00,0,0,0.00,0.00,0.00
2026-07-22,13662920383,CH-SC-广义新-10130866966155-新综合频道-服饰内衣-京喜拉新-剪辑-转化引导-服饰内衣-20260624-无-625-8,0.00,1,0,0.00,0.00,0.00
2026-07-22,13731648259,CH-SC-广义新-10139440032542-新综合频道-运动户外-京喜拉新-剪辑-转化引导-运动户外-20260630-无-625-aigc-4,0.00,0,0,0.00,0.00,0.00
2026-07-22,13536519469,CH-SC-广义新-10127068425204-新综合频道-收纳用品-京喜拉新-剪辑-转化引导-收纳用品-20260610-无-625-8,0.00,2,0,0.00,0.00,0.00
2026-07-22,13916304234,CH-SC-低活-10140917922437-超级抢购-家庭清洁-无-剪辑-转化引导-家庭清洁-20260715-无-625-aigc-16,0.00,10,0,0.00,0.00,0.00
2026-07-22,13836045401,CH-SC-低活-10118706992345-超级抢购-纸品-无-剪辑-转化引导-纸品-20260702-无-625-aigc-6,0.00,1,0,0.00,0.00,0.00
2026-07-22,13731661171,CH-SC-广义新-10103971298079-新综合频道-家具-京喜拉新-剪辑-转化引导-家具-20260630-反向-625-7,0.00,1,0,0.00,0.00,0.00
2026-07-22,13248252525,荣耀-XN-影音娱乐-通用-唱歌-混剪-260508-625-11,0.00,0,0,0.00,0.00,0.00
2026-07-22,13163602183,荣耀-XN-汽车-通用-途虎养车-混剪-260428-625-3,0.00,0,0,0.00,0.00,0.00
2026-07-22,13471059670,CH-SC-低活-10147800266661-超级抢购加补-家庭清洁-无-剪辑-转化引导-家庭清洁-20260603-无-625-4,0.00,0,0,0.00,0.00,0.00
2026-07-22,13860561756,CH-SC-广义新-10153911006548-新综合频道-粮油调味-京喜拉新-剪辑-转化引导-粮油调味-20260713-反向-625-aigc-8,0.00,2,0,0.00,0.00,0.00
2026-07-22,13873203025,CH-SC-低活-10140917922437-超级抢购-家庭清洁-无-剪辑-转化引导-家庭清洁-20260709-无-625-aigc-11,0.00,1,0,0.00,0.00,0.00
2026-07-22,13614653147,CH-SC-低活-10147800266661-超级抢购加补-家庭清洁-无-剪辑-转化引导-家庭清洁-20260618-无-625-aigc-9,0.00,0,0,0.00,0.00,0.00
2026-07-22,13860569474,CH-SC-广义新-10153911006548-新综合频道-粮油调味-京喜拉新-剪辑-转化引导-粮油调味-20260713-反向-625-aigc-1,0.00,1,0,0.00,0.00,0.00
2026-07-22,13846301313,CH-SC-低活-10162692688878-超级抢购-家用电器-无-剪辑-转化引导-家用电器-20260708-无-625-aigc-5,0.00,1,0,0.00,0.00,0.00
2026-07-22,13776598178,CH-SC-广义新-10177393646076-新综合频道-灯饰照明-京喜拉新-剪辑-转化引导-灯饰照明-20260702-反向-625-aigc-15,0.00,2,1,0.00,0.00,50.00
2026-07-22,13846011495,CH-SC-广义新-10140917922437-新综合频道-家庭清洁-京喜拉新-剪辑-转化引导-家庭清洁-20260710-无-625-aigc-3,0.00,16,0,0.00,0.00,0.00
2026-07-22,13873223563,CH-SC-低活-10162692688878-超级抢购-家用电器-无-剪辑-转化引导-家用电器-20260710-无-625-aigc-4,0.00,2,0,0.00,0.00,0.00
2026-07-22,13547603956,CH-SC-低活-10140207411553-超级抢购加补-文教文化用品-无-剪辑-转化引导-文教文化用品-20260611-无-625-1,0.00,0,0,0.00,0.00,0.00
2026-07-22,13916065395,信息流-小牛-打火机-京东主体-代运营-新人福利价-0720-10162692688878-625-设计自选-aigc-2,0.00,1,0,0.00,0.00,0.00
2026-07-22,13846009424,CH-SC-广义新-10140917922437-新综合频道-家庭清洁-京喜拉新-剪辑-转化引导-家庭清洁-20260710-无-625-aigc-12,0.00,2,0,0.00,0.00,0.00
2026-07-22,13835203321,CH-SC-广义新-10139440032542-新综合频道-运动户外-京喜拉新-剪辑-转化引导-运动户外-20260708-无-625-aigc-3,0.00,0,0,0.00,0.00,0.00
2026-07-22,13922145215,信息流-小牛-百香果-京东主体-代运营-新人福利价-0721-10161286379662-深海货盘-625-aigc-6,0.00,2,0,0.00,0.00,0.00
2026-07-22,13846341238,CH-SC-低活-10113209119177-超级抢购-电动车-无-剪辑-转化引导-电动车-20260708-无-625-9,0.00,2,0,0.00,0.00,0.00
2026-07-22,13746352353,CH-SC-低活-10112643484929-超级抢购加补-手机通讯-无-剪辑-转化引导-手机通讯-20260630-无-625-9,0.00,1,0,0.00,0.00,0.00
2026-07-22,13799908432,CH-SC-广义新-10118706992345-新综合频道-纸品-京喜拉新-剪辑-转化引导-纸品-20260707-无-625-aigc-15,0.00,3,0,0.00,0.00,0.00
2026-07-22,13835179131,CH-SC-广义新-10143792743128-新综合频道-居家布艺-京喜拉新-剪辑-转化引导-居家布艺-20260707-无-625-aigc-10,0.00,1,0,0.00,0.00,0.00
2026-07-22,13846431605,CH-SC-低活-10220560400432-超级抢购-生活日用-无-剪辑-转化引导-生活日用-20260708-无-625-aigc-14,0.00,1,0,0.00,0.00,0.00
2026-07-22,13492178299,CH-SC-低活-10215767576641-超级抢购5元-生鲜-无-剪辑-转化引导-生鲜-20260605-无-625-12,0.00,1,0,0.00,0.00,0.00
2026-07-22,13592282839,CH-SC-低活-10156925961082-超级抢购加补-家用电器-无-剪辑-转化引导-家用电器-20260616-无-625-aigc-10,0.00,0,0,0.00,0.00,0.00
2026-07-22,13836048947,CH-SC-低活-10156776256916-超级抢购-珠宝首饰-无-剪辑-转化引导-珠宝首饰-20260703-无-625-aigc-7,0.00,0,0,0.00,0.00,0.00
2026-07-22,13835209437,CH-SC-广义新-10153911006548-新综合频道-粮油调味-京喜拉新-剪辑-转化引导-粮油调味-20260708-无-625-aigc-22,0.00,3,0,0.00,0.00,0.00
2026-07-22,13836024992,CH-SC-低活-10118706992345-超级抢购-纸品-无-剪辑-转化引导-纸品-20260702-无-625-aigc-8,0.00,0,0,0.00,0.00,0.00
2026-07-22,13731655884,CH-SC-广义新-10103971298079-新综合频道-家具-京喜拉新-剪辑-转化引导-家具-20260630-反向-625-12,0.00,1,0,0.00,0.00,0.00
2026-07-22,13916302351,CH-SC-低活-10140917922437-超级抢购-家庭清洁-无-剪辑-转化引导-家庭清洁-20260715-无-625-aigc-11,0.00,1,0,0.00,0.00,0.00
2026-07-22,13815441202,CH-PRJ-采销项目-10227170510852-快手-本地生活-无-剪辑-转化引导-本地生活-20260710-无-625-1,0.00,0,0,0.00,0.00,0.00
2026-07-22,13922147929,信息流-小牛-百香果-京东主体-代运营-新人福利价-0721-10161286379662-深海货盘-625-aigc-11,0.00,1,0,0.00,0.00,0.00
2026-07-22,13163608903,荣耀-XN-汽车-通用-途虎养车-混剪-260428-625-10,0.00,0,0,0.00,0.00,0.00
2026-07-22,13916299517,CH-SC-低活-10140917922437-超级抢购-家庭清洁-无-剪辑-转化引导-家庭清洁-20260715-无-625-aigc-5,0.00,1,0,0.00,0.00,0.00
2026-07-22,13881544705,CH-SC-广义新-10102020339908 -新综合频道-数码-京喜拉新-剪辑-转化引导-数码-20260715-无-625-8,0.00,0,0,0.00,0.00,0.00
2026-07-22,13835178662,CH-SC-广义新-10143792743128-新综合频道-居家布艺-京喜拉新-剪辑-转化引导-居家布艺-20260707-无-625-aigc-9,0.00,0,0,0.00,0.00,0.00
2026-07-22,13799916307,CH-SC-广义新-10118706992345-新综合频道-纸品-京喜拉新-剪辑-转化引导-纸品-20260707-无-625-aigc-5,0.00,0,0,0.00,0.00,0.00
2026-07-22,13882953513,CH-SC-低活-10162692688878-超级抢购-家用电器-无-剪辑-转化引导-家用电器-20260714-无-625-aigc-1,0.00,1,0,0.00,0.00,0.00
2026-07-22,13835207381,CH-SC-广义新-10153911006548-新综合频道-粮油调味-京喜拉新-剪辑-转化引导-粮油调味-20260708-无-625-aigc-18,0.00,3,0,0.00,0.00,0.00
2026-07-22,13407972249,CH-SC-广义新-10159656246030-新综合频道-电脑-京喜拉新-剪辑-转化引导-电脑-20260527-反向-625-aigc-11,0.00,4,0,0.00,0.00,0.00
2026-07-22,13835220652,CH-SC-广义新-10153911006548-新综合频道-粮油调味-京喜拉新-剪辑-转化引导-粮油调味-20260708-无-625-aigc-10,0.00,1,0,0.00,0.00,0.00
2026-07-22,13603317054,CH-SC-广义新-10118706992345-新综合频道-纸品-无-剪辑-转化引导-纸品-20260617-无-625-aigc-8,0.00,0,0,0.00,0.00,0.00
2026-07-22,13536520998,CH-SC-广义新-10127068425204-新综合频道-收纳用品-京喜拉新-剪辑-转化引导-收纳用品-20260610-无-625-10,0.00,3,0,0.00,0.00,0.00
2026-07-22,13719128591,CH-SC-广义新-10130866966155-新综合频道-服饰内衣-京喜拉新-剪辑-转化引导-服饰内衣-20260629-无-625-aigc-2,0.00,4,3,0.00,0.00,75.00
2026-07-22,13662880003,CH-SC-低活-10134479334759-超级抢购通用-钟表眼镜-无-剪辑-转化引导-钟表眼镜-20260624-无-625-AIGC-11,0.00,0,0,0.00,0.00,0.00
2026-07-22,13845988965,CH-SC-广义新-10120961944861-新综合频道-运动户外 -京喜拉新-剪辑-转化引导-运动户外 -20260710-无-625-aigc-11,0.00,1,0,0.00,0.00,0.00
2026-07-22,13836051892,CH-SC-低活-10156776256916-超级抢购-珠宝首饰-无-剪辑-转化引导-珠宝首饰-20260703-无-625-aigc-3,0.00,0,0,0.00,0.00,0.00
2026-07-22,13592282070,CH-SC-低活-10156925961082-超级抢购加补-家用电器-无-剪辑-转化引导-家用电器-20260616-无-625-aigc-19,0.00,0,0,0.00,0.00,0.00
2026-07-22,13860586602,CH-SC-广义新-10215307938752-新综合频道-鞋靴-京喜拉新-剪辑-转化引导-鞋靴-20260713-反向-625-aigc-7,0.00,0,0,0.00,0.00,0.00
2026-07-22,13592241759,CH-SC-低活-10158258669630-超级抢购-居家布艺-无-剪辑-转化引导-居家布艺-20260616-无-625-3,0.00,0,0,0.00,0.00,0.00
2026-07-22,13662880352,CH-SC-低活-10134479334759-超级抢购通用-钟表眼镜-无-剪辑-转化引导-钟表眼镜-20260624-无-625-AIGC-12,0.00,1,0,0.00,0.00,0.00
2026-07-22,13873182997,CH-SC-低活-10162692688878-超级抢购-家用电器-无-剪辑-转化引导-家用电器-20260709-无-625-aigc-7,0.00,1,1,0.00,0.00,100.00
2026-07-22,13922141585,信息流-小牛-百香果-京东主体-代运营-新人福利价-0721-10161286379662-深海货盘-625-aigc-4,0.00,4,0,0.00,0.00,0.00
2026-07-22,13882939747,CH-SC-低活-10162692688878-超级抢购-家用电器-无-剪辑-转化引导-家用电器-20260714-无-625-aigc-8,0.00,2,0,0.00,0.00,0.00
2026-07-22,13040038827,荣耀-XN-社交-通用-美女-混剪-纯新AIGC-260410-625-2,0.00,0,0,0.00,0.00,0.00
2026-07-22,13559886880,CH-SC-广义新-10120132288166-新综合频道-运动户外-京喜拉新-剪辑-转化引导-运动户外-20260612-无-625-2,0.00,1,0,0.00,0.00,0.00
2026-07-22,12810373226,荣耀-XN-小说-通用-滚屏-混剪-260313-625-18,0.00,0,0,0.00,0.00,0.00
2026-07-22,12954045293,荣耀-XN-小说-通用-滚屏-混剪-纯AIGC-260402-625-10,0.00,0,0,0.00,0.00,0.00
2026-07-22,13845991822,CH-SC-广义新-10120961944861-新综合频道-运动户外 -京喜拉新-剪辑-转化引导-运动户外 -20260710-无-625-aigc-3,0.00,1,0,0.00,0.00,0.00
2026-07-22,13922152568,信息流-小牛-抽纸-京东主体-代运营-新人福利价-0721-100281253200-设计自选-625-aigc-6,0.00,4,0,0.00,0.00,0.00
2026-07-22,13480771946,CH-SC-广义新-10219841541026-新综合频道-厨具-京喜拉新-剪辑-转化引导-厨具-20260604-反向-625-15,0.00,0,0,0.00,0.00,0.00
2026-07-22,13835189424,CH-SC-广义新-10109170972947-新综合频道-钟表眼镜-京喜拉新-剪辑-转化引导-钟表眼镜-20260708-无-625-aigc-12,0.00,1,0,0.00,0.00,0.00
2026-07-22,13846299024,CH-SC-低活-10162692688878-超级抢购-家用电器-无-剪辑-转化引导-家用电器-20260708-无-625-aigc-7,0.00,1,0,0.00,0.00,0.00
2026-07-22,13536517872,CH-SC-广义新-10127068425204-新综合频道-收纳用品-京喜拉新-剪辑-转化引导-收纳用品-20260610-无-625-6,0.00,0,0,0.00,0.00,0.00
2026-07-22,13881445979,CH-SC-广义新-10211422220304-新综合频道-家用电器-京喜拉新-剪辑-转化引导-家用电器-20260714-无-625-8,0.00,0,0,0.00,0.00,0.00
2026-07-22,13881456398,CH-SC-广义新-10211422220304-新综合频道-家用电器-京喜拉新-剪辑-转化引导-家用电器-20260714-无-625-2,0.00,0,0,0.00,0.00,0.00
2026-07-22,13407977687,CH-SC-广义新-10159656246030-新综合频道-电脑-京喜拉新-剪辑-转化引导-电脑-20260527-反向-625-aigc-6,0.00,4,0,0.00,0.00,0.00
2026-07-22,13873263238,CH-SC-低活-10081585918372-超级抢购-纸品-无-剪辑-转化引导-纸品-20260702-无-625-aigc-3,0.00,0,0,0.00,0.00,0.00
2026-07-22,13603418598,CH-SC-低活-10172627929072-超级抢购加补-家装建材-无-剪辑-转化引导-家装建材-20260617-无-625-aigc-20,0.00,1,0,0.00,0.00,0.00
2026-07-22,13916307704,CH-SC-低活-10215767576641-超级抢购-生鲜-无-剪辑-转化引导-生鲜-20260715-无-625-aigc-7,0.00,0,0,0.00,0.00,0.00
2026-07-22,13860501772,CH-SC-广义新-10208092205431-新综合频道-居家布艺-京喜拉新-剪辑-转化引导-居家布艺-20260713-反向-625-6,0.00,0,0,0.00,0.00,0.00
2026-07-22,13836041295,CH-SC-低活-10118706992345-超级抢购-纸品-无-剪辑-转化引导-纸品-20260702-无-625-aigc-12,0.00,0,0,0.00,0.00,0.00
2026-07-22,13776511664,CH-SC-广义新-10101267118895-新综合频道-厨具-京喜拉新-剪辑-转化引导-厨具-20260702-无-625-aigc-2,0.00,0,0,0.00,0.00,0.00
2026-07-22,13603318244,CH-SC-广义新-10118706992345-新综合频道-纸品-无-剪辑-转化引导-纸品-20260617-无-625-aigc-11,0.00,0,0,0.00,0.00,0.00
2026-07-22,13486887136,CH-SC-广义新-无-新10元话费券-10元话费券-京喜拉新-剪辑-转化引导-10元话费券-20260605-无-625-8,0.00,0,0,0.00,0.00,0.00
2026-07-22,13536516462,CH-SC-广义新-10127068425204-新综合频道-收纳用品-京喜拉新-剪辑-转化引导-收纳用品-20260610-无-625-2,0.00,5,0,0.00,0.00,0.00
2026-07-22,13873265327,CH-SC-低活-10081585918372-超级抢购-纸品-无-剪辑-转化引导-纸品-20260702-无-625-aigc-4,0.00,3,0,0.00,0.00,0.00
2026-07-22,13614622976,CH-SC-广义新-10134479334759-新综合频道-钟表眼镜-京喜拉新-剪辑-转化引导-钟表眼镜-20260618-无-625-aigc-3,0.00,0,0,0.00,0.00,0.00
2026-07-22,13845990761,CH-SC-广义新-10120961944861-新综合频道-运动户外 -京喜拉新-剪辑-转化引导-运动户外 -20260710-无-625-aigc-2,0.00,1,0,0.00,0.00,0.00
2026-07-22,13873197666,CH-SC-低活-10140917922437-超级抢购-家庭清洁-无-剪辑-转化引导-家庭清洁-20260709-无-625-aigc-7,0.00,0,0,0.00,0.00,0.00
2026-07-22,13799808991,CH-SC-广义新-10156923061370-新综合频道-数码-京喜拉新-剪辑-转化引导-数码-20260707-无-625-aigc-13,0.00,0,0,0.00,0.00,0.00
2026-07-22,13731663097,CH-SC-广义新-10103971298079-新综合频道-家具-京喜拉新-剪辑-转化引导-家具-20260630-反向-625-9,0.00,1,0,0.00,0.00,0.00
2026-07-22,13846011180,CH-SC-广义新-10140917922437-新综合频道-家庭清洁-京喜拉新-剪辑-转化引导-家庭清洁-20260710-无-625-aigc-1,0.00,33,0,0.00,0.00,0.00
2026-07-22,13746354558,CH-SC-低活-10112643484929-超级抢购加补-手机通讯-无-剪辑-转化引导-手机通讯-20260630-无-625-2,0.00,2,0,0.00,0.00,0.00
2026-07-22,13873225444,CH-SC-低活-10162692688878-超级抢购-家用电器-无-剪辑-转化引导-家用电器-20260710-无-625-aigc-6,0.00,6,0,0.00,0.00,0.00
2026-07-22,13873240631,CH-SC-低活-10118706992345-超级抢购-纸品-无-剪辑-转化引导-纸品-20260710-无-625-aigc-5,0.00,1,0,0.00,0.00,0.00
2026-07-22,13873235824,CH-SC-低活-10184888743389-超级抢购-纸品-无-剪辑-转化引导-纸品-20260710-无-625-aigc-3,0.00,2,1,0.00,0.00,50.00
2026-07-22,13592240552,CH-SC-低活-10158258669630-超级抢购-居家布艺-无-剪辑-转化引导-居家布艺-20260616-无-625-1,0.00,0,0,0.00,0.00,0.00
2026-07-22,13860578733,CH-SC-广义新-10215307938752-新综合频道-鞋靴-京喜拉新-剪辑-转化引导-鞋靴-20260713-反向-625-aigc-1,0.00,0,0,0.00,0.00,0.00
2026-07-22,13873254200,CH-SC-低活-10081585918372-超级抢购-纸品-无-剪辑-转化引导-纸品-20260702-无-625-aigc-28,0.00,3,0,0.00,0.00,0.00
2026-07-22,13722927139,CH-SC-低活-10118706992345-超级抢购加补-纸品-无-剪辑-转化引导-纸品-20260629-无-625-aigc-5,0.00,0,0,0.00,0.00,0.00
2026-07-22,13916300247,CH-SC-低活-10140917922437-超级抢购-家庭清洁-无-剪辑-转化引导-家庭清洁-20260715-无-625-aigc-6,0.00,1,0,0.00,0.00,0.00
2026-07-22,13776507756,CH-SC-广义新-10143318867797-新综合频道-厨具-京喜拉新-剪辑-转化引导-厨具-20260702-反向-625-aigc-9,0.00,1,0,0.00,0.00,0.00
2026-07-22,13873274874,CH-SC-低活-10081585918372-超级抢购-纸品-无-剪辑-转化引导-纸品-20260702-无-625-aigc-13,0.00,0,0,0.00,0.00,0.00
2026-07-22,13922153461,信息流-小牛-抽纸-京东主体-代运营-新人福利价-0721-100281253200-设计自选-625-aigc-8,0.00,5,0,0.00,0.00,0.00
2026-07-22,13882944289,CH-SC-低活-10162692688878-超级抢购-家用电器-无-剪辑-转化引导-家用电器-20260714-无-625-aigc-11,0.00,0,0,0.00,0.00,0.00
2026-07-22,13684856393,CH-SC-广义新-无-新10元话费券-10元话费券-京喜拉新-剪辑-转化引导-10元话费券-20260626-无-625-2,0.00,0,0,0.00,0.00,0.00
2026-07-22,13592318035,CH-SC-广义新-10146456039187-新综合频道-纸品-京喜拉新-剪辑-转化引导-纸品-20260616-反向-625-aigc-15,0.00,2,0,0.00,0.00,0.00
2026-07-22,13179796944,荣耀-XN-影音娱乐-通用-风景-混剪-260429-625-10,0.00,0,0,0.00,0.00,0.00
2026-07-22,13352556952,CH-SC-低活-10081585918372-超级抢购-家庭清洁纸品-无-剪辑-转化引导-家庭清洁纸品-20260521-无-625-22,0.00,0,0,0.00,0.00,0.00
2026-07-22,13536521344,CH-SC-广义新-10127068425204-新综合频道-收纳用品-京喜拉新-剪辑-转化引导-收纳用品-20260610-无-625-11,0.00,2,0,0.00,0.00,0.00
2026-07-22,13835207288,CH-SC-广义新-10153911006548-新综合频道-粮油调味-京喜拉新-剪辑-转化引导-粮油调味-20260708-无-625-aigc-19,0.00,3,0,0.00,0.00,0.00
2026-07-22,13835235749,CH-SC-广义新-10211029652151-新综合频道-纸品-京喜拉新-剪辑-转化引导-纸品-20260709-无-625-11,0.00,1,0,0.00,0.00,0.00
2026-07-22,13860584358,CH-SC-广义新-10215307938752-新综合频道-鞋靴-京喜拉新-剪辑-转化引导-鞋靴-20260713-反向-625-aigc-6,0.00,0,0,0.00,0.00,0.00
2026-07-22,13922140035,信息流-小牛-百香果-京东主体-代运营-新人福利价-0721-10161286379662-深海货盘-625-aigc-2,0.00,1,0,0.00,0.00,0.00
2026-07-22,13835234965,CH-SC-广义新-10211029652151-新综合频道-纸品-京喜拉新-剪辑-转化引导-纸品-20260709-无-625-9,0.00,10,0,0.00,0.00,0.00
2026-07-22,13651875836,CH-SC-广义新-10125368295124-新综合频道-家用电器-京喜拉新-剪辑-转化引导-家用电器-20260623-无-625-6,0.00,10,1,0.00,0.00,10.00
2026-07-22,13662879534,CH-SC-低活-10134479334759-超级抢购通用-钟表眼镜-无-剪辑-转化引导-钟表眼镜-20260624-无-625-AIGC-7,0.00,1,0,0.00,0.00,0.00
2026-07-22,13722916475,CH-SC-低活-10156923061370-超级抢购加补-数码-无-剪辑-转化引导-数码-20260629-无-625-aigc-8,0.00,0,0,0.00,0.00,0.00
2026-07-22,13835206870,CH-SC-广义新-10153911006548-新综合频道-粮油调味-京喜拉新-剪辑-转化引导-粮油调味-20260708-无-625-aigc-20,0.00,1,0,0.00,0.00,0.00
2026-07-22,13799788605,CH-SC-广义新-10155085148227-新综合频道-家用电器-京喜拉新-剪辑-转化引导-家用电器-20260707-反向-625-aigc-18,0.00,3,0,0.00,0.00,0.00
2026-07-22,13845985981,CH-SC-广义新-10120961944861-新综合频道-运动户外 -京喜拉新-剪辑-转化引导-运动户外 -20260710-无-625-aigc-10,0.00,2,0,0.00,0.00,0.00
2026-07-22,13882942423,CH-SC-低活-10162692688878-超级抢购-家用电器-无-剪辑-转化引导-家用电器-20260714-无-625-aigc-9,0.00,2,0,0.00,0.00,0.00
2026-07-22,13913149474,信息流-小牛-刮水器-京东主体-代运营-新人1分钱-0720-10101434066164-历史爆品-625-1,0.00,0,0,0.00,0.00,0.00
2026-07-22,13179795244,荣耀-XN-影音娱乐-通用-风景-混剪-260429-625-5,0.00,0,0,0.00,0.00,0.00
2026-07-22,13799935453,CH-SC-广义新-10139440032542-新综合频道-运动户外-京喜拉新-剪辑-转化引导-运动户外-20260703-无-625-aigc-24,0.00,0,0,0.00,0.00,0.00
2026-07-22,13722926269,CH-SC-低活-10118706992345-超级抢购加补-纸品-无-剪辑-转化引导-纸品-20260629-无-625-aigc-17,0.00,0,0,0.00,0.00,0.00
2026-07-22,13603320128,CH-SC-广义新-10118706992345-新综合频道-纸品-无-剪辑-转化引导-纸品-20260617-无-625-aigc-10,0.00,6,0,0.00,0.00,0.00
2026-07-22,13916310502,CH-SC-低活-10215767576641-超级抢购-生鲜-无-剪辑-转化引导-生鲜-20260715-无-625-aigc-12,0.00,4,1,0.00,0.00,25.00
2026-07-22,13592282061,CH-SC-低活-10156925961082-超级抢购加补-家用电器-无-剪辑-转化引导-家用电器-20260616-无-625-aigc-2,0.00,0,0,0.00,0.00,0.00
2026-07-22,13407977493,CH-SC-广义新-10159656246030-新综合频道-电脑-京喜拉新-剪辑-转化引导-电脑-20260527-反向-625-aigc-7,0.00,1,0,0.00,0.00,0.00
2026-07-22,13179698881,荣耀-XN-影音娱乐-通用-唱歌-混剪-260429-625-2,0.00,0,0,0.00,0.00,0.00
2026-07-22,13846353154,CH-SC-低活-10113209119177-超级抢购-电动车-无-剪辑-转化引导-电动车-20260708-无-625-19,0.00,2,0,0.00,0.00,0.00
2026-07-22,13846309120,CH-SC-低活-10140917922437-超级抢购-家庭清洁-无-剪辑-转化引导-家庭清洁-20260708-无-625-aigc-10,0.00,1,0,0.00,0.00,0.00
2026-07-22,13662881467,CH-SC-低活-10134479334759-超级抢购通用-钟表眼镜-无-剪辑-转化引导-钟表眼镜-20260624-无-625-AIGC-4,0.00,0,0,0.00,0.00,0.00
2026-07-22,13882963057,CH-SC-低活-10093106199290-超级抢购-纸品-无-剪辑-转化引导-纸品-20260714-无-625-9,0.00,0,0,0.00,0.00,0.00
2026-07-22,13662920218,CH-SC-广义新-10130866966155-新综合频道-服饰内衣-京喜拉新-剪辑-转化引导-服饰内衣-20260624-无-625-7,0.00,2,0,0.00,0.00,0.00
2026-07-22,13662881669,CH-SC-低活-10134479334759-超级抢购通用-钟表眼镜-无-剪辑-转化引导-钟表眼镜-20260624-无-625-AIGC-5,0.00,0,0,0.00,0.00,0.00
2026-07-22,13776507847,CH-SC-广义新-10143318867797-新综合频道-厨具-京喜拉新-剪辑-转化引导-厨具-20260702-反向-625-aigc-11,0.00,0,0,0.00,0.00,0.00
2026-07-22,13302407886,CH-SC-广义新-10169142079015-新综合频道-厨具-京喜拉新-剪辑-转化引导-厨具-20260515-无-625-5,0.00,3,0,0.00,0.00,0.00
2026-07-22,13846294839,CH-SC-低活-10162692688878-超级抢购-家用电器-无-剪辑-转化引导-家用电器-20260708-无-625-aigc-20,0.00,3,0,0.00,0.00,0.00
2026-07-22,13651815416,CH-SC-低活-10081585918372-超级抢购-家庭清洁纸品-无-剪辑-转化引导-家庭清洁纸品-20260623-无-625-aigc-16,0.00,4,0,0.00,0.00,0.00
2026-07-22,13922149943,信息流-小牛-百香果-京东主体-代运营-新人福利价-0721-10161286379662-深海货盘-625-aigc-12,0.00,2,1,0.00,0.00,50.00
2026-07-22,13922147817,信息流-小牛-百香果-京东主体-代运营-新人福利价-0721-10161286379662-深海货盘-625-aigc-10,0.00,3,0,0.00,0.00,0.00
2026-07-22,13536516872,CH-SC-广义新-10127068425204-新综合频道-收纳用品-京喜拉新-剪辑-转化引导-收纳用品-20260610-无-625-3,0.00,5,0,0.00,0.00,0.00
2026-07-22,13145017668,荣耀-XN-影音娱乐-通用-唱歌-混剪-260424-625-15,0.00,0,0,0.00,0.00,0.00
2026-07-22,13835220760,CH-SC-广义新-10153911006548-新综合频道-粮油调味-京喜拉新-剪辑-转化引导-粮油调味-20260708-无-625-aigc-11,0.00,1,0,0.00,0.00,0.00
2026-07-22,13746165522,CH-SC-低活-10100644668875-超级抢购加补-汽车用品-无-剪辑-转化引导-汽车用品-20260701-无-625-aigc-18,0.00,0,0,0.00,0.00,0.00
2026-07-22,13746176594,CH-SC-低活-10100644668875-超级抢购加补-汽车用品-无-剪辑-转化引导-汽车用品-20260701-无-625-aigc-9,0.00,0,0,0.00,0.00,0.00
2026-07-22,13799910774,CH-SC-广义新-10118706992345-新综合频道-纸品-京喜拉新-剪辑-转化引导-纸品-20260707-无-625-aigc-18,0.00,5,0,0.00,0.00,0.00
2026-07-22,13845988566,CH-SC-广义新-10120961944861-新综合频道-运动户外 -京喜拉新-剪辑-转化引导-运动户外 -20260710-无-625-aigc-1,0.00,2,0,0.00,0.00,0.00
2026-07-22,13882961814,CH-SC-低活-10093106199290-超级抢购-纸品-无-剪辑-转化引导-纸品-20260714-无-625-7,0.00,0,0,0.00,0.00,0.00
2026-07-22,13673844113,CH-SC-广义新-10156923061370-新综合频道-数码-京喜拉新-剪辑-转化引导-数码-20260625-无-625-1,0.00,2,0,0.00,0.00,0.00
2026-07-22,13799992857,CH-SC-广义新-10134479334759-新综合频道-钟表眼镜-京喜拉新-剪辑-转化引导-钟表眼镜-20260703-无-625-aigc-6,0.00,0,0,0.00,0.00,0.00
2026-07-22,13835217926,CH-SC-广义新-10153911006548-新综合频道-粮油调味-京喜拉新-剪辑-转化引导-粮油调味-20260708-无-625-aigc-4,0.00,1,0,0.00,0.00,0.00
2026-07-22,13873251318,CH-SC-低活-10081585918372-超级抢购-纸品-无-剪辑-转化引导-纸品-20260702-无-625-aigc-26,0.00,1,0,0.00,0.00,0.00
2026-07-22,13916488487,CH-SC-广义新-10040988734451-新10元话费券-无-无-剪辑-转化引导-无-20260715-无-625-23,0.00,1,0,0.00,0.00,0.00
2026-07-22,13799913889,CH-SC-广义新-10118706992345-新综合频道-纸品-京喜拉新-剪辑-转化引导-纸品-20260707-无-625-aigc-4,0.00,0,0,0.00,0.00,0.00
2026-07-22,13860484585,CH-SC-广义新-10151951361734-新综合频道-箱包皮具-京喜拉新-剪辑-转化引导-箱包皮具-20260713-无-625-aigc-2,0.00,4,0,0.00,0.00,0.00
2026-07-22,13662879542,CH-SC-低活-10134479334759-超级抢购通用-钟表眼镜-无-剪辑-转化引导-钟表眼镜-20260624-无-625-AIGC-8,0.00,3,0,0.00,0.00,0.00
2026-07-22,13922158342,信息流-小牛-抽纸-京东主体-代运营-新人福利价-0721-100281253200-设计自选-625-aigc-17,0.00,1,0,0.00,0.00,0.00
2026-07-22,13835217700,CH-SC-广义新-10153911006548-新综合频道-粮油调味-京喜拉新-剪辑-转化引导-粮油调味-20260708-无-625-aigc-6,0.00,1,0,0.00,0.00,0.00
2026-07-22,13302417942,CH-SC-广义新-10169142079015-新综合频道-厨具-京喜拉新-剪辑-转化引导-厨具-20260515-无-625-1,0.00,2,0,0.00,0.00,0.00
2026-07-22,13835209244,CH-SC-广义新-10153911006548-新综合频道-粮油调味-京喜拉新-剪辑-转化引导-粮油调味-20260708-无-625-aigc-23,0.00,3,0,0.00,0.00,0.00
2026-07-22,13881460764,CH-SC-广义新-10211422220304-新综合频道-家用电器-京喜拉新-剪辑-转化引导-家用电器-20260714-无-625-5,0.00,0,0,0.00,0.00,0.00
2026-07-22,13835235397,CH-SC-广义新-10211029652151-新综合频道-纸品-京喜拉新-剪辑-转化引导-纸品-20260709-无-625-10,0.00,0,0,0.00,0.00,0.00
2026-07-22,13835238159,CH-SC-广义新-10101107735303-新综合频道-床上用品-京喜拉新-剪辑-转化引导-床上用品-20260709-无-625-6,0.00,1,0,0.00,0.00,0.00
2026-07-22,13651860455,CH-SC-广义新-10125368295124-新综合频道-家用电器-京喜拉新-剪辑-转化引导-家用电器-20260623-无-625-2,0.00,4,0,0.00,0.00,0.00
2026-07-22,13882965387,CH-SC-低活-10093106199290-超级抢购-纸品-无-剪辑-转化引导-纸品-20260714-无-625-1,0.00,0,0,0.00,0.00,0.00
2026-07-22,13922150390,信息流-小牛-抽纸-京东主体-代运营-新人福利价-0721-100281253200-设计自选-625-aigc-2,0.00,2,0,0.00,0.00,0.00
2026-07-22,13913309285,信息流-小牛-音响-京东主体-代运营-新人福利价-0720-10112824783788-625-设计自选-aigc-14,0.00,1,0,0.00,0.00,0.00
2026-07-22,13922145678,信息流-小牛-百香果-京东主体-代运营-新人福利价-0721-10161286379662-深海货盘-625-aigc-9,0.00,1,0,0.00,0.00,0.00
2026-07-22,13872630797,CH-SC-广义新-10155085148227-新综合频道-家用电器-京喜拉新-剪辑-转化引导-家用电器-20260714-无-625-12,0.00,0,0,0.00,0.00,0.00
2026-07-22,13881546157,CH-SC-广义新-10102020339908 -新综合频道-数码-京喜拉新-剪辑-转化引导-数码-20260715-无-625-10,0.00,0,0,0.00,0.00,0.00
2026-07-22,13731647838,CH-SC-广义新-10139440032542-新综合频道-运动户外-京喜拉新-剪辑-转化引导-运动户外-20260630-无-625-aigc-3,0.00,0,0,0.00,0.00,0.00
2026-07-22,13776607706,CH-SC-广义新-10177393646076-新综合频道-灯饰照明-京喜拉新-剪辑-转化引导-灯饰照明-20260702-反向-625-aigc-17,0.00,3,1,0.00,0.00,33.33
2026-07-22,13846326046,CH-SC-低活-10113209119177-超级抢购-电动车-无-剪辑-转化引导-电动车-20260708-无-625-26,0.00,2,0,0.00,0.00,0.00
2026-07-22,13846319643,CH-SC-低活-10140917922437-超级抢购-家庭清洁-无-剪辑-转化引导-家庭清洁-20260708-无-625-aigc-4,0.00,0,0,0.00,0.00,0.00
2026-07-22,13916298312,CH-SC-低活-10140917922437-超级抢购-家庭清洁-无-剪辑-转化引导-家庭清洁-20260715-无-625-aigc-2,0.00,1,0,0.00,0.00,0.00
2026-07-22,13145027123,荣耀-XN-影音娱乐-通用-手势舞-混剪-260424-625-2,0.00,0,0,0.00,0.00,0.00
2026-07-22,13846296497,CH-SC-低活-10162692688878-超级抢购-家用电器-无-剪辑-转化引导-家用电器-20260708-无-625-aigc-4,0.00,0,0,0.00,0.00,0.00
2026-07-22,13731660267,CH-SC-广义新-10103971298079-新综合频道-家具-京喜拉新-剪辑-转化引导-家具-20260630-反向-625-3,0.00,1,1,0.00,0.00,100.00
2026-07-22,13835200209,CH-SC-广义新-10139440032542-新综合频道-运动户外-京喜拉新-剪辑-转化引导-运动户外-20260708-无-625-aigc-12,0.00,0,0,0.00,0.00,0.00
2026-07-22,13835201171,CH-SC-广义新-10139440032542-新综合频道-运动户外-京喜拉新-剪辑-转化引导-运动户外-20260708-无-625-aigc-1,0.00,0,0,0.00,0.00,0.00
2026-07-22,13731661138,CH-SC-广义新-10103971298079-新综合频道-家具-京喜拉新-剪辑-转化引导-家具-20260630-反向-625-6,0.00,1,0,0.00,0.00,0.00
2026-07-22,13776521520,CH-SC-广义新-10130866966155-新综合频道-服饰内衣-京喜拉新-剪辑-转化引导-服饰内衣-20260702-无-625-aigc-6,0.00,3,0,0.00,0.00,0.00
2026-07-22,13860573355,CH-SC-广义新-10153911006548-新综合频道-粮油调味-京喜拉新-剪辑-转化引导-粮油调味-20260713-反向-625-aigc-3,0.00,2,0,0.00,0.00,0.00
2026-07-22,13836029161,CH-SC-低活-10223482211866-超级抢购-生活日用-无-剪辑-转化引导-生活日用-20260703-无-625-10,0.00,2,0,0.00,0.00,0.00
2026-07-22,13873207645,CH-SC-低活-10113209119177-超级抢购-电动车-无-剪辑-转化引导-电动车-20260709-无-625-1,0.00,0,0,0.00,0.00,0.00
2026-07-22,13916302821,CH-SC-低活-10140917922437-超级抢购-家庭清洁-无-剪辑-转化引导-家庭清洁-20260715-无-625-aigc-12,0.00,1,0,0.00,0.00,0.00
2026-07-22,13096006447,荣耀-XN-小说-通用-动态漫-混剪-260416-625-6,0.00,0,0,0.00,0.00,0.00
2026-07-22,13662880438,CH-SC-低活-10134479334759-超级抢购通用-钟表眼镜-无-剪辑-转化引导-钟表眼镜-20260624-无-625-AIGC-13,0.00,0,0,0.00,0.00,0.00
2026-07-22,13662880493,CH-SC-低活-10134479334759-超级抢购通用-钟表眼镜-无-剪辑-转化引导-钟表眼镜-20260624-无-625-AIGC-14,0.00,0,0,0.00,0.00,0.00
2026-07-22,13873257564,CH-SC-低活-10081585918372-超级抢购-纸品-无-剪辑-转化引导-纸品-20260702-无-625-aigc-31,0.00,0,0,0.00,0.00,0.00
2026-07-22,13873218717,CH-SC-低活-10162692688878-超级抢购-家用电器-无-剪辑-转化引导-家用电器-20260710-无-625-aigc-9,0.00,0,0,0.00,0.00,0.00
2026-07-22,13603330697,CH-SC-广义新-10139440032542-新综合频道-运动户外-京喜拉新-剪辑-转化引导-运动户外-20260617-无-625-aigc8,0.00,1,0,0.00,0.00,0.00
2026-07-22,13746319970,CH-SC-低活-10139440032542-超级抢购5元-运动户外-无-剪辑-转化引导-运动户外-20260630-无-625-aigc-12,0.00,1,0,0.00,0.00,0.00
2026-07-22,13860520202,CH-SC-广义新-10211945068200-新综合频道-农资园艺-京喜拉新-剪辑-转化引导-农资园艺-20260713-反向-625-9,0.00,0,0,0.00,0.00,0.00
2026-07-22,13916494614,CH-SC-广义新-10040988734451-新10元话费券-无-无-剪辑-转化引导-无-20260715-无-625-13,0.00,2,0,0.00,0.00,0.00
2026-07-22,13248256230,荣耀-XN-影音娱乐-通用-风景-混剪-260508-625-2,0.00,0,0,0.00,0.00,0.00
2026-07-22,13835219356,CH-SC-广义新-10153911006548-新综合频道-粮油调味-京喜拉新-剪辑-转化引导-粮油调味-20260708-无-625-aigc-8,0.00,1,0,0.00,0.00,0.00
2026-07-22,13835216927,CH-SC-广义新-10153911006548-新综合频道-粮油调味-京喜拉新-剪辑-转化引导-粮油调味-20260708-无-625-aigc-5,0.00,3,0,0.00,0.00,0.00
2026-07-22,13407971591,CH-SC-广义新-10159656246030-新综合频道-电脑-京喜拉新-剪辑-转化引导-电脑-20260527-反向-625-aigc-10,0.00,3,0,0.00,0.00,0.00
2026-07-22,13835212646,CH-SC-广义新-10153911006548-新综合频道-粮油调味-京喜拉新-剪辑-转化引导-粮油调味-20260708-无-625-aigc-29,0.00,8,0,0.00,0.00,0.00
2026-07-22,13096010775,荣耀-XN-影音娱乐-通用-手势舞-混剪-260417-625-5,0.00,0,0,0.00,0.00,0.00
2026-07-22,13860509492,CH-SC-广义新-10211945068200-新综合频道-农资园艺-京喜拉新-剪辑-转化引导-农资园艺-20260713-反向-625-14,0.00,0,0,0.00,0.00,0.00
2026-07-22,13860508166,CH-SC-广义新-10211945068200-新综合频道-农资园艺-京喜拉新-剪辑-转化引导-农资园艺-20260713-反向-625-13,0.00,2,0,0.00,0.00,0.00
2026-07-22,13603419701,CH-SC-低活-10172627929072-超级抢购加补-家装建材-无-剪辑-转化引导-家装建材-20260617-无-625-aigc-22,0.00,1,0,0.00,0.00,0.00
2026-07-22,13846014779,CH-SC-广义新-10140917922437-新综合频道-家庭清洁-京喜拉新-剪辑-转化引导-家庭清洁-20260710-无-625-aigc-9,0.00,4,0,0.00,0.00,0.00
2026-07-22,13860572936,CH-SC-广义新-10153911006548-新综合频道-粮油调味-京喜拉新-剪辑-转化引导-粮油调味-20260713-反向-625-aigc-4,0.00,2,0,0.00,0.00,0.00
2026-07-22,13860491377,CH-SC-广义新-10151951361734-新综合频道-箱包皮具-京喜拉新-剪辑-转化引导-箱包皮具-20260713-无-625-aigc-7,0.00,3,0,0.00,0.00,0.00
2026-07-22,13873229273,CH-SC-低活-10184888743389-超级抢购-纸品-无-剪辑-转化引导-纸品-20260710-无-625-aigc-8,0.00,0,0,0.00,0.00,0.00
2026-07-22,13922141809,信息流-小牛-百香果-京东主体-代运营-新人福利价-0721-10161286379662-深海货盘-625-aigc-3,0.00,2,0,0.00,0.00,0.00
2026-07-22,13776510087,CH-SC-广义新-10143318867797-新综合频道-厨具-京喜拉新-剪辑-转化引导-厨具-20260702-反向-625-aigc-12,0.00,2,0,0.00,0.00,0.00
2026-07-22,13746355396,CH-SC-低活-10112643484929-超级抢购加补-手机通讯-无-剪辑-转化引导-手机通讯-20260630-无-625-3,0.00,5,0,0.00,0.00,0.00
2026-07-22,13873247401,CH-SC-低活-10217740550325-超级抢购-箱包皮具-无-剪辑-转化引导-箱包皮具-20260713-无-625-aigc-1,0.00,0,0,0.00,0.00,0.00
2026-07-22,13746356251,CH-SC-低活-10112643484929-超级抢购加补-手机通讯-无-剪辑-转化引导-手机通讯-20260630-无-625-4,0.00,2,0,0.00,0.00,0.00
2026-07-22,13746356332,CH-SC-低活-10112643484929-超级抢购加补-手机通讯-无-剪辑-转化引导-手机通讯-20260630-无-625-5,0.00,0,0,0.00,0.00,0.00
2026-07-22,13881456466,CH-SC-广义新-10211422220304-新综合频道-家用电器-京喜拉新-剪辑-转化引导-家用电器-20260714-无-625-12,0.00,1,0,0.00,0.00,0.00
2026-07-22,13471070415,CH-SC-广义新-10136363822650-新综合频道-家庭清洁-京喜拉新-剪辑-转化引导-家庭清洁-20260602-反向-625-2,0.00,0,0,0.00,0.00,0.00
2026-07-22,13746239564,CH-SC-低活-10172627929072-超级抢购-家装建材-无-剪辑-转化引导-家装建材-20260702-无-625-aigc-3,0.00,0,0,0.00,0.00,0.00
2026-07-22,13746160729,CH-SC-低活-10100644668875-超级抢购加补-汽车用品-无-剪辑-转化引导-汽车用品-20260701-无-625-aigc-17,0.00,0,0,0.00,0.00,0.00
2026-07-22,12993034611,荣耀-XN-影音-通用-音乐-混剪-260403-625-5,0.00,0,0,0.00,0.00,0.00
2026-07-22,13873172642,CH-SC-低活-10162692688878-超级抢购-家用电器-无-剪辑-转化引导-家用电器-20260709-无-625-aigc-11,0.00,0,0,0.00,0.00,0.00
2026-07-22,13731648525,CH-SC-广义新-10139440032542-新综合频道-运动户外-京喜拉新-剪辑-转化引导-运动户外-20260630-无-625-aigc-2,0.00,0,0,0.00,0.00,0.00
2026-07-22,13471024189,CH-SC-广义新-10219841541026-新综合频道-厨具-京喜拉新-剪辑-转化引导-厨具-20260602-反向-625-aigc-3,0.00,0,0,0.00,0.00,0.00
2026-07-22,13916300749,CH-SC-低活-10140917922437-超级抢购-家庭清洁-无-剪辑-转化引导-家庭清洁-20260715-无-625-aigc-7,0.00,2,0,0.00,0.00,0.00
2026-07-22,13799757252,CH-SC-广义新-10155085148227-新综合频道-家用电器-京喜拉新-剪辑-转化引导-家用电器-20260706-无-625-aigc-12,0.00,4,0,0.00,0.00,0.00
2026-07-22,13835213520,CH-SC-广义新-10153911006548-新综合频道-粮油调味-京喜拉新-剪辑-转化引导-粮油调味-20260708-无-625-aigc-30,0.00,2,0,0.00,0.00,0.00
2026-07-22,13882947268,CH-SC-低活-10162692688878-超级抢购-家用电器-无-剪辑-转化引导-家用电器-20260714-无-625-aigc-14,0.00,1,0,0.00,0.00,0.00
2026-07-22,13873207385,CH-SC-低活-10113209119177-超级抢购-电动车-无-剪辑-转化引导-电动车-20260709-无-625-11,0.00,5,0,0.00,0.00,0.00
2026-07-22,13776634575,CH-SC-广义新-10177393646076-新综合频道-灯饰照明-京喜拉新-剪辑-转化引导-灯饰照明-20260702-反向-625-aigc-1,0.00,0,0,0.00,0.00,0.00
2026-07-22,13536519012,CH-SC-广义新-10127068425204-新综合频道-收纳用品-京喜拉新-剪辑-转化引导-收纳用品-20260610-无-625-9,0.00,2,0,0.00,0.00,0.00
2026-07-22,13525509906,CH-SC-低活-10140917922437-超级抢购加补-家庭清洁-无-剪辑-转化引导-家庭清洁-20260609-无-625-aigc-8,0.00,1,0,0.00,0.00,0.00
2026-07-22,13873259555,CH-SC-低活-10081585918372-超级抢购-纸品-无-剪辑-转化引导-纸品-20260702-无-625-aigc-32,0.00,0,0,0.00,0.00,0.00
2026-07-22,13860519846,CH-SC-广义新-10211945068200-新综合频道-农资园艺-京喜拉新-剪辑-转化引导-农资园艺-20260713-反向-625-10,0.00,0,0,0.00,0.00,0.00
2026-07-22,13873232512,CH-SC-低活-10184888743389-超级抢购-纸品-无-剪辑-转化引导-纸品-20260710-无-625-aigc-11,0.00,1,0,0.00,0.00,0.00
2026-07-22,13873201819,CH-SC-低活-10140917922437-超级抢购-家庭清洁-无-剪辑-转化引导-家庭清洁-20260709-无-625-aigc-10,0.00,1,0,0.00,0.00,0.00
2026-07-22,13873216915,CH-SC-低活-10162692688878-超级抢购-家用电器-无-剪辑-转化引导-家用电器-20260710-无-625-aigc-7,0.00,0,0,0.00,0.00,0.00
2026-07-22,13835210820,CH-SC-广义新-10153911006548-新综合频道-粮油调味-京喜拉新-剪辑-转化引导-粮油调味-20260708-无-625-aigc-25,0.00,1,0,0.00,0.00,0.00
2026-07-22,13872652661,CH-SC-广义新-10136363822650 -新综合频道-纸品-京喜拉新-剪辑-转化引导-纸品-20260714-无-625-12,0.00,15,1,0.00,0.00,6.67
2026-07-22,13799834838,CH-SC-广义新-10156923061370-新综合频道-数码-京喜拉新-剪辑-转化引导-数码-20260707-无-625-aigc-11,0.00,0,0,0.00,0.00,0.00
2026-07-22,13746174775,CH-SC-低活-10100644668875-超级抢购加补-汽车用品-无-剪辑-转化引导-汽车用品-20260701-无-625-aigc-6,0.00,0,0,0.00,0.00,0.00
2026-07-22,13916111070,CH-SC-广义新-10155000015319-新综合频道-厨具-京喜拉新-剪辑-转化引导-厨具-20260716-无-625-aigc-4,0.00,4,0,0.00,0.00,0.00
2026-07-22,13614653474,CH-SC-低活-10147800266661-超级抢购加补-家庭清洁-无-剪辑-转化引导-家庭清洁-20260618-无-625-aigc-10,0.00,2,0,0.00,0.00,0.00
2026-07-22,13881451237,CH-SC-广义新-10211422220304-新综合频道-家用电器-京喜拉新-剪辑-转化引导-家用电器-20260714-无-625-9,0.00,0,0,0.00,0.00,0.00
2026-07-22,13835224054,CH-SC-广义新-10153911006548-新综合频道-粮油调味-京喜拉新-剪辑-转化引导-粮油调味-20260708-无-625-aigc-16,0.00,3,0,0.00,0.00,0.00
2026-07-22,13352605791,CH-SC-低活-10155395301306-超级抢购-生活日用-无-剪辑-转化引导-生活日用-20260521-无-625-6,0.00,0,0,0.00,0.00,0.00
2026-07-22,13835218583,CH-SC-广义新-10153911006548-新综合频道-粮油调味-京喜拉新-剪辑-转化引导-粮油调味-20260708-无-625-aigc-7,0.00,2,1,0.00,0.00,50.00
2026-07-22,13662921777,CH-SC-广义新-10130866966155-新综合频道-服饰内衣-京喜拉新-剪辑-转化引导-服饰内衣-20260624-无-625-1,0.00,5,0,0.00,0.00,0.00
2026-07-22,13922110019,信息流-小牛-百香果-京东主体-代运营-新人福利价-0721-10161286379662-深海货盘-625-aigc-15,0.00,2,0,0.00,0.00,0.00
2026-07-22,13835233353,CH-SC-广义新-10211029652151-新综合频道-纸品-京喜拉新-剪辑-转化引导-纸品-20260709-无-625-5,0.00,2,0,0.00,0.00,0.00
2026-07-22,13179799690,荣耀-XN-影音娱乐-通用-风景-混剪-260429-625-17,0.00,0,0,0.00,0.00,0.00
2026-07-22,13922135840,信息流-小牛-百香果-京东主体-代运营-新人福利价-0721-10161286379662-深海货盘-625-aigc-19,0.00,2,0,0.00,0.00,0.00
2026-07-22,13873233007,CH-SC-低活-10184888743389-超级抢购-纸品-无-剪辑-转化引导-纸品-20260710-无-625-aigc-12,0.00,2,0,0.00,0.00,0.00
2026-07-22,13860551989,CH-SC-广义新-10162692688878-新综合频道-家用电器-京喜拉新-剪辑-转化引导-家用电器-20260713-无-625-aigc-6,0.00,0,0,0.00,0.00,0.00
2026-07-22,13799958713,CH-SC-广义新-10139440032542-新综合频道-运动户外-京喜拉新-剪辑-转化引导-运动户外-20260703-无-625-aigc-11,0.00,0,0,0.00,0.00,0.00
2026-07-22,13873246008,CH-SC-低活-10217740550325-超级抢购-箱包皮具-无-剪辑-转化引导-箱包皮具-20260713-无-625-aigc-9,0.00,4,0,0.00,0.00,0.00
2026-07-22,13881459054,CH-SC-广义新-10211422220304-新综合频道-家用电器-京喜拉新-剪辑-转化引导-家用电器-20260714-无-625-4,0.00,0,0,0.00,0.00,0.00
2026-07-22,13835203618,CH-SC-广义新-10139440032542-新综合频道-运动户外-京喜拉新-剪辑-转化引导-运动户外-20260708-无-625-aigc-4,0.00,0,0,0.00,0.00,0.00
2026-07-22,13581450811,CH-SC-广义新-10130866966155-新综合频道-服饰内衣-京喜拉新-剪辑-转化引导-服饰内衣-20260615-反向-625-aigc-5,0.00,0,0,0.00,0.00,0.00
2026-07-22,13776502418,CH-SC-广义新-10143318867797-新综合频道-厨具-京喜拉新-剪辑-转化引导-厨具-20260702-反向-625-aigc-3,0.00,2,0,0.00,0.00,0.00
2026-07-22,13722926601,CH-SC-低活-10118706992345-超级抢购加补-纸品-无-剪辑-转化引导-纸品-20260629-无-625-aigc-1,0.00,0,0,0.00,0.00,0.00
2026-07-22,13662920894,CH-SC-广义新-10130866966155-新综合频道-服饰内衣-京喜拉新-剪辑-转化引导-服饰内衣-20260624-无-625-11,0.00,4,0,0.00,0.00,0.00
2026-07-22,13860567807,CH-SC-广义新-10153911006548-新综合频道-粮油调味-京喜拉新-剪辑-转化引导-粮油调味-20260713-反向-625-aigc-10,0.00,1,0,0.00,0.00,0.00
2026-07-22,13835202047,CH-SC-广义新-10139440032542-新综合频道-运动户外-京喜拉新-剪辑-转化引导-运动户外-20260708-无-625-aigc-15,0.00,0,0,0.00,0.00,0.00
2026-07-22,13581450030,CH-SC-广义新-10130866966155-新综合频道-服饰内衣-京喜拉新-剪辑-转化引导-服饰内衣-20260615-反向-625-aigc-1,0.00,3,0,0.00,0.00,0.00
2026-07-22,13881453297,CH-SC-广义新-10211422220304-新综合频道-家用电器-京喜拉新-剪辑-转化引导-家用电器-20260714-无-625-1,0.00,0,0,0.00,0.00,0.00
2026-07-22,13845993424,CH-SC-广义新-10120961944861-新综合频道-运动户外 -京喜拉新-剪辑-转化引导-运动户外 -20260710-无-625-aigc-4,0.00,1,0,0.00,0.00,0.00
2026-07-22,13860509986,CH-SC-广义新-10211945068200-新综合频道-农资园艺-京喜拉新-剪辑-转化引导-农资园艺-20260713-反向-625-1,0.00,0,0,0.00,0.00,0.00
2026-07-22,13005947658,荣耀-XN-金融-通用-壁纸-混剪-纯新AIGC-260409-625-29,0.00,0,0,0.00,0.00,0.00
2026-07-22,13662881235,CH-SC-低活-10134479334759-超级抢购通用-钟表眼镜-无-剪辑-转化引导-钟表眼镜-20260624-无-625-AIGC-3,0.00,1,0,0.00,0.00,0.00
2026-07-22,13860560567,CH-SC-广义新-10153911006548-新综合频道-粮油调味-京喜拉新-剪辑-转化引导-粮油调味-20260713-反向-625-aigc-7,0.00,2,0,0.00,0.00,0.00
2026-07-22,13746169335,CH-SC-低活-10100644668875-超级抢购加补-汽车用品-无-剪辑-转化引导-汽车用品-20260701-无-625-aigc-4,0.00,0,0,0.00,0.00,0.00
2026-07-22,13776500483,CH-SC-广义新-10143318867797-新综合频道-厨具-京喜拉新-剪辑-转化引导-厨具-20260702-反向-625-aigc-1,0.00,3,0,0.00,0.00,0.00
2026-07-22,13913143865,信息流-小牛-音响-京东主体-代运营-新人福利价-0720-10112824783788-625-设计自选-aigc-29,0.00,1,0,0.00,0.00,0.00
2026-07-22,13449524163,CH-SC-低活-10147800266661-超级抢购加补-家庭清洁-无-剪辑-转化引导-家庭清洁-20260601-无-625-14,0.00,0,0,0.00,0.00,0.00
2026-07-23,13471070287,CH-SC-广义新-10136363822650-新综合频道-家庭清洁-京喜拉新-剪辑-转化引导-家庭清洁-20260602-反向-625-3,13756.79,414351,48747,54.59,252.00,11.76
2026-07-23,13872652954,CH-SC-广义新-10136363822650 -新综合频道-纸品-京喜拉新-剪辑-转化引导-纸品-20260714-无-625-1,2568.26,41630,5587,62.64,41.00,13.42
2026-07-23,13471070035,CH-SC-广义新-10136363822650-新综合频道-家庭清洁-京喜拉新-剪辑-转化引导-家庭清洁-20260602-反向-625-1,2378.45,87971,11725,72.07,33.00,13.33
2026-07-23,13916493537,CH-SC-广义新-10040988734451-新10元话费券-无-无-剪辑-转化引导-无-20260715-无-625-26,1798.85,171136,26978,39.97,45.01,15.76
2026-07-23,13845993499,CH-SC-广义新-10120961944861-新综合频道-运动户外 -京喜拉新-剪辑-转化引导-运动户外 -20260710-无-625-aigc-6,1532.09,33048,2411,80.64,19.00,7.30
2026-07-23,13799781175,CH-SC-广义新-10155085148227-新综合频道-家用电器-京喜拉新-剪辑-转化引导-家用电器-20260707-反向-625-aigc-14,1048.66,149896,14821,45.59,23.00,9.89
2026-07-23,13547605427,CH-SC-低活-10140207411553-超级抢购加补-文教文化用品-无-剪辑-转化引导-文教文化用品-20260611-无-625-4,988.64,49619,10374,4.05,244.11,20.91
2026-07-23,13486885202,CH-SC-广义新-无-新10元话费券-10元话费券-京喜拉新-剪辑-转化引导-10元话费券-20260605-无-625-4,636.54,35996,2882,39.78,16.00,8.01
2026-07-23,13651815810,CH-SC-低活-10081585918372-超级抢购-家庭清洁纸品-无-剪辑-转化引导-家庭清洁纸品-20260623-无-625-aigc-15,472.47,65030,2588,22.50,21.00,3.98
2026-07-23,13873171234,CH-SC-低活-10137455430983-超级抢购-纸品-无-剪辑-转化引导-纸品-20260709-无-625-aigc-12,450.83,21564,10512,28.18,16.00,48.75
2026-07-23,13559888558,CH-SC-广义新-10139440032542-新综合频道-运动户外-京喜拉新-剪辑-转化引导-运动户外-20260612-无-625-7,430.19,26416,1019,53.77,8.00,3.86
2026-07-23,13559844197,CH-PRJ-采销项目-10204138700158-快手安卓-外卖美食-无-剪辑-转化引导-外卖美食-20260612-无-625-3,404.51,8212,4837,0.17,2379.47,58.90
2026-07-23,13916117535,CH-SC-广义新-10155000015319-新综合频道-厨具-京喜拉新-剪辑-转化引导-厨具-20260716-无-625-aigc-8,379.39,146323,472,47.42,8.00,0.32
2026-07-23,13559845354,CH-PRJ-采销项目-10204138700158-快手安卓-外卖美食-无-剪辑-转化引导-外卖美食-20260612-无-625-4,348.28,7282,4009,0.16,2176.75,55.05
2026-07-23,12838476359,荣耀-XN-小说-通用-动态漫-AIGC-260318-625-14,342.75,1561,577,3.46,99.06,36.96
2026-07-23,13559845298,CH-PRJ-采销项目-10204138700158-快手安卓-外卖美食-无-剪辑-转化引导-外卖美食-20260612-无-625-1,311.30,6219,3437,0.16,1945.62,55.27
2026-07-23,13547606643,CH-SC-低活-10140207411553-超级抢购加补-文教文化用品-无-剪辑-转化引导-文教文化用品-20260611-无-625-8,296.76,21237,2604,3.85,77.08,12.26
2026-07-23,13685269854,CH-SC-低活-10220560400432-超级抢购加补-生活日用-无-剪辑-转化引导-生活日用-20260626-无-625-aigc-15,265.91,22027,605,14.00,18.99,2.75
2026-07-23,13559844692,CH-PRJ-采销项目-10204138700158-快手安卓-外卖美食-无-剪辑-转化引导-外卖美食-20260612-无-625-7,236.53,6661,2824,0.15,1576.87,42.40
2026-07-23,13559844535,CH-PRJ-采销项目-10204138700158-快手安卓-外卖美食-无-剪辑-转化引导-外卖美食-20260612-无-625-6,234.13,6871,2719,0.16,1463.31,39.57
2026-07-23,13904991981,CH-SC-广义新-10136363822650-新综合频道-家庭清洁-京喜拉新-剪辑-转化引导-家庭清洁-202600602-反向-625-5,214.58,7369,785,35.76,6.00,10.65
2026-07-23,13873170621,CH-SC-低活-10137455430983-超级抢购-纸品-无-剪辑-转化引导-纸品-20260709-无-625-aigc-11,206.45,27756,1809,14.75,14.00,6.52
2026-07-23,13873242822,CH-SC-低活-10118706992345-超级抢购-纸品-无-剪辑-转化引导-纸品-20260710-无-625-aigc-10,184.83,12967,6053,20.54,9.00,46.68
2026-07-23,13873166540,CH-SC-低活-10137455430983-超级抢购-纸品-无-剪辑-转化引导-纸品-20260709-无-625-aigc-5,166.23,11058,964,7.92,20.99,8.72
2026-07-23,13536549173,CH-SC-低活-10219841541026-超级抢购加补-厨具-无-剪辑-转化引导-厨具-20260610-无-625-aigc-10,161.79,10177,463,80.90,2.00,4.55
2026-07-23,13559844857,CH-PRJ-采销项目-10204138700158-快手安卓-外卖美食-无-剪辑-转化引导-外卖美食-20260612-无-625-8,158.00,3939,1993,0.17,929.41,50.60
2026-07-23,13872651421,CH-SC-广义新-10136363822650 -新综合频道-纸品-京喜拉新-剪辑-转化引导-纸品-20260714-无-625-9,138.62,10885,1654,46.21,3.00,15.20
2026-07-23,13559845188,CH-PRJ-采销项目-10204138700158-快手安卓-外卖美食-无-剪辑-转化引导-外卖美食-20260612-无-625-10,120.18,2645,1401,0.16,751.12,52.97
2026-07-23,13815434561,CH-PRJ-采销项目-10227170510852-快手-本地生活-无-剪辑-转化引导-本地生活-20260710-无-625-8,110.19,1263,739,110.19,1.00,58.51
2026-07-23,13836021303,CH-SC-低活-10081585918372-超级抢购-纸品-无-剪辑-转化引导-纸品-20260702-无-625-aigc-3,102.75,30694,644,0.00,0.00,2.10
2026-07-23,13559884097,CH-SC-广义新-10120132288166-新综合频道-运动户外-京喜拉新-剪辑-转化引导-运动户外-20260612-无-625-4,96.47,18161,675,96.47,1.00,3.72
2026-07-23,13651786488,CH-SC-低活-10166301474829-超级抢购加补-厨具-无-剪辑-转化引导-厨具-20260623-无-625-18,96.18,6853,376,96.18,1.00,5.49
2026-07-23,13835184730,CH-SC-广义新-10155085148227-新综合频道-家用电器-京喜拉新-剪辑-转化引导-家用电器-20260708-无-625-aigc-67,93.57,27789,122,46.79,2.00,0.44
2026-07-23,13916103586,CH-SC-广义新-10155000015319-新综合频道-厨具-京喜拉新-剪辑-转化引导-厨具-20260716-无-625-aigc-1,93.14,37409,115,93.14,1.00,0.31
2026-07-23,13799981390,CH-SC-广义新-10134479334759-新综合频道-钟表眼镜-京喜拉新-剪辑-转化引导-钟表眼镜-20260703-无-625-aigc-12,91.43,3605,957,91.43,1.00,26.55
2026-07-23,13592316754,CH-SC-广义新-10146456039187-新综合频道-纸品-京喜拉新-剪辑-转化引导-纸品-20260616-反向-625-aigc-8,89.91,21450,628,44.96,2.00,2.93
2026-07-23,13873238176,CH-SC-低活-10118706992345-超级抢购-纸品-无-剪辑-转化引导-纸品-20260710-无-625-aigc-2,86.88,1387,652,12.41,7.00,47.01
2026-07-23,13815443598,CH-PRJ-采销项目-10227170510852-快手-本地生活-无-剪辑-转化引导-本地生活-20260710-无-625-2,85.06,835,537,0.00,0.00,64.31
2026-07-23,13916497314,CH-SC-广义新-10040988734451-新10元话费券-无-无-剪辑-转化引导-无-20260715-无-625-22,81.68,7882,1527,81.68,1.00,19.37
2026-07-23,13916109369,CH-SC-广义新-10155000015319-新综合频道-厨具-京喜拉新-剪辑-转化引导-厨具-20260716-无-625-aigc-3,80.78,12049,227,40.39,2.00,1.88
2026-07-23,13873168305,CH-SC-低活-10137455430983-超级抢购-纸品-无-剪辑-转化引导-纸品-20260709-无-625-aigc-7,76.07,6132,799,15.21,5.00,13.03
2026-07-23,13776536723,CH-SC-广义新-10130866966155-新综合频道-服饰内衣-京喜拉新-剪辑-转化引导-服饰内衣-20260702-无-625-aigc-1,74.55,7067,2187,74.55,1.00,30.95
2026-07-23,13836044901,CH-SC-低活-10118706992345-超级抢购-纸品-无-剪辑-转化引导-纸品-20260702-无-625-aigc-5,70.52,3201,1047,23.51,3.00,32.71
2026-07-23,13559845061,CH-PRJ-采销项目-10204138700158-快手安卓-外卖美食-无-剪辑-转化引导-外卖美食-20260612-无-625-9,69.44,1902,848,0.15,462.93,44.58
2026-07-23,13835190847,CH-SC-广义新-10109170972947-新综合频道-钟表眼镜-京喜拉新-剪辑-转化引导-钟表眼镜-20260708-无-625-aigc-15,69.40,11244,197,0.00,0.00,1.75
2026-07-23,13719128579,CH-SC-广义新-10130866966155-新综合频道-服饰内衣-京喜拉新-剪辑-转化引导-服饰内衣-20260629-无-625-aigc-5,66.37,14655,1391,66.37,1.00,9.49
2026-07-23,13835192045,CH-SC-广义新-10109170972947-新综合频道-钟表眼镜-京喜拉新-剪辑-转化引导-钟表眼镜-20260708-无-625-aigc-3,65.68,58945,57,0.00,0.00,0.10
2026-07-23,13547619349,CH-SC-低活-10217613031260-好价清单-休闲食品-无-剪辑-转化引导-休闲食品-20260611-无-625-12,64.64,17005,330,0.00,0.00,1.94
2026-07-23,13846013662,CH-SC-广义新-10140917922437-新综合频道-家庭清洁-京喜拉新-剪辑-转化引导-家庭清洁-20260710-无-625-aigc-8,62.09,19707,95,0.00,0.00,0.48
2026-07-23,13916303191,CH-SC-低活-10140917922437-超级抢购-家庭清洁-无-剪辑-转化引导-家庭清洁-20260715-无-625-aigc-13,60.62,17056,198,60.62,1.00,1.16
2026-07-23,13603329865,CH-SC-广义新-10139440032542-新综合频道-运动户外-京喜拉新-剪辑-转化引导-运动户外-20260617-无-625-aigc10,59.89,5464,182,59.89,1.00,3.33
2026-07-23,13873244696,CH-SC-低活-10217740550325-超级抢购-箱包皮具-无-剪辑-转化引导-箱包皮具-20260713-无-625-aigc-7,57.68,1840,50,9.61,6.00,2.72
2026-07-23,13614625693,CH-SC-广义新-10134479334759-新综合频道-钟表眼镜-京喜拉新-剪辑-转化引导-钟表眼镜-20260618-无-625-aigc-8,56.80,4314,132,56.80,1.00,3.06
2026-07-23,13685269945,CH-SC-低活-10220560400432-超级抢购加补-生活日用-无-剪辑-转化引导-生活日用-20260626-无-625-aigc-13,55.12,3188,70,55.12,1.00,2.20
2026-07-23,13799927457,CH-SC-广义新-10158258669630-新综合频道-居家布艺-京喜拉新-剪辑-转化引导-居家布艺-20260706-无-625-aigc-2,54.33,4165,2488,0.00,0.00,59.74
2026-07-23,13559844369,CH-PRJ-采销项目-10204138700158-快手安卓-外卖美食-无-剪辑-转化引导-外卖美食-20260612-无-625-5,50.73,1638,687,0.13,390.23,41.94
2026-07-23,13799758725,CH-SC-广义新-10157346551639-新综合频道-生鲜-京喜拉新-剪辑-转化引导-生鲜-20260706-无-625-12,50.53,1058,33,25.27,2.00,3.12
2026-07-23,13471071527,CH-SC-广义新-10136363822650-新综合频道-家庭清洁-京喜拉新-剪辑-转化引导-家庭清洁-20260602-反向-625-aigc-2,46.56,6783,578,0.00,0.00,8.52
2026-07-23,13873198936,CH-SC-低活-10140917922437-超级抢购-家庭清洁-无-剪辑-转化引导-家庭清洁-20260709-无-625-aigc-9,44.98,14081,137,14.99,3.00,0.97
2026-07-23,13815432816,CH-PRJ-采销项目-10227170510852-快手-本地生活-无-剪辑-转化引导-本地生活-20260710-无-625-4,42.62,768,297,0.00,0.00,38.67
2026-07-23,13873166317,CH-SC-低活-10137455430983-超级抢购-纸品-无-剪辑-转化引导-纸品-20260709-无-625-aigc-3,41.99,5306,257,10.50,4.00,4.84
2026-07-23,13846397120,CH-SC-低活-10112643484929-超级抢购-手机通讯-无-剪辑-转化引导-手机通讯-20260708-无-625-aigc-2,41.43,3972,117,20.72,2.00,2.95
2026-07-23,13873164965,CH-SC-低活-10137455430983-超级抢购-纸品-无-剪辑-转化引导-纸品-20260709-无-625-aigc-2,37.86,1981,310,9.47,4.00,15.65
2026-07-23,13815431986,CH-PRJ-采销项目-10227170510852-快手-本地生活-无-剪辑-转化引导-本地生活-20260710-无-625-5,33.91,466,228,0.00,0.00,48.93
2026-07-23,13873165421,CH-SC-低活-10137455430983-超级抢购-纸品-无-剪辑-转化引导-纸品-20260709-无-625-aigc-4,33.57,4452,466,11.19,3.00,10.47
2026-07-23,13836023523,CH-SC-低活-10081585918372-超级抢购-纸品-无-剪辑-转化引导-纸品-20260702-无-625-aigc-6,33.06,9741,42,33.06,1.00,0.43
2026-07-23,13939909961,CH-SC-广义新-10183880057418 -新综合频道-箱包皮具-京喜拉新-剪辑-转化引导-箱包皮具-20260717-无-625-aigc-13,31.67,5032,143,31.67,1.00,2.84
2026-07-23,13815439536,CH-PRJ-采销项目-10227170510852-快手-本地生活-无-剪辑-转化引导-本地生活-20260710-无-625-12,31.52,559,258,0.00,0.00,46.15
2026-07-23,13603346672,CH-SC-广义新-10166301474829-新综合频道-厨具-京喜拉新-剪辑-转化引导-厨具-20260617-反向-625-aigc-12,30.48,2119,538,0.00,0.00,25.39
2026-07-23,13799926468,CH-SC-广义新-10158258669630-新综合频道-居家布艺-京喜拉新-剪辑-转化引导-居家布艺-20260706-无-625-aigc-12,29.91,5954,151,29.91,1.00,2.54
2026-07-23,13341765349,CH-SC-广义新-10219841541026-新综合频道-厨具-京喜拉新-剪辑-转化引导-厨具-20260520-反向-625-7,26.36,346,17,0.00,0.00,4.91
2026-07-23,13846397896,CH-SC-低活-10112643484929-超级抢购-手机通讯-无-剪辑-转化引导-手机通讯-20260708-无-625-aigc-1,25.25,1625,71,25.25,1.00,4.37
2026-07-23,13836038216,CH-SC-低活-10223482211866-超级抢购-生活日用-无-剪辑-转化引导-生活日用-20260703-无-625-7,24.91,703,194,12.46,2.00,27.60
2026-07-23,13873167301,CH-SC-低活-10137455430983-超级抢购-纸品-无-剪辑-转化引导-纸品-20260709-无-625-aigc-6,24.80,10641,226,12.40,2.00,2.12
2026-07-23,13939900885,CH-SC-广义新-10183880057418 -新综合频道-箱包皮具-京喜拉新-剪辑-转化引导-箱包皮具-20260717-无-625-aigc-6,24.67,3240,117,0.00,0.00,3.61
2026-07-23,13873240631,CH-SC-低活-10118706992345-超级抢购-纸品-无-剪辑-转化引导-纸品-20260710-无-625-aigc-5,24.42,5631,80,24.42,1.00,1.42
2026-07-23,13873238696,CH-SC-低活-10118706992345-超级抢购-纸品-无-剪辑-转化引导-纸品-20260710-无-625-aigc-3,24.40,771,103,6.10,4.00,13.36
2026-07-23,13846372517,CH-SC-低活-10112643484929-超级抢购-手机通讯-无-剪辑-转化引导-手机通讯-20260708-无-625-aigc-5,23.61,2120,72,23.61,1.00,3.40
2026-07-23,13352555432,CH-SC-低活-10081585918372-超级抢购-家庭清洁纸品-无-剪辑-转化引导-家庭清洁纸品-20260521-无-625-18,23.46,2897,291,11.73,2.00,10.04
2026-07-23,13799781798,CH-SC-广义新-10155085148227-新综合频道-家用电器-京喜拉新-剪辑-转化引导-家用电器-20260707-反向-625-aigc-16,21.74,2223,665,0.00,0.00,29.91
2026-07-23,13815443566,CH-PRJ-采销项目-10227170510852-快手-本地生活-无-剪辑-转化引导-本地生活-20260710-无-625-15,21.34,296,170,21.34,1.00,57.43
2026-07-23,13873248011,CH-SC-低活-10217740550325-超级抢购-箱包皮具-无-剪辑-转化引导-箱包皮具-20260713-无-625-aigc-2,20.39,1892,1167,0.00,0.00,61.68
2026-07-23,13873285611,CH-SC-低活-10081585918372-超级抢购-纸品-无-剪辑-转化引导-纸品-20260702-无-625-aigc-24,20.31,1017,290,10.16,2.00,28.52
2026-07-23,13916304234,CH-SC-低活-10140917922437-超级抢购-家庭清洁-无-剪辑-转化引导-家庭清洁-20260715-无-625-aigc-16,20.23,6382,56,0.00,0.00,0.88
2026-07-23,13846422587,CH-SC-低活-10220560400432-超级抢购-生活日用-无-剪辑-转化引导-生活日用-20260708-无-625-aigc-7,20.21,1367,323,20.21,1.00,23.63
2026-07-23,13846385439,CH-SC-低活-10112643484929-超级抢购-手机通讯-无-剪辑-转化引导-手机通讯-20260708-无-625-aigc-14,19.75,1200,25,9.88,2.00,2.08
2026-07-23,13846012393,CH-SC-广义新-10140917922437-新综合频道-家庭清洁-京喜拉新-剪辑-转化引导-家庭清洁-20260710-无-625-aigc-6,18.85,4450,27,0.00,0.00,0.61
2026-07-23,13352557402,CH-SC-低活-10081585918372-超级抢购-家庭清洁纸品-无-剪辑-转化引导-家庭清洁纸品-20260521-无-625-25,18.02,1639,263,18.02,1.00,16.05
2026-07-23,13352555282,CH-SC-低活-10081585918372-超级抢购-家庭清洁纸品-无-剪辑-转化引导-家庭清洁纸品-20260521-无-625-16,18.01,2710,112,18.01,1.00,4.13
2026-07-23,13559844150,CH-PRJ-采销项目-10204138700158-快手安卓-外卖美食-无-剪辑-转化引导-外卖美食-20260612-无-625-2,17.75,465,206,0.16,110.94,44.30
2026-07-23,13916302351,CH-SC-低活-10140917922437-超级抢购-家庭清洁-无-剪辑-转化引导-家庭清洁-20260715-无-625-aigc-11,17.65,6914,27,0.00,0.00,0.39
2026-07-23,13916493564,CH-SC-广义新-10040988734451-新10元话费券-无-无-剪辑-转化引导-无-20260715-无-625-24,15.58,2311,83,0.00,0.00,3.59
2026-07-23,13940216774,CH-SC-低活-10223570717754-超级抢购-生鲜-无-剪辑-转化引导-生鲜-20260716-无-625-aigc-12,14.98,4830,19,0.00,0.00,0.39
2026-07-23,13873280201,CH-SC-低活-10081585918372-超级抢购-纸品-无-剪辑-转化引导-纸品-20260702-无-625-aigc-19,14.59,1193,592,0.00,0.00,49.62
2026-07-23,13873189462,CH-SC-低活-10140917922437-超级抢购-家庭清洁-无-剪辑-转化引导-家庭清洁-20260709-无-625-aigc-1,14.54,2332,121,0.00,0.00,5.19
2026-07-23,13873280184,CH-SC-低活-10081585918372-超级抢购-纸品-无-剪辑-转化引导-纸品-20260702-无-625-aigc-20,14.45,2846,1270,0.00,0.00,44.62
2026-07-23,13872652245,CH-SC-广义新-10136363822650 -新综合频道-纸品-京喜拉新-剪辑-转化引导-纸品-20260714-无-625-11,14.34,600,56,0.00,0.00,9.33
2026-07-23,13846435762,CH-SC-低活-10220560400432-超级抢购-生活日用-无-剪辑-转化引导-生活日用-20260708-无-625-aigc-18,14.28,2913,71,0.00,0.00,2.44
2026-07-23,13873277927,CH-SC-低活-10081585918372-超级抢购-纸品-无-剪辑-转化引导-纸品-20260702-无-625-aigc-17,14.04,602,97,7.02,2.00,16.11
2026-07-23,13873203758,CH-SC-低活-10140917922437-超级抢购-家庭清洁-无-剪辑-转化引导-家庭清洁-20260709-无-625-aigc-12,14.04,468,165,14.04,1.00,35.26
2026-07-23,13673738697,CH-SC-低活-10166301474829-超级抢购加补-厨具-无-剪辑-转化引导-厨具-20260625-无-625-13,13.36,1182,208,0.00,0.00,17.60
2026-07-23,13846310030,CH-SC-低活-10140917922437-超级抢购-家庭清洁-无-剪辑-转化引导-家庭清洁-20260708-无-625-aigc-11,13.17,3728,16,13.17,1.00,0.43
2026-07-23,13846411953,CH-SC-低活-10220560400432-超级抢购-生活日用-无-剪辑-转化引导-生活日用-20260708-无-625-aigc-21,12.35,204,3,0.00,0.00,1.47
2026-07-23,13939910265,CH-SC-广义新-10183880057418 -新综合频道-箱包皮具-京喜拉新-剪辑-转化引导-箱包皮具-20260717-无-625-aigc-15,12.22,3312,24,0.00,0.00,0.72
2026-07-23,13873170399,CH-SC-低活-10137455430983-超级抢购-纸品-无-剪辑-转化引导-纸品-20260709-无-625-aigc-10,12.18,442,18,12.18,1.00,4.07
2026-07-23,13873168594,CH-SC-低活-10137455430983-超级抢购-纸品-无-剪辑-转化引导-纸品-20260709-无-625-aigc-8,12.03,1169,300,12.03,1.00,25.66
2026-07-23,13916300247,CH-SC-低活-10140917922437-超级抢购-家庭清洁-无-剪辑-转化引导-家庭清洁-20260715-无-625-aigc-6,11.80,3826,21,0.00,0.00,0.55
2026-07-23,13939903179,CH-SC-广义新-10183880057418 -新综合频道-箱包皮具-京喜拉新-剪辑-转化引导-箱包皮具-20260717-无-625-aigc-8,11.77,1849,44,0.00,0.00,2.38
2026-07-23,13846422800,CH-SC-低活-10220560400432-超级抢购-生活日用-无-剪辑-转化引导-生活日用-20260708-无-625-aigc-8,11.50,1929,97,0.00,0.00,5.03
2026-07-23,13341766059,CH-SC-广义新-10219841541026-新综合频道-厨具-京喜拉新-剪辑-转化引导-厨具-20260520-反向-625-8,11.32,1469,51,0.00,0.00,3.47
2026-07-23,13922152192,信息流-小牛-抽纸-京东主体-代运营-新人福利价-0721-100281253200-设计自选-625-aigc-5,11.03,231,94,0.00,0.00,40.69
2026-07-23,13916491947,CH-SC-广义新-10040988734451-新10元话费券-无-无-剪辑-转化引导-无-20260715-无-625-16,11.00,1548,53,0.00,0.00,3.42
2026-07-23,13873169325,CH-SC-低活-10137455430983-超级抢购-纸品-无-剪辑-转化引导-纸品-20260709-无-625-aigc-9,10.80,1167,177,2.70,4.00,15.17
2026-07-23,13559885026,CH-SC-广义新-10120132288166-新综合频道-运动户外-京喜拉新-剪辑-转化引导-运动户外-20260612-无-625-5,10.60,1835,21,0.00,0.00,1.14
2026-07-23,13873278009,CH-SC-低活-10081585918372-超级抢购-纸品-无-剪辑-转化引导-纸品-20260702-无-625-aigc-16,10.58,1997,47,10.58,1.00,2.35
2026-07-23,13352554681,CH-SC-低活-10081585918372-超级抢购-家庭清洁纸品-无-剪辑-转化引导-家庭清洁纸品-20260521-无-625-13,10.37,1626,48,10.37,1.00,2.95
2026-07-23,13846406613,CH-SC-低活-10081585918372-超级抢购-家庭清洁纸品-无-剪辑-转化引导-家庭清洁纸品-20260708-无-625-aigc-16,10.00,672,41,10.00,1.00,6.10
2026-07-23,13846319941,CH-SC-低活-10140917922437-超级抢购-家庭清洁-无-剪辑-转化引导-家庭清洁-20260708-无-625-aigc-2,9.73,4370,25,9.73,1.00,0.57
2026-07-23,13873172231,CH-SC-低活-10137455430983-超级抢购-纸品-无-剪辑-转化引导-纸品-20260709-无-625-aigc-1,9.58,222,39,0.00,0.00,17.57
2026-07-23,13603353242,CH-SC-广义新-10166301474829-新综合频道-厨具-京喜拉新-剪辑-转化引导-厨具-20260617-反向-625-aigc-21,9.22,699,219,0.00,0.00,31.33
2026-07-23,13352560095,CH-SC-低活-10081585918372-超级抢购-家庭清洁纸品-无-剪辑-转化引导-家庭清洁纸品-20260521-无-625-36,8.99,7998,35,0.00,0.00,0.44
2026-07-23,13939907432,CH-SC-广义新-10183880057418 -新综合频道-箱包皮具-京喜拉新-剪辑-转化引导-箱包皮具-20260717-无-625-aigc-12,8.91,1154,43,0.00,0.00,3.73
2026-07-23,13746328313,CH-SC-低活-10139440032542-超级抢购5元-运动户外-无-剪辑-转化引导-运动户外-20260630-无-625-aigc-8,8.91,186,7,0.00,0.00,3.76
2026-07-23,13922153461,信息流-小牛-抽纸-京东主体-代运营-新人福利价-0721-100281253200-设计自选-625-aigc-8,8.88,215,76,0.00,0.00,35.35
2026-07-23,13873282737,CH-SC-低活-10081585918372-超级抢购-纸品-无-剪辑-转化引导-纸品-20260702-无-625-aigc-23,8.88,598,347,4.44,2.00,58.03
2026-07-23,13916302821,CH-SC-低活-10140917922437-超级抢购-家庭清洁-无-剪辑-转化引导-家庭清洁-20260715-无-625-aigc-12,8.74,3052,45,0.00,0.00,1.47
2026-07-23,13916115670,CH-SC-广义新-10155000015319-新综合频道-厨具-京喜拉新-剪辑-转化引导-厨具-20260716-无-625-aigc-5,8.64,4837,13,8.64,1.00,0.27
2026-07-23,13922156291,信息流-小牛-抽纸-京东主体-代运营-新人福利价-0721-100281253200-设计自选-625-aigc-13,8.52,192,59,0.00,0.00,30.73
2026-07-23,13939898143,CH-SC-广义新-10183880057418 -新综合频道-箱包皮具-京喜拉新-剪辑-转化引导-箱包皮具-20260717-无-625-aigc-4,8.49,1357,29,0.00,0.00,2.14
2026-07-23,13939910115,CH-SC-广义新-10183880057418 -新综合频道-箱包皮具-京喜拉新-剪辑-转化引导-箱包皮具-20260717-无-625-aigc-14,8.25,1863,18,0.00,0.00,0.97
2026-07-23,13836045031,CH-SC-低活-10118706992345-超级抢购-纸品-无-剪辑-转化引导-纸品-20260702-无-625-aigc-3,8.11,2457,27,0.00,0.00,1.10
2026-07-23,13722919113,CH-SC-低活-10220560400432-超级抢购加补-生活日用-无-剪辑-转化引导-生活日用-20260629-无-625-aigc-4,7.82,351,130,0.00,0.00,37.04
2026-07-23,13846398501,CH-SC-低活-10112643484929-超级抢购-手机通讯-无-剪辑-转化引导-手机通讯-20260708-无-625-aigc-3,7.66,709,13,0.00,0.00,1.83
2026-07-23,13939908809,CH-SC-广义新-10183880057418 -新综合频道-箱包皮具-京喜拉新-剪辑-转化引导-箱包皮具-20260717-无-625-aigc-11,7.64,1408,15,0.00,0.00,1.07
2026-07-23,13799928462,CH-SC-广义新-10158258669630-新综合频道-居家布艺-京喜拉新-剪辑-转化引导-居家布艺-20260706-无-625-aigc-3,6.58,231,139,0.00,0.00,60.17
2026-07-23,13904991258,CH-SC-广义新-10136363822650-新综合频道-家庭清洁-京喜拉新-剪辑-转化引导-家庭清洁-20260717-反向-625-3,6.35,626,86,0.00,0.00,13.74
2026-07-23,13873272312,CH-SC-低活-10081585918372-超级抢购-纸品-无-剪辑-转化引导-纸品-20260702-无-625-aigc-11,6.35,2152,75,0.00,0.00,3.49
2026-07-23,13799983282,CH-SC-广义新-10134479334759-新综合频道-钟表眼镜-京喜拉新-剪辑-转化引导-钟表眼镜-20260703-无-625-aigc-13,6.24,1661,14,0.00,0.00,0.84
2026-07-23,13722919375,CH-SC-低活-10220560400432-超级抢购加补-生活日用-无-剪辑-转化引导-生活日用-20260629-无-625-aigc-5,6.21,85,8,6.21,1.00,9.41
2026-07-23,13873245744,CH-SC-低活-10217740550325-超级抢购-箱包皮具-无-剪辑-转化引导-箱包皮具-20260713-无-625-aigc-8,6.14,246,2,0.00,0.00,0.81
2026-07-23,13916299436,CH-SC-低活-10140917922437-超级抢购-家庭清洁-无-剪辑-转化引导-家庭清洁-20260715-无-625-aigc-4,6.11,2251,42,0.00,0.00,1.87
2026-07-23,13916089663,CH-SC-广义新-10184972523548-新综合频道-厨具-京喜拉新-剪辑-转化引导-厨具-20260716-反向-625-aigc-10,6.07,1746,27,0.00,0.00,1.55
2026-07-23,13873283614,CH-SC-低活-10081585918372-超级抢购-纸品-无-剪辑-转化引导-纸品-20260702-无-625-aigc-22,6.03,1474,533,0.00,0.00,36.16
2026-07-23,13846387962,CH-SC-低活-10112643484929-超级抢购-手机通讯-无-剪辑-转化引导-手机通讯-20260708-无-625-aigc-15,6.01,476,11,0.00,0.00,2.31
2026-07-23,13904992036,CH-SC-广义新-10136363822650-新综合频道-家庭清洁-京喜拉新-剪辑-转化引导-家庭清洁-20260717-反向-625-6,5.86,1051,89,0.00,0.00,8.47
2026-07-23,13603353487,CH-SC-广义新-10166301474829-新综合频道-厨具-京喜拉新-剪辑-转化引导-厨具-20260617-反向-625-aigc-19,5.83,264,94,0.00,0.00,35.61
2026-07-23,13603354275,CH-SC-广义新-10166301474829-新综合频道-厨具-京喜拉新-剪辑-转化引导-厨具-20260617-反向-625-aigc-20,5.65,405,85,0.00,0.00,20.99
2026-07-23,13939896569,CH-SC-广义新-10183880057418 -新综合频道-箱包皮具-京喜拉新-剪辑-转化引导-箱包皮具-20260717-无-625-aigc-3,5.54,803,7,0.00,0.00,0.87
2026-07-23,13939896010,CH-SC-广义新-10183880057418 -新综合频道-箱包皮具-京喜拉新-剪辑-转化引导-箱包皮具-20260717-无-625-aigc-2,5.52,851,13,0.00,0.00,1.53
2026-07-23,13872650137,CH-SC-广义新-10136363822650 -新综合频道-纸品-京喜拉新-剪辑-转化引导-纸品-20260714-无-625-3,5.51,363,6,5.51,1.00,1.65
2026-07-23,13872651899,CH-SC-广义新-10136363822650 -新综合频道-纸品-京喜拉新-剪辑-转化引导-纸品-20260714-无-625-10,5.43,1058,44,0.00,0.00,4.16
2026-07-23,13846389890,CH-SC-低活-10112643484929-超级抢购-手机通讯-无-剪辑-转化引导-手机通讯-20260708-无-625-aigc-17,5.39,421,10,2.70,2.00,2.38
2026-07-23,13904991502,CH-SC-广义新-10136363822650-新综合频道-家庭清洁-京喜拉新-剪辑-转化引导-家庭清洁-20260717-反向-625-4,5.29,1146,111,0.00,0.00,9.69
2026-07-23,13352556383,CH-SC-低活-10081585918372-超级抢购-家庭清洁纸品-无-剪辑-转化引导-家庭清洁纸品-20260521-无-625-17,5.27,434,27,0.00,0.00,6.22
2026-07-23,13776532381,CH-SC-广义新-10130866966155-新综合频道-服饰内衣-京喜拉新-剪辑-转化引导-服饰内衣-20260702-无-625-aigc-17,5.09,1606,170,0.00,0.00,10.59
2026-07-23,13592317577,CH-SC-广义新-10146456039187-新综合频道-纸品-京喜拉新-剪辑-转化引导-纸品-20260616-反向-625-aigc-13,5.04,1518,18,0.00,0.00,1.19
2026-07-23,13776519951,CH-SC-广义新-10130866966155-新综合频道-服饰内衣-京喜拉新-剪辑-转化引导-服饰内衣-20260702-无-625-aigc-7,4.97,2021,107,0.00,0.00,5.29
2026-07-23,13916299517,CH-SC-低活-10140917922437-超级抢购-家庭清洁-无-剪辑-转化引导-家庭清洁-20260715-无-625-aigc-5,4.90,1065,22,0.00,0.00,2.07
2026-07-23,13939901210,CH-SC-广义新-10183880057418 -新综合频道-箱包皮具-京喜拉新-剪辑-转化引导-箱包皮具-20260717-无-625-aigc-7,4.89,752,4,0.00,0.00,0.53
2026-07-23,13916491839,CH-SC-广义新-10040988734451-新10元话费券-无-无-剪辑-转化引导-无-20260715-无-625-5,4.76,144,8,0.00,0.00,5.56
2026-07-23,13939867820,CH-SC-广义新-10217878263924 -新综合频道-汽车用品-京喜拉新-剪辑-转化引导-汽车用品-20260717-无-625-6,4.73,196,58,0.00,0.00,29.59
2026-07-23,13559886032,CH-SC-广义新-10120132288166-新综合频道-运动户外-京喜拉新-剪辑-转化引导-运动户外-20260612-无-625-9,4.52,1084,8,0.00,0.00,0.74
2026-07-23,13922154849,信息流-小牛-抽纸-京东主体-代运营-新人福利价-0721-100281253200-设计自选-625-aigc-9,4.51,101,31,0.00,0.00,30.69
2026-07-23,13916302041,CH-SC-低活-10140917922437-超级抢购-家庭清洁-无-剪辑-转化引导-家庭清洁-20260715-无-625-aigc-10,4.50,716,19,0.00,0.00,2.65
2026-07-23,13662919215,CH-SC-广义新-10130866966155-新综合频道-服饰内衣-京喜拉新-剪辑-转化引导-服饰内衣-20260624-无-625-3,4.49,145,39,0.00,0.00,26.90
2026-07-23,13922149903,信息流-小牛-抽纸-京东主体-代运营-新人福利价-0721-100281253200-设计自选-625-aigc-1,4.42,86,40,0.00,0.00,46.51
2026-07-23,13799756880,CH-SC-广义新-10157346551639-新综合频道-生鲜-京喜拉新-剪辑-转化引导-生鲜-20260706-无-625-11,4.15,295,3,0.00,0.00,1.02
2026-07-23,13939911163,CH-SC-广义新-10183880057418 -新综合频道-箱包皮具-京喜拉新-剪辑-转化引导-箱包皮具-20260717-无-625-aigc-1,4.09,536,25,0.00,0.00,4.66
2026-07-23,13799931656,CH-SC-广义新-10158258669630-新综合频道-居家布艺-京喜拉新-剪辑-转化引导-居家布艺-20260706-无-625-aigc-7,4.08,231,154,0.00,0.00,66.67
2026-07-23,13916303997,CH-SC-低活-10140917922437-超级抢购-家庭清洁-无-剪辑-转化引导-家庭清洁-20260715-无-625-aigc-15,4.02,1055,25,0.00,0.00,2.37
2026-07-23,13881547607,CH-SC-广义新-10102020339908 -新综合频道-数码-京喜拉新-剪辑-转化引导-数码-20260715-无-625-4,4.01,491,55,0.00,0.00,11.20
2026-07-23,13603383616,CH-SC-低活-10217740550325-超级抢购加补-箱包皮具-无-剪辑-转化引导-箱包皮具-20260617-无-625-aigc-5,4.00,336,14,0.00,0.00,4.17
2026-07-23,13872651072,CH-SC-广义新-10136363822650 -新综合频道-纸品-京喜拉新-剪辑-转化引导-纸品-20260714-无-625-7,3.88,190,31,0.00,0.00,16.32
2026-07-23,13872650671,CH-SC-广义新-10136363822650 -新综合频道-纸品-京喜拉新-剪辑-转化引导-纸品-20260714-无-625-5,3.74,296,17,0.00,0.00,5.74
2026-07-23,13939951431,CH-SC-广义新-10115067968253-新综合频道-家用电器-京喜拉新-剪辑-转化引导-家用电器-20260720-无-625-aigc-2,3.74,207,86,0.00,0.00,41.55
2026-07-23,13846311562,CH-SC-低活-10140917922437-超级抢购-家庭清洁-无-剪辑-转化引导-家庭清洁-20260708-无-625-aigc-12,3.61,184,4,0.00,0.00,2.17
2026-07-23,13846316443,CH-SC-低活-10140917922437-超级抢购-家庭清洁-无-剪辑-转化引导-家庭清洁-20260708-无-625-aigc-16,3.54,713,6,0.00,0.00,0.84
2026-07-23,13581451283,CH-SC-广义新-10130866966155-新综合频道-服饰内衣-京喜拉新-剪辑-转化引导-服饰内衣-20260615-反向-625-aigc-7,3.42,290,74,0.00,0.00,25.52
2026-07-23,13881547160,CH-SC-广义新-10102020339908 -新综合频道-数码-京喜拉新-剪辑-转化引导-数码-20260715-无-625-3,3.42,407,57,3.42,1.00,14.00
2026-07-23,13916489653,CH-SC-广义新-10040988734451-新10元话费券-无-无-剪辑-转化引导-无-20260715-无-625-1,3.39,376,97,0.00,0.00,25.80
2026-07-23,13536545427,CH-SC-低活-10219841541026-超级抢购加补-厨具-无-剪辑-转化引导-厨具-20260610-无-625-aigc-4,3.35,68,2,0.00,0.00,2.94
2026-07-23,13881546157,CH-SC-广义新-10102020339908 -新综合频道-数码-京喜拉新-剪辑-转化引导-数码-20260715-无-625-10,3.19,399,46,0.00,0.00,11.53
2026-07-23,13799972803,CH-SC-广义新-10139440032542-新综合频道-运动户外-京喜拉新-剪辑-转化引导-运动户外-20260703-无-625-aigc-17,3.11,95,7,0.00,0.00,7.37
2026-07-23,13799885594,CH-SC-广义新-10140493395931-新综合频道-厨房卫浴-京喜拉新-剪辑-转化引导-厨房卫浴-20260707-无-625-aigc-10,2.95,415,6,0.00,0.00,1.45
2026-07-23,13846370672,CH-SC-低活-10112643484929-超级抢购-手机通讯-无-剪辑-转化引导-手机通讯-20260708-无-625-aigc-4,2.93,311,5,0.00,0.00,1.61
2026-07-23,13846312854,CH-SC-低活-10140917922437-超级抢购-家庭清洁-无-剪辑-转化引导-家庭清洁-20260708-无-625-aigc-13,2.86,290,5,0.00,0.00,1.72
2026-07-23,13846375083,CH-SC-低活-10112643484929-超级抢购-手机通讯-无-剪辑-转化引导-手机通讯-20260708-无-625-aigc-6,2.78,459,11,0.00,0.00,2.40
2026-07-23,13592311755,CH-SC-广义新-10139440032542-新综合频道-运动户外-京喜拉新-剪辑-转化引导-运动户外-20260616-无-625-aigc-17,2.75,1173,1,0.00,0.00,0.09
2026-07-23,13651774640,CH-SC-低活-10081585918372-超级抢购-家庭清洁纸品-无-剪辑-转化引导-家庭清洁纸品-20260623-无-625-aigc-1,2.74,1193,19,0.00,0.00,1.59
2026-07-23,13846396417,CH-SC-低活-10112643484929-超级抢购-手机通讯-无-剪辑-转化引导-手机通讯-20260708-无-625-aigc-21,2.67,2123,3,0.00,0.00,0.14
2026-07-23,13799885673,CH-SC-广义新-10140493395931-新综合频道-厨房卫浴-京喜拉新-剪辑-转化引导-厨房卫浴-20260707-无-625-aigc-9,2.60,439,15,0.00,0.00,3.42
2026-07-23,13881548030,CH-SC-广义新-10102020339908 -新综合频道-数码-京喜拉新-剪辑-转化引导-数码-20260715-无-625-5,2.53,457,24,0.00,0.00,5.25
2026-07-23,13722920074,CH-SC-低活-10220560400432-超级抢购加补-生活日用-无-剪辑-转化引导-生活日用-20260629-无-625-aigc-8,2.42,168,81,0.00,0.00,48.21
2026-07-23,13776519630,CH-SC-广义新-10130866966155-新综合频道-服饰内衣-京喜拉新-剪辑-转化引导-服饰内衣-20260702-无-625-aigc-5,2.42,658,76,0.00,0.00,11.55
2026-07-23,13614624623,CH-SC-广义新-10134479334759-新综合频道-钟表眼镜-京喜拉新-剪辑-转化引导-钟表眼镜-20260618-无-625-aigc-7,2.39,118,3,0.00,0.00,2.54
2026-07-23,13836054268,CH-SC-低活-10156776256916-超级抢购-珠宝首饰-无-剪辑-转化引导-珠宝首饰-20260703-无-625-aigc-6,2.37,434,42,0.00,0.00,9.68
2026-07-23,13846406540,CH-SC-低活-10081585918372-超级抢购-家庭清洁纸品-无-剪辑-转化引导-家庭清洁纸品-20260708-无-625-aigc-17,2.37,1495,6,0.00,0.00,0.40
2026-07-23,13836032434,CH-SC-低活-10223482211866-超级抢购-生活日用-无-剪辑-转化引导-生活日用-20260703-无-625-15,2.31,78,13,0.00,0.00,16.67
2026-07-23,13873257894,CH-SC-低活-10081585918372-超级抢购-纸品-无-剪辑-转化引导-纸品-20260702-无-625-aigc-30,2.28,367,10,0.00,0.00,2.72
2026-07-23,13341768699,CH-SC-广义新-10219841541026-新综合频道-厨具-京喜拉新-剪辑-转化引导-厨具-20260520-反向-625-14,2.24,667,12,0.00,0.00,1.80
2026-07-23,13916307253,CH-SC-低活-10215767576641-超级抢购-生鲜-无-剪辑-转化引导-生鲜-20260715-无-625-aigc-4,2.24,37,19,0.00,0.00,51.35
2026-07-23,13776518178,CH-SC-广义新-10130866966155-新综合频道-服饰内衣-京喜拉新-剪辑-转化引导-服饰内衣-20260702-无-625-aigc-4,2.20,1174,44,0.00,0.00,3.75
2026-07-23,13352556484,CH-SC-低活-10081585918372-超级抢购-家庭清洁纸品-无-剪辑-转化引导-家庭清洁纸品-20260521-无-625-20,2.20,191,16,0.00,0.00,8.38
2026-07-23,13873199145,CH-SC-低活-10140917922437-超级抢购-家庭清洁-无-剪辑-转化引导-家庭清洁-20260709-无-625-aigc-8,2.19,463,8,2.19,1.00,1.73
2026-07-23,13916402149,CH-SC-低活-10120093290551-超级抢购-纸品-无-剪辑-转化引导-纸品-20260715-无-625-aigc-2,2.19,721,14,0.00,0.00,1.94
2026-07-23,13916493960,CH-SC-广义新-10040988734451-新10元话费券-无-无-剪辑-转化引导-无-20260715-无-625-25,2.16,74,14,0.00,0.00,18.92
2026-07-23,13662920782,CH-SC-广义新-10130866966155-新综合频道-服饰内衣-京喜拉新-剪辑-转化引导-服饰内衣-20260624-无-625-10,2.14,161,22,0.00,0.00,13.66
2026-07-23,13581451478,CH-SC-广义新-10130866966155-新综合频道-服饰内衣-京喜拉新-剪辑-转化引导-服饰内衣-20260615-反向-625-aigc-6,2.14,455,74,0.00,0.00,16.26
2026-07-23,13904992394,CH-SC-广义新-10136363822650-新综合频道-家庭清洁-京喜拉新-剪辑-转化引导-家庭清洁-20260717-反向-625-1,2.04,359,32,0.00,0.00,8.91
2026-07-23,13916489768,CH-SC-广义新-10040988734451-新10元话费券-无-无-剪辑-转化引导-无-20260715-无-625-11,2.03,164,7,0.00,0.00,4.27
2026-07-23,13916401971,CH-SC-低活-10120093290551-超级抢购-纸品-无-剪辑-转化引导-纸品-20260715-无-625-aigc-12,1.97,834,15,0.00,0.00,1.80
2026-07-23,13873271713,CH-SC-低活-10081585918372-超级抢购-纸品-无-剪辑-转化引导-纸品-20260702-无-625-aigc-10,1.97,452,18,0.00,0.00,3.98
2026-07-23,13846394660,CH-SC-低活-10112643484929-超级抢购-手机通讯-无-剪辑-转化引导-手机通讯-20260708-无-625-aigc-20,1.93,157,2,0.00,0.00,1.27
2026-07-23,13846316876,CH-SC-低活-10140917922437-超级抢购-家庭清洁-无-剪辑-转化引导-家庭清洁-20260708-无-625-aigc-1,1.90,675,2,0.00,0.00,0.30
2026-07-23,13916115157,CH-SC-广义新-10155000015319-新综合频道-厨具-京喜拉新-剪辑-转化引导-厨具-20260716-无-625-aigc-7,1.86,1194,3,0.00,0.00,0.25
2026-07-23,13719129557,CH-SC-广义新-10130866966155-新综合频道-服饰内衣-京喜拉新-剪辑-转化引导-服饰内衣-20260629-无-625-aigc-8,1.81,459,39,0.00,0.00,8.50
2026-07-23,13614673729,CH-SC-低活-10143318867797-超级抢购5元-厨具-无-剪辑-转化引导-厨具-20260618-无-625-aigc-3,1.80,150,4,0.00,0.00,2.67
2026-07-23,13352560828,CH-SC-低活-10081585918372-超级抢购-家庭清洁纸品-无-剪辑-转化引导-家庭清洁纸品-20260521-无-625-38,1.78,84,2,0.00,0.00,2.38
2026-07-23,13486880647,CH-SC-广义新-无-新10元话费券-10元话费券-京喜拉新-剪辑-转化引导-10元话费券-20260605-无-625-21,1.74,231,32,0.00,0.00,13.85
2026-07-23,13421936745,CH-SC-广义新-10155085148227-新综合频道-家用电器-京喜拉新-剪辑-转化引导-家用电器-20260528-无-625-20,1.73,755,11,0.00,0.00,1.46
2026-07-23,13873279405,CH-SC-低活-10081585918372-超级抢购-纸品-无-剪辑-转化引导-纸品-20260702-无-625-aigc-18,1.68,205,10,0.00,0.00,4.88
2026-07-23,13881546754,CH-SC-广义新-10102020339908 -新综合频道-数码-京喜拉新-剪辑-转化引导-数码-20260715-无-625-2,1.52,164,8,0.00,0.00,4.88
2026-07-23,13916089309,CH-SC-广义新-10184972523548-新综合频道-厨具-京喜拉新-剪辑-转化引导-厨具-20260716-反向-625-aigc-1,1.51,263,4,0.00,0.00,1.52
2026-07-23,13846398992,CH-SC-低活-10081585918372-超级抢购-家庭清洁纸品-无-剪辑-转化引导-家庭清洁纸品-20260708-无-625-aigc-19,1.50,224,10,0.00,0.00,4.46
2026-07-23,13881544579,CH-SC-广义新-10102020339908 -新综合频道-数码-京喜拉新-剪辑-转化引导-数码-20260715-无-625-7,1.49,413,5,0.00,0.00,1.21
2026-07-23,13603360081,CH-SC-广义新-10166301474829-新综合频道-厨具-京喜拉新-剪辑-转化引导-厨具-20260617-反向-625-aigc-1,1.45,25,13,0.00,0.00,52.00
2026-07-23,13873243579,CH-SC-低活-10118706992345-超级抢购-纸品-无-剪辑-转化引导-纸品-20260710-无-625-aigc-11,1.43,535,12,0.00,0.00,2.24
2026-07-23,13940207404,CH-SC-低活-10200755904098-超级抢购-汽车用品-无-剪辑-转化引导-汽车用品-20260716-无-625-aigc-12,1.39,211,7,0.00,0.00,3.32
2026-07-23,13799763117,CH-SC-广义新-10157346551639-新综合频道-生鲜-京喜拉新-剪辑-转化引导-生鲜-20260706-无-625-10,1.39,206,8,0.00,0.00,3.88
2026-07-23,13776504220,CH-SC-广义新-10143318867797-新综合频道-厨具-京喜拉新-剪辑-转化引导-厨具-20260702-反向-625-aigc-6,1.32,814,3,0.00,0.00,0.37
2026-07-23,13881545800,CH-SC-广义新-10102020339908 -新综合频道-数码-京喜拉新-剪辑-转化引导-数码-20260715-无-625-9,1.32,244,23,0.00,0.00,9.43
2026-07-23,13916308362,CH-SC-低活-10215767576641-超级抢购-生鲜-无-剪辑-转化引导-生鲜-20260715-无-625-aigc-6,1.27,146,11,0.00,0.00,7.53
2026-07-23,13746347679,CH-SC-低活-10219841541026-超级抢购加补-厨具-无-剪辑-转化引导-厨具-20260630-无-625-aigc-8,1.25,188,5,0.00,0.00,2.66
2026-07-23,13835203321,CH-SC-广义新-10139440032542-新综合频道-运动户外-京喜拉新-剪辑-转化引导-运动户外-20260708-无-625-aigc-3,1.25,12,1,1.25,1.00,8.33
2026-07-23,13916092866,CH-SC-广义新-10184972523548-新综合频道-厨具-京喜拉新-剪辑-转化引导-厨具-20260716-反向-625-aigc-3,1.24,338,3,0.00,0.00,0.89
2026-07-23,13846346637,CH-SC-低活-10113209119177-超级抢购-电动车-无-剪辑-转化引导-电动车-20260708-无-625-12,1.21,20,1,0.00,0.00,5.00
2026-07-23,13916491411,CH-SC-广义新-10040988734451-新10元话费券-无-无-剪辑-转化引导-无-20260715-无-625-9,1.20,4,0,0.00,0.00,0.00
2026-07-23,13836032425,CH-SC-低活-10223482211866-超级抢购-生活日用-无-剪辑-转化引导-生活日用-20260703-无-625-14,1.18,361,12,0.00,0.00,3.32
2026-07-23,13776521705,CH-SC-广义新-10130866966155-新综合频道-服饰内衣-京喜拉新-剪辑-转化引导-服饰内衣-20260702-无-625-aigc-9,1.16,313,78,0.00,0.00,24.92
2026-07-23,13746324684,CH-SC-低活-10139440032542-超级抢购5元-运动户外-无-剪辑-转化引导-运动户外-20260630-无-625-aigc-5,1.14,215,4,0.00,0.00,1.86
2026-07-23,13836036407,CH-SC-低活-10223482211866-超级抢购-生活日用-无-剪辑-转化引导-生活日用-20260703-无-625-4,1.14,352,8,0.00,0.00,2.27
2026-07-23,13904991175,CH-SC-广义新-10136363822650-新综合频道-家庭清洁-京喜拉新-剪辑-转化引导-家庭清洁-20260602-反向-625-2,1.13,322,49,0.00,0.00,15.22
2026-07-23,13940213199,CH-SC-低活-10223570717754-超级抢购-生鲜-无-剪辑-转化引导-生鲜-20260716-无-625-aigc-7,1.13,172,3,0.00,0.00,1.74
2026-07-23,13881545653,CH-SC-广义新-10102020339908 -新综合频道-数码-京喜拉新-剪辑-转化引导-数码-20260715-无-625-1,1.11,136,2,0.00,0.00,1.47
2026-07-23,13940210122,CH-SC-低活-10200755904098-超级抢购-汽车用品-无-剪辑-转化引导-汽车用品-20260716-无-625-aigc-1,1.11,34,1,1.11,1.00,2.94
2026-07-23,13873251318,CH-SC-低活-10081585918372-超级抢购-纸品-无-剪辑-转化引导-纸品-20260702-无-625-aigc-26,1.10,173,7,0.00,0.00,4.05
2026-07-23,13918394595,信息流-小牛-车载支架-低活-代运营-福利价-0721-100091919404-深海货盘-625-aigc-4,1.10,74,36,0.00,0.00,48.65
2026-07-23,13922151320,信息流-小牛-抽纸-京东主体-代运营-新人福利价-0721-100281253200-设计自选-625-aigc-3,1.06,102,11,0.00,0.00,10.78
2026-07-23,13486890331,CH-SC-广义新-无-新10元话费券-10元话费券-京喜拉新-剪辑-转化引导-10元话费券-20260605-无-625-10,1.05,74,6,0.00,0.00,8.11
2026-07-23,13916105958,CH-SC-广义新-10184972523548-新综合频道-厨具-京喜拉新-剪辑-转化引导-厨具-20260716-反向-625-aigc-9,1.04,156,7,0.00,0.00,4.49
2026-07-23,13873275138,CH-SC-低活-10081585918372-超级抢购-纸品-无-剪辑-转化引导-纸品-20260702-无-625-aigc-14,1.03,503,7,0.00,0.00,1.39
2026-07-23,13916102483,CH-SC-广义新-10184972523548-新综合频道-厨具-京喜拉新-剪辑-转化引导-厨具-20260716-反向-625-aigc-8,1.03,179,4,0.00,0.00,2.23
2026-07-23,13916489625,CH-SC-广义新-10040988734451-新10元话费券-无-无-剪辑-转化引导-无-20260715-无-625-4,1.03,22,1,0.00,0.00,4.55
2026-07-23,13872650749,CH-SC-广义新-10136363822650 -新综合频道-纸品-京喜拉新-剪辑-转化引导-纸品-20260714-无-625-6,1.00,213,9,0.00,0.00,4.23
2026-07-23,13836046661,CH-SC-低活-10118706992345-超级抢购-纸品-无-剪辑-转化引导-纸品-20260702-无-625-aigc-7,0.99,184,5,0.00,0.00,2.72
2026-07-23,13916303411,CH-SC-低活-10140917922437-超级抢购-家庭清洁-无-剪辑-转化引导-家庭清洁-20260715-无-625-aigc-14,0.98,361,1,0.00,0.00,0.28
2026-07-23,13132579643,荣耀-XN-社交-通用-聊天券-混剪-260424-625-11,0.97,41,8,0.00,0.00,19.51
2026-07-23,13918396672,信息流-小牛-车载支架-低活-代运营-福利价-0721-100091919404-深海货盘-625-aigc-8,0.96,87,32,0.00,0.00,36.78
2026-07-23,13922154453,信息流-小牛-抽纸-京东主体-代运营-新人福利价-0721-100281253200-设计自选-625-aigc-10,0.96,28,5,0.00,0.00,17.86
2026-07-23,13836036590,CH-SC-低活-10223482211866-超级抢购-生活日用-无-剪辑-转化引导-生活日用-20260703-无-625-5,0.95,69,2,0.00,0.00,2.90
2026-07-23,13916092599,CH-SC-广义新-10184972523548-新综合频道-厨具-京喜拉新-剪辑-转化引导-厨具-20260716-反向-625-aigc-4,0.91,219,1,0.00,0.00,0.46
2026-07-23,13940201606,CH-SC-低活-10200755904098-超级抢购-汽车用品-无-剪辑-转化引导-汽车用品-20260716-无-625-aigc-6,0.88,58,1,0.00,0.00,1.72
2026-07-23,13746320869,CH-SC-低活-10139440032542-超级抢购5元-运动户外-无-剪辑-转化引导-运动户外-20260630-无-625-aigc-2,0.87,35,0,0.00,0.00,0.00
2026-07-23,13916099751,CH-SC-广义新-10184972523548-新综合频道-厨具-京喜拉新-剪辑-转化引导-厨具-20260716-反向-625-aigc-7,0.87,135,6,0.00,0.00,4.44
2026-07-23,13939906647,CH-SC-广义新-10183880057418 -新综合频道-箱包皮具-京喜拉新-剪辑-转化引导-箱包皮具-20260717-无-625-aigc-5,0.86,137,0,0.00,0.00,0.00
2026-07-23,13746328503,CH-SC-低活-10139440032542-超级抢购5元-运动户外-无-剪辑-转化引导-运动户外-20260630-无-625-aigc-7,0.84,38,1,0.00,0.00,2.63
2026-07-23,13922152568,信息流-小牛-抽纸-京东主体-代运营-新人福利价-0721-100281253200-设计自选-625-aigc-6,0.81,10,6,0.00,0.00,60.00
2026-07-23,13799905875,CH-SC-广义新-10118706992345-新综合频道-纸品-京喜拉新-剪辑-转化引导-纸品-20260707-无-625-aigc-13,0.79,37,12,0.00,0.00,32.43
2026-07-23,13471069673,CH-SC-广义新-10136363822650-新综合频道-家庭清洁-京喜拉新-剪辑-转化引导-家庭清洁-20260602-反向-625-aigc-5,0.78,63,7,0.00,0.00,11.11
2026-07-23,13846392308,CH-SC-低活-10112643484929-超级抢购-手机通讯-无-剪辑-转化引导-手机通讯-20260708-无-625-aigc-18,0.77,99,1,0.00,0.00,1.01
2026-07-23,13922150390,信息流-小牛-抽纸-京东主体-代运营-新人福利价-0721-100281253200-设计自选-625-aigc-2,0.77,33,8,0.00,0.00,24.24
2026-07-23,13731660821,CH-SC-广义新-10103971298079-新综合频道-家具-京喜拉新-剪辑-转化引导-家具-20260630-反向-625-5,0.76,141,1,0.00,0.00,0.71
2026-07-23,13916089784,CH-SC-广义新-10184972523548-新综合频道-厨具-京喜拉新-剪辑-转化引导-厨具-20260716-反向-625-aigc-11,0.76,411,2,0.00,0.00,0.49
2026-07-23,13799798181,CH-SC-广义新-10155085148227-新综合频道-家用电器-京喜拉新-剪辑-转化引导-家用电器-20260707-反向-625-aigc-4,0.76,192,12,0.00,0.00,6.25
2026-07-23,13873261096,CH-SC-低活-10081585918372-超级抢购-纸品-无-剪辑-转化引导-纸品-20260702-无-625-aigc-2,0.75,461,3,0.00,0.00,0.65
2026-07-23,13873211899,CH-SC-低活-10113209119177-超级抢购-电动车-无-剪辑-转化引导-电动车-20260709-无-625-4,0.75,19,0,0.00,0.00,0.00
2026-07-23,13614673056,CH-SC-低活-10143318867797-超级抢购5元-厨具-无-剪辑-转化引导-厨具-20260618-无-625-aigc-2,0.74,41,0,0.00,0.00,0.00
2026-07-23,13486890259,CH-SC-广义新-无-新10元话费券-10元话费券-京喜拉新-剪辑-转化引导-10元话费券-20260605-无-625-11,0.74,35,0,0.00,0.00,0.00
2026-07-23,13846317793,CH-SC-低活-10140917922437-超级抢购-家庭清洁-无-剪辑-转化引导-家庭清洁-20260708-无-625-aigc-17,0.73,98,8,0.00,0.00,8.16
2026-07-23,13835197635,CH-SC-广义新-10139440032542-新综合频道-运动户外-京喜拉新-剪辑-转化引导-运动户外-20260708-无-625-aigc-10,0.71,80,0,0.00,0.00,0.00
2026-07-23,13836030665,CH-SC-低活-10223482211866-超级抢购-生活日用-无-剪辑-转化引导-生活日用-20260703-无-625-8,0.71,13,4,0.00,0.00,30.77
2026-07-23,13846385603,CH-SC-低活-10112643484929-超级抢购-手机通讯-无-剪辑-转化引导-手机通讯-20260708-无-625-aigc-13,0.71,45,1,0.00,0.00,2.22
2026-07-23,13471071598,CH-SC-广义新-10136363822650-新综合频道-家庭清洁-京喜拉新-剪辑-转化引导-家庭清洁-20260602-反向-625-aigc-1,0.71,152,4,0.00,0.00,2.63
2026-07-23,13603318244,CH-SC-广义新-10118706992345-新综合频道-纸品-无-剪辑-转化引导-纸品-20260617-无-625-aigc-11,0.70,230,10,0.00,0.00,4.35
2026-07-23,13614675657,CH-SC-低活-10143318867797-超级抢购5元-厨具-无-剪辑-转化引导-厨具-20260618-无-625-aigc-7,0.69,111,3,0.00,0.00,2.70
2026-07-23,13916091946,CH-SC-广义新-10184972523548-新综合频道-厨具-京喜拉新-剪辑-转化引导-厨具-20260716-反向-625-aigc-5,0.69,180,6,0.00,0.00,3.33
2026-07-23,13940216644,CH-SC-低活-10223570717754-超级抢购-生鲜-无-剪辑-转化引导-生鲜-20260716-无-625-aigc-4,0.68,134,5,0.00,0.00,3.73
2026-07-23,13776524108,CH-SC-广义新-10130866966155-新综合频道-服饰内衣-京喜拉新-剪辑-转化引导-服饰内衣-20260702-无-625-aigc-11,0.67,201,8,0.00,0.00,3.98
2026-07-23,13397044023,CH-SC-广义新-10215767576641-新综合频道-生鲜-京喜拉新-剪辑-转化引导-生鲜-20260526-反向-625-aigc-8,0.67,47,29,0.00,0.00,61.70
2026-07-23,13651813816,CH-SC-低活-10081585918372-超级抢购-家庭清洁纸品-无-剪辑-转化引导-家庭清洁纸品-20260623-无-625-aigc-13,0.67,270,4,0.00,0.00,1.48
2026-07-23,13916311123,CH-SC-低活-10215767576641-超级抢购-生鲜-无-剪辑-转化引导-生鲜-20260715-无-625-aigc-1,0.64,37,4,0.00,0.00,10.81
2026-07-23,13352555838,CH-SC-低活-10081585918372-超级抢购-家庭清洁纸品-无-剪辑-转化引导-家庭清洁纸品-20260521-无-625-19,0.64,105,1,0.00,0.00,0.95
2026-07-23,13836027012,CH-SC-低活-10118706992345-超级抢购-纸品-无-剪辑-转化引导-纸品-20260702-无-625-aigc-10,0.64,230,4,0.00,0.00,1.74
2026-07-23,13614680716,CH-SC-低活-10143318867797-超级抢购5元-厨具-无-剪辑-转化引导-厨具-20260618-无-625-aigc-1,0.63,113,8,0.00,0.00,7.08
2026-07-23,13872649671,CH-SC-广义新-10136363822650 -新综合频道-纸品-京喜拉新-剪辑-转化引导-纸品-20260714-无-625-4,0.63,26,11,0.00,0.00,42.31
2026-07-23,13846011708,CH-SC-广义新-10140917922437-新综合频道-家庭清洁-京喜拉新-剪辑-转化引导-家庭清洁-20260710-无-625-aigc-4,0.62,44,8,0.00,0.00,18.18
2026-07-23,13559885868,CH-SC-广义新-10120132288166-新综合频道-运动户外-京喜拉新-剪辑-转化引导-运动户外-20260612-无-625-7,0.61,113,0,0.00,0.00,0.00
2026-07-23,13651808290,CH-SC-低活-10147800266661-超级抢购加补-家庭清洁-无-剪辑-转化引导-家庭清洁-20260623-无-625-6,0.60,18,3,0.00,0.00,16.67
2026-07-23,13352554865,CH-SC-低活-10081585918372-超级抢购-家庭清洁纸品-无-剪辑-转化引导-家庭清洁纸品-20260521-无-625-14,0.60,110,5,0.00,0.00,4.55
2026-07-23,13916497706,CH-SC-广义新-10040988734451-新10元话费券-无-无-剪辑-转化引导-无-20260715-无-625-3,0.59,46,3,0.00,0.00,6.52
2026-07-23,13916300749,CH-SC-低活-10140917922437-超级抢购-家庭清洁-无-剪辑-转化引导-家庭清洁-20260715-无-625-aigc-7,0.57,296,3,0.00,0.00,1.01
2026-07-23,13873193276,CH-SC-低活-10140917922437-超级抢购-家庭清洁-无-剪辑-转化引导-家庭清洁-20260709-无-625-aigc-4,0.56,191,2,0.00,0.00,1.05
2026-07-23,13846392636,CH-SC-低活-10112643484929-超级抢购-手机通讯-无-剪辑-转化引导-手机通讯-20260708-无-625-aigc-19,0.56,65,3,0.00,0.00,4.62
2026-07-23,13922158744,信息流-小牛-抽纸-京东主体-代运营-新人福利价-0721-100281253200-设计自选-625-aigc-18,0.56,11,4,0.00,0.00,36.36
2026-07-23,13913280603,信息流-小牛-电煮锅-京东主体-代运营-新人福利价-0720-10115067968253-625-设计自选-aigc-8,0.55,44,12,0.00,0.00,27.27
2026-07-23,13916306014,CH-SC-低活-10215767576641-超级抢购-生鲜-无-剪辑-转化引导-生鲜-20260715-无-625-aigc-3,0.54,311,39,0.00,0.00,12.54
2026-07-23,13603339171,CH-SC-广义新-10166301474829-新综合频道-厨具-京喜拉新-剪辑-转化引导-厨具-20260617-反向-625-aigc-5,0.52,31,13,0.00,0.00,41.94
2026-07-23,13836029597,CH-SC-低活-10223482211866-超级抢购-生活日用-无-剪辑-转化引导-生活日用-20260703-无-625-9,0.51,60,8,0.00,0.00,13.33
2026-07-23,13731658321,CH-SC-广义新-10103971298079-新综合频道-家具-京喜拉新-剪辑-转化引导-家具-20260630-反向-625-18,0.51,67,1,0.00,0.00,1.49
2026-07-23,13939944416,CH-SC-广义新-10115067968253-新综合频道-家用电器-京喜拉新-剪辑-转化引导-家用电器-20260720-无-625-aigc-1,0.48,33,12,0.00,0.00,36.36
2026-07-23,13846385090,CH-SC-低活-10112643484929-超级抢购-手机通讯-无-剪辑-转化引导-手机通讯-20260708-无-625-aigc-12,0.45,17,1,0.00,0.00,5.88
2026-07-23,13846322912,CH-SC-低活-10140917922437-超级抢购-家庭清洁-无-剪辑-转化引导-家庭清洁-20260708-无-625-aigc-5,0.44,130,0,0.00,0.00,0.00
2026-07-23,13836034502,CH-SC-低活-10223482211866-超级抢购-生活日用-无-剪辑-转化引导-生活日用-20260703-无-625-3,0.43,157,5,0.00,0.00,3.18
2026-07-23,13922159456,信息流-小牛-抽纸-京东主体-代运营-新人福利价-0721-100281253200-设计自选-625-aigc-19,0.41,12,2,0.00,0.00,16.67
2026-07-23,13352562493,CH-SC-低活-10081585918372-超级抢购-家庭清洁纸品-无-剪辑-转化引导-家庭清洁纸品-20260521-无-625-10,0.41,26,2,0.00,0.00,7.69
2026-07-23,13916100740,CH-SC-广义新-10184972523548-新综合频道-厨具-京喜拉新-剪辑-转化引导-厨具-20260716-反向-625-aigc-6,0.41,62,1,0.00,0.00,1.61
2026-07-23,13918395635,信息流-小牛-车载支架-低活-代运营-福利价-0721-100091919404-深海货盘-625-aigc-6,0.41,48,12,0.00,0.00,25.00
2026-07-23,13836030048,CH-SC-低活-10223482211866-超级抢购-生活日用-无-剪辑-转化引导-生活日用-20260703-无-625-11,0.41,7,1,0.00,0.00,14.29
2026-07-23,13799775505,CH-SC-广义新-10155085148227-新综合频道-家用电器-京喜拉新-剪辑-转化引导-家用电器-20260707-反向-625-aigc-12,0.40,156,0,0.00,0.00,0.00
2026-07-23,13846337923,CH-SC-低活-10113209119177-超级抢购-电动车-无-剪辑-转化引导-电动车-20260708-无-625-5,0.40,15,0,0.00,0.00,0.00
2026-07-23,13341769458,CH-SC-广义新-10219841541026-新综合频道-厨具-京喜拉新-剪辑-转化引导-厨具-20260520-反向-625-15,0.39,265,3,0.00,0.00,1.13
2026-07-23,13614618075,CH-SC-广义新-10161130444375-新综合频道-农资园艺-京喜拉新-剪辑-转化引导-农资园艺-20260618-反向-625-aigc-10,0.37,65,4,0.00,0.00,6.15
2026-07-23,13918402464,信息流-小牛-车载支架-低活-代运营-福利价-0721-100091919404-深海货盘-625-aigc-16,0.37,18,6,0.00,0.00,33.33
2026-07-23,13846010759,CH-SC-广义新-10140917922437-新综合频道-家庭清洁-京喜拉新-剪辑-转化引导-家庭清洁-20260710-无-625-aigc-2,0.37,13,2,0.00,0.00,15.38
2026-07-23,13662919828,CH-SC-广义新-10130866966155-新综合频道-服饰内衣-京喜拉新-剪辑-转化引导-服饰内衣-20260624-无-625-5,0.37,50,8,0.00,0.00,16.00
2026-07-23,13846427014,CH-SC-低活-10220560400432-超级抢购-生活日用-无-剪辑-转化引导-生活日用-20260708-无-625-aigc-9,0.36,2,0,0.00,0.00,0.00
2026-07-23,13939952460,CH-SC-广义新-10115067968253-新综合频道-家用电器-京喜拉新-剪辑-转化引导-家用电器-20260720-无-625-aigc-5,0.36,38,9,0.00,0.00,23.68
2026-07-23,13873263238,CH-SC-低活-10081585918372-超级抢购-纸品-无-剪辑-转化引导-纸品-20260702-无-625-aigc-3,0.36,73,5,0.00,0.00,6.85
2026-07-23,13872651762,CH-SC-广义新-10136363822650 -新综合频道-纸品-京喜拉新-剪辑-转化引导-纸品-20260714-无-625-8,0.36,107,3,0.00,0.00,2.80
2026-07-23,13922155218,信息流-小牛-抽纸-京东主体-代运营-新人福利价-0721-100281253200-设计自选-625-aigc-7,0.35,9,3,0.00,0.00,33.33
2026-07-23,13397046708,CH-SC-广义新-10215767576641-新综合频道-生鲜-京喜拉新-剪辑-转化引导-生鲜-20260526-反向-625-aigc-4,0.34,47,6,0.00,0.00,12.77
2026-07-23,13731657139,CH-SC-广义新-10103971298079-新综合频道-家具-京喜拉新-剪辑-转化引导-家具-20260630-反向-625-16,0.34,88,2,0.00,0.00,2.27
2026-07-23,13836030932,CH-SC-低活-10223482211866-超级抢购-生活日用-无-剪辑-转化引导-生活日用-20260703-无-625-13,0.34,49,10,0.00,0.00,20.41
2026-07-23,13940199926,CH-SC-低活-10200755904098-超级抢购-汽车用品-无-剪辑-转化引导-汽车用品-20260716-无-625-aigc-3,0.33,31,2,0.00,0.00,6.45
2026-07-23,13873191576,CH-SC-低活-10140917922437-超级抢购-家庭清洁-无-剪辑-转化引导-家庭清洁-20260709-无-625-aigc-3,0.33,35,11,0.00,0.00,31.43
2026-07-23,13916494785,CH-SC-广义新-10040988734451-新10元话费券-无-无-剪辑-转化引导-无-20260715-无-625-14,0.31,31,2,0.00,0.00,6.45
2026-07-23,13872653271,CH-SC-广义新-10136363822650 -新综合频道-纸品-京喜拉新-剪辑-转化引导-纸品-20260714-无-625-2,0.30,77,3,0.00,0.00,3.90
2026-07-23,13836023118,CH-SC-低活-10081585918372-超级抢购-纸品-无-剪辑-转化引导-纸品-20260702-无-625-aigc-4,0.29,8,1,0.00,0.00,12.50
2026-07-23,13581450030,CH-SC-广义新-10130866966155-新综合频道-服饰内衣-京喜拉新-剪辑-转化引导-服饰内衣-20260615-反向-625-aigc-1,0.29,12,1,0.00,0.00,8.33
2026-07-23,13846314592,CH-SC-低活-10140917922437-超级抢购-家庭清洁-无-剪辑-转化引导-家庭清洁-20260708-无-625-aigc-15,0.29,107,1,0.00,0.00,0.93
2026-07-23,13776511664,CH-SC-广义新-10101267118895-新综合频道-厨具-京喜拉新-剪辑-转化引导-厨具-20260702-无-625-aigc-2,0.28,203,5,0.00,0.00,2.46
2026-07-23,13603320128,CH-SC-广义新-10118706992345-新综合频道-纸品-无-剪辑-转化引导-纸品-20260617-无-625-aigc-10,0.28,67,1,0.00,0.00,1.49
2026-07-23,13940213927,CH-SC-低活-10223570717754-超级抢购-生鲜-无-剪辑-转化引导-生鲜-20260716-无-625-aigc-8,0.28,35,0,0.00,0.00,0.00
2026-07-23,13873265327,CH-SC-低活-10081585918372-超级抢购-纸品-无-剪辑-转化引导-纸品-20260702-无-625-aigc-4,0.28,86,2,0.00,0.00,2.33
2026-07-23,13846409286,CH-SC-低活-10220560400432-超级抢购-生活日用-无-剪辑-转化引导-生活日用-20260708-无-625-aigc-19,0.27,29,4,0.00,0.00,13.79
2026-07-23,13836035226,CH-SC-低活-10223482211866-超级抢购-生活日用-无-剪辑-转化引导-生活日用-20260703-无-625-2,0.27,131,6,0.00,0.00,4.58
2026-07-23,13846417634,CH-SC-低活-10220560400432-超级抢购-生活日用-无-剪辑-转化引导-生活日用-20260708-无-625-aigc-4,0.27,44,7,0.00,0.00,15.91
2026-07-23,13559888815,CH-SC-广义新-10139440032542-新综合频道-运动户外-京喜拉新-剪辑-转化引导-运动户外-20260612-无-625-9,0.27,10,0,0.00,0.00,0.00
2026-07-23,13922157501,信息流-小牛-抽纸-京东主体-代运营-新人福利价-0721-100281253200-设计自选-625-aigc-15,0.26,7,3,0.00,0.00,42.86
2026-07-23,13836021498,CH-SC-低活-10081585918372-超级抢购-纸品-无-剪辑-转化引导-纸品-20260702-无-625-aigc-1,0.26,103,3,0.00,0.00,2.91
2026-07-23,13836027533,CH-SC-低活-10118706992345-超级抢购-纸品-无-剪辑-转化引导-纸品-20260702-无-625-aigc-9,0.26,3,2,0.00,0.00,66.67
2026-07-23,13799869550,CH-SC-广义新-10140493395931-新综合频道-厨房卫浴-京喜拉新-剪辑-转化引导-厨房卫浴-20260707-无-625-aigc-14,0.25,39,2,0.00,0.00,5.13
2026-07-23,13836043947,CH-SC-低活-10118706992345-超级抢购-纸品-无-剪辑-转化引导-纸品-20260702-无-625-aigc-4,0.25,31,0,0.00,0.00,0.00
2026-07-23,13918396784,信息流-小牛-车载支架-低活-代运营-福利价-0721-100091919404-深海货盘-625-aigc-7,0.24,21,6,0.00,0.00,28.57
2026-07-23,13799929388,CH-SC-广义新-10158258669630-新综合频道-居家布艺-京喜拉新-剪辑-转化引导-居家布艺-20260706-无-625-aigc-1,0.24,4,0,0.00,0.00,0.00
2026-07-23,13846430246,CH-SC-低活-10220560400432-超级抢购-生活日用-无-剪辑-转化引导-生活日用-20260708-无-625-aigc-12,0.24,64,3,0.00,0.00,4.69
2026-07-23,13940212351,CH-SC-低活-10223570717754-超级抢购-生鲜-无-剪辑-转化引导-生鲜-20260716-无-625-aigc-5,0.24,98,2,0.00,0.00,2.04
2026-07-23,13940212738,CH-SC-低活-10223570717754-超级抢购-生鲜-无-剪辑-转化引导-生鲜-20260716-无-625-aigc-6,0.24,60,2,0.00,0.00,3.33
2026-07-23,13922158864,信息流-小牛-抽纸-京东主体-代运营-新人福利价-0721-100281253200-设计自选-625-aigc-16,0.24,5,2,0.00,0.00,40.00
2026-07-23,13836029161,CH-SC-低活-10223482211866-超级抢购-生活日用-无-剪辑-转化引导-生活日用-20260703-无-625-10,0.24,69,1,0.00,0.00,1.45
2026-07-23,13651781682,CH-SC-低活-10081585918372-超级抢购-家庭清洁纸品-无-剪辑-转化引导-家庭清洁纸品-20260623-无-625-aigc-5,0.24,67,3,0.00,0.00,4.48
2026-07-23,13799925653,CH-SC-广义新-10158258669630-新综合频道-居家布艺-京喜拉新-剪辑-转化引导-居家布艺-20260706-无-625-aigc-11,0.23,26,11,0.00,0.00,42.31
2026-07-23,13352556952,CH-SC-低活-10081585918372-超级抢购-家庭清洁纸品-无-剪辑-转化引导-家庭清洁纸品-20260521-无-625-22,0.23,97,3,0.00,0.00,3.09
2026-07-23,13846403583,CH-SC-低活-10081585918372-超级抢购-家庭清洁纸品-无-剪辑-转化引导-家庭清洁纸品-20260708-无-625-aigc-14,0.22,62,3,0.00,0.00,4.84
2026-07-23,13559886850,CH-SC-广义新-10120132288166-新综合频道-运动户外-京喜拉新-剪辑-转化引导-运动户外-20260612-无-625-10,0.22,73,0,0.00,0.00,0.00
2026-07-23,13799934599,CH-SC-广义新-10158258669630-新综合频道-居家布艺-京喜拉新-剪辑-转化引导-居家布艺-20260706-无-625-aigc-9,0.22,109,1,0.00,0.00,0.92
2026-07-23,13873250654,CH-SC-低活-10217740550325-超级抢购-箱包皮具-无-剪辑-转化引导-箱包皮具-20260713-无-625-aigc-5,0.21,46,2,0.00,0.00,4.35
2026-07-23,13731655868,CH-SC-广义新-10103971298079-新综合频道-家具-京喜拉新-剪辑-转化引导-家具-20260630-反向-625-13,0.21,27,5,0.00,0.00,18.52
2026-07-23,13846389536,CH-SC-低活-10112643484929-超级抢购-手机通讯-无-剪辑-转化引导-手机通讯-20260708-无-625-aigc-16,0.21,25,1,0.00,0.00,4.00
2026-07-23,13799913889,CH-SC-广义新-10118706992345-新综合频道-纸品-京喜拉新-剪辑-转化引导-纸品-20260707-无-625-aigc-4,0.20,7,0,0.00,0.00,0.00
2026-07-23,13916091171,CH-SC-广义新-10184972523548-新综合频道-厨具-京喜拉新-剪辑-转化引导-厨具-20260716-反向-625-aigc-2,0.20,136,1,0.00,0.00,0.74
2026-07-23,13776644238,CH-SC-广义新-10118706992345-新综合频道-纸品-京喜拉新-剪辑-转化引导-纸品-20260702-无-625-aigc-3,0.19,31,0,0.00,0.00,0.00
2026-07-23,13916106597,CH-SC-广义新-10155000015319-新综合频道-厨具-京喜拉新-剪辑-转化引导-厨具-20260716-无-625-aigc-11,0.19,148,2,0.00,0.00,1.35
2026-07-23,13651770811,CH-SC-低活-10081585918372-超级抢购-家庭清洁纸品-无-剪辑-转化引导-家庭清洁纸品-20260623-无-625-aigc-26,0.18,5,1,0.00,0.00,20.00
2026-07-23,13939944011,CH-SC-广义新-10115067968253-新综合频道-家用电器-京喜拉新-剪辑-转化引导-家用电器-20260720-无-625-aigc-8,0.18,21,8,0.00,0.00,38.10
2026-07-23,13916299082,CH-SC-低活-10140917922437-超级抢购-家庭清洁-无-剪辑-转化引导-家庭清洁-20260715-无-625-aigc-3,0.18,9,0,0.00,0.00,0.00
2026-07-23,13916496854,CH-SC-广义新-10040988734451-新10元话费券-无-无-剪辑-转化引导-无-20260715-无-625-15,0.18,25,2,0.00,0.00,8.00
2026-07-23,13873246008,CH-SC-低活-10217740550325-超级抢购-箱包皮具-无-剪辑-转化引导-箱包皮具-20260713-无-625-aigc-9,0.17,27,0,0.00,0.00,0.00
2026-07-23,13873250986,CH-SC-低活-10217740550325-超级抢购-箱包皮具-无-剪辑-转化引导-箱包皮具-20260713-无-625-aigc-6,0.17,23,3,0.00,0.00,13.04
2026-07-23,13846325426,CH-SC-低活-10113209119177-超级抢购-电动车-无-剪辑-转化引导-电动车-20260708-无-625-25,0.17,5,0,0.00,0.00,0.00
2026-07-23,13922152332,信息流-小牛-抽纸-京东主体-代运营-新人福利价-0721-100281253200-设计自选-625-aigc-4,0.17,9,2,0.00,0.00,22.22
2026-07-23,13352559589,CH-SC-低活-10081585918372-超级抢购-家庭清洁纸品-无-剪辑-转化引导-家庭清洁纸品-20260521-无-625-34,0.17,8,3,0.00,0.00,37.50
2026-07-23,13845974095,CH-SC-广义新-10156923061370-新综合频道-数码-京喜拉新-剪辑-转化引导-数码-20260710-无-625-9,0.16,23,6,0.00,0.00,26.09
2026-07-23,13873284948,CH-SC-低活-10081585918372-超级抢购-纸品-无-剪辑-转化引导-纸品-20260702-无-625-aigc-25,0.16,61,10,0.00,0.00,16.39
2026-07-23,13873255943,CH-SC-低活-10081585918372-超级抢购-纸品-无-剪辑-转化引导-纸品-20260702-无-625-aigc-27,0.16,47,1,0.00,0.00,2.13
2026-07-23,13918403823,信息流-小牛-车载支架-低活-代运营-福利价-0721-100091919404-深海货盘-625-aigc-19,0.15,5,2,0.00,0.00,40.00
2026-07-23,13731661171,CH-SC-广义新-10103971298079-新综合频道-家具-京喜拉新-剪辑-转化引导-家具-20260630-反向-625-7,0.15,14,0,0.00,0.00,0.00
2026-07-23,13746320691,CH-SC-低活-10139440032542-超级抢购5元-运动户外-无-剪辑-转化引导-运动户外-20260630-无-625-aigc-1,0.15,3,0,0.00,0.00,0.00
2026-07-23,13799914041,CH-SC-广义新-10118706992345-新综合频道-纸品-京喜拉新-剪辑-转化引导-纸品-20260707-无-625-aigc-1,0.15,53,1,0.00,0.00,1.89
2026-07-23,13873274874,CH-SC-低活-10081585918372-超级抢购-纸品-无-剪辑-转化引导-纸品-20260702-无-625-aigc-13,0.15,26,1,0.00,0.00,3.85
2026-07-23,13486882714,CH-SC-广义新-无-新10元话费券-10元话费券-京喜拉新-剪辑-转化引导-10元话费券-20260605-无-625-25,0.15,24,10,0.00,0.00,41.67
2026-07-23,13873268211,CH-SC-低活-10081585918372-超级抢购-纸品-无-剪辑-转化引导-纸品-20260702-无-625-aigc-7,0.14,40,1,0.00,0.00,2.50
2026-07-23,13776673362,CH-SC-广义新-10118706992345-新综合频道-纸品-京喜拉新-剪辑-转化引导-纸品-20260702-无-625-aigc-12,0.14,23,7,0.00,0.00,30.43
2026-07-23,13873281975,CH-SC-低活-10081585918372-超级抢购-纸品-无-剪辑-转化引导-纸品-20260702-无-625-aigc-21,0.14,51,4,0.00,0.00,7.84
2026-07-23,13916309960,CH-SC-低活-10215767576641-超级抢购-生鲜-无-剪辑-转化引导-生鲜-20260715-无-625-aigc-11,0.13,4,1,0.00,0.00,25.00
2026-07-23,13835203618,CH-SC-广义新-10139440032542-新综合频道-运动户外-京喜拉新-剪辑-转化引导-运动户外-20260708-无-625-aigc-4,0.13,11,0,0.00,0.00,0.00
2026-07-23,13873269148,CH-SC-低活-10081585918372-超级抢购-纸品-无-剪辑-转化引导-纸品-20260702-无-625-aigc-8,0.13,100,0,0.00,0.00,0.00
2026-07-23,13397056832,CH-SC-广义新-10219841541026-新综合频道-厨具-京喜拉新-剪辑-转化引导-厨具-20260526-反向-625-aigc-8,0.13,7,0,0.00,0.00,0.00
2026-07-23,13835197010,CH-SC-广义新-10139440032542-新综合频道-运动户外-京喜拉新-剪辑-转化引导-运动户外-20260708-无-625-aigc-8,0.13,11,0,0.00,0.00,0.00
2026-07-23,13918402684,信息流-小牛-车载支架-低活-代运营-福利价-0721-100091919404-深海货盘-625-aigc-18,0.13,2,2,0.00,0.00,100.00
2026-07-23,13916308580,CH-SC-低活-10215767576641-超级抢购-生鲜-无-剪辑-转化引导-生鲜-20260715-无-625-aigc-8,0.12,20,1,0.00,0.00,5.00
2026-07-23,13799930088,CH-SC-广义新-10158258669630-新综合频道-居家布艺-京喜拉新-剪辑-转化引导-居家布艺-20260706-无-625-aigc-5,0.12,30,4,0.00,0.00,13.33
2026-07-23,13916311543,CH-SC-低活-10215767576641-超级抢购-生鲜-无-剪辑-转化引导-生鲜-20260715-无-625-aigc-2,0.12,17,0,0.00,0.00,0.00
2026-07-23,13922155693,信息流-小牛-抽纸-京东主体-代运营-新人福利价-0721-100281253200-设计自选-625-aigc-11,0.12,6,3,0.00,0.00,50.00
2026-07-23,13939938272,CH-SC-广义新-10150604147722-新综合频道-箱包皮具-京喜拉新-剪辑-转化引导-箱包皮具-20260720-反向-625-8,0.12,76,14,0.00,0.00,18.42
2026-07-23,13918395181,信息流-小牛-车载支架-低活-代运营-福利价-0721-100091919404-深海货盘-625-aigc-3,0.12,12,7,0.00,0.00,58.33
2026-07-23,13918394035,信息流-小牛-车载支架-低活-代运营-福利价-0721-100091919404-深海货盘-625-aigc-2,0.12,16,6,0.00,0.00,37.50
2026-07-23,13882966739,CH-SC-低活-10093106199290-超级抢购-纸品-无-剪辑-转化引导-纸品-20260714-无-625-2,0.11,39,1,0.00,0.00,2.56
2026-07-23,13939936291,CH-SC-广义新-10150604147722-新综合频道-箱包皮具-京喜拉新-剪辑-转化引导-箱包皮具-20260720-反向-625-2,0.11,58,1,0.00,0.00,1.72
2026-07-23,13776668560,CH-SC-广义新-10118706992345-新综合频道-纸品-京喜拉新-剪辑-转化引导-纸品-20260702-无-625-aigc-10,0.11,5,1,0.00,0.00,20.00
2026-07-23,13603320531,CH-SC-广义新-10118706992345-新综合频道-纸品-无-剪辑-转化引导-纸品-20260617-无-625-aigc-12,0.11,71,3,0.00,0.00,4.23
2026-07-23,13873254200,CH-SC-低活-10081585918372-超级抢购-纸品-无-剪辑-转化引导-纸品-20260702-无-625-aigc-28,0.11,13,1,0.00,0.00,7.69
2026-07-23,13651861755,CH-SC-广义新-10125368295124-新综合频道-家用电器-京喜拉新-剪辑-转化引导-家用电器-20260623-无-625-3,0.11,35,0,0.00,0.00,0.00
2026-07-23,13799910774,CH-SC-广义新-10118706992345-新综合频道-纸品-京喜拉新-剪辑-转化引导-纸品-20260707-无-625-aigc-18,0.11,164,1,0.00,0.00,0.61
2026-07-23,13916310502,CH-SC-低活-10215767576641-超级抢购-生鲜-无-剪辑-转化引导-生鲜-20260715-无-625-aigc-12,0.10,62,5,0.00,0.00,8.06
2026-07-23,13873215737,CH-SC-低活-10113209119177-超级抢购-电动车-无-剪辑-转化引导-电动车-20260709-无-625-8,0.10,5,0,0.00,0.00,0.00
2026-07-23,13873270500,CH-SC-低活-10081585918372-超级抢购-纸品-无-剪辑-转化引导-纸品-20260702-无-625-aigc-9,0.10,64,1,0.00,0.00,1.56
2026-07-23,13916108983,CH-SC-广义新-10155000015319-新综合频道-厨具-京喜拉新-剪辑-转化引导-厨具-20260716-无-625-aigc-10,0.10,54,1,0.00,0.00,1.85
2026-07-23,13846312909,CH-SC-低活-10140917922437-超级抢购-家庭清洁-无-剪辑-转化引导-家庭清洁-20260708-无-625-aigc-14,0.09,1,0,0.00,0.00,0.00
2026-07-23,13662919410,CH-SC-广义新-10130866966155-新综合频道-服饰内衣-京喜拉新-剪辑-转化引导-服饰内衣-20260624-无-625-4,0.09,16,2,0.00,0.00,12.50
2026-07-23,13873259555,CH-SC-低活-10081585918372-超级抢购-纸品-无-剪辑-转化引导-纸品-20260702-无-625-aigc-32,0.09,43,0,0.00,0.00,0.00
2026-07-23,13651810473,CH-SC-低活-10081585918372-超级抢购-家庭清洁纸品-无-剪辑-转化引导-家庭清洁纸品-20260623-无-625-aigc-8,0.09,2,0,0.00,0.00,0.00
2026-07-23,13846303476,CH-SC-低活-10140917922437-超级抢购-家庭清洁-无-剪辑-转化引导-家庭清洁-20260708-无-625-aigc-6,0.09,9,2,0.00,0.00,22.22
2026-07-23,13536519326,CH-SC-广义新-10127068425204-新综合频道-收纳用品-京喜拉新-剪辑-转化引导-收纳用品-20260610-无-625-7,0.09,2,1,0.00,0.00,50.00
2026-07-23,13913288392,信息流-小牛-电煮锅-京东主体-代运营-新人福利价-0720-10115067968253-625-设计自选-aigc-13,0.09,28,4,0.00,0.00,14.29
2026-07-23,13940208790,CH-SC-低活-10200755904098-超级抢购-汽车用品-无-剪辑-转化引导-汽车用品-20260716-无-625-aigc-15,0.08,28,1,0.00,0.00,3.57
2026-07-23,13776677575,CH-SC-广义新-10118706992345-新综合频道-纸品-京喜拉新-剪辑-转化引导-纸品-20260702-无-625-aigc-2,0.08,16,0,0.00,0.00,0.00
2026-07-23,13939871842,CH-SC-广义新-10217878263924 -新综合频道-汽车用品-京喜拉新-剪辑-转化引导-汽车用品-20260717-无-625-12,0.08,79,0,0.00,0.00,0.00
2026-07-23,13776646339,CH-SC-广义新-10118706992345-新综合频道-纸品-京喜拉新-剪辑-转化引导-纸品-20260702-无-625-aigc-4,0.08,6,0,0.00,0.00,0.00
2026-07-23,13939868792,CH-SC-广义新-10217878263924 -新综合频道-汽车用品-京喜拉新-剪辑-转化引导-汽车用品-20260717-无-625-7,0.08,3,1,0.00,0.00,33.33
2026-07-23,13846321758,CH-SC-低活-10140917922437-超级抢购-家庭清洁-无-剪辑-转化引导-家庭清洁-20260708-无-625-aigc-3,0.08,3,0,0.00,0.00,0.00
2026-07-23,13746354563,CH-SC-低活-10112643484929-超级抢购加补-手机通讯-无-剪辑-转化引导-手机通讯-20260630-无-625-1,0.08,5,0,0.00,0.00,0.00
2026-07-23,13746333921,CH-SC-低活-10139440032542-超级抢购5元-运动户外-无-剪辑-转化引导-运动户外-20260630-无-625-aigc-10,0.08,2,0,0.00,0.00,0.00
2026-07-23,13918395311,信息流-小牛-车载支架-低活-代运营-福利价-0721-100091919404-深海货盘-625-aigc-5,0.08,19,6,0.00,0.00,31.58
2026-07-23,13776664970,CH-SC-广义新-10118706992345-新综合频道-纸品-京喜拉新-剪辑-转化引导-纸品-20260702-无-625-aigc-9,0.08,35,0,0.00,0.00,0.00
2026-07-23,13913297224,信息流-小牛-电煮锅-京东主体-代运营-新人福利价-0720-10115067968253-625-设计自选-aigc-23,0.07,2,2,0.00,0.00,100.00
2026-07-23,13581450358,CH-SC-广义新-10130866966155-新综合频道-服饰内衣-京喜拉新-剪辑-转化引导-服饰内衣-20260615-反向-625-aigc-4,0.07,11,2,0.00,0.00,18.18
2026-07-23,13799966019,CH-SC-广义新-10139440032542-新综合频道-运动户外-京喜拉新-剪辑-转化引导-运动户外-20260703-无-625-aigc-15,0.07,8,1,0.00,0.00,12.50
2026-07-23,13662920826,CH-SC-广义新-10130866966155-新综合频道-服饰内衣-京喜拉新-剪辑-转化引导-服饰内衣-20260624-无-625-9,0.07,12,0,0.00,0.00,0.00
2026-07-23,13731662146,CH-SC-广义新-10103971298079-新综合频道-家具-京喜拉新-剪辑-转化引导-家具-20260630-反向-625-10,0.07,2,3,0.00,0.00,150.00
2026-07-23,13651812729,CH-SC-低活-10081585918372-超级抢购-家庭清洁纸品-无-剪辑-转化引导-家庭清洁纸品-20260623-无-625-aigc-12,0.07,14,1,0.00,0.00,7.14
2026-07-23,13799958362,CH-SC-广义新-10139440032542-新综合频道-运动户外-京喜拉新-剪辑-转化引导-运动户外-20260703-无-625-aigc-9,0.07,1,1,0.00,0.00,100.00
2026-07-23,13845997471,CH-SC-广义新-10120961944861-新综合频道-运动户外 -京喜拉新-剪辑-转化引导-运动户外 -20260710-无-625-aigc-7,0.07,45,9,0.00,0.00,20.00
2026-07-23,13916495108,CH-SC-广义新-10040988734451-新10元话费券-无-无-剪辑-转化引导-无-20260715-无-625-7,0.06,9,0,0.00,0.00,0.00
2026-07-23,13776500941,CH-SC-广义新-10143318867797-新综合频道-厨具-京喜拉新-剪辑-转化引导-厨具-20260702-反向-625-aigc-2,0.06,10,2,0.00,0.00,20.00
2026-07-23,13776502221,CH-SC-广义新-10143318867797-新综合频道-厨具-京喜拉新-剪辑-转化引导-厨具-20260702-反向-625-aigc-5,0.06,25,0,0.00,0.00,0.00
2026-07-23,13873213514,CH-SC-低活-10113209119177-超级抢购-电动车-无-剪辑-转化引导-电动车-20260709-无-625-6,0.06,1,0,0.00,0.00,0.00
2026-07-23,13845971377,CH-SC-广义新-10156923061370-新综合频道-数码-京喜拉新-剪辑-转化引导-数码-20260710-无-625-4,0.06,85,15,0.00,0.00,17.65
2026-07-23,13873247401,CH-SC-低活-10217740550325-超级抢购-箱包皮具-无-剪辑-转化引导-箱包皮具-20260713-无-625-aigc-1,0.06,14,0,0.00,0.00,0.00
2026-07-23,13916116419,CH-SC-广义新-10155000015319-新综合频道-厨具-京喜拉新-剪辑-转化引导-厨具-20260716-无-625-aigc-6,0.06,1,0,0.00,0.00,0.00
2026-07-23,13939945592,CH-SC-广义新-10115067968253-新综合频道-家用电器-京喜拉新-剪辑-转化引导-家用电器-20260720-无-625-aigc-6,0.06,33,0,0.00,0.00,0.00
2026-07-23,13916306204,CH-SC-低活-10215767576641-超级抢购-生鲜-无-剪辑-转化引导-生鲜-20260715-无-625-aigc-5,0.06,37,1,0.00,0.00,2.70
2026-07-23,13916117935,CH-SC-广义新-10155000015319-新综合频道-厨具-京喜拉新-剪辑-转化引导-厨具-20260716-无-625-aigc-9,0.06,33,0,0.00,0.00,0.00
2026-07-23,13614624762,CH-SC-广义新-10134479334759-新综合频道-钟表眼镜-京喜拉新-剪辑-转化引导-钟表眼镜-20260618-无-625-aigc-5,0.06,7,0,0.00,0.00,0.00
2026-07-23,13835216162,CH-SC-广义新-10153911006548-新综合频道-粮油调味-京喜拉新-剪辑-转化引导-粮油调味-20260708-无-625-aigc-3,0.06,3,0,0.00,0.00,0.00
2026-07-23,13939936830,CH-SC-广义新-10150604147722-新综合频道-箱包皮具-京喜拉新-剪辑-转化引导-箱包皮具-20260720-反向-625-4,0.05,33,0,0.00,0.00,0.00
2026-07-23,13873191026,CH-SC-低活-10140917922437-超级抢购-家庭清洁-无-剪辑-转化引导-家庭清洁-20260709-无-625-aigc-2,0.05,2,1,0.00,0.00,50.00
2026-07-23,13603411505,CH-SC-低活-10172627929072-超级抢购加补-家装建材-无-剪辑-转化引导-家装建材-20260617-无-625-aigc-5,0.05,32,0,0.00,0.00,0.00
2026-07-23,13746301261,CH-SC-广义新-10136364012448-新综合频道-纸品-京喜拉新-剪辑-转化引导-纸品-20260701-无-625-aigc-3,0.05,11,0,0.00,0.00,0.00
2026-07-23,13719129393,CH-SC-广义新-10130866966155-新综合频道-服饰内衣-京喜拉新-剪辑-转化引导-服饰内衣-20260629-无-625-aigc-7,0.05,41,23,0.00,0.00,56.10
2026-07-23,13916495528,CH-SC-广义新-10040988734451-新10元话费券-无-无-剪辑-转化引导-无-20260715-无-625-10,0.05,10,1,0.00,0.00,10.00
2026-07-23,13916490717,CH-SC-广义新-10040988734451-新10元话费券-无-无-剪辑-转化引导-无-20260715-无-625-6,0.05,2,0,0.00,0.00,0.00
2026-07-23,13939939621,CH-SC-广义新-10150604147722-新综合频道-箱包皮具-京喜拉新-剪辑-转化引导-箱包皮具-20260720-反向-625-12,0.05,58,12,0.00,0.00,20.69
2026-07-23,13836027051,CH-SC-低活-10118706992345-超级抢购-纸品-无-剪辑-转化引导-纸品-20260702-无-625-aigc-11,0.05,6,2,0.00,0.00,33.33
2026-07-23,13799932270,CH-SC-广义新-10158258669630-新综合频道-居家布艺-京喜拉新-剪辑-转化引导-居家布艺-20260706-无-625-aigc-8,0.05,4,0,0.00,0.00,0.00
2026-07-23,13799786449,CH-SC-广义新-10155085148227-新综合频道-家用电器-京喜拉新-剪辑-转化引导-家用电器-20260707-反向-625-aigc-20,0.05,39,0,0.00,0.00,0.00
2026-07-23,13913296356,信息流-小牛-电煮锅-京东主体-代运营-新人福利价-0720-10115067968253-625-设计自选-aigc-20,0.05,5,0,0.00,0.00,0.00
2026-07-23,13799930857,CH-SC-广义新-10158258669630-新综合频道-居家布艺-京喜拉新-剪辑-转化引导-居家布艺-20260706-无-625-aigc-6,0.05,14,0,0.00,0.00,0.00
2026-07-23,13651774470,CH-SC-低活-10081585918372-超级抢购-家庭清洁纸品-无-剪辑-转化引导-家庭清洁纸品-20260623-无-625-aigc-24,0.05,53,0,0.00,0.00,0.00
2026-07-23,13845976437,CH-SC-广义新-10156923061370-新综合频道-数码-京喜拉新-剪辑-转化引导-数码-20260710-无-625-2,0.05,38,2,0.00,0.00,5.26
2026-07-23,13913277379,信息流-小牛-电煮锅-京东主体-代运营-新人福利价-0720-10115067968253-625-设计自选-aigc-6,0.05,2,1,0.00,0.00,50.00
2026-07-23,13799911408,CH-SC-广义新-10118706992345-新综合频道-纸品-京喜拉新-剪辑-转化引导-纸品-20260707-无-625-aigc-2,0.05,11,1,0.00,0.00,9.09
2026-07-23,13746334314,CH-SC-低活-10139440032542-超级抢购5元-运动户外-无-剪辑-转化引导-运动户外-20260630-无-625-aigc-11,0.04,2,0,0.00,0.00,0.00
2026-07-23,13913298055,信息流-小牛-电煮锅-京东主体-代运营-新人福利价-0720-10115067968253-625-设计自选-aigc-25,0.04,6,2,0.00,0.00,33.33
2026-07-23,13939935452,CH-SC-广义新-10115067968253-新综合频道-家用电器-京喜拉新-剪辑-转化引导-家用电器-20260720-无-625-aigc-18,0.04,34,0,0.00,0.00,0.00
2026-07-23,13916309216,CH-SC-低活-10215767576641-超级抢购-生鲜-无-剪辑-转化引导-生鲜-20260715-无-625-aigc-9,0.04,12,2,0.00,0.00,16.67
2026-07-23,13922156636,信息流-小牛-抽纸-京东主体-代运营-新人福利价-0721-100281253200-设计自选-625-aigc-12,0.04,2,1,0.00,0.00,50.00
2026-07-23,13939949978,CH-SC-广义新-10115067968253-新综合频道-家用电器-京喜拉新-剪辑-转化引导-家用电器-20260720-无-625-aigc-12,0.04,22,0,0.00,0.00,0.00
2026-07-23,13536521825,CH-SC-广义新-10160913413000-新综合频道-厨具-京喜拉新-剪辑-转化引导-厨具-20260610-无-625-1,0.04,5,1,0.00,0.00,20.00
2026-07-23,13651876489,CH-SC-广义新-10125368295124-新综合频道-家用电器-京喜拉新-剪辑-转化引导-家用电器-20260623-无-625-8,0.04,13,0,0.00,0.00,0.00
2026-07-23,13873248988,CH-SC-低活-10217740550325-超级抢购-箱包皮具-无-剪辑-转化引导-箱包皮具-20260713-无-625-aigc-3,0.04,4,0,0.00,0.00,0.00
2026-07-23,13845991997,CH-SC-广义新-10120961944861-新综合频道-运动户外 -京喜拉新-剪辑-转化引导-运动户外 -20260710-无-625-aigc-12,0.04,7,0,0.00,0.00,0.00
2026-07-23,13559886880,CH-SC-广义新-10120132288166-新综合频道-运动户外-京喜拉新-剪辑-转化引导-运动户外-20260612-无-625-2,0.04,17,1,0.00,0.00,5.88
2026-07-23,13836018392,CH-SC-低活-10081585918372-超级抢购-纸品-无-剪辑-转化引导-纸品-20260702-无-625-aigc-8,0.04,18,0,0.00,0.00,0.00
2026-07-23,13860487513,CH-SC-广义新-10151951361734-新综合频道-箱包皮具-京喜拉新-剪辑-转化引导-箱包皮具-20260713-无-625-aigc-5,0.04,6,1,0.00,0.00,16.67
2026-07-23,13845967373,CH-SC-广义新-10156923061370-新综合频道-数码-京喜拉新-剪辑-转化引导-数码-20260710-无-625-3,0.04,56,0,0.00,0.00,0.00
2026-07-23,13581451665,CH-SC-广义新-10130866966155-新综合频道-服饰内衣-京喜拉新-剪辑-转化引导-服饰内衣-20260615-反向-625-aigc-8,0.04,20,2,0.00,0.00,10.00
2026-07-23,13836049057,CH-SC-低活-10156776256916-超级抢购-珠宝首饰-无-剪辑-转化引导-珠宝首饰-20260703-无-625-aigc-10,0.04,3,2,0.00,0.00,66.67
2026-07-23,13397043378,CH-SC-广义新-10215767576641-新综合频道-生鲜-京喜拉新-剪辑-转化引导-生鲜-20260526-反向-625-aigc-6,0.04,15,0,0.00,0.00,0.00
2026-07-23,13873254531,CH-SC-低活-10081585918372-超级抢购-纸品-无-剪辑-转化引导-纸品-20260702-无-625-aigc-29,0.04,9,2,0.00,0.00,22.22
2026-07-23,13746328293,CH-SC-低活-10139440032542-超级抢购5元-运动户外-无-剪辑-转化引导-运动户外-20260630-无-625-aigc-6,0.04,4,0,0.00,0.00,0.00
2026-07-23,13651773149,CH-SC-低活-10081585918372-超级抢购-家庭清洁纸品-无-剪辑-转化引导-家庭清洁纸品-20260623-无-625-aigc-27,0.04,29,1,0.00,0.00,3.45
2026-07-23,13651821994,CH-SC-低活-10081585918372-超级抢购-家庭清洁纸品-无-剪辑-转化引导-家庭清洁纸品-20260623-无-625-aigc-22,0.04,4,0,0.00,0.00,0.00
2026-07-23,13860561756,CH-SC-广义新-10153911006548-新综合频道-粮油调味-京喜拉新-剪辑-转化引导-粮油调味-20260713-反向-625-aigc-8,0.04,6,0,0.00,0.00,0.00
2026-07-23,13836051417,CH-SC-低活-10156776256916-超级抢购-珠宝首饰-无-剪辑-转化引导-珠宝首饰-20260703-无-625-aigc-1,0.04,7,1,0.00,0.00,14.29
2026-07-23,13799996661,CH-SC-广义新-10134479334759-新综合频道-钟表眼镜-京喜拉新-剪辑-转化引导-钟表眼镜-20260703-无-625-aigc-8,0.03,1,1,0.00,0.00,100.00
2026-07-23,13776528725,CH-SC-广义新-10130866966155-新综合频道-服饰内衣-京喜拉新-剪辑-转化引导-服饰内衣-20260702-无-625-aigc-15,0.03,6,0,0.00,0.00,0.00
2026-07-23,13846306131,CH-SC-低活-10140917922437-超级抢购-家庭清洁-无-剪辑-转化引导-家庭清洁-20260708-无-625-aigc-9,0.03,1,0,0.00,0.00,0.00
2026-07-23,13746319970,CH-SC-低活-10139440032542-超级抢购5元-运动户外-无-剪辑-转化引导-运动户外-20260630-无-625-aigc-12,0.03,5,0,0.00,0.00,0.00
2026-07-23,13939871953,CH-SC-广义新-10217878263924 -新综合频道-汽车用品-京喜拉新-剪辑-转化引导-汽车用品-20260717-无-625-13,0.03,21,0,0.00,0.00,0.00
2026-07-23,13352599079,CH-SC-低活-10156923061370-超级抢购5元-数码-无-剪辑-转化引导-数码-20260521-无-625-1,0.03,6,0,0.00,0.00,0.00
2026-07-23,13845974593,CH-SC-广义新-10156923061370-新综合频道-数码-京喜拉新-剪辑-转化引导-数码-20260710-无-625-8,0.03,30,1,0.00,0.00,3.33
2026-07-23,13873275900,CH-SC-低活-10081585918372-超级抢购-纸品-无-剪辑-转化引导-纸品-20260702-无-625-aigc-15,0.03,21,0,0.00,0.00,0.00
2026-07-23,13776589156,CH-SC-广义新-10177393646076-新综合频道-灯饰照明-京喜拉新-剪辑-转化引导-灯饰照明-20260702-反向-625-aigc-9,0.03,11,0,0.00,0.00,0.00
2026-07-23,13916491102,CH-SC-广义新-10040988734451-新10元话费券-无-无-剪辑-转化引导-无-20260715-无-625-8,0.03,1,1,0.00,0.00,100.00
2026-07-23,13873195263,CH-SC-低活-10140917922437-超级抢购-家庭清洁-无-剪辑-转化引导-家庭清洁-20260709-无-625-aigc-6,0.03,1,0,0.00,0.00,0.00
2026-07-23,13846406325,CH-SC-低活-10081585918372-超级抢购-家庭清洁纸品-无-剪辑-转化引导-家庭清洁纸品-20260708-无-625-aigc-15,0.03,17,0,0.00,0.00,0.00
2026-07-23,13845986350,CH-SC-广义新-10120961944861-新综合频道-运动户外 -京喜拉新-剪辑-转化引导-运动户外 -20260710-无-625-aigc-8,0.03,45,0,0.00,0.00,0.00
2026-07-23,13939905194,CH-SC-广义新-10183880057418 -新综合频道-箱包皮具-京喜拉新-剪辑-转化引导-箱包皮具-20260717-无-625-aigc-10,0.03,14,0,0.00,0.00,0.00
2026-07-23,13918396892,信息流-小牛-车载支架-低活-代运营-福利价-0721-100091919404-深海货盘-625-aigc-9,0.03,16,5,0.00,0.00,31.25
2026-07-23,13846012852,CH-SC-广义新-10140917922437-新综合频道-家庭清洁-京喜拉新-剪辑-转化引导-家庭清洁-20260710-无-625-aigc-7,0.03,7,0,0.00,0.00,0.00
2026-07-23,13873226100,CH-SC-低活-10184888743389-超级抢购-纸品-无-剪辑-转化引导-纸品-20260710-无-625-aigc-5,0.03,7,2,0.00,0.00,28.57
2026-07-23,13860586003,CH-SC-广义新-10215307938752-新综合频道-鞋靴-京喜拉新-剪辑-转化引导-鞋靴-20260713-反向-625-aigc-4,0.03,21,2,0.00,0.00,9.52
2026-07-23,13922159791,信息流-小牛-抽纸-京东主体-代运营-新人福利价-0721-100281253200-设计自选-625-aigc-20,0.03,43,1,0.00,0.00,2.33
2026-07-23,13471070253,CH-SC-广义新-10136363822650-新综合频道-家庭清洁-京喜拉新-剪辑-转化引导-家庭清洁-20260602-反向-625-aigc-6,0.03,2,0,0.00,0.00,0.00
2026-07-23,13939954260,CH-SC-广义新-10115067968253-新综合频道-家用电器-京喜拉新-剪辑-转化引导-家用电器-20260720-无-625-aigc-25,0.03,2,1,0.00,0.00,50.00
2026-07-23,13776599474,CH-SC-广义新-10177393646076-新综合频道-灯饰照明-京喜拉新-剪辑-转化引导-灯饰照明-20260702-反向-625-aigc-14,0.03,7,1,0.00,0.00,14.29
2026-07-23,13940214040,CH-SC-低活-10223570717754-超级抢购-生鲜-无-剪辑-转化引导-生鲜-20260716-无-625-aigc-9,0.03,22,0,0.00,0.00,0.00
2026-07-23,13836041295,CH-SC-低活-10118706992345-超级抢购-纸品-无-剪辑-转化引导-纸品-20260702-无-625-aigc-12,0.03,0,0,0.00,0.00,0.00
2026-07-23,13799930681,CH-SC-广义新-10158258669630-新综合频道-居家布艺-京喜拉新-剪辑-转化引导-居家布艺-20260706-无-625-aigc-4,0.02,39,0,0.00,0.00,0.00
2026-07-23,13836042478,CH-SC-低活-10118706992345-超级抢购-纸品-无-剪辑-转化引导-纸品-20260702-无-625-aigc-2,0.02,31,26,0.00,0.00,83.87
2026-07-23,13776655433,CH-SC-广义新-10118706992345-新综合频道-纸品-京喜拉新-剪辑-转化引导-纸品-20260702-无-625-aigc-8,0.02,4,0,0.00,0.00,0.00
2026-07-23,13651876554,CH-SC-广义新-10125368295124-新综合频道-家用电器-京喜拉新-剪辑-转化引导-家用电器-20260623-无-625-7,0.02,3,0,0.00,0.00,0.00
2026-07-23,13939937564,CH-SC-广义新-10150604147722-新综合频道-箱包皮具-京喜拉新-剪辑-转化引导-箱包皮具-20260720-反向-625-6,0.02,16,0,0.00,0.00,0.00
2026-07-23,13352561910,CH-SC-低活-10081585918372-超级抢购-家庭清洁纸品-无-剪辑-转化引导-家庭清洁纸品-20260521-无-625-7,0.02,8,0,0.00,0.00,0.00
2026-07-23,13872652661,CH-SC-广义新-10136363822650 -新综合频道-纸品-京喜拉新-剪辑-转化引导-纸品-20260714-无-625-12,0.02,3,0,0.00,0.00,0.00
2026-07-23,13939952719,CH-SC-广义新-10115067968253-新综合频道-家用电器-京喜拉新-剪辑-转化引导-家用电器-20260720-无-625-aigc-27,0.02,9,0,0.00,0.00,0.00
2026-07-23,13836034892,CH-SC-低活-10223482211866-超级抢购-生活日用-无-剪辑-转化引导-生活日用-20260703-无-625-1,0.02,9,0,0.00,0.00,0.00
2026-07-23,13559885872,CH-SC-广义新-10120132288166-新综合频道-运动户外-京喜拉新-剪辑-转化引导-运动户外-20260612-无-625-8,0.02,8,0,0.00,0.00,0.00
2026-07-23,13939948404,CH-SC-广义新-10115067968253-新综合频道-家用电器-京喜拉新-剪辑-转化引导-家用电器-20260720-无-625-aigc-7,0.02,1,1,0.00,0.00,100.00
2026-07-23,13881435511,CH-SC-广义新-10161397805649 -新综合频道-服饰内衣-京喜拉新-剪辑-转化引导-服饰内衣-20260715-无-625-aigc-6,0.02,29,1,0.00,0.00,3.45
2026-07-23,13939939358,CH-SC-广义新-10150604147722-新综合频道-箱包皮具-京喜拉新-剪辑-转化引导-箱包皮具-20260720-反向-625-11,0.02,20,6,0.00,0.00,30.00
2026-07-23,13799971806,CH-SC-广义新-10139440032542-新综合频道-运动户外-京喜拉新-剪辑-转化引导-运动户外-20260703-无-625-aigc-18,0.02,8,0,0.00,0.00,0.00
2026-07-23,13873260691,CH-SC-低活-10081585918372-超级抢购-纸品-无-剪辑-转化引导-纸品-20260702-无-625-aigc-1,0.02,9,1,0.00,0.00,11.11
2026-07-23,13881443815,CH-SC-广义新-10161397805649 -新综合频道-服饰内衣-京喜拉新-剪辑-转化引导-服饰内衣-20260715-无-625-aigc-11,0.02,38,1,0.00,0.00,2.63
2026-07-23,13939937264,CH-SC-广义新-10150604147722-新综合频道-箱包皮具-京喜拉新-剪辑-转化引导-箱包皮具-20260720-反向-625-5,0.02,21,0,0.00,0.00,0.00
2026-07-23,13603419701,CH-SC-低活-10172627929072-超级抢购加补-家装建材-无-剪辑-转化引导-家装建材-20260617-无-625-aigc-22,0.02,11,0,0.00,0.00,0.00
2026-07-23,13940193047,CH-SC-低活-10098882079537-超级抢购-厨具-无-剪辑-转化引导-厨具-20260716-无-625-aigc-5,0.02,20,1,0.00,0.00,5.00
2026-07-23,13776607706,CH-SC-广义新-10177393646076-新综合频道-灯饰照明-京喜拉新-剪辑-转化引导-灯饰照明-20260702-反向-625-aigc-17,0.02,6,0,0.00,0.00,0.00
2026-07-23,13776675932,CH-SC-广义新-10118706992345-新综合频道-纸品-京喜拉新-剪辑-转化引导-纸品-20260702-无-625-aigc-1,0.02,6,1,0.00,0.00,16.67
2026-07-23,13940198672,CH-SC-低活-10098882079537-超级抢购-厨具-无-剪辑-转化引导-厨具-20260716-无-625-aigc-1,0.02,7,0,0.00,0.00,0.00
2026-07-23,13881429620,CH-SC-广义新-10161397805649 -新综合频道-服饰内衣-京喜拉新-剪辑-转化引导-服饰内衣-20260715-无-625-aigc-4,0.02,7,0,0.00,0.00,0.00
2026-07-23,13939881696,CH-SC-广义新-10201862878352 -新综合频道-厨具-京喜拉新-剪辑-转化引导-厨具-20260717-无-625-aigc-9,0.02,6,1,0.00,0.00,16.67
2026-07-23,13846329209,CH-SC-低活-10113209119177-超级抢购-电动车-无-剪辑-转化引导-电动车-20260708-无-625-1,0.02,2,0,0.00,0.00,0.00
2026-07-23,13352560749,CH-SC-低活-10081585918372-超级抢购-家庭清洁纸品-无-剪辑-转化引导-家庭清洁纸品-20260521-无-625-37,0.02,7,1,0.00,0.00,14.29
2026-07-23,13746324048,CH-SC-低活-10139440032542-超级抢购5元-运动户外-无-剪辑-转化引导-运动户外-20260630-无-625-aigc-4,0.02,1,0,0.00,0.00,0.00
2026-07-23,13940215763,CH-SC-低活-10223570717754-超级抢购-生鲜-无-剪辑-转化引导-生鲜-20260716-无-625-aigc-11,0.02,6,0,0.00,0.00,0.00
2026-07-23,13836038066,CH-SC-低活-10223482211866-超级抢购-生活日用-无-剪辑-转化引导-生活日用-20260703-无-625-6,0.02,7,1,0.00,0.00,14.29
2026-07-23,13939937851,CH-SC-广义新-10150604147722-新综合频道-箱包皮具-京喜拉新-剪辑-转化引导-箱包皮具-20260720-反向-625-7,0.02,35,12,0.00,0.00,34.29
2026-07-23,13835204958,CH-SC-广义新-10139440032542-新综合频道-运动户外-京喜拉新-剪辑-转化引导-运动户外-20260708-无-625-aigc-6,0.02,4,0,0.00,0.00,0.00
2026-07-23,13799924706,CH-SC-广义新-10118706992345-新综合频道-纸品-京喜拉新-剪辑-转化引导-纸品-20260707-无-625-aigc-11,0.02,7,1,0.00,0.00,14.29
2026-07-23,13860578738,CH-SC-广义新-10215307938752-新综合频道-鞋靴-京喜拉新-剪辑-转化引导-鞋靴-20260713-反向-625-aigc-2,0.02,33,2,0.00,0.00,6.06
2026-07-23,13746315224,CH-SC-广义新-10136364012448-新综合频道-纸品-京喜拉新-剪辑-转化引导-纸品-20260701-无-625-aigc-11,0.02,69,1,0.00,0.00,1.45
2026-07-23,13940208505,CH-SC-低活-10200755904098-超级抢购-汽车用品-无-剪辑-转化引导-汽车用品-20260716-无-625-aigc-16,0.02,4,1,0.00,0.00,25.00
2026-07-23,13939946153,CH-SC-广义新-10150604147722-新综合频道-箱包皮具-京喜拉新-剪辑-转化引导-箱包皮具-20260720-反向-625-10,0.02,50,12,0.00,0.00,24.00
2026-07-23,13940204885,CH-SC-低活-10200755904098-超级抢购-汽车用品-无-剪辑-转化引导-汽车用品-20260716-无-625-aigc-9,0.02,19,0,0.00,0.00,0.00
2026-07-23,13846427213,CH-SC-低活-10220560400432-超级抢购-生活日用-无-剪辑-转化引导-生活日用-20260708-无-625-aigc-10,0.02,19,2,0.00,0.00,10.53
2026-07-23,13352559677,CH-SC-低活-10081585918372-超级抢购-家庭清洁纸品-无-剪辑-转化引导-家庭清洁纸品-20260521-无-625-32,0.02,19,0,0.00,0.00,0.00
2026-07-23,13651816914,CH-SC-低活-10081585918372-超级抢购-家庭清洁纸品-无-剪辑-转化引导-家庭清洁纸品-20260623-无-625-aigc-19,0.02,15,0,0.00,0.00,0.00
2026-07-23,13603411436,CH-SC-低活-10172627929072-超级抢购加补-家装建材-无-剪辑-转化引导-家装建材-20260617-无-625-aigc-7,0.02,1,0,0.00,0.00,0.00
2026-07-23,13918400977,信息流-小牛-车载支架-低活-代运营-福利价-0721-100091919404-深海货盘-625-aigc-15,0.02,1,1,0.00,0.00,100.00
2026-07-23,13873266928,CH-SC-低活-10081585918372-超级抢购-纸品-无-剪辑-转化引导-纸品-20260702-无-625-aigc-6,0.02,60,1,0.00,0.00,1.67
2026-07-23,13835185806,CH-SC-广义新-10155085148227-新综合频道-家用电器-京喜拉新-剪辑-转化引导-家用电器-20260708-无-625-aigc-610,0.02,7,0,0.00,0.00,0.00
2026-07-23,13471029901,CH-SC-低活-10219841541026-超级抢购加补-厨具-无-剪辑-转化引导-厨具-20260602-无-625-3,0.01,4,0,0.00,0.00,0.00
2026-07-23,13939951180,CH-SC-广义新-10115067968253-新综合频道-家用电器-京喜拉新-剪辑-转化引导-家用电器-20260720-无-625-aigc-19,0.01,12,0,0.00,0.00,0.00
2026-07-23,13916304807,CH-SC-低活-10140917922437-超级抢购-家庭清洁-无-剪辑-转化引导-家庭清洁-20260715-无-625-aigc-1,0.01,1,0,0.00,0.00,0.00
2026-07-23,13559884894,CH-SC-广义新-10120132288166-新综合频道-运动户外-京喜拉新-剪辑-转化引导-运动户外-20260612-无-625-3,0.01,3,0,0.00,0.00,0.00
2026-07-23,13939947724,CH-SC-广义新-10115067968253-新综合频道-家用电器-京喜拉新-剪辑-转化引导-家用电器-20260720-无-625-aigc-15,0.01,5,0,0.00,0.00,0.00
2026-07-23,13776619971,CH-SC-广义新-10177393646076-新综合频道-灯饰照明-京喜拉新-剪辑-转化引导-灯饰照明-20260702-反向-625-aigc-21,0.01,1,1,0.00,0.00,100.00
2026-07-23,13939874677,CH-SC-广义新-10217878263924 -新综合频道-汽车用品-京喜拉新-剪辑-转化引导-汽车用品-20260717-无-625-1,0.01,7,0,0.00,0.00,0.00
2026-07-23,13846433173,CH-SC-低活-10220560400432-超级抢购-生活日用-无-剪辑-转化引导-生活日用-20260708-无-625-aigc-15,0.01,26,1,0.00,0.00,3.85
2026-07-23,13873273466,CH-SC-低活-10081585918372-超级抢购-纸品-无-剪辑-转化引导-纸品-20260702-无-625-aigc-12,0.01,1,0,0.00,0.00,0.00
2026-07-23,13860484585,CH-SC-广义新-10151951361734-新综合频道-箱包皮具-京喜拉新-剪辑-转化引导-箱包皮具-20260713-无-625-aigc-2,0.01,1,0,0.00,0.00,0.00
2026-07-23,13776499056,CH-SC-广义新-10143318867797-新综合频道-厨具-京喜拉新-剪辑-转化引导-厨具-20260702-反向-625-aigc-17,0.01,22,1,0.00,0.00,4.55
2026-07-23,13881432422,CH-SC-广义新-10161397805649 -新综合频道-服饰内衣-京喜拉新-剪辑-转化引导-服饰内衣-20260715-无-625-aigc-7,0.01,31,0,0.00,0.00,0.00
2026-07-23,13835199939,CH-SC-广义新-10139440032542-新综合频道-运动户外-京喜拉新-剪辑-转化引导-运动户外-20260708-无-625-aigc-11,0.01,1,0,0.00,0.00,0.00
2026-07-23,13486882744,CH-SC-广义新-无-新10元话费券-10元话费券-京喜拉新-剪辑-转化引导-10元话费券-20260605-无-625-27,0.01,3,1,0.00,0.00,33.33
2026-07-23,13486888224,CH-SC-广义新-无-新10元话费券-10元话费券-京喜拉新-剪辑-转化引导-10元话费券-20260605-无-625-7,0.01,3,0,0.00,0.00,0.00
2026-07-23,13397044203,CH-SC-广义新-10215767576641-新综合频道-生鲜-京喜拉新-剪辑-转化引导-生鲜-20260526-反向-625-aigc-7,0.01,11,0,0.00,0.00,0.00
2026-07-23,13845993937,CH-SC-广义新-10120961944861-新综合频道-运动户外 -京喜拉新-剪辑-转化引导-运动户外 -20260710-无-625-aigc-5,0.01,23,0,0.00,0.00,0.00
2026-07-23,13836040772,CH-SC-低活-10118706992345-超级抢购-纸品-无-剪辑-转化引导-纸品-20260702-无-625-aigc-1,0.01,5,0,0.00,0.00,0.00
2026-07-23,13407977687,CH-SC-广义新-10159656246030-新综合频道-电脑-京喜拉新-剪辑-转化引导-电脑-20260527-反向-625-aigc-6,0.01,3,0,0.00,0.00,0.00
2026-07-23,13722918495,CH-SC-低活-10220560400432-超级抢购加补-生活日用-无-剪辑-转化引导-生活日用-20260629-无-625-aigc-1,0.01,3,0,0.00,0.00,0.00
2026-07-23,13684894906,CH-SC-低活-10113209119177-超级抢购-摩托车-无-剪辑-转化引导-摩托车-20260626-无-625-aigc-5,0.01,1,0,0.00,0.00,0.00
2026-07-23,13873247091,CH-SC-低活-10217740550325-超级抢购-箱包皮具-无-剪辑-转化引导-箱包皮具-20260713-无-625-aigc-10,0.01,1,0,0.00,0.00,0.00
2026-07-23,13835201171,CH-SC-广义新-10139440032542-新综合频道-运动户外-京喜拉新-剪辑-转化引导-运动户外-20260708-无-625-aigc-1,0.01,1,0,0.00,0.00,0.00
2026-07-23,13940197334,CH-SC-低活-10098882079537-超级抢购-厨具-无-剪辑-转化引导-厨具-20260716-无-625-aigc-11,0.01,12,0,0.00,0.00,0.00
2026-07-23,13939929086,CH-SC-广义新-10115067968253-新综合频道-家用电器-京喜拉新-剪辑-转化引导-家用电器-20260720-无-625-aigc-21,0.01,6,0,0.00,0.00,0.00
2026-07-23,13860563485,CH-SC-广义新-10153911006548-新综合频道-粮油调味-京喜拉新-剪辑-转化引导-粮油调味-20260713-反向-625-aigc-9,0.01,2,0,0.00,0.00,0.00
2026-07-23,13940209834,CH-SC-低活-10200755904098-超级抢购-汽车用品-无-剪辑-转化引导-汽车用品-20260716-无-625-aigc-18,0.01,5,0,0.00,0.00,0.00
2026-07-23,13939954099,CH-SC-广义新-10115067968253-新综合频道-家用电器-京喜拉新-剪辑-转化引导-家用电器-20260720-无-625-aigc-22,0.01,10,0,0.00,0.00,0.00
2026-07-23,13845988566,CH-SC-广义新-10120961944861-新综合频道-运动户外 -京喜拉新-剪辑-转化引导-运动户外 -20260710-无-625-aigc-1,0.01,2,0,0.00,0.00,0.00
2026-07-23,13939955038,CH-SC-广义新-10115067968253-新综合频道-家用电器-京喜拉新-剪辑-转化引导-家用电器-20260720-无-625-aigc-23,0.01,12,0,0.00,0.00,0.00
2026-07-23,13846306405,CH-SC-低活-10140917922437-超级抢购-家庭清洁-无-剪辑-转化引导-家庭清洁-20260708-无-625-aigc-8,0.01,1,0,0.00,0.00,0.00
2026-07-23,13397045005,CH-SC-广义新-10215767576641-新综合频道-生鲜-京喜拉新-剪辑-转化引导-生鲜-20260526-反向-625-aigc-10,0.01,49,0,0.00,0.00,0.00
2026-07-23,13651882417,CH-SC-低活-10081585918372-超级抢购-家庭清洁纸品-无-剪辑-转化引导-家庭清洁纸品-20260623-无-625-aigc-4,0.01,5,0,0.00,0.00,0.00
2026-07-23,13940202623,CH-SC-低活-10200755904098-超级抢购-汽车用品-无-剪辑-转化引导-汽车用品-20260716-无-625-aigc-7,0.01,16,1,0.00,0.00,6.25
2026-07-23,13776533495,CH-SC-广义新-10130866966155-新综合频道-服饰内衣-京喜拉新-剪辑-转化引导-服饰内衣-20260702-无-625-aigc-18,0.01,3,0,0.00,0.00,0.00
2026-07-23,13651778751,CH-SC-低活-10081585918372-超级抢购-家庭清洁纸品-无-剪辑-转化引导-家庭清洁纸品-20260623-无-625-aigc-2,0.01,5,0,0.00,0.00,0.00
2026-07-23,13352560732,CH-SC-低活-10081585918372-超级抢购-家庭清洁纸品-无-剪辑-转化引导-家庭清洁纸品-20260521-无-625-2,0.01,9,0,0.00,0.00,0.00
2026-07-23,13940205742,CH-SC-低活-10200755904098-超级抢购-汽车用品-无-剪辑-转化引导-汽车用品-20260716-无-625-aigc-10,0.01,16,0,0.00,0.00,0.00
2026-07-23,13939870699,CH-SC-广义新-10217878263924 -新综合频道-汽车用品-京喜拉新-剪辑-转化引导-汽车用品-20260717-无-625-3,0.01,10,0,0.00,0.00,0.00
2026-07-23,13940207389,CH-SC-低活-10200755904098-超级抢购-汽车用品-无-剪辑-转化引导-汽车用品-20260716-无-625-aigc-13,0.01,11,0,0.00,0.00,0.00
2026-07-23,13836024992,CH-SC-低活-10118706992345-超级抢购-纸品-无-剪辑-转化引导-纸品-20260702-无-625-aigc-8,0.01,5,0,0.00,0.00,0.00
2026-07-23,13846433997,CH-SC-低活-10220560400432-超级抢购-生活日用-无-剪辑-转化引导-生活日用-20260708-无-625-aigc-16,0.01,2,0,0.00,0.00,0.00
2026-07-23,13873186801,CH-SC-低活-10162692688878-超级抢购-家用电器-无-剪辑-转化引导-家用电器-20260709-无-625-aigc-9,0.01,5,0,0.00,0.00,0.00
2026-07-23,13916301057,CH-SC-低活-10140917922437-超级抢购-家庭清洁-无-剪辑-转化引导-家庭清洁-20260715-无-625-aigc-8,0.01,6,0,0.00,0.00,0.00
2026-07-23,13860581516,CH-SC-广义新-10215307938752-新综合频道-鞋靴-京喜拉新-剪辑-转化引导-鞋靴-20260713-反向-625-aigc-5,0.01,8,0,0.00,0.00,0.00
2026-07-23,13799922243,CH-SC-广义新-10118706992345-新综合频道-纸品-京喜拉新-剪辑-转化引导-纸品-20260707-无-625-aigc-9,0.01,2,1,0.00,0.00,50.00
2026-07-23,13860488800,CH-SC-广义新-10151951361734-新综合频道-箱包皮具-京喜拉新-剪辑-转化引导-箱包皮具-20260713-无-625-aigc-6,0.01,3,0,0.00,0.00,0.00
2026-07-23,13776592019,CH-SC-广义新-10177393646076-新综合频道-灯饰照明-京喜拉新-剪辑-转化引导-灯饰照明-20260702-反向-625-aigc-12,0.01,1,0,0.00,0.00,0.00
2026-07-23,13651811425,CH-SC-低活-10081585918372-超级抢购-家庭清洁纸品-无-剪辑-转化引导-家庭清洁纸品-20260623-无-625-aigc-9,0.01,5,0,0.00,0.00,0.00
2026-07-23,13881431699,CH-SC-广义新-10161397805649 -新综合频道-服饰内衣-京喜拉新-剪辑-转化引导-服饰内衣-20260715-无-625-aigc-5,0.01,20,1,0.00,0.00,5.00
2026-07-23,13651815416,CH-SC-低活-10081585918372-超级抢购-家庭清洁纸品-无-剪辑-转化引导-家庭清洁纸品-20260623-无-625-aigc-16,0.01,3,0,0.00,0.00,0.00
2026-07-23,13913305264,信息流-小牛-音响-京东主体-代运营-新人福利价-0720-10112824783788-625-设计自选-aigc-17,0.01,1,0,0.00,0.00,0.00
2026-07-23,13939953763,CH-SC-广义新-10115067968253-新综合频道-家用电器-京喜拉新-剪辑-转化引导-家用电器-20260720-无-625-aigc-26,0.01,6,0,0.00,0.00,0.00
2026-07-23,13746310254,CH-SC-广义新-10136364012448-新综合频道-纸品-京喜拉新-剪辑-转化引导-纸品-20260701-无-625-aigc-9,0.01,7,0,0.00,0.00,0.00
2026-07-23,13939928763,CH-SC-广义新-10115067968253-新综合频道-家用电器-京喜拉新-剪辑-转化引导-家用电器-20260720-无-625-aigc-20,0.01,7,0,0.00,0.00,0.00
2026-07-23,13860491377,CH-SC-广义新-10151951361734-新综合频道-箱包皮具-京喜拉新-剪辑-转化引导-箱包皮具-20260713-无-625-aigc-7,0.01,2,0,0.00,0.00,0.00
2026-07-23,13913296089,信息流-小牛-电煮锅-京东主体-代运营-新人福利价-0720-10115067968253-625-设计自选-aigc-17,0.01,1,1,0.00,0.00,100.00
2026-07-23,13916111070,CH-SC-广义新-10155000015319-新综合频道-厨具-京喜拉新-剪辑-转化引导-厨具-20260716-无-625-aigc-4,0.01,9,0,0.00,0.00,0.00
2026-07-23,13746314980,CH-SC-广义新-10136364012448-新综合频道-纸品-京喜拉新-剪辑-转化引导-纸品-20260701-无-625-aigc-13,0.01,40,0,0.00,0.00,0.00
2026-07-23,13302407886,CH-SC-广义新-10169142079015-新综合频道-厨具-京喜拉新-剪辑-转化引导-厨具-20260515-无-625-5,0.01,10,0,0.00,0.00,0.00
2026-07-23,13746229355,CH-SC-低活-10172627929072-超级抢购-家装建材-无-剪辑-转化引导-家装建材-20260702-无-625-aigc-19,0.01,1,0,0.00,0.00,0.00
2026-07-23,13939878634,CH-SC-广义新-10201862878352 -新综合频道-厨具-京喜拉新-剪辑-转化引导-厨具-20260717-无-625-aigc-6,0.01,6,0,0.00,0.00,0.00
2026-07-23,13873257564,CH-SC-低活-10081585918372-超级抢购-纸品-无-剪辑-转化引导-纸品-20260702-无-625-aigc-31,0.01,10,0,0.00,0.00,0.00
2026-07-23,13940196767,CH-SC-低活-10098882079537-超级抢购-厨具-无-剪辑-转化引导-厨具-20260716-无-625-aigc-10,0.01,10,0,0.00,0.00,0.00
2026-07-23,13940196625,CH-SC-低活-10098882079537-超级抢购-厨具-无-剪辑-转化引导-厨具-20260716-无-625-aigc-9,0.01,8,0,0.00,0.00,0.00
2026-07-23,13731656219,CH-SC-广义新-10103971298079-新综合频道-家具-京喜拉新-剪辑-转化引导-家具-20260630-反向-625-14,0.01,4,0,0.00,0.00,0.00
2026-07-23,13746292023,CH-SC-广义新-10136364012448-新综合频道-纸品-京喜拉新-剪辑-转化引导-纸品-20260701-无-625-aigc-17,0.01,31,0,0.00,0.00,0.00
2026-07-23,13835199930,CH-SC-广义新-10139440032542-新综合频道-运动户外-京喜拉新-剪辑-转化引导-运动户外-20260708-无-625-aigc-13,0.01,1,0,0.00,0.00,0.00
2026-07-23,13352554298,CH-SC-低活-10081585918372-超级抢购-家庭清洁纸品-无-剪辑-转化引导-家庭清洁纸品-20260521-无-625-11,0.01,6,0,0.00,0.00,0.00
2026-07-23,13651771457,CH-SC-低活-10081585918372-超级抢购-家庭清洁纸品-无-剪辑-转化引导-家庭清洁纸品-20260623-无-625-aigc-25,0.01,8,0,0.00,0.00,0.00
2026-07-23,13940205641,CH-SC-低活-10200755904098-超级抢购-汽车用品-无-剪辑-转化引导-汽车用品-20260716-无-625-aigc-11,0.01,10,0,0.00,0.00,0.00
2026-07-23,13940215081,CH-SC-低活-10223570717754-超级抢购-生鲜-无-剪辑-转化引导-生鲜-20260716-无-625-aigc-10,0.01,13,0,0.00,0.00,0.00
2026-07-23,13651807819,CH-SC-低活-10147800266661-超级抢购加补-家庭清洁-无-剪辑-转化引导-家庭清洁-20260623-无-625-7,0.00,1,0,0.00,0.00,0.00
2026-07-23,13835193701,CH-SC-广义新-10109170972947-新综合频道-钟表眼镜-京喜拉新-剪辑-转化引导-钟表眼镜-20260708-无-625-aigc-6,0.00,1,0,0.00,0.00,0.00
2026-07-23,13352560975,CH-SC-低活-10081585918372-超级抢购-家庭清洁纸品-无-剪辑-转化引导-家庭清洁纸品-20260521-无-625-3,0.00,1,1,0.00,0.00,100.00
2026-07-23,13746356332,CH-SC-低活-10112643484929-超级抢购加补-手机通讯-无-剪辑-转化引导-手机通讯-20260630-无-625-5,0.00,0,0,0.00,0.00,0.00
2026-07-23,13939893853,CH-SC-广义新-10201862878352 -新综合频道-厨具-京喜拉新-剪辑-转化引导-厨具-20260717-无-625-aigc-26,0.00,1,0,0.00,0.00,0.00
2026-07-23,13592240552,CH-SC-低活-10158258669630-超级抢购-居家布艺-无-剪辑-转化引导-居家布艺-20260616-无-625-1,0.00,0,0,0.00,0.00,0.00
2026-07-23,13922141809,信息流-小牛-百香果-京东主体-代运营-新人福利价-0721-10161286379662-深海货盘-625-aigc-3,0.00,1,0,0.00,0.00,0.00
2026-07-23,13846302132,CH-SC-低活-10162692688878-超级抢购-家用电器-无-剪辑-转化引导-家用电器-20260708-无-625-aigc-8,0.00,0,0,0.00,0.00,0.00
2026-07-23,13845972181,CH-SC-广义新-10156923061370-新综合频道-数码-京喜拉新-剪辑-转化引导-数码-20260710-无-625-7,0.00,1,0,0.00,0.00,0.00
2026-07-23,13835193716,CH-SC-广义新-10109170972947-新综合频道-钟表眼镜-京喜拉新-剪辑-转化引导-钟表眼镜-20260708-无-625-aigc-5,0.00,0,0,0.00,0.00,0.00
2026-07-23,13846435400,CH-SC-低活-10220560400432-超级抢购-生活日用-无-剪辑-转化引导-生活日用-20260708-无-625-aigc-17,0.00,8,0,0.00,0.00,0.00
2026-07-23,13651875549,CH-SC-广义新-10125368295124-新综合频道-家用电器-京喜拉新-剪辑-转化引导-家用电器-20260623-无-625-5,0.00,1,0,0.00,0.00,0.00
2026-07-23,13940209770,CH-SC-低活-10200755904098-超级抢购-汽车用品-无-剪辑-转化引导-汽车用品-20260716-无-625-aigc-17,0.00,5,0,0.00,0.00,0.00
2026-07-23,13835232126,CH-SC-广义新-10211029652151-新综合频道-纸品-京喜拉新-剪辑-转化引导-纸品-20260709-无-625-3,0.00,0,0,0.00,0.00,0.00
2026-07-23,13845970023,CH-SC-广义新-10156923061370-新综合频道-数码-京喜拉新-剪辑-转化引导-数码-20260710-无-625-5,0.00,1,0,0.00,0.00,0.00
2026-07-23,13846298061,CH-SC-低活-10162692688878-超级抢购-家用电器-无-剪辑-转化引导-家用电器-20260708-无-625-aigc-6,0.00,0,0,0.00,0.00,0.00
2026-07-23,13536521344,CH-SC-广义新-10127068425204-新综合频道-收纳用品-京喜拉新-剪辑-转化引导-收纳用品-20260610-无-625-11,0.00,2,0,0.00,0.00,0.00
2026-07-23,13407975609,CH-SC-广义新-10159656246030-新综合频道-电脑-京喜拉新-剪辑-转化引导-电脑-20260527-反向-625-aigc-4,0.00,4,0,0.00,0.00,0.00
2026-07-23,13163603963,荣耀-XN-汽车-通用-途虎养车-混剪-260428-625-4,0.00,0,0,0.00,0.00,0.00
2026-07-23,13873194156,CH-SC-低活-10140917922437-超级抢购-家庭清洁-无-剪辑-转化引导-家庭清洁-20260709-无-625-aigc-5,0.00,1,0,0.00,0.00,0.00
2026-07-23,13873249245,CH-SC-低活-10217740550325-超级抢购-箱包皮具-无-剪辑-转化引导-箱包皮具-20260713-无-625-aigc-4,0.00,6,0,0.00,0.00,0.00
2026-07-23,13860560856,CH-SC-广义新-10153911006548-新综合频道-粮油调味-京喜拉新-剪辑-转化引导-粮油调味-20260713-反向-625-aigc-6,0.00,4,0,0.00,0.00,0.00
2026-07-23,13940193083,CH-SC-低活-10098882079537-超级抢购-厨具-无-剪辑-转化引导-厨具-20260716-无-625-aigc-7,0.00,3,0,0.00,0.00,0.00
2026-07-23,13881436072,CH-SC-广义新-10161397805649 -新综合频道-服饰内衣-京喜拉新-剪辑-转化引导-服饰内衣-20260715-无-625-aigc-8,0.00,0,0,0.00,0.00,0.00
2026-07-23,13846012973,CH-SC-广义新-10140917922437-新综合频道-家庭清洁-京喜拉新-剪辑-转化引导-家庭清洁-20260710-无-625-aigc-5,0.00,3,1,0.00,0.00,33.33
2026-07-23,13471070415,CH-SC-广义新-10136363822650-新综合频道-家庭清洁-京喜拉新-剪辑-转化引导-家庭清洁-20260602-反向-625-2,0.00,0,0,0.00,0.00,0.00
2026-07-23,13881444207,CH-SC-广义新-10161397805649 -新综合频道-服饰内衣-京喜拉新-剪辑-转化引导-服饰内衣-20260715-无-625-aigc-3,0.00,2,0,0.00,0.00,0.00
2026-07-23,13835235397,CH-SC-广义新-10211029652151-新综合频道-纸品-京喜拉新-剪辑-转化引导-纸品-20260709-无-625-10,0.00,0,0,0.00,0.00,0.00
2026-07-23,13835215286,CH-SC-广义新-10153911006548-新综合频道-粮油调味-京喜拉新-剪辑-转化引导-粮油调味-20260708-无-625-aigc-2,0.00,2,0,0.00,0.00,0.00
2026-07-23,13746295941,CH-SC-广义新-10136364012448-新综合频道-纸品-京喜拉新-剪辑-转化引导-纸品-20260701-无-625-aigc-19,0.00,6,0,0.00,0.00,0.00
2026-07-23,13939935261,CH-SC-广义新-10115067968253-新综合频道-家用电器-京喜拉新-剪辑-转化引导-家用电器-20260720-无-625-aigc-4,0.00,1,0,0.00,0.00,0.00
2026-07-23,13922156787,信息流-小牛-抽纸-京东主体-代运营-新人福利价-0721-100281253200-设计自选-625-aigc-14,0.00,1,0,0.00,0.00,0.00
2026-07-23,13913309285,信息流-小牛-音响-京东主体-代运营-新人福利价-0720-10112824783788-625-设计自选-aigc-14,0.00,1,0,0.00,0.00,0.00
2026-07-23,13939883126,CH-SC-广义新-10201862878352 -新综合频道-厨具-京喜拉新-剪辑-转化引导-厨具-20260717-无-625-aigc-11,0.00,0,0,0.00,0.00,0.00
2026-07-23,13835230827,CH-SC-广义新-10211029652151-新综合频道-纸品-京喜拉新-剪辑-转化引导-纸品-20260709-无-625-16,0.00,0,0,0.00,0.00,0.00
2026-07-23,13722927177,CH-SC-低活-10118706992345-超级抢购加补-纸品-无-剪辑-转化引导-纸品-20260629-无-625-aigc-6,0.00,0,0,0.00,0.00,0.00
2026-07-23,13799783455,CH-SC-广义新-10155085148227-新综合频道-家用电器-京喜拉新-剪辑-转化引导-家用电器-20260707-反向-625-aigc-17,0.00,1,0,0.00,0.00,0.00
2026-07-23,13776665594,CH-SC-广义新-10118706992345-新综合频道-纸品-京喜拉新-剪辑-转化引导-纸品-20260702-无-625-aigc-11,0.00,1,0,0.00,0.00,0.00
2026-07-23,13846381296,CH-SC-低活-10112643484929-超级抢购-手机通讯-无-剪辑-转化引导-手机通讯-20260708-无-625-aigc-11,0.00,8,0,0.00,0.00,0.00
2026-07-23,13939871506,CH-SC-广义新-10217878263924 -新综合频道-汽车用品-京喜拉新-剪辑-转化引导-汽车用品-20260717-无-625-11,0.00,2,0,0.00,0.00,0.00
2026-07-23,13835212442,CH-SC-广义新-10153911006548-新综合频道-粮油调味-京喜拉新-剪辑-转化引导-粮油调味-20260708-无-625-aigc-28,0.00,4,0,0.00,0.00,0.00
2026-07-23,13939872966,CH-SC-广义新-10217878263924 -新综合频道-汽车用品-京喜拉新-剪辑-转化引导-汽车用品-20260717-无-625-16,0.00,1,0,0.00,0.00,0.00
2026-07-23,13471026270,CH-SC-广义新-10207980850814-新综合频道-家用电器-京喜拉新-剪辑-转化引导-家用电器-20260602-反向-625-aigc-5,0.00,0,0,0.00,0.00,0.00
2026-07-23,13651810082,CH-SC-低活-10081585918372-超级抢购-家庭清洁纸品-无-剪辑-转化引导-家庭清洁纸品-20260623-无-625-aigc-7,0.00,1,0,0.00,0.00,0.00
2026-07-23,13776598531,CH-SC-广义新-10177393646076-新综合频道-灯饰照明-京喜拉新-剪辑-转化引导-灯饰照明-20260702-反向-625-aigc-13,0.00,1,0,0.00,0.00,0.00
2026-07-23,13940217406,CH-SC-低活-10223570717754-超级抢购-生鲜-无-剪辑-转化引导-生鲜-20260716-无-625-aigc-1,0.00,0,0,0.00,0.00,0.00
2026-07-23,13913297739,信息流-小牛-电煮锅-京东主体-代运营-新人福利价-0720-10115067968253-625-设计自选-aigc-26,0.00,1,0,0.00,0.00,0.00
2026-07-23,13922158342,信息流-小牛-抽纸-京东主体-代运营-新人福利价-0721-100281253200-设计自选-625-aigc-17,0.00,2,0,0.00,0.00,0.00
2026-07-23,13939952823,CH-SC-广义新-10115067968253-新综合频道-家用电器-京喜拉新-剪辑-转化引导-家用电器-20260720-无-625-aigc-24,0.00,1,0,0.00,0.00,0.00
2026-07-23,13651779757,CH-SC-低活-10081585918372-超级抢购-家庭清洁纸品-无-剪辑-转化引导-家庭清洁纸品-20260623-无-625-aigc-3,0.00,0,0,0.00,0.00,0.00
2026-07-23,13559881095,CH-SC-广义新-10219369508118-新综合频道-生鲜-京喜拉新-剪辑-转化引导-生鲜-20260612-反向-625-22,0.00,1,0,0.00,0.00,0.00
2026-07-23,13916488487,CH-SC-广义新-10040988734451-新10元话费券-无-无-剪辑-转化引导-无-20260715-无-625-23,0.00,1,0,0.00,0.00,0.00
2026-07-23,13746310794,CH-SC-广义新-10136364012448-新综合频道-纸品-京喜拉新-剪辑-转化引导-纸品-20260701-无-625-aigc-10,0.00,12,0,0.00,0.00,0.00
2026-07-23,13835206870,CH-SC-广义新-10153911006548-新综合频道-粮油调味-京喜拉新-剪辑-转化引导-粮油调味-20260708-无-625-aigc-20,0.00,1,0,0.00,0.00,0.00
2026-07-23,13913151355,信息流-小牛-刮水器-京东主体-代运营-新人1分钱-0720-10101434066164-历史爆品-625-5,0.00,0,0,0.00,0.00,0.00
2026-07-23,13731646677,CH-SC-广义新-10139440032542-新综合频道-运动户外-京喜拉新-剪辑-转化引导-运动户外-20260630-无-625-aigc-1,0.00,2,0,0.00,0.00,0.00
2026-07-23,13939876135,CH-SC-广义新-10201862878352 -新综合频道-厨具-京喜拉新-剪辑-转化引导-厨具-20260717-无-625-aigc-2,0.00,0,0,0.00,0.00,0.00
2026-07-23,13536516872,CH-SC-广义新-10127068425204-新综合频道-收纳用品-京喜拉新-剪辑-转化引导-收纳用品-20260610-无-625-3,0.00,3,0,0.00,0.00,0.00
2026-07-23,13940189389,CH-SC-低活-10098882079537-超级抢购-厨具-无-剪辑-转化引导-厨具-20260716-无-625-aigc-4,0.00,18,2,0.00,0.00,11.11
2026-07-23,13746176594,CH-SC-低活-10100644668875-超级抢购加补-汽车用品-无-剪辑-转化引导-汽车用品-20260701-无-625-aigc-9,0.00,0,0,0.00,0.00,0.00
2026-07-23,13352558043,CH-SC-低活-10081585918372-超级抢购-家庭清洁纸品-无-剪辑-转化引导-家庭清洁纸品-20260521-无-625-24,0.00,3,0,0.00,0.00,0.00
2026-07-23,13547605080,CH-SC-低活-10140207411553-超级抢购加补-文教文化用品-无-剪辑-转化引导-文教文化用品-20260611-无-625-6,0.00,1,0,0.00,0.00,0.00
2026-07-23,13940204221,CH-SC-低活-10200755904098-超级抢购-汽车用品-无-剪辑-转化引导-汽车用品-20260716-无-625-aigc-8,0.00,18,0,0.00,0.00,0.00
2026-07-23,13746355396,CH-SC-低活-10112643484929-超级抢购加补-手机通讯-无-剪辑-转化引导-手机通讯-20260630-无-625-3,0.00,3,1,0.00,0.00,33.33
2026-07-23,13939881536,CH-SC-广义新-10201862878352 -新综合频道-厨具-京喜拉新-剪辑-转化引导-厨具-20260717-无-625-aigc-10,0.00,2,0,0.00,0.00,0.00
2026-07-23,13860572936,CH-SC-广义新-10153911006548-新综合频道-粮油调味-京喜拉新-剪辑-转化引导-粮油调味-20260713-反向-625-aigc-4,0.00,3,0,0.00,0.00,0.00
2026-07-23,13835234965,CH-SC-广义新-10211029652151-新综合频道-纸品-京喜拉新-剪辑-转化引导-纸品-20260709-无-625-9,0.00,1,0,0.00,0.00,0.00
2026-07-23,13846011180,CH-SC-广义新-10140917922437-新综合频道-家庭清洁-京喜拉新-剪辑-转化引导-家庭清洁-20260710-无-625-aigc-1,0.00,9,0,0.00,0.00,0.00
2026-07-23,13873235824,CH-SC-低活-10184888743389-超级抢购-纸品-无-剪辑-转化引导-纸品-20260710-无-625-aigc-3,0.00,0,0,0.00,0.00,0.00
2026-07-23,13860584358,CH-SC-广义新-10215307938752-新综合频道-鞋靴-京喜拉新-剪辑-转化引导-鞋靴-20260713-反向-625-aigc-6,0.00,17,0,0.00,0.00,0.00
2026-07-23,13407972630,CH-SC-广义新-10159656246030-新综合频道-电脑-京喜拉新-剪辑-转化引导-电脑-20260527-反向-625-aigc-12,0.00,3,0,0.00,0.00,0.00
2026-07-23,13873236612,CH-SC-低活-10184888743389-超级抢购-纸品-无-剪辑-转化引导-纸品-20260710-无-625-aigc-4,0.00,1,0,0.00,0.00,0.00
2026-07-23,13486881864,CH-SC-广义新-无-新10元话费券-10元话费券-京喜拉新-剪辑-转化引导-10元话费券-20260605-无-625-23,0.00,0,0,0.00,0.00,0.00
2026-07-23,13352555069,CH-SC-低活-10081585918372-超级抢购-家庭清洁纸品-无-剪辑-转化引导-家庭清洁纸品-20260521-无-625-15,0.00,3,0,0.00,0.00,0.00
2026-07-23,13746231598,CH-SC-低活-10172627929072-超级抢购-家装建材-无-剪辑-转化引导-家装建材-20260702-无-625-aigc-20,0.00,1,0,0.00,0.00,0.00
2026-07-23,13746182618,CH-SC-低活-10100644668875-超级抢购加补-汽车用品-无-剪辑-转化引导-汽车用品-20260701-无-625-aigc-13,0.00,0,0,0.00,0.00,0.00
2026-07-23,13746352353,CH-SC-低活-10112643484929-超级抢购加补-手机通讯-无-剪辑-转化引导-手机通讯-20260630-无-625-9,0.00,1,0,0.00,0.00,0.00
2026-07-23,13352557487,CH-SC-低活-10081585918372-超级抢购-家庭清洁纸品-无-剪辑-转化引导-家庭清洁纸品-20260521-无-625-23,0.00,2,0,0.00,0.00,0.00
2026-07-23,13846011495,CH-SC-广义新-10140917922437-新综合频道-家庭清洁-京喜拉新-剪辑-转化引导-家庭清洁-20260710-无-625-aigc-3,0.00,1,0,0.00,0.00,0.00
2026-07-23,13913312200,信息流-小牛-音响-京东主体-代运营-新人福利价-0720-10112824783788-625-设计自选-aigc-10,0.00,2,0,0.00,0.00,0.00
2026-07-23,13846009424,CH-SC-广义新-10140917922437-新综合频道-家庭清洁-京喜拉新-剪辑-转化引导-家庭清洁-20260710-无-625-aigc-12,0.00,8,0,0.00,0.00,0.00
2026-07-23,13846291002,CH-SC-低活-10162692688878-超级抢购-家用电器-无-剪辑-转化引导-家用电器-20260708-无-625-aigc-18,0.00,0,0,0.00,0.00,0.00
2026-07-23,13776525905,CH-SC-广义新-10130866966155-新综合频道-服饰内衣-京喜拉新-剪辑-转化引导-服饰内衣-20260702-无-625-aigc-14,0.00,2,0,0.00,0.00,0.00
2026-07-23,13722927439,CH-SC-低活-10118706992345-超级抢购加补-纸品-无-剪辑-转化引导-纸品-20260629-无-625-aigc-8,0.00,0,0,0.00,0.00,0.00
2026-07-23,13835230593,CH-SC-广义新-10211029652151-新综合频道-纸品-京喜拉新-剪辑-转化引导-纸品-20260709-无-625-15,0.00,0,0,0.00,0.00,0.00
2026-07-23,13922149943,信息流-小牛-百香果-京东主体-代运营-新人福利价-0721-10161286379662-深海货盘-625-aigc-12,0.00,15,0,0.00,0.00,0.00
2026-07-23,13922138944,信息流-小牛-百香果-京东主体-代运营-新人福利价-0721-10161286379662-深海货盘-625-aigc-1,0.00,1,0,0.00,0.00,0.00
2026-07-23,13536516554,CH-SC-广义新-10127068425204-新综合频道-收纳用品-京喜拉新-剪辑-转化引导-收纳用品-20260610-无-625-4,0.00,3,0,0.00,0.00,0.00
2026-07-23,13407975628,CH-SC-广义新-10159656246030-新综合频道-电脑-京喜拉新-剪辑-转化引导-电脑-20260527-反向-625-aigc-3,0.00,0,0,0.00,0.00,0.00
2026-07-23,13922147817,信息流-小牛-百香果-京东主体-代运营-新人福利价-0721-10161286379662-深海货盘-625-aigc-10,0.00,27,0,0.00,0.00,0.00
2026-07-23,13651876631,CH-SC-广义新-10125368295124-新综合频道-家用电器-京喜拉新-剪辑-转化引导-家用电器-20260623-无-625-9,0.00,1,0,0.00,0.00,0.00
2026-07-23,13581452102,CH-SC-广义新-10130866966155-新综合频道-服饰内衣-京喜拉新-剪辑-转化引导-服饰内衣-20260615-反向-625-aigc-10,0.00,0,0,0.00,0.00,0.00
2026-07-23,13746305739,CH-SC-广义新-10136364012448-新综合频道-纸品-京喜拉新-剪辑-转化引导-纸品-20260701-无-625-aigc-4,0.00,1,0,0.00,0.00,0.00
2026-07-23,13940202955,CH-SC-低活-10200755904098-超级抢购-汽车用品-无-剪辑-转化引导-汽车用品-20260716-无-625-aigc-5,0.00,12,0,0.00,0.00,0.00
2026-07-23,13471068253,CH-SC-低活-10219841541026-超级抢购加补-厨具-无-剪辑-转化引导-厨具-20260602-无-625-16,0.00,0,0,0.00,0.00,0.00
2026-07-23,13913311995,信息流-小牛-音响-京东主体-代运营-新人福利价-0720-10112824783788-625-设计自选-aigc-11,0.00,2,0,0.00,0.00,0.00
2026-07-23,13407977493,CH-SC-广义新-10159656246030-新综合频道-电脑-京喜拉新-剪辑-转化引导-电脑-20260527-反向-625-aigc-7,0.00,2,0,0.00,0.00,0.00
2026-07-23,13845990761,CH-SC-广义新-10120961944861-新综合频道-运动户外 -京喜拉新-剪辑-转化引导-运动户外 -20260710-无-625-aigc-2,0.00,3,0,0.00,0.00,0.00
2026-07-23,13860578733,CH-SC-广义新-10215307938752-新综合频道-鞋靴-京喜拉新-剪辑-转化引导-鞋靴-20260713-反向-625-aigc-1,0.00,15,1,0.00,0.00,6.67
2026-07-23,13873175465,CH-SC-低活-10162692688878-超级抢购-家用电器-无-剪辑-转化引导-家用电器-20260709-无-625-aigc-17,0.00,0,0,0.00,0.00,0.00
2026-07-23,13940207072,CH-SC-低活-10200755904098-超级抢购-汽车用品-无-剪辑-转化引导-汽车用品-20260716-无-625-aigc-14,0.00,7,0,0.00,0.00,0.00
2026-07-23,13873197666,CH-SC-低活-10140917922437-超级抢购-家庭清洁-无-剪辑-转化引导-家庭清洁-20260709-无-625-aigc-7,0.00,0,0,0.00,0.00,0.00
2026-07-23,13916487167,CH-SC-广义新-10040988734451-新10元话费券-无-无-剪辑-转化引导-无-20260715-无-625-19,0.00,2,0,0.00,0.00,0.00
2026-07-23,13746305468,CH-SC-广义新-10136364012448-新综合频道-纸品-京喜拉新-剪辑-转化引导-纸品-20260701-无-625-aigc-6,0.00,3,0,0.00,0.00,0.00
2026-07-23,13746223961,CH-SC-低活-10172627929072-超级抢购-家装建材-无-剪辑-转化引导-家装建材-20260702-无-625-aigc-17,0.00,0,0,0.00,0.00,0.00
2026-07-23,13913312487,信息流-小牛-音响-京东主体-代运营-新人福利价-0720-10112824783788-625-设计自选-aigc-9,0.00,5,0,0.00,0.00,0.00
2026-07-23,13836051892,CH-SC-低活-10156776256916-超级抢购-珠宝首饰-无-剪辑-转化引导-珠宝首饰-20260703-无-625-aigc-3,0.00,1,0,0.00,0.00,0.00
2026-07-23,13939938577,CH-SC-广义新-10150604147722-新综合频道-箱包皮具-京喜拉新-剪辑-转化引导-箱包皮具-20260720-反向-625-9,0.00,27,6,0.00,0.00,22.22
2026-07-23,13397045020,CH-SC-广义新-10215767576641-新综合频道-生鲜-京喜拉新-剪辑-转化引导-生鲜-20260526-反向-625-aigc-9,0.00,9,0,0.00,0.00,0.00
2026-07-23,13096002959,荣耀-XN-社交-通用-美女-混剪-纯新AIGC-260416-625-4,0.00,0,0,0.00,0.00,0.00
2026-07-23,13651877509,CH-SC-广义新-10125368295124-新综合频道-家用电器-京喜拉新-剪辑-转化引导-家用电器-20260623-无-625-1,0.00,0,0,0.00,0.00,0.00
2026-07-23,13603317054,CH-SC-广义新-10118706992345-新综合频道-纸品-无-剪辑-转化引导-纸品-20260617-无-625-aigc-8,0.00,1,0,0.00,0.00,0.00
2026-07-23,13547603927,CH-SC-低活-10140207411553-超级抢购加补-文教文化用品-无-剪辑-转化引导-文教文化用品-20260611-无-625-2,0.00,0,0,0.00,0.00,0.00
2026-07-23,13835233800,CH-SC-广义新-10211029652151-新综合频道-纸品-京喜拉新-剪辑-转化引导-纸品-20260709-无-625-6,0.00,0,0,0.00,0.00,0.00
2026-07-23,13407971591,CH-SC-广义新-10159656246030-新综合频道-电脑-京喜拉新-剪辑-转化引导-电脑-20260527-反向-625-aigc-10,0.00,1,0,0.00,0.00,0.00
2026-07-23,13835231456,CH-SC-广义新-10211029652151-新综合频道-纸品-京喜拉新-剪辑-转化引导-纸品-20260709-无-625-1,0.00,0,0,0.00,0.00,0.00
2026-07-23,13913152765,信息流-小牛-刮水器-京东主体-代运营-新人1分钱-0720-10101434066164-历史爆品-625-8,0.00,1,0,0.00,0.00,0.00
2026-07-23,13746314373,CH-SC-广义新-10136364012448-新综合频道-纸品-京喜拉新-剪辑-转化引导-纸品-20260701-无-625-aigc-12,0.00,24,0,0.00,0.00,0.00
2026-07-23,13731657291,CH-SC-广义新-10103971298079-新综合频道-家具-京喜拉新-剪辑-转化引导-家具-20260630-反向-625-17,0.00,1,0,0.00,0.00,0.00
2026-07-23,13835232698,CH-SC-广义新-10211029652151-新综合频道-纸品-京喜拉新-剪辑-转化引导-纸品-20260709-无-625-4,0.00,0,0,0.00,0.00,0.00
2026-07-23,13922120422,信息流-小牛-百香果-京东主体-代运营-新人福利价-0721-10161286379662-深海货盘-625-aigc-18,0.00,2,0,0.00,0.00,0.00
2026-07-23,13407970309,CH-SC-广义新-10159656246030-新综合频道-电脑-京喜拉新-剪辑-转化引导-电脑-20260527-反向-625-aigc-9,0.00,1,0,0.00,0.00,0.00
2026-07-23,13939871196,CH-SC-广义新-10217878263924 -新综合频道-汽车用品-京喜拉新-剪辑-转化引导-汽车用品-20260717-无-625-10,0.00,2,0,0.00,0.00,0.00
2026-07-23,13940195736,CH-SC-低活-10098882079537-超级抢购-厨具-无-剪辑-转化引导-厨具-20260716-无-625-aigc-8,0.00,20,1,0.00,0.00,5.00
2026-07-23,13040038827,荣耀-XN-社交-通用-美女-混剪-纯新AIGC-260410-625-2,0.00,0,0,0.00,0.00,0.00
2026-07-23,13040042427,荣耀-XN-社交-通用-美女-混剪-纯新AIGC-260410-625-14,0.00,0,0,0.00,0.00,0.00
2026-07-23,13776579149,CH-SC-广义新-10177393646076-新综合频道-灯饰照明-京喜拉新-剪辑-转化引导-灯饰照明-20260702-反向-625-aigc-8,0.00,1,0,0.00,0.00,0.00
2026-07-23,13835189424,CH-SC-广义新-10109170972947-新综合频道-钟表眼镜-京喜拉新-剪辑-转化引导-钟表眼镜-20260708-无-625-aigc-12,0.00,0,0,0.00,0.00,0.00
2026-07-23,13939890093,CH-SC-广义新-10201862878352 -新综合频道-厨具-京喜拉新-剪辑-转化引导-厨具-20260717-无-625-aigc-22,0.00,1,1,0.00,0.00,100.00
2026-07-23,13846400344,CH-SC-低活-10081585918372-超级抢购-家庭清洁纸品-无-剪辑-转化引导-家庭清洁纸品-20260708-无-625-aigc-1,0.00,2,0,0.00,0.00,0.00
2026-07-23,13873242126,CH-SC-低活-10118706992345-超级抢购-纸品-无-剪辑-转化引导-纸品-20260710-无-625-aigc-7,0.00,3,0,0.00,0.00,0.00
2026-07-23,13860485612,CH-SC-广义新-10151951361734-新综合频道-箱包皮具-京喜拉新-剪辑-转化引导-箱包皮具-20260713-无-625-aigc-3,0.00,1,0,0.00,0.00,0.00
2026-07-23,13916487325,CH-SC-广义新-10040988734451-新10元话费券-无-无-剪辑-转化引导-无-20260715-无-625-21,0.00,2,0,0.00,0.00,0.00
2026-07-23,13836051783,CH-SC-低活-10156776256916-超级抢购-珠宝首饰-无-剪辑-转化引导-珠宝首饰-20260703-无-625-aigc-2,0.00,6,0,0.00,0.00,0.00
2026-07-23,13913293262,信息流-小牛-电煮锅-京东主体-代运营-新人福利价-0720-10115067968253-625-设计自选-aigc-16,0.00,1,0,0.00,0.00,0.00
2026-07-23,13873228266,CH-SC-低活-10184888743389-超级抢购-纸品-无-剪辑-转化引导-纸品-20260710-无-625-aigc-7,0.00,1,0,0.00,0.00,0.00
2026-07-23,13940202736,CH-SC-低活-10200755904098-超级抢购-汽车用品-无-剪辑-转化引导-汽车用品-20260716-无-625-aigc-4,0.00,21,1,0.00,0.00,4.76
2026-07-23,13614623163,CH-SC-广义新-10134479334759-新综合频道-钟表眼镜-京喜拉新-剪辑-转化引导-钟表眼镜-20260618-无-625-aigc-4,0.00,2,0,0.00,0.00,0.00
2026-07-23,13722918680,CH-SC-低活-10220560400432-超级抢购加补-生活日用-无-剪辑-转化引导-生活日用-20260629-无-625-aigc-2,0.00,11,0,0.00,0.00,0.00
2026-07-23,13845984775,CH-SC-广义新-10120961944861-新综合频道-运动户外 -京喜拉新-剪辑-转化引导-运动户外 -20260710-无-625-aigc-9,0.00,0,0,0.00,0.00,0.00
2026-07-23,13005947658,荣耀-XN-金融-通用-壁纸-混剪-纯新AIGC-260409-625-29,0.00,0,0,0.00,0.00,0.00
2026-07-23,13940193037,CH-SC-低活-10098882079537-超级抢购-厨具-无-剪辑-转化引导-厨具-20260716-无-625-aigc-6,0.00,12,0,0.00,0.00,0.00
2026-07-23,13352559849,CH-SC-低活-10081585918372-超级抢购-家庭清洁纸品-无-剪辑-转化引导-家庭清洁纸品-20260521-无-625-35,0.00,1,0,0.00,0.00,0.00
2026-07-23,13939936576,CH-SC-广义新-10150604147722-新综合频道-箱包皮具-京喜拉新-剪辑-转化引导-箱包皮具-20260720-反向-625-3,0.00,3,0,0.00,0.00,0.00
2026-07-23,13846399385,CH-SC-低活-10081585918372-超级抢购-家庭清洁纸品-无-剪辑-转化引导-家庭清洁纸品-20260708-无-625-aigc-18,0.00,2,0,0.00,0.00,0.00
2026-07-23,13939932322,CH-SC-广义新-10115067968253-新综合频道-家用电器-京喜拉新-剪辑-转化引导-家用电器-20260720-无-625-aigc-13,0.00,1,0,0.00,0.00,0.00
2026-07-23,13873229296,CH-SC-低活-10184888743389-超级抢购-纸品-无-剪辑-转化引导-纸品-20260710-无-625-aigc-9,0.00,0,0,0.00,0.00,0.00
2026-07-23,13746300537,CH-SC-广义新-10136364012448-新综合频道-纸品-京喜拉新-剪辑-转化引导-纸品-20260701-无-625-aigc-2,0.00,6,0,0.00,0.00,0.00
2026-07-23,13836049721,CH-SC-低活-10156776256916-超级抢购-珠宝首饰-无-剪辑-转化引导-珠宝首饰-20260703-无-625-aigc-9,0.00,8,0,0.00,0.00,0.00
2026-07-23,13916301575,CH-SC-低活-10140917922437-超级抢购-家庭清洁-无-剪辑-转化引导-家庭清洁-20260715-无-625-aigc-9,0.00,3,0,0.00,0.00,0.00
2026-07-23,13746160729,CH-SC-低活-10100644668875-超级抢购加补-汽车用品-无-剪辑-转化引导-汽车用品-20260701-无-625-aigc-17,0.00,0,0,0.00,0.00,0.00
2026-07-23,13873178418,CH-SC-低活-10162692688878-超级抢购-家用电器-无-剪辑-转化引导-家用电器-20260709-无-625-aigc-3,0.00,1,0,0.00,0.00,0.00
2026-07-23,13846301313,CH-SC-低活-10162692688878-超级抢购-家用电器-无-剪辑-转化引导-家用电器-20260708-无-625-aigc-5,0.00,0,0,0.00,0.00,0.00
2026-07-23,13722927139,CH-SC-低活-10118706992345-超级抢购加补-纸品-无-剪辑-转化引导-纸品-20260629-无-625-aigc-5,0.00,0,0,0.00,0.00,0.00
2026-07-23,13916109786,CH-SC-广义新-10155000015319-新综合频道-厨具-京喜拉新-剪辑-转化引导-厨具-20260716-无-625-aigc-2,0.00,4,0,0.00,0.00,0.00
2026-07-23,13913300032,信息流-小牛-电煮锅-京东主体-代运营-新人福利价-0720-10115067968253-625-设计自选-aigc-27,0.00,2,0,0.00,0.00,0.00
2026-07-23,13939940745,CH-SC-广义新-10115067968253-新综合频道-家用电器-京喜拉新-剪辑-转化引导-家用电器-20260720-无-625-aigc-14,0.00,2,0,0.00,0.00,0.00
2026-07-23,13846400862,CH-SC-低活-10081585918372-超级抢购-家庭清洁纸品-无-剪辑-转化引导-家庭清洁纸品-20260708-无-625-aigc-2,0.00,4,0,0.00,0.00,0.00
2026-07-23,13096006367,荣耀-XN-小说-通用-动态漫-混剪-260416-625-5,0.00,0,0,0.00,0.00,0.00
2026-07-23,13873243859,CH-SC-低活-10118706992345-超级抢购-纸品-无-剪辑-转化引导-纸品-20260710-无-625-aigc-12,0.00,2,0,0.00,0.00,0.00
2026-07-23,13799741063,CH-SC-广义新-10155085148227-新综合频道-家用电器-京喜拉新-剪辑-转化引导-家用电器-20260706-无-625-aigc-14,0.00,0,0,0.00,0.00,0.00
2026-07-23,13486889621,CH-SC-广义新-无-新10元话费券-10元话费券-京喜拉新-剪辑-转化引导-10元话费券-20260605-无-625-12,0.00,0,0,0.00,0.00,0.00
2026-07-23,13873231166,CH-SC-低活-10184888743389-超级抢购-纸品-无-剪辑-转化引导-纸品-20260710-无-625-aigc-10,0.00,1,0,0.00,0.00,0.00
2026-07-23,13873216915,CH-SC-低活-10162692688878-超级抢购-家用电器-无-剪辑-转化引导-家用电器-20260710-无-625-aigc-7,0.00,0,0,0.00,0.00,0.00
2026-07-23,13922143747,信息流-小牛-百香果-京东主体-代运营-新人福利价-0721-10161286379662-深海货盘-625-aigc-7,0.00,3,0,0.00,0.00,0.00
2026-07-23,13939883991,CH-SC-广义新-10201862878352 -新综合频道-厨具-京喜拉新-剪辑-转化引导-厨具-20260717-无-625-aigc-12,0.00,0,0,0.00,0.00,0.00
2026-07-23,13352605791,CH-SC-低活-10155395301306-超级抢购-生活日用-无-剪辑-转化引导-生活日用-20260521-无-625-6,0.00,0,0,0.00,0.00,0.00
2026-07-23,13860551989,CH-SC-广义新-10162692688878-新综合频道-家用电器-京喜拉新-剪辑-转化引导-家用电器-20260713-无-625-aigc-6,0.00,0,0,0.00,0.00,0.00
2026-07-23,13939866711,CH-SC-广义新-10217878263924 -新综合频道-汽车用品-京喜拉新-剪辑-转化引导-汽车用品-20260717-无-625-5,0.00,5,2,0.00,0.00,40.00
2026-07-23,13614674242,CH-SC-低活-10143318867797-超级抢购5元-厨具-无-剪辑-转化引导-厨具-20260618-无-625-aigc-4,0.00,1,0,0.00,0.00,0.00
2026-07-23,13352558934,CH-SC-低活-10081585918372-超级抢购-家庭清洁纸品-无-剪辑-转化引导-家庭清洁纸品-20260521-无-625-30,0.00,4,0,0.00,0.00,0.00
2026-07-23,13352561956,CH-SC-低活-10081585918372-超级抢购-家庭清洁纸品-无-剪辑-转化引导-家庭清洁纸品-20260521-无-625-9,0.00,0,0,0.00,0.00,0.00
2026-07-23,13536517872,CH-SC-广义新-10127068425204-新综合频道-收纳用品-京喜拉新-剪辑-转化引导-收纳用品-20260610-无-625-6,0.00,5,0,0.00,0.00,0.00
2026-07-23,13799945643,CH-SC-广义新-10139440032542-新综合频道-运动户外-京喜拉新-剪辑-转化引导-运动户外-20260703-无-625-aigc-4,0.00,1,0,0.00,0.00,0.00
2026-07-23,13352561586,CH-SC-低活-10081585918372-超级抢购-家庭清洁纸品-无-剪辑-转化引导-家庭清洁纸品-20260521-无-625-5,0.00,2,0,0.00,0.00,0.00
2026-07-23,13799802662,CH-SC-广义新-10155085148227-新综合频道-家用电器-京喜拉新-剪辑-转化引导-家用电器-20260707-反向-625-aigc-6,0.00,3,0,0.00,0.00,0.00
2026-07-23,13302406456,CH-SC-广义新-10169142079015-新综合频道-厨具-京喜拉新-剪辑-转化引导-厨具-20260515-无-625-4,0.00,1,0,0.00,0.00,0.00
2026-07-23,13302415831,CH-SC-广义新-10169142079015-新综合频道-厨具-京喜拉新-剪辑-转化引导-厨具-20260515-无-625-20,0.00,4,0,0.00,0.00,0.00
2026-07-23,13916307704,CH-SC-低活-10215767576641-超级抢购-生鲜-无-剪辑-转化引导-生鲜-20260715-无-625-aigc-7,0.00,0,0,0.00,0.00,0.00
2026-07-23,13592312343,CH-SC-广义新-10139440032542-新综合频道-运动户外-京喜拉新-剪辑-转化引导-运动户外-20260616-无-625-aigc-20,0.00,2,0,0.00,0.00,0.00
2026-07-23,13776646990,CH-SC-广义新-10118706992345-新综合频道-纸品-京喜拉新-剪辑-转化引导-纸品-20260702-无-625-aigc-5,0.00,1,0,0.00,0.00,0.00
2026-07-23,13916310807,CH-SC-低活-10215767576641-超级抢购-生鲜-无-剪辑-转化引导-生鲜-20260715-无-625-aigc-10,0.00,1,1,0.00,0.00,100.00
2026-07-23,13916494614,CH-SC-广义新-10040988734451-新10元话费券-无-无-剪辑-转化引导-无-20260715-无-625-13,0.00,1,0,0.00,0.00,0.00
2026-07-23,12838476710,荣耀-XN-小说-通用-动态漫-AIGC-260318-625-15,0.00,1,0,0.00,0.00,0.00
2026-07-23,13746318805,CH-SC-广义新-10136364012448-新综合频道-纸品-京喜拉新-剪辑-转化引导-纸品-20260701-无-625-aigc-15,0.00,9,0,0.00,0.00,0.00
2026-07-23,13846409972,CH-SC-低活-10220560400432-超级抢购-生活日用-无-剪辑-转化引导-生活日用-20260708-无-625-aigc-20,0.00,12,1,0.00,0.00,8.33
2026-07-23,13873222336,CH-SC-低活-10162692688878-超级抢购-家用电器-无-剪辑-转化引导-家用电器-20260710-无-625-aigc-3,0.00,1,0,0.00,0.00,0.00
2026-07-23,12838479363,荣耀-XN-小说-通用-动态漫-AIGC-260318-625-20,0.00,0,0,0.00,0.00,0.00
2026-07-23,13873175081,CH-SC-低活-10162692688878-超级抢购-家用电器-无-剪辑-转化引导-家用电器-20260709-无-625-aigc-16,0.00,3,0,0.00,0.00,0.00
2026-07-23,13662920894,CH-SC-广义新-10130866966155-新综合频道-服饰内衣-京喜拉新-剪辑-转化引导-服饰内衣-20260624-无-625-11,0.00,0,0,0.00,0.00,0.00
2026-07-23,13873207645,CH-SC-低活-10113209119177-超级抢购-电动车-无-剪辑-转化引导-电动车-20260709-无-625-1,0.00,0,0,0.00,0.00,0.00
2026-07-23,13096006447,荣耀-XN-小说-通用-动态漫-混剪-260416-625-6,0.00,0,0,0.00,0.00,0.00
2026-07-23,13536545311,CH-SC-低活-10219841541026-超级抢购加补-厨具-无-剪辑-转化引导-厨具-20260610-无-625-aigc-3,0.00,1,0,0.00,0.00,0.00
2026-07-23,13547603878,CH-SC-低活-10140207411553-超级抢购加补-文教文化用品-无-剪辑-转化引导-文教文化用品-20260611-无-625-14,0.00,2,0,0.00,0.00,0.00
2026-07-23,13913142938,信息流-小牛-音响-京东主体-代运营-新人福利价-0720-10112824783788-625-设计自选-aigc-31,0.00,9,1,0.00,0.00,11.11
2026-07-23,13722926601,CH-SC-低活-10118706992345-超级抢购加补-纸品-无-剪辑-转化引导-纸品-20260629-无-625-aigc-1,0.00,0,0,0.00,0.00,0.00
2026-07-23,13746316917,CH-SC-广义新-10136364012448-新综合频道-纸品-京喜拉新-剪辑-转化引导-纸品-20260701-无-625-aigc-14,0.00,6,1,0.00,0.00,16.67
2026-07-23,13776507847,CH-SC-广义新-10143318867797-新综合频道-厨具-京喜拉新-剪辑-转化引导-厨具-20260702-反向-625-aigc-11,0.00,4,0,0.00,0.00,0.00
2026-07-23,13722916475,CH-SC-低活-10156923061370-超级抢购加补-数码-无-剪辑-转化引导-数码-20260629-无-625-aigc-8,0.00,0,0,0.00,0.00,0.00
2026-07-23,13449524163,CH-SC-低活-10147800266661-超级抢购加补-家庭清洁-无-剪辑-转化引导-家庭清洁-20260601-无-625-14,0.00,4,1,0.00,0.00,25.00
2026-07-23,13746296787,CH-SC-广义新-10136364012448-新综合频道-纸品-京喜拉新-剪辑-转化引导-纸品-20260701-无-625-aigc-20,0.00,19,0,0.00,0.00,0.00
2026-07-23,13846420227,CH-SC-低活-10220560400432-超级抢购-生活日用-无-剪辑-转化引导-生活日用-20260708-无-625-aigc-5,0.00,0,0,0.00,0.00,0.00
2026-07-23,13835222378,CH-SC-广义新-10153911006548-新综合频道-粮油调味-京喜拉新-剪辑-转化引导-粮油调味-20260708-无-625-aigc-12,0.00,1,0,0.00,0.00,0.00
2026-07-23,13352558770,CH-SC-低活-10081585918372-超级抢购-家庭清洁纸品-无-剪辑-转化引导-家庭清洁纸品-20260521-无-625-27,0.00,0,0,0.00,0.00,0.00
2026-07-23,13407974348,CH-SC-广义新-10159656246030-新综合频道-电脑-京喜拉新-剪辑-转化引导-电脑-20260527-反向-625-aigc-1,0.00,1,0,0.00,0.00,0.00
2026-07-23,13873173915,CH-SC-低活-10162692688878-超级抢购-家用电器-无-剪辑-转化引导-家用电器-20260709-无-625-aigc-14,0.00,1,0,0.00,0.00,0.00
2026-07-23,13846431605,CH-SC-低活-10220560400432-超级抢购-生活日用-无-剪辑-转化引导-生活日用-20260708-无-625-aigc-14,0.00,3,0,0.00,0.00,0.00
2026-07-23,13939904626,CH-SC-广义新-10183880057418 -新综合频道-箱包皮具-京喜拉新-剪辑-转化引导-箱包皮具-20260717-无-625-aigc-9,0.00,0,0,0.00,0.00,0.00
2026-07-23,13835207381,CH-SC-广义新-10153911006548-新综合频道-粮油调味-京喜拉新-剪辑-转化引导-粮油调味-20260708-无-625-aigc-18,0.00,8,0,0.00,0.00,0.00
2026-07-23,13939877088,CH-SC-广义新-10201862878352 -新综合频道-厨具-京喜拉新-剪辑-转化引导-厨具-20260717-无-625-aigc-3,0.00,1,0,0.00,0.00,0.00
2026-07-23,13846403714,CH-SC-低活-10081585918372-超级抢购-家庭清洁纸品-无-剪辑-转化引导-家庭清洁纸品-20260708-无-625-aigc-4,0.00,0,0,0.00,0.00,0.00
2026-07-23,13846300315,CH-SC-低活-10162692688878-超级抢购-家用电器-无-剪辑-转化引导-家用电器-20260708-无-625-aigc-15,0.00,0,0,0.00,0.00,0.00
2026-07-23,13179698881,荣耀-XN-影音娱乐-通用-唱歌-混剪-260429-625-2,0.00,0,0,0.00,0.00,0.00
2026-07-23,13746227642,CH-SC-低活-10172627929072-超级抢购-家装建材-无-剪辑-转化引导-家装建材-20260702-无-625-aigc-18,0.00,0,0,0.00,0.00,0.00
2026-07-23,13845988965,CH-SC-广义新-10120961944861-新综合频道-运动户外 -京喜拉新-剪辑-转化引导-运动户外 -20260710-无-625-aigc-11,0.00,0,0,0.00,0.00,0.00
2026-07-23,13731655884,CH-SC-广义新-10103971298079-新综合频道-家具-京喜拉新-剪辑-转化引导-家具-20260630-反向-625-12,0.00,3,1,0.00,0.00,33.33
2026-07-23,13873223905,CH-SC-低活-10162692688878-超级抢购-家用电器-无-剪辑-转化引导-家用电器-20260710-无-625-aigc-5,0.00,0,0,0.00,0.00,0.00
2026-07-23,13881437263,CH-SC-广义新-10161397805649 -新综合频道-服饰内衣-京喜拉新-剪辑-转化引导-服饰内衣-20260715-无-625-aigc-10,0.00,13,0,0.00,0.00,0.00
2026-07-23,13835220652,CH-SC-广义新-10153911006548-新综合频道-粮油调味-京喜拉新-剪辑-转化引导-粮油调味-20260708-无-625-aigc-10,0.00,5,0,0.00,0.00,0.00
2026-07-23,13922147929,信息流-小牛-百香果-京东主体-代运营-新人福利价-0721-10161286379662-深海货盘-625-aigc-11,0.00,2,0,0.00,0.00,0.00
2026-07-23,13746353080,CH-SC-低活-10112643484929-超级抢购加补-手机通讯-无-剪辑-转化引导-手机通讯-20260630-无-625-11,0.00,5,0,0.00,0.00,0.00
2026-07-23,13913158604,信息流-小牛-刮水器-京东主体-代运营-新人1分钱-0720-10101434066164-历史爆品-625-20,0.00,5,0,0.00,0.00,0.00
2026-07-23,13835202290,CH-SC-广义新-10139440032542-新综合频道-运动户外-京喜拉新-剪辑-转化引导-运动户外-20260708-无-625-aigc-2,0.00,1,0,0.00,0.00,0.00
2026-07-23,13722915761,CH-SC-低活-10156923061370-超级抢购加补-数码-无-剪辑-转化引导-数码-20260629-无-625-aigc-2,0.00,1,0,0.00,0.00,0.00
2026-07-23,13836047564,CH-SC-低活-10156776256916-超级抢购-珠宝首饰-无-剪辑-转化引导-珠宝首饰-20260703-无-625-aigc-8,0.00,1,0,0.00,0.00,0.00
2026-07-23,13684894330,CH-SC-低活-10113209119177-超级抢购-摩托车-无-剪辑-转化引导-摩托车-20260626-无-625-aigc-6,0.00,0,0,0.00,0.00,0.00
2026-07-23,13352561533,CH-SC-低活-10081585918372-超级抢购-家庭清洁纸品-无-剪辑-转化引导-家庭清洁纸品-20260521-无-625-4,0.00,0,0,0.00,0.00,0.00
2026-07-23,13722918826,CH-SC-低活-10220560400432-超级抢购加补-生活日用-无-剪辑-转化引导-生活日用-20260629-无-625-aigc-3,0.00,1,0,0.00,0.00,0.00
2026-07-23,13799808991,CH-SC-广义新-10156923061370-新综合频道-数码-京喜拉新-剪辑-转化引导-数码-20260707-无-625-aigc-13,0.00,0,0,0.00,0.00,0.00
2026-07-23,13873225444,CH-SC-低活-10162692688878-超级抢购-家用电器-无-剪辑-转化引导-家用电器-20260710-无-625-aigc-6,0.00,0,0,0.00,0.00,0.00
2026-07-23,13836045401,CH-SC-低活-10118706992345-超级抢购-纸品-无-剪辑-转化引导-纸品-20260702-无-625-aigc-6,0.00,4,2,0.00,0.00,50.00
2026-07-23,13922107264,信息流-小牛-百香果-京东主体-代运营-新人福利价-0721-10161286379662-深海货盘-625-aigc-13,0.00,2,0,0.00,0.00,0.00
2026-07-23,13352562264,CH-SC-低活-10081585918372-超级抢购-家庭清洁纸品-无-剪辑-转化引导-家庭清洁纸品-20260521-无-625-8,0.00,0,0,0.00,0.00,0.00
2026-07-23,13651811864,CH-SC-低活-10081585918372-超级抢购-家庭清洁纸品-无-剪辑-转化引导-家庭清洁纸品-20260623-无-625-aigc-10,0.00,2,0,0.00,0.00,0.00
2026-07-23,13846015115,CH-SC-广义新-10140917922437-新综合频道-家庭清洁-京喜拉新-剪辑-转化引导-家庭清洁-20260710-无-625-aigc-11,0.00,7,0,0.00,0.00,0.00
2026-07-23,13407975793,CH-SC-广义新-10159656246030-新综合频道-电脑-京喜拉新-剪辑-转化引导-电脑-20260527-反向-625-aigc-5,0.00,3,0,0.00,0.00,0.00
2026-07-23,13860575912,CH-SC-广义新-10153911006548-新综合频道-粮油调味-京喜拉新-剪辑-转化引导-粮油调味-20260713-反向-625-aigc-5,0.00,2,0,0.00,0.00,0.00
2026-07-23,13939873421,CH-SC-广义新-10217878263924 -新综合频道-汽车用品-京喜拉新-剪辑-转化引导-汽车用品-20260717-无-625-17,0.00,1,0,0.00,0.00,0.00
2026-07-23,13536519469,CH-SC-广义新-10127068425204-新综合频道-收纳用品-京喜拉新-剪辑-转化引导-收纳用品-20260610-无-625-8,0.00,2,0,0.00,0.00,0.00
2026-07-23,13860569474,CH-SC-广义新-10153911006548-新综合频道-粮油调味-京喜拉新-剪辑-转化引导-粮油调味-20260713-反向-625-aigc-1,0.00,0,0,0.00,0.00,0.00
2026-07-23,13860588572,CH-SC-广义新-10215307938752-新综合频道-鞋靴-京喜拉新-剪辑-转化引导-鞋靴-20260713-反向-625-aigc-9,0.00,15,0,0.00,0.00,0.00
2026-07-23,13873203025,CH-SC-低活-10140917922437-超级抢购-家庭清洁-无-剪辑-转化引导-家庭清洁-20260709-无-625-aigc-11,0.00,1,0,0.00,0.00,0.00
2026-07-23,13179791538,荣耀-XN-影音娱乐-通用-唱歌-混剪-260429-625-21,0.00,0,0,0.00,0.00,0.00
2026-07-23,13860580424,CH-SC-广义新-10215307938752-新综合频道-鞋靴-京喜拉新-剪辑-转化引导-鞋靴-20260713-反向-625-aigc-3,0.00,34,3,0.00,0.00,8.82
2026-07-23,13846293812,CH-SC-低活-10162692688878-超级抢购-家用电器-无-剪辑-转化引导-家用电器-20260708-无-625-aigc-1,0.00,0,0,0.00,0.00,0.00
2026-07-23,13799916307,CH-SC-广义新-10118706992345-新综合频道-纸品-京喜拉新-剪辑-转化引导-纸品-20260707-无-625-aigc-5,0.00,0,0,0.00,0.00,0.00
2026-07-23,13179797389,荣耀-XN-影音娱乐-通用-风景-混剪-260429-625-11,0.00,0,0,0.00,0.00,0.00
2026-07-23,13939933469,CH-SC-广义新-10115067968253-新综合频道-家用电器-京喜拉新-剪辑-转化引导-家用电器-20260720-无-625-aigc-3,0.00,1,0,0.00,0.00,0.00
2026-07-23,13352561564,CH-SC-低活-10081585918372-超级抢购-家庭清洁纸品-无-剪辑-转化引导-家庭清洁纸品-20260521-无-625-6,0.00,0,0,0.00,0.00,0.00
2026-07-23,13719129907,CH-SC-广义新-10130866966155-新综合频道-服饰内衣-京喜拉新-剪辑-转化引导-服饰内衣-20260629-无-625-aigc-10,0.00,3,0,0.00,0.00,0.00
2026-07-23,13846379340,CH-SC-低活-10112643484929-超级抢购-手机通讯-无-剪辑-转化引导-手机通讯-20260708-无-625-aigc-10,0.00,1,0,0.00,0.00,0.00
2026-07-23,13873218717,CH-SC-低活-10162692688878-超级抢购-家用电器-无-剪辑-转化引导-家用电器-20260710-无-625-aigc-9,0.00,0,0,0.00,0.00,0.00
2026-07-23,13940199990,CH-SC-低活-10098882079537-超级抢购-厨具-无-剪辑-转化引导-厨具-20260716-无-625-aigc-2,0.00,8,0,0.00,0.00,0.00
2026-07-23,13939935876,CH-SC-广义新-10150604147722-新综合频道-箱包皮具-京喜拉新-剪辑-转化引导-箱包皮具-20260720-反向-625-1,0.00,7,1,0.00,0.00,14.29
2026-07-23,13835216927,CH-SC-广义新-10153911006548-新综合频道-粮油调味-京喜拉新-剪辑-转化引导-粮油调味-20260708-无-625-aigc-5,0.00,1,0,0.00,0.00,0.00
2026-07-23,13835212646,CH-SC-广义新-10153911006548-新综合频道-粮油调味-京喜拉新-剪辑-转化引导-粮油调味-20260708-无-625-aigc-29,0.00,5,0,0.00,0.00,0.00
2026-07-23,13492180108,CH-SC-低活-10215767576641-超级抢购5元-生鲜-无-剪辑-转化引导-生鲜-20260605-无-625-23,0.00,1,0,0.00,0.00,0.00
2026-07-23,13860586602,CH-SC-广义新-10215307938752-新综合频道-鞋靴-京喜拉新-剪辑-转化引导-鞋靴-20260713-反向-625-aigc-7,0.00,15,1,0.00,0.00,6.67
2026-07-23,13559877572,CH-SC-广义新-10219369508118-新综合频道-生鲜-京喜拉新-剪辑-转化引导-生鲜-20260612-反向-625-6,0.00,0,0,0.00,0.00,0.00
2026-07-23,13746174775,CH-SC-低活-10100644668875-超级抢购加补-汽车用品-无-剪辑-转化引导-汽车用品-20260701-无-625-aigc-6,0.00,0,0,0.00,0.00,0.00
2026-07-23,13940198517,CH-SC-低活-10098882079537-超级抢购-厨具-无-剪辑-转化引导-厨具-20260716-无-625-aigc-12,0.00,6,0,0.00,0.00,0.00
2026-07-23,13873201819,CH-SC-低活-10140917922437-超级抢购-家庭清洁-无-剪辑-转化引导-家庭清洁-20260709-无-625-aigc-10,0.00,5,0,0.00,0.00,0.00
2026-07-23,13835218583,CH-SC-广义新-10153911006548-新综合频道-粮油调味-京喜拉新-剪辑-转化引导-粮油调味-20260708-无-625-aigc-7,0.00,2,0,0.00,0.00,0.00
2026-07-23,13536520998,CH-SC-广义新-10127068425204-新综合频道-收纳用品-京喜拉新-剪辑-转化引导-收纳用品-20260610-无-625-10,0.00,2,0,0.00,0.00,0.00
2026-07-23,13846306026,CH-SC-低活-10140917922437-超级抢购-家庭清洁-无-剪辑-转化引导-家庭清洁-20260708-无-625-aigc-7,0.00,0,0,0.00,0.00,0.00
2026-07-23,13651816360,CH-SC-低活-10081585918372-超级抢购-家庭清洁纸品-无-剪辑-转化引导-家庭清洁纸品-20260623-无-625-aigc-20,0.00,0,0,0.00,0.00,0.00
2026-07-23,13922141585,信息流-小牛-百香果-京东主体-代运营-新人福利价-0721-10161286379662-深海货盘-625-aigc-4,0.00,2,0,0.00,0.00,0.00
2026-07-23,13835221929,CH-SC-广义新-10153911006548-新综合频道-粮油调味-京喜拉新-剪辑-转化引导-粮油调味-20260708-无-625-aigc-13,0.00,1,0,0.00,0.00,0.00
2026-07-23,13799908665,CH-SC-广义新-10118706992345-新综合频道-纸品-京喜拉新-剪辑-转化引导-纸品-20260707-无-625-aigc-16,0.00,1,0,0.00,0.00,0.00
2026-07-23,13471026431,CH-SC-广义新-10207980850814-新综合频道-家用电器-京喜拉新-剪辑-转化引导-家用电器-20260602-反向-625-aigc-6,0.00,0,0,0.00,0.00,0.00
2026-07-23,13873233007,CH-SC-低活-10184888743389-超级抢购-纸品-无-剪辑-转化引导-纸品-20260710-无-625-aigc-12,0.00,0,0,0.00,0.00,0.00
2026-07-23,13651875619,CH-SC-广义新-10125368295124-新综合频道-家用电器-京喜拉新-剪辑-转化引导-家用电器-20260623-无-625-4,0.00,1,1,0.00,0.00,100.00
2026-07-23,13922135840,信息流-小牛-百香果-京东主体-代运营-新人福利价-0721-10161286379662-深海货盘-625-aigc-19,0.00,1,0,0.00,0.00,0.00
2026-07-23,13939865479,CH-SC-广义新-10217878263924 -新综合频道-汽车用品-京喜拉新-剪辑-转化引导-汽车用品-20260717-无-625-4,0.00,1,0,0.00,0.00,0.00
2026-07-23,13614653474,CH-SC-低活-10147800266661-超级抢购加补-家庭清洁-无-剪辑-转化引导-家庭清洁-20260618-无-625-aigc-10,0.00,0,0,0.00,0.00,0.00
2026-07-23,13881435263,CH-SC-广义新-10161397805649 -新综合频道-服饰内衣-京喜拉新-剪辑-转化引导-服饰内衣-20260715-无-625-aigc-9,0.00,12,0,0.00,0.00,0.00
2026-07-23,13651875836,CH-SC-广义新-10125368295124-新综合频道-家用电器-京喜拉新-剪辑-转化引导-家用电器-20260623-无-625-6,0.00,0,0,0.00,0.00,0.00
2026-07-23,13860589367,CH-SC-广义新-10215307938752-新综合频道-鞋靴-京喜拉新-剪辑-转化引导-鞋靴-20260713-反向-625-aigc-8,0.00,18,0,0.00,0.00,0.00
2026-07-23,13918399435,信息流-小牛-车载支架-低活-代运营-福利价-0721-100091919404-深海货盘-625-aigc-11,0.00,2,0,0.00,0.00,0.00
2026-07-23,13685097337,CH-SC-低活-10140162082900-超级抢购加补-厨具-无-剪辑-转化引导-厨具-20260626-无-625-3,0.00,0,0,0.00,0.00,0.00
2026-07-23,13559886877,CH-SC-广义新-10120132288166-新综合频道-运动户外-京喜拉新-剪辑-转化引导-运动户外-20260612-无-625-1,0.00,3,0,0.00,0.00,0.00
2026-07-23,13836018437,CH-SC-低活-10081585918372-超级抢购-纸品-无-剪辑-转化引导-纸品-20260702-无-625-aigc-7,0.00,1,0,0.00,0.00,0.00
2026-07-23,13592236914,CH-SC-低活-10186710590960-超级抢购-生鲜-无-剪辑-转化引导-生鲜-20260616-无-625-4,0.00,2,0,0.00,0.00,0.00
2026-07-23,13835220642,CH-SC-广义新-10153911006548-新综合频道-粮油调味-京喜拉新-剪辑-转化引导-粮油调味-20260708-无-625-aigc-9,0.00,0,0,0.00,0.00,0.00
2026-07-23,12838467549,荣耀-XN-小说-通用-动态漫-AIGC-260318-625-1,0.00,0,0,0.00,0.00,0.00
2026-07-23,13746301237,CH-SC-广义新-10136364012448-新综合频道-纸品-京喜拉新-剪辑-转化引导-纸品-20260701-无-625-aigc-1,0.00,5,0,0.00,0.00,0.00
2026-07-23,13940211871,CH-SC-低活-10200755904098-超级抢购-汽车用品-无-剪辑-转化引导-汽车用品-20260716-无-625-aigc-2,0.00,10,0,0.00,0.00,0.00
2026-07-23,13846301649,CH-SC-低活-10162692688878-超级抢购-家用电器-无-剪辑-转化引导-家用电器-20260708-无-625-aigc-16,0.00,0,0,0.00,0.00,0.00
2026-07-23,13525508400,CH-SC-广义新-10158258669630-新综合频道-居家布艺-京喜拉新-剪辑-转化引导-居家布艺-20260609-反向-625-9,0.00,0,0,0.00,0.00,0.00
2026-07-23,13860577782,CH-SC-广义新-10215307938752-新综合频道-鞋靴-京喜拉新-剪辑-转化引导-鞋靴-20260713-反向-625-aigc-10,0.00,26,0,0.00,0.00,0.00
2026-07-23,13662891228,CH-SC-低活-10223482211866-超级抢购-生活日用-无-剪辑-转化引导-生活日用-20260624-无-625-AIGC-13,0.00,0,0,0.00,0.00,0.00
2026-07-23,13651860455,CH-SC-广义新-10125368295124-新综合频道-家用电器-京喜拉新-剪辑-转化引导-家用电器-20260623-无-625-2,0.00,1,0,0.00,0.00,0.00
2026-07-23,13731662859,CH-SC-广义新-10103971298079-新综合频道-家具-京喜拉新-剪辑-转化引导-家具-20260630-反向-625-11,0.00,3,3,0.00,0.00,100.00
2026-07-23,13922145678,信息流-小牛-百香果-京东主体-代运营-新人福利价-0721-10161286379662-深海货盘-625-aigc-9,0.00,1,0,0.00,0.00,0.00
2026-07-23,13746292295,CH-SC-广义新-10136364012448-新综合频道-纸品-京喜拉新-剪辑-转化引导-纸品-20260701-无-625-aigc-16,0.00,11,0,0.00,0.00,0.00
2026-07-23,13916496273,CH-SC-广义新-10040988734451-新10元话费券-无-无-剪辑-转化引导-无-20260715-无-625-2,0.00,0,0,0.00,0.00,0.00
2026-07-23,13939947635,CH-SC-广义新-10115067968253-新综合频道-家用电器-京喜拉新-剪辑-转化引导-家用电器-20260720-无-625-aigc-17,0.00,3,3,0.00,0.00,100.00
2026-07-23,13940188940,CH-SC-低活-10098882079537-超级抢购-厨具-无-剪辑-转化引导-厨具-20260716-无-625-aigc-3,0.00,6,1,0.00,0.00,16.67
2026-07-23,13096010027,荣耀-XN-影音娱乐-通用-萌宠视频-混剪-260417-625-12,0.00,0,0,0.00,0.00,0.00
2026-07-23,13835203418,CH-SC-广义新-10139440032542-新综合频道-运动户外-京喜拉新-剪辑-转化引导-运动户外-20260708-无-625-aigc-5,0.00,1,0,0.00,0.00,0.00
2026-07-23,13836054642,CH-SC-低活-10156776256916-超级抢购-珠宝首饰-无-剪辑-转化引导-珠宝首饰-20260703-无-625-aigc-5,0.00,2,0,0.00,0.00,0.00
2026-07-23,13352557924,CH-SC-低活-10081585918372-超级抢购-家庭清洁纸品-无-剪辑-转化引导-家庭清洁纸品-20260521-无-625-26,0.00,2,0,0.00,0.00,0.00
2026-07-23,13922143282,信息流-小牛-百香果-京东主体-代运营-新人福利价-0721-10161286379662-深海货盘-625-aigc-5,0.00,1,0,0.00,0.00,0.00
2026-07-23,13845993424,CH-SC-广义新-10120961944861-新综合频道-运动户外 -京喜拉新-剪辑-转化引导-运动户外 -20260710-无-625-aigc-4,0.00,1,0,0.00,0.00,0.00
2026-07-23,13835223293,CH-SC-广义新-10153911006548-新综合频道-粮油调味-京喜拉新-剪辑-转化引导-粮油调味-20260708-无-625-aigc-14,0.00,0,0,0.00,0.00,0.00
2026-07-23,13882954758,CH-SC-低活-10162692688878-超级抢购-家用电器-无-剪辑-转化引导-家用电器-20260714-无-625-aigc-2,0.00,1,0,0.00,0.00,0.00
2026-07-24,13471070287,CH-SC-广义新-10136363822650-新综合频道-家庭清洁-京喜拉新-剪辑-转化引导-家庭清洁-20260602-反向-625-3,15265.75,322695,31297,57.18,266.98,9.70
2026-07-24,13922153461,信息流-小牛-抽纸-京东主体-代运营-新人福利价-0721-100281253200-设计自选-625-aigc-8,5570.10,127606,43480,68.77,81.00,34.07
2026-07-24,13471070035,CH-SC-广义新-10136363822650-新综合频道-家庭清洁-京喜拉新-剪辑-转化引导-家庭清洁-20260602-反向-625-1,2474.00,145477,14342,63.44,39.00,9.86
2026-07-24,13904991981,CH-SC-广义新-10136363822650-新综合频道-家庭清洁-京喜拉新-剪辑-转化引导-家庭清洁-202600602-反向-625-5,2401.87,63665,6292,49.02,49.00,9.88
2026-07-24,13916493537,CH-SC-广义新-10040988734451-新10元话费券-无-无-剪辑-转化引导-无-20260715-无-625-26,1705.37,164981,24250,55.01,31.00,14.70
2026-07-24,13547605427,CH-SC-低活-10140207411553-超级抢购加补-文教文化用品-无-剪辑-转化引导-文教文化用品-20260611-无-625-4,1374.14,78503,14135,3.86,355.99,18.01
2026-07-24,13922154849,信息流-小牛-抽纸-京东主体-代运营-新人福利价-0721-100281253200-设计自选-625-aigc-9,1000.55,22283,8010,83.38,12.00,35.95
2026-07-24,13799781175,CH-SC-广义新-10155085148227-新综合频道-家用电器-京喜拉新-剪辑-转化引导-家用电器-20260707-反向-625-aigc-14,631.21,91902,8298,35.07,18.00,9.03
2026-07-24,13845993499,CH-SC-广义新-10120961944861-新综合频道-运动户外 -京喜拉新-剪辑-转化引导-运动户外 -20260710-无-625-aigc-6,509.04,13236,1255,63.63,8.00,9.48
2026-07-24,13559845298,CH-PRJ-采销项目-10204138700158-快手安卓-外卖美食-无-剪辑-转化引导-外卖美食-20260612-无-625-1,457.14,8761,5338,0.17,2689.06,60.93
2026-07-24,13873165421,CH-SC-低活-10137455430983-超级抢购-纸品-无-剪辑-转化引导-纸品-20260709-无-625-aigc-4,389.12,52663,2254,10.81,36.00,4.28
2026-07-24,13916497314,CH-SC-广义新-10040988734451-新10元话费券-无-无-剪辑-转化引导-无-20260715-无-625-22,358.04,37597,5563,44.76,8.00,14.80
2026-07-24,13922154453,信息流-小牛-抽纸-京东主体-代运营-新人福利价-0721-100281253200-设计自选-625-aigc-10,346.10,14337,3786,69.22,5.00,26.41
2026-07-24,13651815810,CH-SC-低活-10081585918372-超级抢购-家庭清洁纸品-无-剪辑-转化引导-家庭清洁纸品-20260623-无-625-aigc-15,340.87,51863,3773,10.03,33.99,7.27
2026-07-24,13471071527,CH-SC-广义新-10136363822650-新综合频道-家庭清洁-京喜拉新-剪辑-转化引导-家庭清洁-20260602-反向-625-aigc-2,335.64,12066,659,111.88,3.00,5.46
2026-07-24,12838476359,荣耀-XN-小说-通用-动态漫-AIGC-260318-625-14,283.55,1646,564,3.42,82.91,34.26
2026-07-24,13486885202,CH-SC-广义新-无-新10元话费券-10元话费券-京喜拉新-剪辑-转化引导-10元话费券-20260605-无-625-4,266.96,14748,1015,38.14,7.00,6.88
2026-07-24,13547606643,CH-SC-低活-10140207411553-超级抢购加补-文教文化用品-无-剪辑-转化引导-文教文化用品-20260611-无-625-8,263.75,14454,2783,4.80,54.95,19.25
2026-07-24,13536549173,CH-SC-低活-10219841541026-超级抢购加补-厨具-无-剪辑-转化引导-厨具-20260610-无-625-aigc-10,257.10,14026,527,21.43,12.00,3.76
2026-07-24,13559844857,CH-PRJ-采销项目-10204138700158-快手安卓-外卖美食-无-剪辑-转化引导-外卖美食-20260612-无-625-8,243.86,4668,2986,0.21,1161.24,63.97
2026-07-24,13873168305,CH-SC-低活-10137455430983-超级抢购-纸品-无-剪辑-转化引导-纸品-20260709-无-625-aigc-7,234.81,23195,3220,14.68,16.00,13.88
2026-07-24,13559845354,CH-PRJ-采销项目-10204138700158-快手安卓-外卖美食-无-剪辑-转化引导-外卖美食-20260612-无-625-4,226.94,4131,2449,0.15,1512.93,59.28
2026-07-24,13559888558,CH-SC-广义新-10139440032542-新综合频道-运动户外-京喜拉新-剪辑-转化引导-运动户外-20260612-无-625-7,224.80,26589,371,56.20,4.00,1.40
2026-07-24,13559844197,CH-PRJ-采销项目-10204138700158-快手安卓-外卖美食-无-剪辑-转化引导-外卖美食-20260612-无-625-3,171.97,3822,2144,0.15,1146.47,56.10
2026-07-24,13559844535,CH-PRJ-采销项目-10204138700158-快手安卓-外卖美食-无-剪辑-转化引导-外卖美食-20260612-无-625-6,169.35,8213,1871,0.19,891.32,22.78
2026-07-24,13873242822,CH-SC-低活-10118706992345-超级抢购-纸品-无-剪辑-转化引导-纸品-20260710-无-625-aigc-10,160.42,8801,3467,26.74,6.00,39.39
2026-07-24,13873170621,CH-SC-低活-10137455430983-超级抢购-纸品-无-剪辑-转化引导-纸品-20260709-无-625-aigc-11,156.16,31443,1694,9.76,16.00,5.39
2026-07-24,13922151320,信息流-小牛-抽纸-京东主体-代运营-新人福利价-0721-100281253200-设计自选-625-aigc-3,148.11,9324,1187,29.62,5.00,12.73
2026-07-24,13873164965,CH-SC-低活-10137455430983-超级抢购-纸品-无-剪辑-转化引导-纸品-20260709-无-625-aigc-2,143.62,5095,829,15.96,9.00,16.27
2026-07-24,13872652954,CH-SC-广义新-10136363822650 -新综合频道-纸品-京喜拉新-剪辑-转化引导-纸品-20260714-无-625-1,121.95,858,55,121.95,1.00,6.41
2026-07-24,13873244696,CH-SC-低活-10217740550325-超级抢购-箱包皮具-无-剪辑-转化引导-箱包皮具-20260713-无-625-aigc-7,115.99,3908,129,14.50,8.00,3.30
2026-07-24,13922152192,信息流-小牛-抽纸-京东主体-代运营-新人福利价-0721-100281253200-设计自选-625-aigc-5,115.65,3078,1006,38.55,3.00,32.68
2026-07-24,13872651421,CH-SC-广义新-10136363822650 -新综合频道-纸品-京喜拉新-剪辑-转化引导-纸品-20260714-无-625-9,107.96,1124,148,0.00,0.00,13.17
2026-07-24,13614625693,CH-SC-广义新-10134479334759-新综合频道-钟表眼镜-京喜拉新-剪辑-转化引导-钟表眼镜-20260618-无-625-aigc-8,106.20,8253,178,106.20,1.00,2.16
2026-07-24,13776511664,CH-SC-广义新-10101267118895-新综合频道-厨具-京喜拉新-剪辑-转化引导-厨具-20260702-无-625-aigc-2,102.04,39007,1464,51.02,2.00,3.75
2026-07-24,13873238176,CH-SC-低活-10118706992345-超级抢购-纸品-无-剪辑-转化引导-纸品-20260710-无-625-aigc-2,98.69,1026,446,10.97,9.00,43.47
2026-07-24,13559844692,CH-PRJ-采销项目-10204138700158-快手安卓-外卖美食-无-剪辑-转化引导-外卖美食-20260612-无-625-7,97.57,2661,1246,0.14,696.93,46.82
2026-07-24,13685269854,CH-SC-低活-10220560400432-超级抢购加补-生活日用-无-剪辑-转化引导-生活日用-20260626-无-625-aigc-15,94.78,6326,154,23.70,4.00,2.43
2026-07-24,13835184730,CH-SC-广义新-10155085148227-新综合频道-家用电器-京喜拉新-剪辑-转化引导-家用电器-20260708-无-625-aigc-67,92.55,29037,98,18.51,5.00,0.34
2026-07-24,13603329865,CH-SC-广义新-10139440032542-新综合频道-运动户外-京喜拉新-剪辑-转化引导-运动户外-20260617-无-625-aigc10,91.15,9228,110,30.38,3.00,1.19
2026-07-24,13651786488,CH-SC-低活-10166301474829-超级抢购加补-厨具-无-剪辑-转化引导-厨具-20260623-无-625-18,89.68,5849,377,89.68,1.00,6.45
2026-07-24,13904991502,CH-SC-广义新-10136363822650-新综合频道-家庭清洁-京喜拉新-剪辑-转化引导-家庭清洁-20260717-反向-625-4,86.39,3056,389,0.00,0.00,12.73
2026-07-24,13916491839,CH-SC-广义新-10040988734451-新10元话费券-无-无-剪辑-转化引导-无-20260715-无-625-5,86.29,3020,246,43.15,2.00,8.15
2026-07-24,13873166540,CH-SC-低活-10137455430983-超级抢购-纸品-无-剪辑-转化引导-纸品-20260709-无-625-aigc-5,80.05,7225,568,10.01,8.00,7.86
2026-07-24,13559886032,CH-SC-广义新-10120132288166-新综合频道-运动户外-京喜拉新-剪辑-转化引导-运动户外-20260612-无-625-9,78.96,18077,114,0.00,0.00,0.63
2026-07-24,13836038216,CH-SC-低活-10223482211866-超级抢购-生活日用-无-剪辑-转化引导-生活日用-20260703-无-625-7,73.09,2108,451,14.62,5.00,21.39
2026-07-24,13873247401,CH-SC-低活-10217740550325-超级抢购-箱包皮具-无-剪辑-转化引导-箱包皮具-20260713-无-625-aigc-1,70.95,7113,662,35.48,2.00,9.31
2026-07-24,13352555282,CH-SC-低活-10081585918372-超级抢购-家庭清洁纸品-无-剪辑-转化引导-家庭清洁纸品-20260521-无-625-16,70.49,9463,815,14.10,5.00,8.61
2026-07-24,13592316754,CH-SC-广义新-10146456039187-新综合频道-纸品-京喜拉新-剪辑-转化引导-纸品-20260616-反向-625-aigc-8,70.19,10509,1011,35.10,2.00,9.62
2026-07-24,13559845188,CH-PRJ-采销项目-10204138700158-快手安卓-外卖美食-无-剪辑-转化引导-外卖美食-20260612-无-625-10,68.49,1521,871,0.15,456.60,57.26
2026-07-24,13873171234,CH-SC-低活-10137455430983-超级抢购-纸品-无-剪辑-转化引导-纸品-20260709-无-625-aigc-12,68.25,3064,2078,68.25,1.00,67.82
2026-07-24,13352556484,CH-SC-低活-10081585918372-超级抢购-家庭清洁纸品-无-剪辑-转化引导-家庭清洁纸品-20260521-无-625-20,68.20,1221,173,34.10,2.00,14.17
2026-07-24,13836021303,CH-SC-低活-10081585918372-超级抢购-纸品-无-剪辑-转化引导-纸品-20260702-无-625-aigc-3,66.65,15022,274,0.00,0.00,1.82
2026-07-24,13836044901,CH-SC-低活-10118706992345-超级抢购-纸品-无-剪辑-转化引导-纸品-20260702-无-625-aigc-5,64.00,3620,806,16.00,4.00,22.27
2026-07-24,13815434561,CH-PRJ-采销项目-10227170510852-快手-本地生活-无-剪辑-转化引导-本地生活-20260710-无-625-8,56.35,994,584,0.00,0.00,58.75
2026-07-24,13846013662,CH-SC-广义新-10140917922437-新综合频道-家庭清洁-京喜拉新-剪辑-转化引导-家庭清洁-20260710-无-625-aigc-8,53.11,18913,82,0.00,0.00,0.43
2026-07-24,13872651899,CH-SC-广义新-10136363822650 -新综合频道-纸品-京喜拉新-剪辑-转化引导-纸品-20260714-无-625-10,51.92,404,133,0.00,0.00,32.92
2026-07-24,13835192045,CH-SC-广义新-10109170972947-新综合频道-钟表眼镜-京喜拉新-剪辑-转化引导-钟表眼镜-20260708-无-625-aigc-3,51.12,43764,51,0.00,0.00,0.12
2026-07-24,13939910265,CH-SC-广义新-10183880057418 -新综合频道-箱包皮具-京喜拉新-剪辑-转化引导-箱包皮具-20260717-无-625-aigc-15,50.57,22728,231,0.00,0.00,1.02
2026-07-24,13559845061,CH-PRJ-采销项目-10204138700158-快手安卓-外卖美食-无-剪辑-转化引导-外卖美食-20260612-无-625-9,48.63,1750,617,0.15,324.20,35.26
2026-07-24,13685269945,CH-SC-低活-10220560400432-超级抢购加补-生活日用-无-剪辑-转化引导-生活日用-20260626-无-625-aigc-13,47.61,2418,39,47.61,1.00,1.61
2026-07-24,13916089663,CH-SC-广义新-10184972523548-新综合频道-厨具-京喜拉新-剪辑-转化引导-厨具-20260716-反向-625-aigc-10,45.95,6894,431,45.95,1.00,6.25
2026-07-24,13904992036,CH-SC-广义新-10136363822650-新综合频道-家庭清洁-京喜拉新-剪辑-转化引导-家庭清洁-20260717-反向-625-6,43.19,531,26,43.19,1.00,4.90
2026-07-24,13904992394,CH-SC-广义新-10136363822650-新综合频道-家庭清洁-京喜拉新-剪辑-转化引导-家庭清洁-20260717-反向-625-1,41.11,1601,128,0.00,0.00,8.00
2026-07-24,13547619349,CH-SC-低活-10217613031260-好价清单-休闲食品-无-剪辑-转化引导-休闲食品-20260611-无-625-12,40.20,8058,145,40.20,1.00,1.80
2026-07-24,13860484585,CH-SC-广义新-10151951361734-新综合频道-箱包皮具-京喜拉新-剪辑-转化引导-箱包皮具-20260713-无-625-aigc-2,36.78,278,131,0.00,0.00,47.12
2026-07-24,13939900885,CH-SC-广义新-10183880057418 -新综合频道-箱包皮具-京喜拉新-剪辑-转化引导-箱包皮具-20260717-无-625-aigc-6,36.15,5008,269,36.15,1.00,5.37
2026-07-24,13881547607,CH-SC-广义新-10102020339908 -新综合频道-数码-京喜拉新-剪辑-转化引导-数码-20260715-无-625-4,34.37,7265,375,34.37,1.00,5.16
2026-07-24,13352554681,CH-SC-低活-10081585918372-超级抢购-家庭清洁纸品-无-剪辑-转化引导-家庭清洁纸品-20260521-无-625-13,33.60,3666,204,33.60,1.00,5.56
2026-07-24,13873167301,CH-SC-低活-10137455430983-超级抢购-纸品-无-剪辑-转化引导-纸品-20260709-无-625-aigc-6,32.32,25313,152,0.00,0.00,0.60
2026-07-24,13846397896,CH-SC-低活-10112643484929-超级抢购-手机通讯-无-剪辑-转化引导-手机通讯-20260708-无-625-aigc-1,31.20,1528,56,31.20,1.00,3.66
2026-07-24,13939911163,CH-SC-广义新-10183880057418 -新综合频道-箱包皮具-京喜拉新-剪辑-转化引导-箱包皮具-20260717-无-625-aigc-1,29.89,4464,322,0.00,0.00,7.21
2026-07-24,13471071598,CH-SC-广义新-10136363822650-新综合频道-家庭清洁-京喜拉新-剪辑-转化引导-家庭清洁-20260602-反向-625-aigc-1,29.58,794,46,0.00,0.00,5.79
2026-07-24,13846422587,CH-SC-低活-10220560400432-超级抢购-生活日用-无-剪辑-转化引导-生活日用-20260708-无-625-aigc-7,29.20,2574,581,0.00,0.00,22.57
2026-07-24,13873277927,CH-SC-低活-10081585918372-超级抢购-纸品-无-剪辑-转化引导-纸品-20260702-无-625-aigc-17,29.14,1575,246,29.14,1.00,15.62
2026-07-24,13815443566,CH-PRJ-采销项目-10227170510852-快手-本地生活-无-剪辑-转化引导-本地生活-20260710-无-625-15,27.71,468,279,0.00,0.00,59.62
2026-07-24,13873282737,CH-SC-低活-10081585918372-超级抢购-纸品-无-剪辑-转化引导-纸品-20260702-无-625-aigc-23,27.57,2821,2025,27.57,1.00,71.78
2026-07-24,13799981390,CH-SC-广义新-10134479334759-新综合频道-钟表眼镜-京喜拉新-剪辑-转化引导-钟表眼镜-20260703-无-625-aigc-12,27.22,893,254,27.22,1.00,28.44
2026-07-24,13341766059,CH-SC-广义新-10219841541026-新综合频道-厨具-京喜拉新-剪辑-转化引导-厨具-20260520-反向-625-8,26.54,1234,45,0.00,0.00,3.65
2026-07-24,13916493564,CH-SC-广义新-10040988734451-新10元话费券-无-无-剪辑-转化引导-无-20260715-无-625-24,26.27,2542,183,26.27,1.00,7.20
2026-07-24,13860488800,CH-SC-广义新-10151951361734-新综合频道-箱包皮具-京喜拉新-剪辑-转化引导-箱包皮具-20260713-无-625-aigc-6,25.75,178,71,0.00,0.00,39.89
2026-07-24,13873169325,CH-SC-低活-10137455430983-超级抢购-纸品-无-剪辑-转化引导-纸品-20260709-无-625-aigc-9,25.49,1627,250,12.75,2.00,15.37
2026-07-24,13873238696,CH-SC-低活-10118706992345-超级抢购-纸品-无-剪辑-转化引导-纸品-20260710-无-625-aigc-3,25.44,320,92,12.72,2.00,28.75
2026-07-24,13846012393,CH-SC-广义新-10140917922437-新综合频道-家庭清洁-京喜拉新-剪辑-转化引导-家庭清洁-20260710-无-625-aigc-6,24.99,5607,40,0.00,0.00,0.71
2026-07-24,13916117535,CH-SC-广义新-10155000015319-新综合频道-厨具-京喜拉新-剪辑-转化引导-厨具-20260716-无-625-aigc-8,24.29,14410,42,0.00,0.00,0.29
2026-07-24,13835190847,CH-SC-广义新-10109170972947-新综合频道-钟表眼镜-京喜拉新-剪辑-转化引导-钟表眼镜-20260708-无-625-aigc-15,23.82,3472,486,0.00,0.00,14.00
2026-07-24,13603383616,CH-SC-低活-10217740550325-超级抢购加补-箱包皮具-无-剪辑-转化引导-箱包皮具-20260617-无-625-aigc-5,23.14,2209,81,0.00,0.00,3.67
2026-07-24,13918399564,信息流-小牛-车载支架-低活-代运营-福利价-0721-100091919404-深海货盘-625-aigc-10,22.87,4993,662,11.44,2.00,13.26
2026-07-24,13904991258,CH-SC-广义新-10136363822650-新综合频道-家庭清洁-京喜拉新-剪辑-转化引导-家庭清洁-20260717-反向-625-3,22.84,1029,86,22.84,1.00,8.36
2026-07-24,13719128579,CH-SC-广义新-10130866966155-新综合频道-服饰内衣-京喜拉新-剪辑-转化引导-服饰内衣-20260629-无-625-aigc-5,22.76,3264,325,22.76,1.00,9.96
2026-07-24,13559844369,CH-PRJ-采销项目-10204138700158-快手安卓-外卖美食-无-剪辑-转化引导-外卖美食-20260612-无-625-5,22.37,970,275,0.17,131.59,28.35
2026-07-24,13873168594,CH-SC-低活-10137455430983-超级抢购-纸品-无-剪辑-转化引导-纸品-20260709-无-625-aigc-8,20.26,2030,530,0.00,0.00,26.11
2026-07-24,13939904626,CH-SC-广义新-10183880057418 -新综合频道-箱包皮具-京喜拉新-剪辑-转化引导-箱包皮具-20260717-无-625-aigc-9,19.76,2757,132,0.00,0.00,4.79
2026-07-24,13873278009,CH-SC-低活-10081585918372-超级抢购-纸品-无-剪辑-转化引导-纸品-20260702-无-625-aigc-16,19.65,603,75,4.91,4.00,12.44
2026-07-24,13873166317,CH-SC-低活-10137455430983-超级抢购-纸品-无-剪辑-转化引导-纸品-20260709-无-625-aigc-3,19.08,975,250,3.82,4.99,25.64
2026-07-24,13835197635,CH-SC-广义新-10139440032542-新综合频道-运动户外-京喜拉新-剪辑-转化引导-运动户外-20260708-无-625-aigc-10,18.96,355,6,0.00,0.00,1.69
2026-07-24,13873285611,CH-SC-低活-10081585918372-超级抢购-纸品-无-剪辑-转化引导-纸品-20260702-无-625-aigc-24,16.57,490,106,8.29,2.00,21.63
2026-07-24,13873275138,CH-SC-低活-10081585918372-超级抢购-纸品-无-剪辑-转化引导-纸品-20260702-无-625-aigc-14,14.15,8238,58,0.00,0.00,0.70
2026-07-24,13846372517,CH-SC-低活-10112643484929-超级抢购-手机通讯-无-剪辑-转化引导-手机通讯-20260708-无-625-aigc-5,13.40,1196,49,0.00,0.00,4.10
2026-07-24,13341765349,CH-SC-广义新-10219841541026-新综合频道-厨具-京喜拉新-剪辑-转化引导-厨具-20260520-反向-625-7,13.11,3934,49,0.00,0.00,1.25
2026-07-24,13731660821,CH-SC-广义新-10103971298079-新综合频道-家具-京喜拉新-剪辑-转化引导-家具-20260630-反向-625-5,12.98,2269,105,0.00,0.00,4.63
2026-07-24,13846397120,CH-SC-低活-10112643484929-超级抢购-手机通讯-无-剪辑-转化引导-手机通讯-20260708-无-625-aigc-2,12.74,1928,43,0.00,0.00,2.23
2026-07-24,13939938272,CH-SC-广义新-10150604147722-新综合频道-箱包皮具-京喜拉新-剪辑-转化引导-箱包皮具-20260720-反向-625-8,12.54,1248,247,0.00,0.00,19.79
2026-07-24,13940216774,CH-SC-低活-10223570717754-超级抢购-生鲜-无-剪辑-转化引导-生鲜-20260716-无-625-aigc-12,12.19,3252,20,0.00,0.00,0.62
2026-07-24,13873283614,CH-SC-低活-10081585918372-超级抢购-纸品-无-剪辑-转化引导-纸品-20260702-无-625-aigc-22,11.99,2589,1044,0.00,0.00,40.32
2026-07-24,13486882714,CH-SC-广义新-无-新10元话费券-10元话费券-京喜拉新-剪辑-转化引导-10元话费券-20260605-无-625-25,11.80,1009,450,0.00,0.00,44.60
2026-07-24,13776536723,CH-SC-广义新-10130866966155-新综合频道-服饰内衣-京喜拉新-剪辑-转化引导-服饰内衣-20260702-无-625-aigc-1,11.60,1682,367,0.00,0.00,21.82
2026-07-24,13873189462,CH-SC-低活-10140917922437-超级抢购-家庭清洁-无-剪辑-转化引导-家庭清洁-20260709-无-625-aigc-1,11.58,3068,721,0.00,0.00,23.50
2026-07-24,13559844150,CH-PRJ-采销项目-10204138700158-快手安卓-外卖美食-无-剪辑-转化引导-外卖美食-20260612-无-625-2,11.25,272,128,0.14,80.36,47.06
2026-07-24,13873248011,CH-SC-低活-10217740550325-超级抢购-箱包皮具-无-剪辑-转化引导-箱包皮具-20260713-无-625-aigc-2,11.15,459,157,11.15,1.00,34.20
2026-07-24,13916109369,CH-SC-广义新-10155000015319-新综合频道-厨具-京喜拉新-剪辑-转化引导-厨具-20260716-无-625-aigc-3,11.02,859,27,11.02,1.00,3.14
2026-07-24,13471069673,CH-SC-广义新-10136363822650-新综合频道-家庭清洁-京喜拉新-剪辑-转化引导-家庭清洁-20260602-反向-625-aigc-5,10.78,253,26,0.00,0.00,10.28
2026-07-24,13872650671,CH-SC-广义新-10136363822650 -新综合频道-纸品-京喜拉新-剪辑-转化引导-纸品-20260714-无-625-5,9.83,107,6,0.00,0.00,5.61
2026-07-24,13799927457,CH-SC-广义新-10158258669630-新综合频道-居家布艺-京喜拉新-剪辑-转化引导-居家布艺-20260706-无-625-aigc-2,9.33,740,20,0.00,0.00,2.70
2026-07-24,13559884097,CH-SC-广义新-10120132288166-新综合频道-运动户外-京喜拉新-剪辑-转化引导-运动户外-20260612-无-625-4,9.32,1684,58,0.00,0.00,3.44
2026-07-24,13916491947,CH-SC-广义新-10040988734451-新10元话费券-无-无-剪辑-转化引导-无-20260715-无-625-16,9.26,1026,57,0.00,0.00,5.56
2026-07-24,13916311123,CH-SC-低活-10215767576641-超级抢购-生鲜-无-剪辑-转化引导-生鲜-20260715-无-625-aigc-1,8.34,824,22,0.00,0.00,2.67
2026-07-24,13939908809,CH-SC-广义新-10183880057418 -新综合频道-箱包皮具-京喜拉新-剪辑-转化引导-箱包皮具-20260717-无-625-aigc-11,8.21,3020,13,0.00,0.00,0.43
2026-07-24,13881546157,CH-SC-广义新-10102020339908 -新综合频道-数码-京喜拉新-剪辑-转化引导-数码-20260715-无-625-10,8.13,1092,156,0.00,0.00,14.29
2026-07-24,13731658321,CH-SC-广义新-10103971298079-新综合频道-家具-京喜拉新-剪辑-转化引导-家具-20260630-反向-625-18,7.78,341,33,0.00,0.00,9.68
2026-07-24,13836034502,CH-SC-低活-10223482211866-超级抢购-生活日用-无-剪辑-转化引导-生活日用-20260703-无-625-3,7.56,3641,57,7.56,1.00,1.57
2026-07-24,13939878634,CH-SC-广义新-10201862878352 -新综合频道-厨具-京喜拉新-剪辑-转化引导-厨具-20260717-无-625-aigc-6,6.84,5108,12,0.00,0.00,0.23
2026-07-24,13614624623,CH-SC-广义新-10134479334759-新综合频道-钟表眼镜-京喜拉新-剪辑-转化引导-钟表眼镜-20260618-无-625-aigc-7,6.76,357,9,0.00,0.00,2.52
2026-07-24,13352561956,CH-SC-低活-10081585918372-超级抢购-家庭清洁纸品-无-剪辑-转化引导-家庭清洁纸品-20260521-无-625-9,6.47,352,188,6.47,1.00,53.41
2026-07-24,13916103586,CH-SC-广义新-10155000015319-新综合频道-厨具-京喜拉新-剪辑-转化引导-厨具-20260716-无-625-aigc-1,6.38,2648,5,0.00,0.00,0.19
2026-07-24,13918401522,信息流-小牛-车载支架-低活-代运营-福利价-0721-100091919404-深海货盘-625-aigc-14,6.17,1298,235,0.00,0.00,18.10
2026-07-24,13592311755,CH-SC-广义新-10139440032542-新综合频道-运动户外-京喜拉新-剪辑-转化引导-运动户外-20260616-无-625-aigc-17,6.01,1750,9,0.00,0.00,0.51
2026-07-24,13916402149,CH-SC-低活-10120093290551-超级抢购-纸品-无-剪辑-转化引导-纸品-20260715-无-625-aigc-2,5.94,716,43,0.00,0.00,6.01
2026-07-24,13799913889,CH-SC-广义新-10118706992345-新综合频道-纸品-京喜拉新-剪辑-转化引导-纸品-20260707-无-625-aigc-4,5.90,306,47,0.00,0.00,15.36
2026-07-24,13916115670,CH-SC-广义新-10155000015319-新综合频道-厨具-京喜拉新-剪辑-转化引导-厨具-20260716-无-625-aigc-5,5.89,638,10,0.00,0.00,1.57
2026-07-24,13776532381,CH-SC-广义新-10130866966155-新综合频道-服饰内衣-京喜拉新-剪辑-转化引导-服饰内衣-20260702-无-625-aigc-17,5.84,882,155,0.00,0.00,17.57
2026-07-24,13872652245,CH-SC-广义新-10136363822650 -新综合频道-纸品-京喜拉新-剪辑-转化引导-纸品-20260714-无-625-11,5.68,141,20,5.68,1.00,14.18
2026-07-24,13846398501,CH-SC-低活-10112643484929-超级抢购-手机通讯-无-剪辑-转化引导-手机通讯-20260708-无-625-aigc-3,5.63,362,11,0.00,0.00,3.04
2026-07-24,13904991175,CH-SC-广义新-10136363822650-新综合频道-家庭清洁-京喜拉新-剪辑-转化引导-家庭清洁-20260602-反向-625-2,5.55,366,51,0.00,0.00,13.93
2026-07-24,13916401971,CH-SC-低活-10120093290551-超级抢购-纸品-无-剪辑-转化引导-纸品-20260715-无-625-aigc-12,5.38,1330,33,0.00,0.00,2.48
2026-07-24,13776524108,CH-SC-广义新-10130866966155-新综合频道-服饰内衣-京喜拉新-剪辑-转化引导-服饰内衣-20260702-无-625-aigc-11,5.31,1191,55,0.00,0.00,4.62
2026-07-24,13815439536,CH-PRJ-采销项目-10227170510852-快手-本地生活-无-剪辑-转化引导-本地生活-20260710-无-625-12,5.29,86,67,0.00,0.00,77.91
2026-07-24,13939896569,CH-SC-广义新-10183880057418 -新综合频道-箱包皮具-京喜拉新-剪辑-转化引导-箱包皮具-20260717-无-625-aigc-3,4.92,722,48,0.00,0.00,6.65
2026-07-24,13673738697,CH-SC-低活-10166301474829-超级抢购加补-厨具-无-剪辑-转化引导-厨具-20260625-无-625-13,4.89,336,58,0.00,0.00,17.26
2026-07-24,13815431986,CH-PRJ-采销项目-10227170510852-快手-本地生活-无-剪辑-转化引导-本地生活-20260710-无-625-5,4.88,76,44,0.00,0.00,57.89
2026-07-24,13873243579,CH-SC-低活-10118706992345-超级抢购-纸品-无-剪辑-转化引导-纸品-20260710-无-625-aigc-11,4.77,1546,31,0.00,0.00,2.01
2026-07-24,13815443598,CH-PRJ-采销项目-10227170510852-快手-本地生活-无-剪辑-转化引导-本地生活-20260710-无-625-2,4.74,106,66,0.00,0.00,62.26
2026-07-24,13881547160,CH-SC-广义新-10102020339908 -新综合频道-数码-京喜拉新-剪辑-转化引导-数码-20260715-无-625-3,4.41,298,31,0.00,0.00,10.40
2026-07-24,13776518178,CH-SC-广义新-10130866966155-新综合频道-服饰内衣-京喜拉新-剪辑-转化引导-服饰内衣-20260702-无-625-aigc-4,4.35,710,66,4.35,1.00,9.30
2026-07-24,13815432816,CH-PRJ-采销项目-10227170510852-快手-本地生活-无-剪辑-转化引导-本地生活-20260710-无-625-4,4.32,97,72,0.00,0.00,74.23
2026-07-24,13776519951,CH-SC-广义新-10130866966155-新综合频道-服饰内衣-京喜拉新-剪辑-转化引导-服饰内衣-20260702-无-625-aigc-7,4.26,583,43,0.00,0.00,7.38
2026-07-24,13341768699,CH-SC-广义新-10219841541026-新综合频道-厨具-京喜拉新-剪辑-转化引导-厨具-20260520-反向-625-14,4.26,625,18,0.00,0.00,2.88
2026-07-24,13846316443,CH-SC-低活-10140917922437-超级抢购-家庭清洁-无-剪辑-转化引导-家庭清洁-20260708-无-625-aigc-16,4.04,318,50,0.00,0.00,15.72
2026-07-24,13799885673,CH-SC-广义新-10140493395931-新综合频道-厨房卫浴-京喜拉新-剪辑-转化引导-厨房卫浴-20260707-无-625-aigc-9,3.80,517,31,0.00,0.00,6.00
2026-07-24,13881548030,CH-SC-广义新-10102020339908 -新综合频道-数码-京喜拉新-剪辑-转化引导-数码-20260715-无-625-5,3.57,2211,24,0.00,0.00,1.09
2026-07-24,13918395181,信息流-小牛-车载支架-低活-代运营-福利价-0721-100091919404-深海货盘-625-aigc-3,3.51,520,110,0.00,0.00,21.15
2026-07-24,13939909961,CH-SC-广义新-10183880057418 -新综合频道-箱包皮具-京喜拉新-剪辑-转化引导-箱包皮具-20260717-无-625-aigc-13,3.45,1252,14,0.00,0.00,1.12
2026-07-24,13722919375,CH-SC-低活-10220560400432-超级抢购加补-生活日用-无-剪辑-转化引导-生活日用-20260629-无-625-aigc-5,3.43,52,5,0.00,0.00,9.62
2026-07-24,13846370672,CH-SC-低活-10112643484929-超级抢购-手机通讯-无-剪辑-转化引导-手机通讯-20260708-无-625-aigc-4,3.35,395,6,0.00,0.00,1.52
2026-07-24,13719129557,CH-SC-广义新-10130866966155-新综合频道-服饰内衣-京喜拉新-剪辑-转化引导-服饰内衣-20260629-无-625-aigc-8,3.24,659,64,0.00,0.00,9.71
2026-07-24,13939903179,CH-SC-广义新-10183880057418 -新综合频道-箱包皮具-京喜拉新-剪辑-转化引导-箱包皮具-20260717-无-625-aigc-8,3.21,1604,20,0.00,0.00,1.25
2026-07-24,13799781798,CH-SC-广义新-10155085148227-新综合频道-家用电器-京喜拉新-剪辑-转化引导-家用电器-20260707-反向-625-aigc-16,3.21,275,78,0.00,0.00,28.36
2026-07-24,13486880647,CH-SC-广义新-无-新10元话费券-10元话费券-京喜拉新-剪辑-转化引导-10元话费券-20260605-无-625-21,3.14,295,50,0.00,0.00,16.95
2026-07-24,13799758725,CH-SC-广义新-10157346551639-新综合频道-生鲜-京喜拉新-剪辑-转化引导-生鲜-20260706-无-625-12,2.93,1191,13,0.00,0.00,1.09
2026-07-24,13799983282,CH-SC-广义新-10134479334759-新综合频道-钟表眼镜-京喜拉新-剪辑-转化引导-钟表眼镜-20260703-无-625-aigc-13,2.92,1670,4,0.00,0.00,0.24
2026-07-24,13939883991,CH-SC-广义新-10201862878352 -新综合频道-厨具-京喜拉新-剪辑-转化引导-厨具-20260717-无-625-aigc-12,2.86,1742,11,0.00,0.00,0.63
2026-07-24,13486890331,CH-SC-广义新-无-新10元话费券-10元话费券-京喜拉新-剪辑-转化引导-10元话费券-20260605-无-625-10,2.85,201,13,2.85,1.00,6.47
2026-07-24,13352560095,CH-SC-低活-10081585918372-超级抢购-家庭清洁纸品-无-剪辑-转化引导-家庭清洁纸品-20260521-无-625-36,2.79,2518,7,0.00,0.00,0.28
2026-07-24,13873172231,CH-SC-低活-10137455430983-超级抢购-纸品-无-剪辑-转化引导-纸品-20260709-无-625-aigc-1,2.69,223,25,0.00,0.00,11.21
2026-07-24,13939946153,CH-SC-广义新-10150604147722-新综合频道-箱包皮具-京喜拉新-剪辑-转化引导-箱包皮具-20260720-反向-625-10,2.57,534,94,0.00,0.00,17.60
2026-07-24,13873280184,CH-SC-低活-10081585918372-超级抢购-纸品-无-剪辑-转化引导-纸品-20260702-无-625-aigc-20,2.45,339,201,2.45,1.00,59.29
2026-07-24,13916301057,CH-SC-低活-10140917922437-超级抢购-家庭清洁-无-剪辑-转化引导-家庭清洁-20260715-无-625-aigc-8,2.40,239,27,0.00,0.00,11.30
2026-07-24,13722919113,CH-SC-低活-10220560400432-超级抢购加补-生活日用-无-剪辑-转化引导-生活日用-20260629-无-625-aigc-4,2.37,119,34,0.00,0.00,28.57
2026-07-24,13846375083,CH-SC-低活-10112643484929-超级抢购-手机通讯-无-剪辑-转化引导-手机通讯-20260708-无-625-aigc-6,2.34,333,7,0.00,0.00,2.10
2026-07-24,13916295481,CH-SC-低活-10130886489325-超级抢购-厨具-无-剪辑-转化引导-厨具-20260715-无-625-15,2.34,38,12,2.34,1.00,31.58
2026-07-24,13916300247,CH-SC-低活-10140917922437-超级抢购-家庭清洁-无-剪辑-转化引导-家庭清洁-20260715-无-625-aigc-6,2.28,259,28,0.00,0.00,10.81
2026-07-24,13592311598,CH-SC-广义新-10139440032542-新综合频道-运动户外-京喜拉新-剪辑-转化引导-运动户外-20260616-无-625-aigc-16,2.27,492,2,0.00,0.00,0.41
2026-07-24,13836023523,CH-SC-低活-10081585918372-超级抢购-纸品-无-剪辑-转化引导-纸品-20260702-无-625-aigc-6,2.16,169,53,2.16,1.00,31.36
2026-07-24,13939929990,CH-SC-广义新-10115067968253-新综合频道-家用电器-京喜拉新-剪辑-转化引导-家用电器-20260720-无-625-aigc-16,2.13,82,24,0.00,0.00,29.27
2026-07-24,13873170399,CH-SC-低活-10137455430983-超级抢购-纸品-无-剪辑-转化引导-纸品-20260709-无-625-aigc-10,2.11,153,23,0.00,0.00,15.03
2026-07-24,13916102483,CH-SC-广义新-10184972523548-新综合频道-厨具-京喜拉新-剪辑-转化引导-厨具-20260716-反向-625-aigc-8,2.11,543,18,0.00,0.00,3.31
2026-07-24,13939910115,CH-SC-广义新-10183880057418 -新综合频道-箱包皮具-京喜拉新-剪辑-转化引导-箱包皮具-20260717-无-625-aigc-14,2.09,623,4,0.00,0.00,0.64
2026-07-24,13916489768,CH-SC-广义新-10040988734451-新10元话费券-无-无-剪辑-转化引导-无-20260715-无-625-11,2.06,184,44,0.00,0.00,23.91
2026-07-24,13940202736,CH-SC-低活-10200755904098-超级抢购-汽车用品-无-剪辑-转化引导-汽车用品-20260716-无-625-aigc-4,1.99,211,5,0.00,0.00,2.37
2026-07-24,13836043947,CH-SC-低活-10118706992345-超级抢购-纸品-无-剪辑-转化引导-纸品-20260702-无-625-aigc-4,1.99,696,28,0.00,0.00,4.02
2026-07-24,13559885026,CH-SC-广义新-10120132288166-新综合频道-运动户外-京喜拉新-剪辑-转化引导-运动户外-20260612-无-625-5,1.89,334,19,0.00,0.00,5.69
2026-07-24,13846411953,CH-SC-低活-10220560400432-超级抢购-生活日用-无-剪辑-转化引导-生活日用-20260708-无-625-aigc-21,1.86,20,0,0.00,0.00,0.00
2026-07-24,13603346672,CH-SC-广义新-10166301474829-新综合频道-厨具-京喜拉新-剪辑-转化引导-厨具-20260617-反向-625-aigc-12,1.85,195,27,0.00,0.00,13.85
2026-07-24,13846399385,CH-SC-低活-10081585918372-超级抢购-家庭清洁纸品-无-剪辑-转化引导-家庭清洁纸品-20260708-无-625-aigc-18,1.83,116,60,0.00,0.00,51.72
2026-07-24,13916105958,CH-SC-广义新-10184972523548-新综合频道-厨具-京喜拉新-剪辑-转化引导-厨具-20260716-反向-625-aigc-9,1.78,283,17,0.00,0.00,6.01
2026-07-24,13836054268,CH-SC-低活-10156776256916-超级抢购-珠宝首饰-无-剪辑-转化引导-珠宝首饰-20260703-无-625-aigc-6,1.73,219,24,0.00,0.00,10.96
2026-07-24,13614675657,CH-SC-低活-10143318867797-超级抢购5元-厨具-无-剪辑-转化引导-厨具-20260618-无-625-aigc-7,1.61,130,3,0.00,0.00,2.31
2026-07-24,13939907432,CH-SC-广义新-10183880057418 -新综合频道-箱包皮具-京喜拉新-剪辑-转化引导-箱包皮具-20260717-无-625-aigc-12,1.60,428,11,0.00,0.00,2.57
2026-07-24,13662915269,CH-SC-广义新-10223419649136-新综合频道-手机通讯-京喜拉新-剪辑-转化引导-手机通讯-20260624-反向-625-AIGC-2,1.58,31,1,0.00,0.00,3.23
2026-07-24,13846311562,CH-SC-低活-10140917922437-超级抢购-家庭清洁-无-剪辑-转化引导-家庭清洁-20260708-无-625-aigc-12,1.56,229,3,0.00,0.00,1.31
2026-07-24,13800018553,CH-SC-广义新-10040988734451-新10元话费券-无-无-剪辑-转化引导-无-20260629-无-625-2,1.53,212,21,0.00,0.00,9.91
2026-07-24,13486890259,CH-SC-广义新-无-新10元话费券-10元话费券-京喜拉新-剪辑-转化引导-10元话费券-20260605-无-625-11,1.47,126,58,1.47,1.00,46.03
2026-07-24,13846385439,CH-SC-低活-10112643484929-超级抢购-手机通讯-无-剪辑-转化引导-手机通讯-20260708-无-625-aigc-14,1.43,184,4,0.00,0.00,2.17
2026-07-24,13651816738,CH-SC-低活-10081585918372-超级抢购-家庭清洁纸品-无-剪辑-转化引导-家庭清洁纸品-20260623-无-625-aigc-21,1.42,242,48,0.00,0.00,19.83
2026-07-24,13873198936,CH-SC-低活-10140917922437-超级抢购-家庭清洁-无-剪辑-转化引导-家庭清洁-20260709-无-625-aigc-9,1.39,340,5,0.00,0.00,1.47
2026-07-24,13939952460,CH-SC-广义新-10115067968253-新综合频道-家用电器-京喜拉新-剪辑-转化引导-家用电器-20260720-无-625-aigc-5,1.39,200,66,0.00,0.00,33.00
2026-07-24,13872653271,CH-SC-广义新-10136363822650 -新综合频道-纸品-京喜拉新-剪辑-转化引导-纸品-20260714-无-625-2,1.32,405,4,0.00,0.00,0.99
2026-07-24,13592315087,CH-SC-广义新-10139440032542-新综合频道-运动户外-京喜拉新-剪辑-转化引导-运动户外-20260616-无-625-aigc-30,1.29,262,0,0.00,0.00,0.00
2026-07-24,13939884982,CH-SC-广义新-10201862878352 -新综合频道-厨具-京喜拉新-剪辑-转化引导-厨具-20260717-无-625-aigc-14,1.24,351,3,1.24,1.00,0.85
2026-07-24,13603320531,CH-SC-广义新-10118706992345-新综合频道-纸品-无-剪辑-转化引导-纸品-20260617-无-625-aigc-12,1.23,323,9,0.00,0.00,2.79
2026-07-24,13352554298,CH-SC-低活-10081585918372-超级抢购-家庭清洁纸品-无-剪辑-转化引导-家庭清洁纸品-20260521-无-625-11,1.22,137,4,0.00,0.00,2.92
2026-07-24,13916307253,CH-SC-低活-10215767576641-超级抢购-生鲜-无-剪辑-转化引导-生鲜-20260715-无-625-aigc-4,1.22,30,17,0.00,0.00,56.67
2026-07-24,13722920074,CH-SC-低活-10220560400432-超级抢购加补-生活日用-无-剪辑-转化引导-生活日用-20260629-无-625-aigc-8,1.22,52,19,0.00,0.00,36.54
2026-07-24,13352559849,CH-SC-低活-10081585918372-超级抢购-家庭清洁纸品-无-剪辑-转化引导-家庭清洁纸品-20260521-无-625-35,1.19,123,67,0.00,0.00,54.47
2026-07-24,13918400483,信息流-小牛-车载支架-低活-代运营-福利价-0721-100091919404-深海货盘-625-aigc-13,1.13,172,34,0.00,0.00,19.77
2026-07-24,13918402464,信息流-小牛-车载支架-低活-代运营-福利价-0721-100091919404-深海货盘-625-aigc-16,1.10,201,33,0.00,0.00,16.42
2026-07-24,13603339171,CH-SC-广义新-10166301474829-新综合频道-厨具-京喜拉新-剪辑-转化引导-厨具-20260617-反向-625-aigc-5,1.09,115,14,0.00,0.00,12.17
2026-07-24,13939901210,CH-SC-广义新-10183880057418 -新综合频道-箱包皮具-京喜拉新-剪辑-转化引导-箱包皮具-20260717-无-625-aigc-7,1.08,151,2,0.00,0.00,1.32
2026-07-24,13536545427,CH-SC-低活-10219841541026-超级抢购加补-厨具-无-剪辑-转化引导-厨具-20260610-无-625-aigc-4,1.07,26,0,0.00,0.00,0.00
2026-07-24,13916111070,CH-SC-广义新-10155000015319-新综合频道-厨具-京喜拉新-剪辑-转化引导-厨具-20260716-无-625-aigc-4,1.06,66,1,0.00,0.00,1.52
2026-07-24,13846012852,CH-SC-广义新-10140917922437-新综合频道-家庭清洁-京喜拉新-剪辑-转化引导-家庭清洁-20260710-无-625-aigc-7,1.05,95,37,0.00,0.00,38.95
2026-07-24,13916302351,CH-SC-低活-10140917922437-超级抢购-家庭清洁-无-剪辑-转化引导-家庭清洁-20260715-无-625-aigc-11,1.03,184,13,0.00,0.00,7.07
2026-07-24,13352554865,CH-SC-低活-10081585918372-超级抢购-家庭清洁纸品-无-剪辑-转化引导-家庭清洁纸品-20260521-无-625-14,1.01,56,28,0.00,0.00,50.00
2026-07-24,13836041295,CH-SC-低活-10118706992345-超级抢购-纸品-无-剪辑-转化引导-纸品-20260702-无-625-aigc-12,0.98,37,0,0.00,0.00,0.00
2026-07-24,13651810082,CH-SC-低活-10081585918372-超级抢购-家庭清洁纸品-无-剪辑-转化引导-家庭清洁纸品-20260623-无-625-aigc-7,0.98,66,34,0.00,0.00,51.52
2026-07-24,13846387962,CH-SC-低活-10112643484929-超级抢购-手机通讯-无-剪辑-转化引导-手机通讯-20260708-无-625-aigc-15,0.93,125,4,0.00,0.00,3.20
2026-07-24,13846337923,CH-SC-低活-10113209119177-超级抢购-电动车-无-剪辑-转化引导-电动车-20260708-无-625-5,0.92,25,0,0.00,0.00,0.00
2026-07-24,13939862679,CH-SC-广义新-10133471421086-新综合频道-箱包皮具-京喜拉新-剪辑-转化引导-箱包皮具-20260716-反向-625-8,0.91,59,11,0.00,0.00,18.64
2026-07-24,13939881536,CH-SC-广义新-10201862878352 -新综合频道-厨具-京喜拉新-剪辑-转化引导-厨具-20260717-无-625-aigc-10,0.90,222,3,0.00,0.00,1.35
2026-07-24,13614618075,CH-SC-广义新-10161130444375-新综合频道-农资园艺-京喜拉新-剪辑-转化引导-农资园艺-20260618-反向-625-aigc-10,0.89,193,1,0.00,0.00,0.52
2026-07-24,13940209770,CH-SC-低活-10200755904098-超级抢购-汽车用品-无-剪辑-转化引导-汽车用品-20260716-无-625-aigc-17,0.88,95,2,0.00,0.00,2.11
2026-07-24,13873210819,CH-SC-低活-10113209119177-超级抢购-电动车-无-剪辑-转化引导-电动车-20260709-无-625-3,0.86,57,14,0.00,0.00,24.56
2026-07-24,13836027051,CH-SC-低活-10118706992345-超级抢购-纸品-无-剪辑-转化引导-纸品-20260702-无-625-aigc-11,0.86,17,0,0.00,0.00,0.00
2026-07-24,13939877678,CH-SC-广义新-10201862878352 -新综合频道-厨具-京喜拉新-剪辑-转化引导-厨具-20260717-无-625-aigc-4,0.85,629,0,0.00,0.00,0.00
2026-07-24,13836018437,CH-SC-低活-10081585918372-超级抢购-纸品-无-剪辑-转化引导-纸品-20260702-无-625-aigc-7,0.84,148,87,0.00,0.00,58.78
2026-07-24,13836030932,CH-SC-低活-10223482211866-超级抢购-生活日用-无-剪辑-转化引导-生活日用-20260703-无-625-13,0.84,30,5,0.00,0.00,16.67
2026-07-24,13603360081,CH-SC-广义新-10166301474829-新综合频道-厨具-京喜拉新-剪辑-转化引导-厨具-20260617-反向-625-aigc-1,0.83,64,23,0.00,0.00,35.94
2026-07-24,13352557924,CH-SC-低活-10081585918372-超级抢购-家庭清洁纸品-无-剪辑-转化引导-家庭清洁纸品-20260521-无-625-26,0.83,79,38,0.00,0.00,48.10
2026-07-24,13881545800,CH-SC-广义新-10102020339908 -新综合频道-数码-京喜拉新-剪辑-转化引导-数码-20260715-无-625-9,0.83,273,15,0.00,0.00,5.49
2026-07-24,13352560749,CH-SC-低活-10081585918372-超级抢购-家庭清洁纸品-无-剪辑-转化引导-家庭清洁纸品-20260521-无-625-37,0.83,66,16,0.00,0.00,24.24
2026-07-24,13651778751,CH-SC-低活-10081585918372-超级抢购-家庭清洁纸品-无-剪辑-转化引导-家庭清洁纸品-20260623-无-625-aigc-2,0.83,43,17,0.00,0.00,39.53
2026-07-24,13776519630,CH-SC-广义新-10130866966155-新综合频道-服饰内衣-京喜拉新-剪辑-转化引导-服饰内衣-20260702-无-625-aigc-5,0.82,257,20,0.00,0.00,7.78
2026-07-24,13651816053,CH-SC-低活-10081585918372-超级抢购-家庭清洁纸品-无-剪辑-转化引导-家庭清洁纸品-20260623-无-625-aigc-18,0.82,124,38,0.00,0.00,30.65
2026-07-24,13916304807,CH-SC-低活-10140917922437-超级抢购-家庭清洁-无-剪辑-转化引导-家庭清洁-20260715-无-625-aigc-1,0.82,122,13,0.00,0.00,10.66
2026-07-24,13846406613,CH-SC-低活-10081585918372-超级抢购-家庭清洁纸品-无-剪辑-转化引导-家庭清洁纸品-20260708-无-625-aigc-16,0.79,24,11,0.00,0.00,45.83
2026-07-24,13836038066,CH-SC-低活-10223482211866-超级抢购-生活日用-无-剪辑-转化引导-生活日用-20260703-无-625-6,0.76,80,4,0.00,0.00,5.00
2026-07-24,13939881696,CH-SC-广义新-10201862878352 -新综合频道-厨具-京喜拉新-剪辑-转化引导-厨具-20260717-无-625-aigc-9,0.73,328,8,0.00,0.00,2.44
2026-07-24,13873193276,CH-SC-低活-10140917922437-超级抢购-家庭清洁-无-剪辑-转化引导-家庭清洁-20260709-无-625-aigc-4,0.73,167,2,0.00,0.00,1.20
2026-07-24,13939905194,CH-SC-广义新-10183880057418 -新综合频道-箱包皮具-京喜拉新-剪辑-转化引导-箱包皮具-20260717-无-625-aigc-10,0.73,150,1,0.00,0.00,0.67
2026-07-24,13614673056,CH-SC-低活-10143318867797-超级抢购5元-厨具-无-剪辑-转化引导-厨具-20260618-无-625-aigc-2,0.71,56,2,0.00,0.00,3.57
2026-07-24,13872650749,CH-SC-广义新-10136363822650 -新综合频道-纸品-京喜拉新-剪辑-转化引导-纸品-20260714-无-625-6,0.71,130,4,0.00,0.00,3.08
2026-07-24,13873255943,CH-SC-低活-10081585918372-超级抢购-纸品-无-剪辑-转化引导-纸品-20260702-无-625-aigc-27,0.70,145,69,0.00,0.00,47.59
2026-07-24,13916489653,CH-SC-广义新-10040988734451-新10元话费券-无-无-剪辑-转化引导-无-20260715-无-625-1,0.69,87,21,0.00,0.00,24.14
2026-07-24,13846319941,CH-SC-低活-10140917922437-超级抢购-家庭清洁-无-剪辑-转化引导-家庭清洁-20260708-无-625-aigc-2,0.69,236,3,0.00,0.00,1.27
2026-07-24,13746354197,CH-SC-低活-10112643484929-超级抢购加补-手机通讯-无-剪辑-转化引导-手机通讯-20260630-无-625-12,0.67,85,0,0.00,0.00,0.00
2026-07-24,13916303191,CH-SC-低活-10140917922437-超级抢购-家庭清洁-无-剪辑-转化引导-家庭清洁-20260715-无-625-aigc-13,0.67,147,3,0.00,0.00,2.04
2026-07-24,13776664970,CH-SC-广义新-10118706992345-新综合频道-纸品-京喜拉新-剪辑-转化引导-纸品-20260702-无-625-aigc-9,0.65,138,2,0.00,0.00,1.45
2026-07-24,13916304234,CH-SC-低活-10140917922437-超级抢购-家庭清洁-无-剪辑-转化引导-家庭清洁-20260715-无-625-aigc-16,0.63,138,13,0.00,0.00,9.42
2026-07-24,13799931656,CH-SC-广义新-10158258669630-新综合频道-居家布艺-京喜拉新-剪辑-转化引导-居家布艺-20260706-无-625-aigc-7,0.61,42,14,0.00,0.00,33.33
2026-07-24,13916489625,CH-SC-广义新-10040988734451-新10元话费券-无-无-剪辑-转化引导-无-20260715-无-625-4,0.60,75,4,0.00,0.00,5.33
2026-07-24,13939906647,CH-SC-广义新-10183880057418 -新综合频道-箱包皮具-京喜拉新-剪辑-转化引导-箱包皮具-20260717-无-625-aigc-5,0.59,422,0,0.00,0.00,0.00
2026-07-24,13352560732,CH-SC-低活-10081585918372-超级抢购-家庭清洁纸品-无-剪辑-转化引导-家庭清洁纸品-20260521-无-625-2,0.58,74,24,0.00,0.00,32.43
2026-07-24,13940214040,CH-SC-低活-10223570717754-超级抢购-生鲜-无-剪辑-转化引导-生鲜-20260716-无-625-aigc-9,0.58,31,3,0.00,0.00,9.68
2026-07-24,13939898143,CH-SC-广义新-10183880057418 -新综合频道-箱包皮具-京喜拉新-剪辑-转化引导-箱包皮具-20260717-无-625-aigc-4,0.58,190,6,0.00,0.00,3.16
2026-07-24,13799909221,CH-SC-广义新-10118706992345-新综合频道-纸品-京喜拉新-剪辑-转化引导-纸品-20260707-无-625-aigc-17,0.57,116,0,0.00,0.00,0.00
2026-07-24,13731657139,CH-SC-广义新-10103971298079-新综合频道-家具-京喜拉新-剪辑-转化引导-家具-20260630-反向-625-16,0.57,123,4,0.00,0.00,3.25
2026-07-24,13846312854,CH-SC-低活-10140917922437-超级抢购-家庭清洁-无-剪辑-转化引导-家庭清洁-20260708-无-625-aigc-13,0.56,190,4,0.00,0.00,2.11
2026-07-24,13352555432,CH-SC-低活-10081585918372-超级抢购-家庭清洁纸品-无-剪辑-转化引导-家庭清洁纸品-20260521-无-625-18,0.55,194,2,0.00,0.00,1.03
2026-07-24,13873211899,CH-SC-低活-10113209119177-超级抢购-电动车-无-剪辑-转化引导-电动车-20260709-无-625-4,0.54,46,7,0.00,0.00,15.22
2026-07-24,13873235824,CH-SC-低活-10184888743389-超级抢购-纸品-无-剪辑-转化引导-纸品-20260710-无-625-aigc-3,0.54,83,2,0.00,0.00,2.41
2026-07-24,13651774470,CH-SC-低活-10081585918372-超级抢购-家庭清洁纸品-无-剪辑-转化引导-家庭清洁纸品-20260623-无-625-aigc-24,0.54,98,20,0.00,0.00,20.41
2026-07-24,13746320691,CH-SC-低活-10139440032542-超级抢购5元-运动户外-无-剪辑-转化引导-运动户外-20260630-无-625-aigc-1,0.53,11,1,0.00,0.00,9.09
2026-07-24,13799928462,CH-SC-广义新-10158258669630-新综合频道-居家布艺-京喜拉新-剪辑-转化引导-居家布艺-20260706-无-625-aigc-3,0.53,28,12,0.00,0.00,42.86
2026-07-24,13684894906,CH-SC-低活-10113209119177-超级抢购-摩托车-无-剪辑-转化引导-摩托车-20260626-无-625-aigc-5,0.53,11,0,0.00,0.00,0.00
2026-07-24,13846310030,CH-SC-低活-10140917922437-超级抢购-家庭清洁-无-剪辑-转化引导-家庭清洁-20260708-无-625-aigc-11,0.52,139,2,0.00,0.00,1.44
2026-07-24,13939871021,CH-SC-广义新-10217878263924 -新综合频道-汽车用品-京喜拉新-剪辑-转化引导-汽车用品-20260717-无-625-8,0.52,9,0,0.00,0.00,0.00
2026-07-24,13836032434,CH-SC-低活-10223482211866-超级抢购-生活日用-无-剪辑-转化引导-生活日用-20260703-无-625-15,0.52,222,6,0.00,0.00,2.70
2026-07-24,13922159791,信息流-小牛-抽纸-京东主体-代运营-新人福利价-0721-100281253200-设计自选-625-aigc-20,0.52,47,3,0.00,0.00,6.38
2026-07-24,13939938577,CH-SC-广义新-10150604147722-新综合频道-箱包皮具-京喜拉新-剪辑-转化引导-箱包皮具-20260720-反向-625-9,0.51,217,36,0.00,0.00,16.59
2026-07-24,13614673729,CH-SC-低活-10143318867797-超级抢购5元-厨具-无-剪辑-转化引导-厨具-20260618-无-625-aigc-3,0.50,54,1,0.00,0.00,1.85
2026-07-24,13873191026,CH-SC-低活-10140917922437-超级抢购-家庭清洁-无-剪辑-转化引导-家庭清洁-20260709-无-625-aigc-2,0.50,21,2,0.00,0.00,9.52
2026-07-24,13651812729,CH-SC-低活-10081585918372-超级抢购-家庭清洁纸品-无-剪辑-转化引导-家庭清洁纸品-20260623-无-625-aigc-12,0.50,59,22,0.00,0.00,37.29
2026-07-24,13651811864,CH-SC-低活-10081585918372-超级抢购-家庭清洁纸品-无-剪辑-转化引导-家庭清洁纸品-20260623-无-625-aigc-10,0.50,48,23,0.00,0.00,47.92
2026-07-24,13799763117,CH-SC-广义新-10157346551639-新综合频道-生鲜-京喜拉新-剪辑-转化引导-生鲜-20260706-无-625-10,0.50,76,2,0.00,0.00,2.63
2026-07-24,13873279405,CH-SC-低活-10081585918372-超级抢购-纸品-无-剪辑-转化引导-纸品-20260702-无-625-aigc-18,0.49,85,14,0.00,0.00,16.47
2026-07-24,13603353242,CH-SC-广义新-10166301474829-新综合频道-厨具-京喜拉新-剪辑-转化引导-厨具-20260617-反向-625-aigc-21,0.49,78,10,0.00,0.00,12.82
2026-07-24,13836045401,CH-SC-低活-10118706992345-超级抢购-纸品-无-剪辑-转化引导-纸品-20260702-无-625-aigc-6,0.48,172,1,0.00,0.00,0.58
2026-07-24,13846400862,CH-SC-低活-10081585918372-超级抢购-家庭清洁纸品-无-剪辑-转化引导-家庭清洁纸品-20260708-无-625-aigc-2,0.47,55,32,0.00,0.00,58.18
2026-07-24,13940207072,CH-SC-低活-10200755904098-超级抢购-汽车用品-无-剪辑-转化引导-汽车用品-20260716-无-625-aigc-14,0.47,25,5,0.00,0.00,20.00
2026-07-24,13603354275,CH-SC-广义新-10166301474829-新综合频道-厨具-京喜拉新-剪辑-转化引导-厨具-20260617-反向-625-aigc-20,0.46,49,6,0.00,0.00,12.24
2026-07-24,13836023118,CH-SC-低活-10081585918372-超级抢购-纸品-无-剪辑-转化引导-纸品-20260702-无-625-aigc-4,0.45,16,4,0.00,0.00,25.00
2026-07-24,13916290716,CH-SC-低活-10130886489325-超级抢购-厨具-无-剪辑-转化引导-厨具-20260715-无-625-8,0.44,14,3,0.00,0.00,21.43
2026-07-24,13873232512,CH-SC-低活-10184888743389-超级抢购-纸品-无-剪辑-转化引导-纸品-20260710-无-625-aigc-11,0.44,55,2,0.00,0.00,3.64
2026-07-24,13846317793,CH-SC-低活-10140917922437-超级抢购-家庭清洁-无-剪辑-转化引导-家庭清洁-20260708-无-625-aigc-17,0.43,64,11,0.00,0.00,17.19
2026-07-24,13916302821,CH-SC-低活-10140917922437-超级抢购-家庭清洁-无-剪辑-转化引导-家庭清洁-20260715-无-625-aigc-12,0.43,101,4,0.00,0.00,3.96
2026-07-24,13873203758,CH-SC-低活-10140917922437-超级抢购-家庭清洁-无-剪辑-转化引导-家庭清洁-20260709-无-625-aigc-12,0.42,117,7,0.00,0.00,5.98
2026-07-24,13651882417,CH-SC-低活-10081585918372-超级抢购-家庭清洁纸品-无-剪辑-转化引导-家庭清洁纸品-20260623-无-625-aigc-4,0.41,49,11,0.00,0.00,22.45
2026-07-24,13916303997,CH-SC-低活-10140917922437-超级抢购-家庭清洁-无-剪辑-转化引导-家庭清洁-20260715-无-625-aigc-15,0.41,83,5,0.00,0.00,6.02
2026-07-24,13916302041,CH-SC-低活-10140917922437-超级抢购-家庭清洁-无-剪辑-转化引导-家庭清洁-20260715-无-625-aigc-10,0.39,91,11,0.00,0.00,12.09
2026-07-24,13918396672,信息流-小牛-车载支架-低活-代运营-福利价-0721-100091919404-深海货盘-625-aigc-8,0.39,59,19,0.00,0.00,32.20
2026-07-24,13940208505,CH-SC-低活-10200755904098-超级抢购-汽车用品-无-剪辑-转化引导-汽车用品-20260716-无-625-aigc-16,0.39,14,1,0.00,0.00,7.14
2026-07-24,13352562264,CH-SC-低活-10081585918372-超级抢购-家庭清洁纸品-无-剪辑-转化引导-家庭清洁纸品-20260521-无-625-8,0.39,39,1,0.00,0.00,2.56
2026-07-24,13835203321,CH-SC-广义新-10139440032542-新综合频道-运动户外-京喜拉新-剪辑-转化引导-运动户外-20260708-无-625-aigc-3,0.38,17,0,0.00,0.00,0.00
2026-07-24,13746334314,CH-SC-低活-10139440032542-超级抢购5元-运动户外-无-剪辑-转化引导-运动户外-20260630-无-625-aigc-11,0.38,16,0,0.00,0.00,0.00
2026-07-24,13614629156,CH-SC-广义新-10134479334759-新综合频道-钟表眼镜-京喜拉新-剪辑-转化引导-钟表眼镜-20260618-无-625-aigc-16,0.38,30,0,0.00,0.00,0.00
2026-07-24,13776633875,CH-SC-广义新-10177393646076-新综合频道-灯饰照明-京喜拉新-剪辑-转化引导-灯饰照明-20260702-反向-625-aigc-3,0.37,81,9,0.00,0.00,11.11
2026-07-24,13651811425,CH-SC-低活-10081585918372-超级抢购-家庭清洁纸品-无-剪辑-转化引导-家庭清洁纸品-20260623-无-625-aigc-9,0.37,20,5,0.00,0.00,25.00
2026-07-24,13352557402,CH-SC-低活-10081585918372-超级抢购-家庭清洁纸品-无-剪辑-转化引导-家庭清洁纸品-20260521-无-625-25,0.37,53,9,0.00,0.00,16.98
2026-07-24,13916488487,CH-SC-广义新-10040988734451-新10元话费券-无-无-剪辑-转化引导-无-20260715-无-625-23,0.37,21,11,0.00,0.00,52.38
2026-07-24,13916310502,CH-SC-低活-10215767576641-超级抢购-生鲜-无-剪辑-转化引导-生鲜-20260715-无-625-aigc-12,0.36,207,18,0.00,0.00,8.70
2026-07-24,13799972803,CH-SC-广义新-10139440032542-新综合频道-运动户外-京喜拉新-剪辑-转化引导-运动户外-20260703-无-625-aigc-17,0.36,23,2,0.00,0.00,8.70
2026-07-24,13873280201,CH-SC-低活-10081585918372-超级抢购-纸品-无-剪辑-转化引导-纸品-20260702-无-625-aigc-19,0.35,15,3,0.00,0.00,20.00
2026-07-24,13846346637,CH-SC-低活-10113209119177-超级抢购-电动车-无-剪辑-转化引导-电动车-20260708-无-625-12,0.35,15,0,0.00,0.00,0.00
2026-07-24,13916297836,CH-SC-低活-10130886489325-超级抢购-厨具-无-剪辑-转化引导-厨具-20260715-无-625-19,0.35,208,0,0.00,0.00,0.00
2026-07-24,13940212738,CH-SC-低活-10223570717754-超级抢购-生鲜-无-剪辑-转化引导-生鲜-20260716-无-625-aigc-6,0.35,21,3,0.00,0.00,14.29
2026-07-24,13603353487,CH-SC-广义新-10166301474829-新综合频道-厨具-京喜拉新-剪辑-转化引导-厨具-20260617-反向-625-aigc-19,0.35,26,9,0.00,0.00,34.62
2026-07-24,13471070253,CH-SC-广义新-10136363822650-新综合频道-家庭清洁-京喜拉新-剪辑-转化引导-家庭清洁-20260602-反向-625-aigc-6,0.34,11,1,0.00,0.00,9.09
2026-07-24,13881548536,CH-SC-广义新-10177393646076-新综合频道-灯饰照明-京喜拉新-剪辑-转化引导-灯饰照明-20260715-无-625-2,0.33,30,7,0.00,0.00,23.33
2026-07-24,13846401745,CH-SC-低活-10081585918372-超级抢购-家庭清洁纸品-无-剪辑-转化引导-家庭清洁纸品-20260708-无-625-aigc-3,0.33,15,8,0.00,0.00,53.33
2026-07-24,13941338945,信息流-小牛-手机支架-三方主体-代运营-新人福利价-0723-10139440032542 -设计自选-625-12,0.33,45,0,0.00,0.00,0.00
2026-07-24,13940208790,CH-SC-低活-10200755904098-超级抢购-汽车用品-无-剪辑-转化引导-汽车用品-20260716-无-625-aigc-15,0.33,239,0,0.00,0.00,0.00
2026-07-24,13872651762,CH-SC-广义新-10136363822650 -新综合频道-纸品-京喜拉新-剪辑-转化引导-纸品-20260714-无-625-8,0.33,89,0,0.00,0.00,0.00
2026-07-24,13836030665,CH-SC-低活-10223482211866-超级抢购-生活日用-无-剪辑-转化引导-生活日用-20260703-无-625-8,0.32,15,1,0.00,0.00,6.67
2026-07-24,13836029161,CH-SC-低活-10223482211866-超级抢购-生活日用-无-剪辑-转化引导-生活日用-20260703-无-625-10,0.32,114,2,0.00,0.00,1.75
2026-07-24,13922155218,信息流-小牛-抽纸-京东主体-代运营-新人福利价-0721-100281253200-设计自选-625-aigc-7,0.32,10,0,0.00,0.00,0.00
2026-07-24,13836046661,CH-SC-低活-10118706992345-超级抢购-纸品-无-剪辑-转化引导-纸品-20260702-无-625-aigc-7,0.32,166,3,0.00,0.00,1.81
2026-07-24,13776521705,CH-SC-广义新-10130866966155-新综合频道-服饰内衣-京喜拉新-剪辑-转化引导-服饰内衣-20260702-无-625-aigc-9,0.32,114,23,0.00,0.00,20.18
2026-07-24,13352561533,CH-SC-低活-10081585918372-超级抢购-家庭清洁纸品-无-剪辑-转化引导-家庭清洁纸品-20260521-无-625-4,0.32,33,5,0.00,0.00,15.15
2026-07-24,13939954099,CH-SC-广义新-10115067968253-新综合频道-家用电器-京喜拉新-剪辑-转化引导-家用电器-20260720-无-625-aigc-22,0.31,45,19,0.00,0.00,42.22
2026-07-24,13946571473,信息流-小牛-电煮锅-京东主体-代运营-新人福利价-0723-10125368295124-设计自选-625-aigc-2,0.31,31,3,0.00,0.00,9.68
2026-07-24,13614680716,CH-SC-低活-10143318867797-超级抢购5元-厨具-无-剪辑-转化引导-厨具-20260618-无-625-aigc-1,0.30,46,2,0.00,0.00,4.35
2026-07-24,13397044023,CH-SC-广义新-10215767576641-新综合频道-生鲜-京喜拉新-剪辑-转化引导-生鲜-20260526-反向-625-aigc-8,0.29,40,10,0.00,0.00,25.00
2026-07-24,13916299436,CH-SC-低活-10140917922437-超级抢购-家庭清洁-无-剪辑-转化引导-家庭清洁-20260715-无-625-aigc-4,0.29,83,8,0.00,0.00,9.64
2026-07-24,13946589828,信息流-小牛-电煮锅-京东主体-代运营-新人福利价-0723-10125368295124-设计自选-625-aigc-8,0.29,20,0,0.00,0.00,0.00
2026-07-24,13846389890,CH-SC-低活-10112643484929-超级抢购-手机通讯-无-剪辑-转化引导-手机通讯-20260708-无-625-aigc-17,0.29,41,0,0.00,0.00,0.00
2026-07-24,13940213199,CH-SC-低活-10223570717754-超级抢购-生鲜-无-剪辑-转化引导-生鲜-20260716-无-625-aigc-7,0.27,25,0,0.00,0.00,0.00
2026-07-24,13916488423,CH-SC-广义新-10040988734451-新10元话费券-无-无-剪辑-转化引导-无-20260715-无-625-18,0.27,5,0,0.00,0.00,0.00
2026-07-24,13746347679,CH-SC-低活-10219841541026-超级抢购加补-厨具-无-剪辑-转化引导-厨具-20260630-无-625-aigc-8,0.27,96,4,0.00,0.00,4.17
2026-07-24,13916494785,CH-SC-广义新-10040988734451-新10元话费券-无-无-剪辑-转化引导-无-20260715-无-625-14,0.27,22,3,0.00,0.00,13.64
2026-07-24,13799839275,CH-SC-广义新-10183335983500-新综合频道-厨具-京喜拉新-剪辑-转化引导-厨具-20260707-无-625-aigc-12,0.26,8,1,0.00,0.00,12.50
2026-07-24,13916301575,CH-SC-低活-10140917922437-超级抢购-家庭清洁-无-剪辑-转化引导-家庭清洁-20260715-无-625-aigc-9,0.26,36,8,0.00,0.00,22.22
2026-07-24,13939949978,CH-SC-广义新-10115067968253-新综合频道-家用电器-京喜拉新-剪辑-转化引导-家用电器-20260720-无-625-aigc-12,0.25,17,4,0.00,0.00,23.53
2026-07-24,13746324684,CH-SC-低活-10139440032542-超级抢购5元-运动户外-无-剪辑-转化引导-运动户外-20260630-无-625-aigc-5,0.25,18,0,0.00,0.00,0.00
2026-07-24,13939879486,CH-SC-广义新-10201862878352 -新综合频道-厨具-京喜拉新-剪辑-转化引导-厨具-20260717-无-625-aigc-7,0.25,210,3,0.00,0.00,1.43
2026-07-24,13873215737,CH-SC-低活-10113209119177-超级抢购-电动车-无-剪辑-转化引导-电动车-20260709-无-625-8,0.24,11,1,0.00,0.00,9.09
2026-07-24,13603318244,CH-SC-广义新-10118706992345-新综合频道-纸品-无-剪辑-转化引导-纸品-20260617-无-625-aigc-11,0.24,76,4,0.00,0.00,5.26
2026-07-24,13341769458,CH-SC-广义新-10219841541026-新综合频道-厨具-京喜拉新-剪辑-转化引导-厨具-20260520-反向-625-15,0.24,113,4,0.00,0.00,3.54
2026-07-24,13940217406,CH-SC-低活-10223570717754-超级抢购-生鲜-无-剪辑-转化引导-生鲜-20260716-无-625-aigc-1,0.22,22,1,0.00,0.00,4.55
2026-07-24,13352599079,CH-SC-低活-10156923061370-超级抢购5元-数码-无-剪辑-转化引导-数码-20260521-无-625-1,0.22,21,1,0.00,0.00,4.76
2026-07-24,13592313363,CH-SC-广义新-10139440032542-新综合频道-运动户外-京喜拉新-剪辑-转化引导-运动户外-20260616-无-625-aigc-24,0.21,60,0,0.00,0.00,0.00
2026-07-24,13873234235,CH-SC-低活-10184888743389-超级抢购-纸品-无-剪辑-转化引导-纸品-20260710-无-625-aigc-1,0.21,32,4,0.00,0.00,12.50
2026-07-24,13916308362,CH-SC-低活-10215767576641-超级抢购-生鲜-无-剪辑-转化引导-生鲜-20260715-无-625-aigc-6,0.21,23,4,0.00,0.00,17.39
2026-07-24,13846403583,CH-SC-低活-10081585918372-超级抢购-家庭清洁纸品-无-剪辑-转化引导-家庭清洁纸品-20260708-无-625-aigc-14,0.21,31,19,0.00,0.00,61.29
2026-07-24,13421936745,CH-SC-广义新-10155085148227-新综合频道-家用电器-京喜拉新-剪辑-转化引导-家用电器-20260528-无-625-20,0.20,71,2,0.00,0.00,2.82
2026-07-24,13957201211,信息流-小牛-无骨鸡爪-三方主体-代运营-新人福利价-0724-10181243448351-大盘扒改-625-10,0.20,25,1,0.00,0.00,4.00
2026-07-24,13845990761,CH-SC-广义新-10120961944861-新综合频道-运动户外 -京喜拉新-剪辑-转化引导-运动户外 -20260710-无-625-aigc-2,0.19,183,2,0.00,0.00,1.09
2026-07-24,13939939621,CH-SC-广义新-10150604147722-新综合频道-箱包皮具-京喜拉新-剪辑-转化引导-箱包皮具-20260720-反向-625-12,0.19,200,34,0.00,0.00,17.00
2026-07-24,13662932518,CH-SC-广义新-10223419649136-新综合频道-手机通讯-京喜拉新-剪辑-转化引导-手机通讯-20260624-反向-625-AIGC-12,0.19,5,0,0.00,0.00,0.00
2026-07-24,13835193716,CH-SC-广义新-10109170972947-新综合频道-钟表眼镜-京喜拉新-剪辑-转化引导-钟表眼镜-20260708-无-625-aigc-5,0.19,3,0,0.00,0.00,0.00
2026-07-24,13836036407,CH-SC-低活-10223482211866-超级抢购-生活日用-无-剪辑-转化引导-生活日用-20260703-无-625-4,0.19,69,0,0.00,0.00,0.00
2026-07-24,13939939358,CH-SC-广义新-10150604147722-新综合频道-箱包皮具-京喜拉新-剪辑-转化引导-箱包皮具-20260720-反向-625-11,0.19,206,28,0.00,0.00,13.59
2026-07-24,13799869550,CH-SC-广义新-10140493395931-新综合频道-厨房卫浴-京喜拉新-剪辑-转化引导-厨房卫浴-20260707-无-625-aigc-14,0.19,18,0,0.00,0.00,0.00
2026-07-24,13836034892,CH-SC-低活-10223482211866-超级抢购-生活日用-无-剪辑-转化引导-生活日用-20260703-无-625-1,0.18,67,2,0.00,0.00,2.99
2026-07-24,13846400502,CH-SC-低活-10081585918372-超级抢购-家庭清洁纸品-无-剪辑-转化引导-家庭清洁纸品-20260708-无-625-aigc-23,0.18,20,14,0.00,0.00,70.00
2026-07-24,13939886933,CH-SC-广义新-10201862878352 -新综合频道-厨具-京喜拉新-剪辑-转化引导-厨具-20260717-无-625-aigc-15,0.18,15,2,0.00,0.00,13.33
2026-07-24,13916109786,CH-SC-广义新-10155000015319-新综合频道-厨具-京喜拉新-剪辑-转化引导-厨具-20260716-无-625-aigc-2,0.18,9,1,0.00,0.00,11.11
2026-07-24,13939871842,CH-SC-广义新-10217878263924 -新综合频道-汽车用品-京喜拉新-剪辑-转化引导-汽车用品-20260717-无-625-12,0.17,7,3,0.00,0.00,42.86
2026-07-24,13651815416,CH-SC-低活-10081585918372-超级抢购-家庭清洁纸品-无-剪辑-转化引导-家庭清洁纸品-20260623-无-625-aigc-16,0.17,27,6,0.00,0.00,22.22
2026-07-24,13846314592,CH-SC-低活-10140917922437-超级抢购-家庭清洁-无-剪辑-转化引导-家庭清洁-20260708-无-625-aigc-15,0.16,58,1,0.00,0.00,1.72
2026-07-24,13873260691,CH-SC-低活-10081585918372-超级抢购-纸品-无-剪辑-转化引导-纸品-20260702-无-625-aigc-1,0.16,35,10,0.00,0.00,28.57
2026-07-24,13946594215,信息流-小牛-电煮锅-京东主体-代运营-新人福利价-0723-10125368295124-设计自选-625-aigc-10,0.16,3,0,0.00,0.00,0.00
2026-07-24,13799925653,CH-SC-广义新-10158258669630-新综合频道-居家布艺-京喜拉新-剪辑-转化引导-居家布艺-20260706-无-625-aigc-11,0.16,46,1,0.00,0.00,2.17
2026-07-24,13872651072,CH-SC-广义新-10136363822650 -新综合频道-纸品-京喜拉新-剪辑-转化引导-纸品-20260714-无-625-7,0.16,77,1,0.00,0.00,1.30
2026-07-24,13614624762,CH-SC-广义新-10134479334759-新综合频道-钟表眼镜-京喜拉新-剪辑-转化引导-钟表眼镜-20260618-无-625-aigc-5,0.16,28,0,0.00,0.00,0.00
2026-07-24,13845997471,CH-SC-广义新-10120961944861-新综合频道-运动户外 -京喜拉新-剪辑-转化引导-运动户外 -20260710-无-625-aigc-7,0.16,10,0,0.00,0.00,0.00
2026-07-24,13846322912,CH-SC-低活-10140917922437-超级抢购-家庭清洁-无-剪辑-转化引导-家庭清洁-20260708-无-625-aigc-5,0.15,25,1,0.00,0.00,4.00
2026-07-24,13939937264,CH-SC-广义新-10150604147722-新综合频道-箱包皮具-京喜拉新-剪辑-转化引导-箱包皮具-20260720-反向-625-5,0.15,28,1,0.00,0.00,3.57
2026-07-24,13746354563,CH-SC-低活-10112643484929-超级抢购加补-手机通讯-无-剪辑-转化引导-手机通讯-20260630-无-625-1,0.15,10,0,0.00,0.00,0.00
2026-07-24,13873266928,CH-SC-低活-10081585918372-超级抢购-纸品-无-剪辑-转化引导-纸品-20260702-无-625-aigc-6,0.15,46,2,0.00,0.00,4.35
2026-07-24,13846385603,CH-SC-低活-10112643484929-超级抢购-手机通讯-无-剪辑-转化引导-手机通讯-20260708-无-625-aigc-13,0.15,8,0,0.00,0.00,0.00
2026-07-24,13939862856,CH-SC-广义新-10133471421086-新综合频道-箱包皮具-京喜拉新-剪辑-转化引导-箱包皮具-20260716-反向-625-10,0.15,5,0,0.00,0.00,0.00
2026-07-24,13559884894,CH-SC-广义新-10120132288166-新综合频道-运动户外-京喜拉新-剪辑-转化引导-运动户外-20260612-无-625-3,0.14,36,0,0.00,0.00,0.00
2026-07-24,13881443815,CH-SC-广义新-10161397805649 -新综合频道-服饰内衣-京喜拉新-剪辑-转化引导-服饰内衣-20260715-无-625-aigc-11,0.14,7,0,0.00,0.00,0.00
2026-07-24,13835204958,CH-SC-广义新-10139440032542-新综合频道-运动户外-京喜拉新-剪辑-转化引导-运动户外-20260708-无-625-aigc-6,0.14,9,2,0.00,0.00,22.22
2026-07-24,13836032425,CH-SC-低活-10223482211866-超级抢购-生活日用-无-剪辑-转化引导-生活日用-20260703-无-625-14,0.14,36,1,0.00,0.00,2.78
2026-07-24,13940211127,CH-SC-低活-10223570717754-超级抢购-生鲜-无-剪辑-转化引导-生鲜-20260716-无-625-aigc-2,0.14,8,0,0.00,0.00,0.00
2026-07-24,13651815762,CH-SC-低活-10081585918372-超级抢购-家庭清洁纸品-无-剪辑-转化引导-家庭清洁纸品-20260623-无-625-aigc-17,0.14,9,1,0.00,0.00,11.11
2026-07-24,13846306405,CH-SC-低活-10140917922437-超级抢购-家庭清洁-无-剪辑-转化引导-家庭清洁-20260708-无-625-aigc-8,0.14,7,1,0.00,0.00,14.29
2026-07-24,13939937851,CH-SC-广义新-10150604147722-新综合频道-箱包皮具-京喜拉新-剪辑-转化引导-箱包皮具-20260720-反向-625-7,0.14,84,18,0.00,0.00,21.43
2026-07-24,13799756880,CH-SC-广义新-10157346551639-新综合频道-生鲜-京喜拉新-剪辑-转化引导-生鲜-20260706-无-625-11,0.14,56,1,0.00,0.00,1.79
2026-07-24,13916290722,CH-SC-低活-10130886489325-超级抢购-厨具-无-剪辑-转化引导-厨具-20260715-无-625-7,0.13,7,6,0.00,0.00,85.71
2026-07-24,13776528725,CH-SC-广义新-10130866966155-新综合频道-服饰内衣-京喜拉新-剪辑-转化引导-服饰内衣-20260702-无-625-aigc-15,0.13,47,2,0.00,0.00,4.26
2026-07-24,13873261096,CH-SC-低活-10081585918372-超级抢购-纸品-无-剪辑-转化引导-纸品-20260702-无-625-aigc-2,0.13,48,13,0.00,0.00,27.08
2026-07-24,13746238139,CH-SC-低活-10172627929072-超级抢购-家装建材-无-剪辑-转化引导-家装建材-20260702-无-625-aigc-4,0.13,10,0,0.00,0.00,0.00
2026-07-24,13873197666,CH-SC-低活-10140917922437-超级抢购-家庭清洁-无-剪辑-转化引导-家庭清洁-20260709-无-625-aigc-7,0.12,7,1,0.00,0.00,14.29
2026-07-24,13846394660,CH-SC-低活-10112643484929-超级抢购-手机通讯-无-剪辑-转化引导-手机通讯-20260708-无-625-aigc-20,0.12,40,2,0.00,0.00,5.00
2026-07-24,13845988965,CH-SC-广义新-10120961944861-新综合频道-运动户外 -京喜拉新-剪辑-转化引导-运动户外 -20260710-无-625-aigc-11,0.12,37,1,0.00,0.00,2.70
2026-07-24,13352560417,CH-SC-低活-10081585918372-超级抢购-家庭清洁纸品-无-剪辑-转化引导-家庭清洁纸品-20260521-无-625-1,0.12,12,5,0.00,0.00,41.67
2026-07-24,13881437263,CH-SC-广义新-10161397805649 -新综合频道-服饰内衣-京喜拉新-剪辑-转化引导-服饰内衣-20260715-无-625-aigc-10,0.12,5,1,0.00,0.00,20.00
2026-07-24,13939895251,CH-SC-广义新-10201862878352 -新综合频道-厨具-京喜拉新-剪辑-转化引导-厨具-20260717-无-625-aigc-27,0.12,9,2,0.00,0.00,22.22
2026-07-24,13746319970,CH-SC-低活-10139440032542-超级抢购5元-运动户外-无-剪辑-转化引导-运动户外-20260630-无-625-aigc-12,0.12,5,0,0.00,0.00,0.00
2026-07-24,13846316876,CH-SC-低活-10140917922437-超级抢购-家庭清洁-无-剪辑-转化引导-家庭清洁-20260708-无-625-aigc-1,0.12,37,3,0.00,0.00,8.11
2026-07-24,13352561586,CH-SC-低活-10081585918372-超级抢购-家庭清洁纸品-无-剪辑-转化引导-家庭清洁纸品-20260521-无-625-5,0.11,39,4,0.00,0.00,10.26
2026-07-24,13939872806,CH-SC-广义新-10217878263924 -新综合频道-汽车用品-京喜拉新-剪辑-转化引导-汽车用品-20260717-无-625-15,0.11,32,0,0.00,0.00,0.00
2026-07-24,13836021758,CH-SC-低活-10081585918372-超级抢购-纸品-无-剪辑-转化引导-纸品-20260702-无-625-aigc-10,0.11,10,10,0.00,0.00,100.00
2026-07-24,13776646339,CH-SC-广义新-10118706992345-新综合频道-纸品-京喜拉新-剪辑-转化引导-纸品-20260702-无-625-aigc-4,0.11,16,0,0.00,0.00,0.00
2026-07-24,13836045031,CH-SC-低活-10118706992345-超级抢购-纸品-无-剪辑-转化引导-纸品-20260702-无-625-aigc-3,0.11,16,0,0.00,0.00,0.00
2026-07-24,13845971377,CH-SC-广义新-10156923061370-新综合频道-数码-京喜拉新-剪辑-转化引导-数码-20260710-无-625-4,0.11,147,3,0.00,0.00,2.04
2026-07-24,13922147929,信息流-小牛-百香果-京东主体-代运营-新人福利价-0721-10161286379662-深海货盘-625-aigc-11,0.11,42,2,0.00,0.00,4.76
2026-07-24,13873194156,CH-SC-低活-10140917922437-超级抢购-家庭清洁-无-剪辑-转化引导-家庭清洁-20260709-无-625-aigc-5,0.11,2,0,0.00,0.00,0.00
2026-07-24,13881432422,CH-SC-广义新-10161397805649 -新综合频道-服饰内衣-京喜拉新-剪辑-转化引导-服饰内衣-20260715-无-625-aigc-7,0.10,24,0,0.00,0.00,0.00
2026-07-24,13916491411,CH-SC-广义新-10040988734451-新10元话费券-无-无-剪辑-转化引导-无-20260715-无-625-9,0.10,3,2,0.00,0.00,66.67
2026-07-24,13846392308,CH-SC-低活-10112643484929-超级抢购-手机通讯-无-剪辑-转化引导-手机通讯-20260708-无-625-aigc-18,0.10,19,0,0.00,0.00,0.00
2026-07-24,13836035226,CH-SC-低活-10223482211866-超级抢购-生活日用-无-剪辑-转化引导-生活日用-20260703-无-625-2,0.10,16,1,0.00,0.00,6.25
2026-07-24,13592310330,CH-SC-广义新-10139440032542-新综合频道-运动户外-京喜拉新-剪辑-转化引导-运动户外-20260616-无-625-aigc-9,0.09,15,0,0.00,0.00,0.00
2026-07-24,13872650137,CH-SC-广义新-10136363822650 -新综合频道-纸品-京喜拉新-剪辑-转化引导-纸品-20260714-无-625-3,0.09,21,0,0.00,0.00,0.00
2026-07-24,13939876135,CH-SC-广义新-10201862878352 -新综合频道-厨具-京喜拉新-剪辑-转化引导-厨具-20260717-无-625-aigc-2,0.09,30,1,0.00,0.00,3.33
2026-07-24,13916293260,CH-SC-低活-10130886489325-超级抢购-厨具-无-剪辑-转化引导-厨具-20260715-无-625-12,0.09,9,0,0.00,0.00,0.00
2026-07-24,13940211488,CH-SC-低活-10223570717754-超级抢购-生鲜-无-剪辑-转化引导-生鲜-20260716-无-625-aigc-3,0.09,3,1,0.00,0.00,33.33
2026-07-24,13835201908,CH-SC-广义新-10139440032542-新综合频道-运动户外-京喜拉新-剪辑-转化引导-运动户外-20260708-无-625-aigc-14,0.09,8,0,0.00,0.00,0.00
2026-07-24,13873199145,CH-SC-低活-10140917922437-超级抢购-家庭清洁-无-剪辑-转化引导-家庭清洁-20260709-无-625-aigc-8,0.09,24,0,0.00,0.00,0.00
2026-07-24,13776504220,CH-SC-广义新-10143318867797-新综合频道-厨具-京喜拉新-剪辑-转化引导-厨具-20260702-反向-625-aigc-6,0.09,54,2,0.00,0.00,3.70
2026-07-24,13799914041,CH-SC-广义新-10118706992345-新综合频道-纸品-京喜拉新-剪辑-转化引导-纸品-20260707-无-625-aigc-1,0.09,21,0,0.00,0.00,0.00
2026-07-24,13352555838,CH-SC-低活-10081585918372-超级抢购-家庭清洁纸品-无-剪辑-转化引导-家庭清洁纸品-20260521-无-625-19,0.08,5,0,0.00,0.00,0.00
2026-07-24,13939942906,CH-SC-广义新-10115067968253-新综合频道-家用电器-京喜拉新-剪辑-转化引导-家用电器-20260720-无-625-aigc-10,0.08,10,2,0.00,0.00,20.00
2026-07-24,13799916307,CH-SC-广义新-10118706992345-新综合频道-纸品-京喜拉新-剪辑-转化引导-纸品-20260707-无-625-aigc-5,0.08,14,0,0.00,0.00,0.00
2026-07-24,13873284948,CH-SC-低活-10081585918372-超级抢购-纸品-无-剪辑-转化引导-纸品-20260702-无-625-aigc-25,0.08,20,3,0.00,0.00,15.00
2026-07-24,13662920826,CH-SC-广义新-10130866966155-新综合频道-服饰内衣-京喜拉新-剪辑-转化引导-服饰内衣-20260624-无-625-9,0.08,5,1,0.00,0.00,20.00
2026-07-24,13940210122,CH-SC-低活-10200755904098-超级抢购-汽车用品-无-剪辑-转化引导-汽车用品-20260716-无-625-aigc-1,0.08,6,1,0.00,0.00,16.67
2026-07-24,13603330697,CH-SC-广义新-10139440032542-新综合频道-运动户外-京喜拉新-剪辑-转化引导-运动户外-20260617-无-625-aigc8,0.08,4,0,0.00,0.00,0.00
2026-07-24,13746328293,CH-SC-低活-10139440032542-超级抢购5元-运动户外-无-剪辑-转化引导-运动户外-20260630-无-625-aigc-6,0.08,3,1,0.00,0.00,33.33
2026-07-24,13845984775,CH-SC-广义新-10120961944861-新综合频道-运动户外 -京喜拉新-剪辑-转化引导-运动户外 -20260710-无-625-aigc-9,0.07,3,0,0.00,0.00,0.00
2026-07-24,13940205742,CH-SC-低活-10200755904098-超级抢购-汽车用品-无-剪辑-转化引导-汽车用品-20260716-无-625-aigc-10,0.07,39,2,0.00,0.00,5.13
2026-07-24,13397056832,CH-SC-广义新-10219841541026-新综合频道-厨具-京喜拉新-剪辑-转化引导-厨具-20260526-反向-625-aigc-8,0.07,11,0,0.00,0.00,0.00
2026-07-24,13939888246,CH-SC-广义新-10201862878352 -新综合频道-厨具-京喜拉新-剪辑-转化引导-厨具-20260717-无-625-aigc-19,0.07,10,0,0.00,0.00,0.00
2026-07-24,13916099751,CH-SC-广义新-10184972523548-新综合频道-厨具-京喜拉新-剪辑-转化引导-厨具-20260716-反向-625-aigc-7,0.07,30,0,0.00,0.00,0.00
2026-07-24,13776523214,CH-SC-广义新-10130866966155-新综合频道-服饰内衣-京喜拉新-剪辑-转化引导-服饰内衣-20260702-无-625-aigc-10,0.07,10,0,0.00,0.00,0.00
2026-07-24,13835203418,CH-SC-广义新-10139440032542-新综合频道-运动户外-京喜拉新-剪辑-转化引导-运动户外-20260708-无-625-aigc-5,0.07,1,0,0.00,0.00,0.00
2026-07-24,13916097680,CH-SC-广义新-10147832788047-新综合频道-工业品-京喜拉新-剪辑-转化引导-工业品-20260716-反向-625-9,0.07,1,0,0.00,0.00,0.00
2026-07-24,13746328503,CH-SC-低活-10139440032542-超级抢购5元-运动户外-无-剪辑-转化引导-运动户外-20260630-无-625-aigc-7,0.07,5,0,0.00,0.00,0.00
2026-07-24,13939883126,CH-SC-广义新-10201862878352 -新综合频道-厨具-京喜拉新-剪辑-转化引导-厨具-20260717-无-625-aigc-11,0.07,48,0,0.00,0.00,0.00
2026-07-24,13916094018,CH-SC-广义新-10147832788047-新综合频道-工业品-京喜拉新-剪辑-转化引导-工业品-20260716-反向-625-3,0.07,1,0,0.00,0.00,0.00
2026-07-24,13946598338,信息流-小牛-电煮锅-京东主体-代运营-新人福利价-0723-10125368295124-设计自选-625-aigc-1,0.07,10,1,0.00,0.00,10.00
2026-07-24,13846011708,CH-SC-广义新-10140917922437-新综合频道-家庭清洁-京喜拉新-剪辑-转化引导-家庭清洁-20260710-无-625-aigc-4,0.07,22,10,0.00,0.00,45.45
2026-07-24,13939871506,CH-SC-广义新-10217878263924 -新综合频道-汽车用品-京喜拉新-剪辑-转化引导-汽车用品-20260717-无-625-11,0.06,5,1,0.00,0.00,20.00
2026-07-24,13916115157,CH-SC-广义新-10155000015319-新综合频道-厨具-京喜拉新-剪辑-转化引导-厨具-20260716-无-625-aigc-7,0.06,34,1,0.00,0.00,2.94
2026-07-24,13873272312,CH-SC-低活-10081585918372-超级抢购-纸品-无-剪辑-转化引导-纸品-20260702-无-625-aigc-11,0.06,3,2,0.00,0.00,66.67
2026-07-24,13397046708,CH-SC-广义新-10215767576641-新综合频道-生鲜-京喜拉新-剪辑-转化引导-生鲜-20260526-反向-625-aigc-4,0.06,23,0,0.00,0.00,0.00
2026-07-24,13939893853,CH-SC-广义新-10201862878352 -新综合频道-厨具-京喜拉新-剪辑-转化引导-厨具-20260717-无-625-aigc-26,0.06,40,0,0.00,0.00,0.00
2026-07-24,13939951180,CH-SC-广义新-10115067968253-新综合频道-家用电器-京喜拉新-剪辑-转化引导-家用电器-20260720-无-625-aigc-19,0.06,7,1,0.00,0.00,14.29
2026-07-24,13559885868,CH-SC-广义新-10120132288166-新综合频道-运动户外-京喜拉新-剪辑-转化引导-运动户外-20260612-无-625-7,0.06,22,0,0.00,0.00,0.00
2026-07-24,13940213927,CH-SC-低活-10223570717754-超级抢购-生鲜-无-剪辑-转化引导-生鲜-20260716-无-625-aigc-8,0.06,10,0,0.00,0.00,0.00
2026-07-24,13352558770,CH-SC-低活-10081585918372-超级抢购-家庭清洁纸品-无-剪辑-转化引导-家庭清洁纸品-20260521-无-625-27,0.06,9,2,0.00,0.00,22.22
2026-07-24,13860487513,CH-SC-广义新-10151951361734-新综合频道-箱包皮具-京喜拉新-剪辑-转化引导-箱包皮具-20260713-无-625-aigc-5,0.06,24,0,0.00,0.00,0.00
2026-07-24,13603369641,CH-SC-低活-10139440032542-超级抢购加补-运动户外-无-剪辑-转化引导-运动户外-20260617-无-625-aigc-15,0.05,12,0,0.00,0.00,0.00
2026-07-24,13846321758,CH-SC-低活-10140917922437-超级抢购-家庭清洁-无-剪辑-转化引导-家庭清洁-20260708-无-625-aigc-3,0.05,5,2,0.00,0.00,40.00
2026-07-24,13916495108,CH-SC-广义新-10040988734451-新10元话费券-无-无-剪辑-转化引导-无-20260715-无-625-7,0.05,11,0,0.00,0.00,0.00
2026-07-24,13662920782,CH-SC-广义新-10130866966155-新综合频道-服饰内衣-京喜拉新-剪辑-转化引导-服饰内衣-20260624-无-625-10,0.05,2,2,0.00,0.00,100.00
2026-07-24,13916299082,CH-SC-低活-10140917922437-超级抢购-家庭清洁-无-剪辑-转化引导-家庭清洁-20260715-无-625-aigc-3,0.05,19,0,0.00,0.00,0.00
2026-07-24,13836029597,CH-SC-低活-10223482211866-超级抢购-生活日用-无-剪辑-转化引导-生活日用-20260703-无-625-9,0.05,10,1,0.00,0.00,10.00
2026-07-24,13940216644,CH-SC-低活-10223570717754-超级抢购-生鲜-无-剪辑-转化引导-生鲜-20260716-无-625-aigc-4,0.05,60,4,0.00,0.00,6.67
2026-07-24,13746229355,CH-SC-低活-10172627929072-超级抢购-家装建材-无-剪辑-转化引导-家装建材-20260702-无-625-aigc-19,0.05,12,1,0.00,0.00,8.33
2026-07-24,13746324048,CH-SC-低活-10139440032542-超级抢购5元-运动户外-无-剪辑-转化引导-运动户外-20260630-无-625-aigc-4,0.05,2,0,0.00,0.00,0.00
2026-07-24,13881545653,CH-SC-广义新-10102020339908 -新综合频道-数码-京喜拉新-剪辑-转化引导-数码-20260715-无-625-1,0.05,21,1,0.00,0.00,4.76
2026-07-24,13846319643,CH-SC-低活-10140917922437-超级抢购-家庭清洁-无-剪辑-转化引导-家庭清洁-20260708-无-625-aigc-4,0.05,6,0,0.00,0.00,0.00
2026-07-24,13776607706,CH-SC-广义新-10177393646076-新综合频道-灯饰照明-京喜拉新-剪辑-转化引导-灯饰照明-20260702-反向-625-aigc-17,0.05,1,0,0.00,0.00,0.00
2026-07-24,13776673362,CH-SC-广义新-10118706992345-新综合频道-纸品-京喜拉新-剪辑-转化引导-纸品-20260702-无-625-aigc-12,0.05,2,2,0.00,0.00,100.00
2026-07-24,13731646677,CH-SC-广义新-10139440032542-新综合频道-运动户外-京喜拉新-剪辑-转化引导-运动户外-20260630-无-625-aigc-1,0.05,16,0,0.00,0.00,0.00
2026-07-24,13939875908,CH-SC-广义新-10133471421086-新综合频道-箱包皮具-京喜拉新-剪辑-转化引导-箱包皮具-20260716-反向-625-5,0.05,2,1,0.00,0.00,50.00
2026-07-24,13939886395,CH-SC-广义新-10201862878352 -新综合频道-厨具-京喜拉新-剪辑-转化引导-厨具-20260717-无-625-aigc-17,0.04,3,1,0.00,0.00,33.33
2026-07-24,13846433997,CH-SC-低活-10220560400432-超级抢购-生活日用-无-剪辑-转化引导-生活日用-20260708-无-625-aigc-16,0.04,7,0,0.00,0.00,0.00
2026-07-24,13940215081,CH-SC-低活-10223570717754-超级抢购-生鲜-无-剪辑-转化引导-生鲜-20260716-无-625-aigc-10,0.04,11,1,0.00,0.00,9.09
2026-07-24,13916091171,CH-SC-广义新-10184972523548-新综合频道-厨具-京喜拉新-剪辑-转化引导-厨具-20260716-反向-625-aigc-2,0.04,139,3,0.00,0.00,2.16
2026-07-24,13746320869,CH-SC-低活-10139440032542-超级抢购5元-运动户外-无-剪辑-转化引导-运动户外-20260630-无-625-aigc-2,0.04,5,0,0.00,0.00,0.00
2026-07-24,13939893033,CH-SC-广义新-10201862878352 -新综合频道-厨具-京喜拉新-剪辑-转化引导-厨具-20260717-无-625-aigc-25,0.04,7,0,0.00,0.00,0.00
2026-07-24,13835202290,CH-SC-广义新-10139440032542-新综合频道-运动户外-京喜拉新-剪辑-转化引导-运动户外-20260708-无-625-aigc-2,0.04,17,1,0.00,0.00,5.88
2026-07-24,13873231166,CH-SC-低活-10184888743389-超级抢购-纸品-无-剪辑-转化引导-纸品-20260710-无-625-aigc-10,0.04,23,1,0.00,0.00,4.35
2026-07-24,13603383686,CH-SC-低活-10217740550325-超级抢购加补-箱包皮具-无-剪辑-转化引导-箱包皮具-20260617-无-625-aigc-6,0.04,17,0,0.00,0.00,0.00
2026-07-24,13941337214,信息流-小牛-手机支架-三方主体-代运营-新人福利价-0723-10139440032542 -设计自选-625-8,0.04,3,0,0.00,0.00,0.00
2026-07-24,13614653147,CH-SC-低活-10147800266661-超级抢购加补-家庭清洁-无-剪辑-转化引导-家庭清洁-20260618-无-625-aigc-9,0.04,4,0,0.00,0.00,0.00
2026-07-24,13872652661,CH-SC-广义新-10136363822650 -新综合频道-纸品-京喜拉新-剪辑-转化引导-纸品-20260714-无-625-12,0.04,14,1,0.00,0.00,7.14
2026-07-24,13846389536,CH-SC-低活-10112643484929-超级抢购-手机通讯-无-剪辑-转化引导-手机通讯-20260708-无-625-aigc-16,0.04,7,0,0.00,0.00,0.00
2026-07-24,13873228266,CH-SC-低活-10184888743389-超级抢购-纸品-无-剪辑-转化引导-纸品-20260710-无-625-aigc-7,0.04,10,0,0.00,0.00,0.00
2026-07-24,13846010759,CH-SC-广义新-10140917922437-新综合频道-家庭清洁-京喜拉新-剪辑-转化引导-家庭清洁-20260710-无-625-aigc-2,0.04,6,0,0.00,0.00,0.00
2026-07-24,13939885702,CH-SC-广义新-10201862878352 -新综合频道-厨具-京喜拉新-剪辑-转化引导-厨具-20260717-无-625-aigc-16,0.04,3,0,0.00,0.00,0.00
2026-07-24,13397045005,CH-SC-广义新-10215767576641-新综合频道-生鲜-京喜拉新-剪辑-转化引导-生鲜-20260526-反向-625-aigc-10,0.04,13,0,0.00,0.00,0.00
2026-07-24,13916299517,CH-SC-低活-10140917922437-超级抢购-家庭清洁-无-剪辑-转化引导-家庭清洁-20260715-无-625-aigc-5,0.04,26,4,0.00,0.00,15.38
2026-07-24,13603387974,CH-SC-低活-10217740550325-超级抢购加补-箱包皮具-无-剪辑-转化引导-箱包皮具-20260617-无-625-aigc-10,0.04,3,0,0.00,0.00,0.00
2026-07-24,13939936576,CH-SC-广义新-10150604147722-新综合频道-箱包皮具-京喜拉新-剪辑-转化引导-箱包皮具-20260720-反向-625-3,0.04,17,2,0.00,0.00,11.76
2026-07-24,13939890093,CH-SC-广义新-10201862878352 -新综合频道-厨具-京喜拉新-剪辑-转化引导-厨具-20260717-无-625-aigc-22,0.03,16,0,0.00,0.00,0.00
2026-07-24,13873191576,CH-SC-低活-10140917922437-超级抢购-家庭清洁-无-剪辑-转化引导-家庭清洁-20260709-无-625-aigc-3,0.03,5,0,0.00,0.00,0.00
2026-07-24,13939933469,CH-SC-广义新-10115067968253-新综合频道-家用电器-京喜拉新-剪辑-转化引导-家用电器-20260720-无-625-aigc-3,0.03,8,0,0.00,0.00,0.00
2026-07-24,13916092866,CH-SC-广义新-10184972523548-新综合频道-厨具-京喜拉新-剪辑-转化引导-厨具-20260716-反向-625-aigc-3,0.03,8,1,0.00,0.00,12.50
2026-07-24,13916298236,CH-SC-低活-10130886489325-超级抢购-厨具-无-剪辑-转化引导-厨具-20260715-无-625-20,0.03,22,0,0.00,0.00,0.00
2026-07-24,13873245744,CH-SC-低活-10217740550325-超级抢购-箱包皮具-无-剪辑-转化引导-箱包皮具-20260713-无-625-aigc-8,0.03,11,0,0.00,0.00,0.00
2026-07-24,13799934599,CH-SC-广义新-10158258669630-新综合频道-居家布艺-京喜拉新-剪辑-转化引导-居家布艺-20260706-无-625-aigc-9,0.03,41,0,0.00,0.00,0.00
2026-07-24,13559881095,CH-SC-广义新-10219369508118-新综合频道-生鲜-京喜拉新-剪辑-转化引导-生鲜-20260612-反向-625-22,0.03,11,1,0.00,0.00,9.09
2026-07-24,13799926468,CH-SC-广义新-10158258669630-新综合频道-居家布艺-京喜拉新-剪辑-转化引导-居家布艺-20260706-无-625-aigc-12,0.03,40,0,0.00,0.00,0.00
2026-07-24,13846309120,CH-SC-低活-10140917922437-超级抢购-家庭清洁-无-剪辑-转化引导-家庭清洁-20260708-无-625-aigc-10,0.03,2,0,0.00,0.00,0.00
2026-07-24,13941341569,信息流-小牛-手机支架-三方主体-代运营-新人福利价-0723-10139440032542 -设计自选-625-4,0.03,2,0,0.00,0.00,0.00
2026-07-24,13873226100,CH-SC-低活-10184888743389-超级抢购-纸品-无-剪辑-转化引导-纸品-20260710-无-625-aigc-5,0.03,11,0,0.00,0.00,0.00
2026-07-24,13873274874,CH-SC-低活-10081585918372-超级抢购-纸品-无-剪辑-转化引导-纸品-20260702-无-625-aigc-13,0.03,1,0,0.00,0.00,0.00
2026-07-24,13746333921,CH-SC-低活-10139440032542-超级抢购5元-运动户外-无-剪辑-转化引导-运动户外-20260630-无-625-aigc-10,0.03,0,0,0.00,0.00,0.00
2026-07-24,13341766204,CH-SC-广义新-10219841541026-新综合频道-厨具-京喜拉新-剪辑-转化引导-厨具-20260520-反向-625-10,0.03,7,0,0.00,0.00,0.00
2026-07-24,13860589367,CH-SC-广义新-10215307938752-新综合频道-鞋靴-京喜拉新-剪辑-转化引导-鞋靴-20260713-反向-625-aigc-8,0.03,51,2,0.00,0.00,3.92
2026-07-24,13592236914,CH-SC-低活-10186710590960-超级抢购-生鲜-无-剪辑-转化引导-生鲜-20260616-无-625-4,0.03,1,0,0.00,0.00,0.00
2026-07-24,13776625426,CH-SC-广义新-10177393646076-新综合频道-灯饰照明-京喜拉新-剪辑-转化引导-灯饰照明-20260702-反向-625-aigc-24,0.03,5,4,0.00,0.00,80.00
2026-07-24,13872649671,CH-SC-广义新-10136363822650 -新综合频道-纸品-京喜拉新-剪辑-转化引导-纸品-20260714-无-625-4,0.03,12,0,0.00,0.00,0.00
2026-07-24,13918394595,信息流-小牛-车载支架-低活-代运营-福利价-0721-100091919404-深海货盘-625-aigc-4,0.02,4,0,0.00,0.00,0.00
2026-07-24,13352556952,CH-SC-低活-10081585918372-超级抢购-家庭清洁纸品-无-剪辑-转化引导-家庭清洁纸品-20260521-无-625-22,0.02,2,1,0.00,0.00,50.00
2026-07-24,13939888007,CH-SC-广义新-10201862878352 -新综合频道-厨具-京喜拉新-剪辑-转化引导-厨具-20260717-无-625-aigc-18,0.02,4,0,0.00,0.00,0.00
2026-07-24,13881435511,CH-SC-广义新-10161397805649 -新综合频道-服饰内衣-京喜拉新-剪辑-转化引导-服饰内衣-20260715-无-625-aigc-6,0.02,22,2,0.00,0.00,9.09
2026-07-24,13846012973,CH-SC-广义新-10140917922437-新综合频道-家庭清洁-京喜拉新-剪辑-转化引导-家庭清洁-20260710-无-625-aigc-5,0.02,16,0,0.00,0.00,0.00
2026-07-24,13939945592,CH-SC-广义新-10115067968253-新综合频道-家用电器-京喜拉新-剪辑-转化引导-家用电器-20260720-无-625-aigc-6,0.02,8,1,0.00,0.00,12.50
2026-07-24,13957194157,信息流-小牛-无骨鸡爪-三方主体-代运营-新人福利价-0724-10181243448351-大盘扒改-625-3,0.02,53,1,0.00,0.00,1.89
2026-07-24,13836019918,CH-SC-低活-10081585918372-超级抢购-纸品-无-剪辑-转化引导-纸品-20260702-无-625-aigc-2,0.02,3,0,0.00,0.00,0.00
2026-07-24,13835203618,CH-SC-广义新-10139440032542-新综合频道-运动户外-京喜拉新-剪辑-转化引导-运动户外-20260708-无-625-aigc-4,0.02,1,0,0.00,0.00,0.00
2026-07-24,13845986350,CH-SC-广义新-10120961944861-新综合频道-运动户外 -京喜拉新-剪辑-转化引导-运动户外 -20260710-无-625-aigc-8,0.02,11,0,0.00,0.00,0.00
2026-07-24,13846427213,CH-SC-低活-10220560400432-超级抢购-生活日用-无-剪辑-转化引导-生活日用-20260708-无-625-aigc-10,0.02,13,2,0.00,0.00,15.38
2026-07-24,13939884146,CH-SC-广义新-10201862878352 -新综合频道-厨具-京喜拉新-剪辑-转化引导-厨具-20260717-无-625-aigc-13,0.02,12,0,0.00,0.00,0.00
2026-07-24,13916306204,CH-SC-低活-10215767576641-超级抢购-生鲜-无-剪辑-转化引导-生鲜-20260715-无-625-aigc-5,0.02,10,0,0.00,0.00,0.00
2026-07-24,13776553842,CH-SC-广义新-10122158874402-新综合频道-箱包皮具-京喜拉新-剪辑-转化引导-箱包皮具-20260702-反向-625-aigc-10,0.02,28,0,0.00,0.00,0.00
2026-07-24,13746328313,CH-SC-低活-10139440032542-超级抢购5元-运动户外-无-剪辑-转化引导-运动户外-20260630-无-625-aigc-8,0.02,9,0,0.00,0.00,0.00
2026-07-24,13799930681,CH-SC-广义新-10158258669630-新综合频道-居家布艺-京喜拉新-剪辑-转化引导-居家布艺-20260706-无-625-aigc-4,0.02,11,0,0.00,0.00,0.00
2026-07-24,13799929388,CH-SC-广义新-10158258669630-新综合频道-居家布艺-京喜拉新-剪辑-转化引导-居家布艺-20260706-无-625-aigc-1,0.02,1,0,0.00,0.00,0.00
2026-07-24,13939872966,CH-SC-广义新-10217878263924 -新综合频道-汽车用品-京喜拉新-剪辑-转化引导-汽车用品-20260717-无-625-16,0.02,27,15,0.00,0.00,55.56
2026-07-24,13836036590,CH-SC-低活-10223482211866-超级抢购-生活日用-无-剪辑-转化引导-生活日用-20260703-无-625-5,0.02,24,2,0.00,0.00,8.33
2026-07-24,13799945643,CH-SC-广义新-10139440032542-新综合频道-运动户外-京喜拉新-剪辑-转化引导-运动户外-20260703-无-625-aigc-4,0.02,2,0,0.00,0.00,0.00
2026-07-24,13835197010,CH-SC-广义新-10139440032542-新综合频道-运动户外-京喜拉新-剪辑-转化引导-运动户外-20260708-无-625-aigc-8,0.02,2,0,0.00,0.00,0.00
2026-07-24,13873249245,CH-SC-低活-10217740550325-超级抢购-箱包皮具-无-剪辑-转化引导-箱包皮具-20260713-无-625-aigc-4,0.02,2,0,0.00,0.00,0.00
2026-07-24,13946589615,信息流-小牛-电煮锅-京东主体-代运营-新人福利价-0723-10125368295124-设计自选-625-aigc-7,0.02,6,1,0.00,0.00,16.67
2026-07-24,13846014179,CH-SC-广义新-10140917922437-新综合频道-家庭清洁-京喜拉新-剪辑-转化引导-家庭清洁-20260710-无-625-aigc-10,0.02,5,1,0.00,0.00,20.00
2026-07-24,13731661171,CH-SC-广义新-10103971298079-新综合频道-家具-京喜拉新-剪辑-转化引导-家具-20260630-反向-625-7,0.02,3,0,0.00,0.00,0.00
2026-07-24,13939892238,CH-SC-广义新-10201862878352 -新综合频道-厨具-京喜拉新-剪辑-转化引导-厨具-20260717-无-625-aigc-23,0.02,6,0,0.00,0.00,0.00
2026-07-24,13939880498,CH-SC-广义新-10201862878352 -新综合频道-厨具-京喜拉新-剪辑-转化引导-厨具-20260717-无-625-aigc-8,0.02,46,0,0.00,0.00,0.00
2026-07-24,13846392636,CH-SC-低活-10112643484929-超级抢购-手机通讯-无-剪辑-转化引导-手机通讯-20260708-无-625-aigc-19,0.02,7,0,0.00,0.00,0.00
2026-07-24,13916490717,CH-SC-广义新-10040988734451-新10元话费券-无-无-剪辑-转化引导-无-20260715-无-625-6,0.02,15,0,0.00,0.00,0.00
2026-07-24,13939870258,CH-SC-广义新-10217878263924 -新综合频道-汽车用品-京喜拉新-剪辑-转化引导-汽车用品-20260717-无-625-9,0.02,1,1,0.00,0.00,100.00
2026-07-24,13957197513,信息流-小牛-无骨鸡爪-三方主体-代运营-新人福利价-0724-10181243448351-大盘扒改-625-5,0.02,23,0,0.00,0.00,0.00
2026-07-24,13873263238,CH-SC-低活-10081585918372-超级抢购-纸品-无-剪辑-转化引导-纸品-20260702-无-625-aigc-3,0.02,15,0,0.00,0.00,0.00
2026-07-24,13846312909,CH-SC-低活-10140917922437-超级抢购-家庭清洁-无-剪辑-转化引导-家庭清洁-20260708-无-625-aigc-14,0.02,6,0,0.00,0.00,0.00
2026-07-24,13592312343,CH-SC-广义新-10139440032542-新综合频道-运动户外-京喜拉新-剪辑-转化引导-运动户外-20260616-无-625-aigc-20,0.02,2,0,0.00,0.00,0.00
2026-07-24,13940212351,CH-SC-低活-10223570717754-超级抢购-生鲜-无-剪辑-转化引导-生鲜-20260716-无-625-aigc-5,0.02,2,0,0.00,0.00,0.00
2026-07-24,13397044203,CH-SC-广义新-10215767576641-新综合频道-生鲜-京喜拉新-剪辑-转化引导-生鲜-20260526-反向-625-aigc-7,0.02,3,0,0.00,0.00,0.00
2026-07-24,13873264538,CH-SC-低活-10081585918372-超级抢购-纸品-无-剪辑-转化引导-纸品-20260702-无-625-aigc-5,0.02,4,4,0.00,0.00,100.00
2026-07-24,13846396417,CH-SC-低活-10112643484929-超级抢购-手机通讯-无-剪辑-转化引导-手机通讯-20260708-无-625-aigc-21,0.02,3,0,0.00,0.00,0.00
2026-07-24,13486888224,CH-SC-广义新-无-新10元话费券-10元话费券-京喜拉新-剪辑-转化引导-10元话费券-20260605-无-625-7,0.02,10,0,0.00,0.00,0.00
2026-07-24,13939936830,CH-SC-广义新-10150604147722-新综合频道-箱包皮具-京喜拉新-剪辑-转化引导-箱包皮具-20260720-反向-625-4,0.01,26,1,0.00,0.00,3.85
2026-07-24,13746300537,CH-SC-广义新-10136364012448-新综合频道-纸品-京喜拉新-剪辑-转化引导-纸品-20260701-无-625-aigc-2,0.01,21,3,0.00,0.00,14.29
2026-07-24,13722915761,CH-SC-低活-10156923061370-超级抢购加补-数码-无-剪辑-转化引导-数码-20260629-无-625-aigc-2,0.01,2,0,0.00,0.00,0.00
2026-07-24,13940188940,CH-SC-低活-10098882079537-超级抢购-厨具-无-剪辑-转化引导-厨具-20260716-无-625-aigc-3,0.01,1,0,0.00,0.00,0.00
2026-07-24,13860578738,CH-SC-广义新-10215307938752-新综合频道-鞋靴-京喜拉新-剪辑-转化引导-鞋靴-20260713-反向-625-aigc-2,0.01,11,0,0.00,0.00,0.00
2026-07-24,13352557487,CH-SC-低活-10081585918372-超级抢购-家庭清洁纸品-无-剪辑-转化引导-家庭清洁纸品-20260521-无-625-23,0.01,2,0,0.00,0.00,0.00
2026-07-24,13836040772,CH-SC-低活-10118706992345-超级抢购-纸品-无-剪辑-转化引导-纸品-20260702-无-625-aigc-1,0.01,2,0,0.00,0.00,0.00
2026-07-24,13922149943,信息流-小牛-百香果-京东主体-代运营-新人福利价-0721-10161286379662-深海货盘-625-aigc-12,0.01,10,0,0.00,0.00,0.00
2026-07-24,13939873421,CH-SC-广义新-10217878263924 -新综合频道-汽车用品-京喜拉新-剪辑-转化引导-汽车用品-20260717-无-625-17,0.01,5,0,0.00,0.00,0.00
2026-07-24,13939866711,CH-SC-广义新-10217878263924 -新综合频道-汽车用品-京喜拉新-剪辑-转化引导-汽车用品-20260717-无-625-5,0.01,1,0,0.00,0.00,0.00
2026-07-24,13916309960,CH-SC-低活-10215767576641-超级抢购-生鲜-无-剪辑-转化引导-生鲜-20260715-无-625-aigc-11,0.01,1,0,0.00,0.00,0.00
2026-07-24,13845967373,CH-SC-广义新-10156923061370-新综合频道-数码-京喜拉新-剪辑-转化引导-数码-20260710-无-625-3,0.01,45,1,0.00,0.00,2.22
2026-07-24,13922143747,信息流-小牛-百香果-京东主体-代运营-新人福利价-0721-10161286379662-深海货盘-625-aigc-7,0.01,16,0,0.00,0.00,0.00
2026-07-24,13722926601,CH-SC-低活-10118706992345-超级抢购加补-纸品-无-剪辑-转化引导-纸品-20260629-无-625-aigc-1,0.01,6,0,0.00,0.00,0.00
2026-07-24,13592314069,CH-SC-广义新-10139440032542-新综合频道-运动户外-京喜拉新-剪辑-转化引导-运动户外-20260616-无-625-aigc-27,0.01,2,0,0.00,0.00,0.00
2026-07-24,13776499056,CH-SC-广义新-10143318867797-新综合频道-厨具-京喜拉新-剪辑-转化引导-厨具-20260702-反向-625-aigc-17,0.01,4,0,0.00,0.00,0.00
2026-07-24,13799910774,CH-SC-广义新-10118706992345-新综合频道-纸品-京喜拉新-剪辑-转化引导-纸品-20260707-无-625-aigc-18,0.01,26,0,0.00,0.00,0.00
2026-07-24,13916491102,CH-SC-广义新-10040988734451-新10元话费券-无-无-剪辑-转化引导-无-20260715-无-625-8,0.01,2,0,0.00,0.00,0.00
2026-07-24,13846325426,CH-SC-低活-10113209119177-超级抢购-电动车-无-剪辑-转化引导-电动车-20260708-无-625-25,0.01,5,0,0.00,0.00,0.00
2026-07-24,13592310482,CH-SC-广义新-10139440032542-新综合频道-运动户外-京喜拉新-剪辑-转化引导-运动户外-20260616-无-625-aigc-11,0.01,4,0,0.00,0.00,0.00
2026-07-24,13860586602,CH-SC-广义新-10215307938752-新综合频道-鞋靴-京喜拉新-剪辑-转化引导-鞋靴-20260713-反向-625-aigc-7,0.01,12,1,0.00,0.00,8.33
2026-07-24,13873250654,CH-SC-低活-10217740550325-超级抢购-箱包皮具-无-剪辑-转化引导-箱包皮具-20260713-无-625-aigc-5,0.01,8,0,0.00,0.00,0.00
2026-07-24,13916309216,CH-SC-低活-10215767576641-超级抢购-生鲜-无-剪辑-转化引导-生鲜-20260715-无-625-aigc-9,0.01,2,1,0.00,0.00,50.00
2026-07-24,13352559589,CH-SC-低活-10081585918372-超级抢购-家庭清洁纸品-无-剪辑-转化引导-家庭清洁纸品-20260521-无-625-34,0.01,2,1,0.00,0.00,50.00
2026-07-24,13651816914,CH-SC-低活-10081585918372-超级抢购-家庭清洁纸品-无-剪辑-转化引导-家庭清洁纸品-20260623-无-625-aigc-19,0.01,2,0,0.00,0.00,0.00
2026-07-24,13916295071,CH-SC-低活-10130886489325-超级抢购-厨具-无-剪辑-转化引导-厨具-20260715-无-625-14,0.01,2,0,0.00,0.00,0.00
2026-07-24,13486881864,CH-SC-广义新-无-新10元话费券-10元话费券-京喜拉新-剪辑-转化引导-10元话费券-20260605-无-625-23,0.01,6,0,0.00,0.00,0.00
2026-07-24,13845974593,CH-SC-广义新-10156923061370-新综合频道-数码-京喜拉新-剪辑-转化引导-数码-20260710-无-625-8,0.01,31,1,0.00,0.00,3.23
2026-07-24,13776619971,CH-SC-广义新-10177393646076-新综合频道-灯饰照明-京喜拉新-剪辑-转化引导-灯饰照明-20260702-反向-625-aigc-21,0.01,14,1,0.00,0.00,7.14
2026-07-24,13407972249,CH-SC-广义新-10159656246030-新综合频道-电脑-京喜拉新-剪辑-转化引导-电脑-20260527-反向-625-aigc-11,0.01,2,0,0.00,0.00,0.00
2026-07-24,13486882744,CH-SC-广义新-无-新10元话费券-10元话费券-京喜拉新-剪辑-转化引导-10元话费券-20260605-无-625-27,0.01,5,0,0.00,0.00,0.00
2026-07-24,13846009424,CH-SC-广义新-10140917922437-新综合频道-家庭清洁-京喜拉新-剪辑-转化引导-家庭清洁-20260710-无-625-aigc-12,0.01,7,0,0.00,0.00,0.00
2026-07-24,13873237233,CH-SC-低活-10118706992345-超级抢购-纸品-无-剪辑-转化引导-纸品-20260710-无-625-aigc-1,0.01,1,0,0.00,0.00,0.00
2026-07-24,13352558043,CH-SC-低活-10081585918372-超级抢购-家庭清洁纸品-无-剪辑-转化引导-家庭清洁纸品-20260521-无-625-24,0.01,4,2,0.00,0.00,50.00
2026-07-24,13846417634,CH-SC-低活-10220560400432-超级抢购-生活日用-无-剪辑-转化引导-生活日用-20260708-无-625-aigc-4,0.01,16,1,0.00,0.00,6.25
2026-07-24,13836027012,CH-SC-低活-10118706992345-超级抢购-纸品-无-剪辑-转化引导-纸品-20260702-无-625-aigc-10,0.01,10,0,0.00,0.00,0.00
2026-07-24,13559885872,CH-SC-广义新-10120132288166-新综合频道-运动户外-京喜拉新-剪辑-转化引导-运动户外-20260612-无-625-8,0.01,5,0,0.00,0.00,0.00
2026-07-24,13603413096,CH-SC-低活-10172627929072-超级抢购加补-家装建材-无-剪辑-转化引导-家装建材-20260617-无-625-aigc-9,0.01,2,1,0.00,0.00,50.00
2026-07-24,13836049721,CH-SC-低活-10156776256916-超级抢购-珠宝首饰-无-剪辑-转化引导-珠宝首饰-20260703-无-625-aigc-9,0.01,40,3,0.00,0.00,7.50
2026-07-24,13846306026,CH-SC-低活-10140917922437-超级抢购-家庭清洁-无-剪辑-转化引导-家庭清洁-20260708-无-625-aigc-7,0.01,1,0,0.00,0.00,0.00
2026-07-24,13407975793,CH-SC-广义新-10159656246030-新综合频道-电脑-京喜拉新-剪辑-转化引导-电脑-20260527-反向-625-aigc-5,0.01,5,2,0.00,0.00,40.00
2026-07-24,13486889621,CH-SC-广义新-无-新10元话费券-10元话费券-京喜拉新-剪辑-转化引导-10元话费券-20260605-无-625-12,0.01,1,0,0.00,0.00,0.00
2026-07-24,13559886850,CH-SC-广义新-10120132288166-新综合频道-运动户外-京喜拉新-剪辑-转化引导-运动户外-20260612-无-625-10,0.01,9,0,0.00,0.00,0.00
2026-07-24,13776502221,CH-SC-广义新-10143318867797-新综合频道-厨具-京喜拉新-剪辑-转化引导-厨具-20260702-反向-625-aigc-5,0.01,23,1,0.00,0.00,4.35
2026-07-24,13922115435,信息流-小牛-百香果-京东主体-代运营-新人福利价-0721-10161286379662-深海货盘-625-aigc-17,0.01,12,4,0.00,0.00,33.33
2026-07-24,13916108983,CH-SC-广义新-10155000015319-新综合频道-厨具-京喜拉新-剪辑-转化引导-厨具-20260716-无-625-aigc-10,0.01,17,0,0.00,0.00,0.00
2026-07-24,13940189389,CH-SC-低活-10098882079537-超级抢购-厨具-无-剪辑-转化引导-厨具-20260716-无-625-aigc-4,0.01,1,1,0.00,0.00,100.00
2026-07-24,13916117935,CH-SC-广义新-10155000015319-新综合频道-厨具-京喜拉新-剪辑-转化引导-厨具-20260716-无-625-aigc-9,0.01,9,0,0.00,0.00,0.00
2026-07-24,13939871196,CH-SC-广义新-10217878263924 -新综合频道-汽车用品-京喜拉新-剪辑-转化引导-汽车用品-20260717-无-625-10,0.01,6,2,0.00,0.00,33.33
2026-07-24,13916292781,CH-SC-低活-10130886489325-超级抢购-厨具-无-剪辑-转化引导-厨具-20260715-无-625-10,0.01,3,1,0.00,0.00,33.33
2026-07-24,13916492356,CH-SC-广义新-10040988734451-新10元话费券-无-无-剪辑-转化引导-无-20260715-无-625-20,0.01,1,0,0.00,0.00,0.00
2026-07-24,13939867820,CH-SC-广义新-10217878263924 -新综合频道-汽车用品-京喜拉新-剪辑-转化引导-汽车用品-20260717-无-625-6,0.01,3,0,0.00,0.00,0.00
2026-07-24,13873240631,CH-SC-低活-10118706992345-超级抢购-纸品-无-剪辑-转化引导-纸品-20260710-无-625-aigc-5,0.01,6,0,0.00,0.00,0.00
2026-07-24,13860586003,CH-SC-广义新-10215307938752-新综合频道-鞋靴-京喜拉新-剪辑-转化引导-鞋靴-20260713-反向-625-aigc-4,0.01,2,0,0.00,0.00,0.00
2026-07-24,13845993937,CH-SC-广义新-10120961944861-新综合频道-运动户外 -京喜拉新-剪辑-转化引导-运动户外 -20260710-无-625-aigc-5,0.01,12,0,0.00,0.00,0.00
2026-07-24,13939936291,CH-SC-广义新-10150604147722-新综合频道-箱包皮具-京喜拉新-剪辑-转化引导-箱包皮具-20260720-反向-625-2,0.01,20,1,0.00,0.00,5.00
2026-07-24,13776518168,CH-SC-广义新-10130866966155-新综合频道-服饰内衣-京喜拉新-剪辑-转化引导-服饰内衣-20260702-无-625-aigc-3,0.01,7,0,0.00,0.00,0.00
2026-07-24,13873257564,CH-SC-低活-10081585918372-超级抢购-纸品-无-剪辑-转化引导-纸品-20260702-无-625-aigc-31,0.01,2,1,0.00,0.00,50.00
2026-07-24,13916487167,CH-SC-广义新-10040988734451-新10元话费券-无-无-剪辑-转化引导-无-20260715-无-625-19,0.01,1,0,0.00,0.00,0.00
2026-07-24,13846430246,CH-SC-低活-10220560400432-超级抢购-生活日用-无-剪辑-转化引导-生活日用-20260708-无-625-aigc-12,0.01,7,0,0.00,0.00,0.00
2026-07-24,13916311543,CH-SC-低活-10215767576641-超级抢购-生鲜-无-剪辑-转化引导-生鲜-20260715-无-625-aigc-2,0.01,6,0,0.00,0.00,0.00
2026-07-24,13776527810,CH-SC-广义新-10130866966155-新综合频道-服饰内衣-京喜拉新-剪辑-转化引导-服饰内衣-20260702-无-625-aigc-16,0.01,3,0,0.00,0.00,0.00
2026-07-24,13957197484,信息流-小牛-无骨鸡爪-三方主体-代运营-新人福利价-0724-10181243448351-大盘扒改-625-6,0.01,8,0,0.00,0.00,0.00
2026-07-24,13940193047,CH-SC-低活-10098882079537-超级抢购-厨具-无-剪辑-转化引导-厨具-20260716-无-625-aigc-5,0.01,1,1,0.00,0.00,100.00
2026-07-24,13547603927,CH-SC-低活-10140207411553-超级抢购加补-文教文化用品-无-剪辑-转化引导-文教文化用品-20260611-无-625-2,0.01,2,0,0.00,0.00,0.00
2026-07-24,13559888815,CH-SC-广义新-10139440032542-新综合频道-运动户外-京喜拉新-剪辑-转化引导-运动户外-20260612-无-625-9,0.01,8,0,0.00,0.00,0.00
2026-07-24,13746356251,CH-SC-低活-10112643484929-超级抢购加补-手机通讯-无-剪辑-转化引导-手机通讯-20260630-无-625-4,0.01,7,0,0.00,0.00,0.00
2026-07-24,13352562493,CH-SC-低活-10081585918372-超级抢购-家庭清洁纸品-无-剪辑-转化引导-家庭清洁纸品-20260521-无-625-10,0.01,4,1,0.00,0.00,25.00
2026-07-24,13846409972,CH-SC-低活-10220560400432-超级抢购-生活日用-无-剪辑-转化引导-生活日用-20260708-无-625-aigc-20,0.01,3,0,0.00,0.00,0.00
2026-07-24,13881546754,CH-SC-广义新-10102020339908 -新综合频道-数码-京喜拉新-剪辑-转化引导-数码-20260715-无-625-2,0.01,5,0,0.00,0.00,0.00
2026-07-24,13746318805,CH-SC-广义新-10136364012448-新综合频道-纸品-京喜拉新-剪辑-转化引导-纸品-20260701-无-625-aigc-15,0.01,6,0,0.00,0.00,0.00
2026-07-24,13407970309,CH-SC-广义新-10159656246030-新综合频道-电脑-京喜拉新-剪辑-转化引导-电脑-20260527-反向-625-aigc-9,0.01,5,0,0.00,0.00,0.00
2026-07-24,13941337060,信息流-小牛-手机支架-三方主体-代运营-新人福利价-0723-10139440032542 -设计自选-625-9,0.01,2,0,0.00,0.00,0.00
2026-07-24,13939877088,CH-SC-广义新-10201862878352 -新综合频道-厨具-京喜拉新-剪辑-转化引导-厨具-20260717-无-625-aigc-3,0.01,1,0,0.00,0.00,0.00
2026-07-24,13651774640,CH-SC-低活-10081585918372-超级抢购-家庭清洁纸品-无-剪辑-转化引导-家庭清洁纸品-20260623-无-625-aigc-1,0.01,2,0,0.00,0.00,0.00
2026-07-24,13846409286,CH-SC-低活-10220560400432-超级抢购-生活日用-无-剪辑-转化引导-生活日用-20260708-无-625-aigc-19,0.01,10,0,0.00,0.00,0.00
2026-07-24,13799952134,CH-SC-广义新-10139440032542-新综合频道-运动户外-京喜拉新-剪辑-转化引导-运动户外-20260703-无-625-aigc-6,0.01,8,0,0.00,0.00,0.00
2026-07-24,13603419701,CH-SC-低活-10172627929072-超级抢购加补-家装建材-无-剪辑-转化引导-家装建材-20260617-无-625-aigc-22,0.00,1,0,0.00,0.00,0.00
2026-07-24,13937224909,信息流-小牛-厨房挂件-京东主体-代运营-新人福利价-0722-10162320955134-本东爆品-625-9,0.00,1,0,0.00,0.00,0.00
2026-07-24,13799911408,CH-SC-广义新-10118706992345-新综合频道-纸品-京喜拉新-剪辑-转化引导-纸品-20260707-无-625-aigc-2,0.00,0,0,0.00,0.00,0.00
2026-07-24,13836049057,CH-SC-低活-10156776256916-超级抢购-珠宝首饰-无-剪辑-转化引导-珠宝首饰-20260703-无-625-aigc-10,0.00,10,0,0.00,0.00,0.00
2026-07-24,13860577782,CH-SC-广义新-10215307938752-新综合频道-鞋靴-京喜拉新-剪辑-转化引导-鞋靴-20260713-反向-625-aigc-10,0.00,9,0,0.00,0.00,0.00
2026-07-24,13939874677,CH-SC-广义新-10217878263924 -新综合频道-汽车用品-京喜拉新-剪辑-转化引导-汽车用品-20260717-无-625-1,0.00,0,0,0.00,0.00,0.00
2026-07-24,13913150249,信息流-小牛-刮水器-京东主体-代运营-新人1分钱-0720-10101434066164-历史爆品-625-2,0.00,1,0,0.00,0.00,0.00
2026-07-24,13684856672,CH-SC-广义新-无-新10元话费券-10元话费券-京喜拉新-剪辑-转化引导-10元话费券-20260626-无-625-1,0.00,0,0,0.00,0.00,0.00
2026-07-24,13471069395,CH-SC-广义新-10136363822650-新综合频道-家庭清洁-京喜拉新-剪辑-转化引导-家庭清洁-20260602-反向-625-aigc-4,0.00,0,0,0.00,0.00,0.00
2026-07-24,13776655433,CH-SC-广义新-10118706992345-新综合频道-纸品-京喜拉新-剪辑-转化引导-纸品-20260702-无-625-aigc-8,0.00,2,0,0.00,0.00,0.00
2026-07-24,13941343514,信息流-小牛-手机支架-三方主体-代运营-新人福利价-0723-10139440032542 -设计自选-625-7,0.00,1,0,0.00,0.00,0.00
2026-07-24,13651875619,CH-SC-广义新-10125368295124-新综合频道-家用电器-京喜拉新-剪辑-转化引导-家用电器-20260623-无-625-4,0.00,4,1,0.00,0.00,25.00
2026-07-24,13873281975,CH-SC-低活-10081585918372-超级抢购-纸品-无-剪辑-转化引导-纸品-20260702-无-625-aigc-21,0.00,0,0,0.00,0.00,0.00
2026-07-24,13916289426,CH-SC-低活-10130886489325-超级抢购-厨具-无-剪辑-转化引导-厨具-20260715-无-625-5,0.00,0,0,0.00,0.00,0.00
2026-07-24,13684905039,CH-SC-低活-10113209119177-超级抢购-摩托车-无-剪辑-转化引导-摩托车-20260626-无-625-aigc-16,0.00,1,0,0.00,0.00,0.00
2026-07-24,13746352353,CH-SC-低活-10112643484929-超级抢购加补-手机通讯-无-剪辑-转化引导-手机通讯-20260630-无-625-9,0.00,0,0,0.00,0.00,0.00
2026-07-24,13352559677,CH-SC-低活-10081585918372-超级抢购-家庭清洁纸品-无-剪辑-转化引导-家庭清洁纸品-20260521-无-625-32,0.00,0,0,0.00,0.00,0.00
2026-07-24,13882966739,CH-SC-低活-10093106199290-超级抢购-纸品-无-剪辑-转化引导-纸品-20260714-无-625-2,0.00,0,0,0.00,0.00,0.00
2026-07-24,13614628614,CH-SC-广义新-10134479334759-新综合频道-钟表眼镜-京喜拉新-剪辑-转化引导-钟表眼镜-20260618-无-625-aigc-15,0.00,2,0,0.00,0.00,0.00
2026-07-24,13846291002,CH-SC-低活-10162692688878-超级抢购-家用电器-无-剪辑-转化引导-家用电器-20260708-无-625-aigc-18,0.00,0,0,0.00,0.00,0.00
2026-07-24,13719129393,CH-SC-广义新-10130866966155-新综合频道-服饰内衣-京喜拉新-剪辑-转化引导-服饰内衣-20260629-无-625-aigc-7,0.00,2,1,0.00,0.00,50.00
2026-07-24,13776525905,CH-SC-广义新-10130866966155-新综合频道-服饰内衣-京喜拉新-剪辑-转化引导-服饰内衣-20260702-无-625-aigc-14,0.00,1,0,0.00,0.00,0.00
2026-07-24,13922141585,信息流-小牛-百香果-京东主体-代运营-新人福利价-0721-10161286379662-深海货盘-625-aigc-4,0.00,5,0,0.00,0.00,0.00
2026-07-24,13536520998,CH-SC-广义新-10127068425204-新综合频道-收纳用品-京喜拉新-剪辑-转化引导-收纳用品-20260610-无-625-10,0.00,1,0,0.00,0.00,0.00
2026-07-24,13836030048,CH-SC-低活-10223482211866-超级抢购-生活日用-无-剪辑-转化引导-生活日用-20260703-无-625-11,0.00,1,0,0.00,0.00,0.00
2026-07-24,13397043378,CH-SC-广义新-10215767576641-新综合频道-生鲜-京喜拉新-剪辑-转化引导-生鲜-20260526-反向-625-aigc-6,0.00,2,0,0.00,0.00,0.00
2026-07-24,13799804422,CH-SC-广义新-10155085148227-新综合频道-家用电器-京喜拉新-剪辑-转化引导-家用电器-20260707-反向-625-aigc-9,0.00,1,0,0.00,0.00,0.00
2026-07-24,13916089784,CH-SC-广义新-10184972523548-新综合频道-厨具-京喜拉新-剪辑-转化引导-厨具-20260716-反向-625-aigc-11,0.00,16,0,0.00,0.00,0.00
2026-07-24,13913154721,信息流-小牛-刮水器-京东主体-代运营-新人1分钱-0720-10101434066164-历史爆品-625-12,0.00,2,0,0.00,0.00,0.00
2026-07-24,13916091946,CH-SC-广义新-10184972523548-新综合频道-厨具-京喜拉新-剪辑-转化引导-厨具-20260716-反向-625-aigc-5,0.00,29,1,0.00,0.00,3.45
2026-07-24,13939868792,CH-SC-广义新-10217878263924 -新综合频道-汽车用品-京喜拉新-剪辑-转化引导-汽车用品-20260717-无-625-7,0.00,1,0,0.00,0.00,0.00
2026-07-24,13873251318,CH-SC-低活-10081585918372-超级抢购-纸品-无-剪辑-转化引导-纸品-20260702-无-625-aigc-26,0.00,1,0,0.00,0.00,0.00
2026-07-24,12838467549,荣耀-XN-小说-通用-动态漫-AIGC-260318-625-1,0.00,0,0,0.00,0.00,0.00
2026-07-24,13873271713,CH-SC-低活-10081585918372-超级抢购-纸品-无-剪辑-转化引导-纸品-20260702-无-625-aigc-10,0.00,0,0,0.00,0.00,0.00
2026-07-24,13940198672,CH-SC-低活-10098882079537-超级抢购-厨具-无-剪辑-转化引导-厨具-20260716-无-625-aigc-1,0.00,6,0,0.00,0.00,0.00
2026-07-24,13873236612,CH-SC-低活-10184888743389-超级抢购-纸品-无-剪辑-转化引导-纸品-20260710-无-625-aigc-4,0.00,1,0,0.00,0.00,0.00
2026-07-24,13940207404,CH-SC-低活-10200755904098-超级抢购-汽车用品-无-剪辑-转化引导-汽车用品-20260716-无-625-aigc-12,0.00,3,0,0.00,0.00,0.00
2026-07-24,13916096211,CH-SC-广义新-10147832788047-新综合频道-工业品-京喜拉新-剪辑-转化引导-工业品-20260716-反向-625-7,0.00,0,0,0.00,0.00,0.00
2026-07-24,13846014779,CH-SC-广义新-10140917922437-新综合频道-家庭清洁-京喜拉新-剪辑-转化引导-家庭清洁-20260710-无-625-aigc-9,0.00,1,0,0.00,0.00,0.00
2026-07-24,13559884947,CH-SC-广义新-10120132288166-新综合频道-运动户外-京喜拉新-剪辑-转化引导-运动户外-20260612-无-625-6,0.00,1,0,0.00,0.00,0.00
2026-07-24,13922140035,信息流-小牛-百香果-京东主体-代运营-新人福利价-0721-10161286379662-深海货盘-625-aigc-2,0.00,1,0,0.00,0.00,0.00
2026-07-24,13937237975,信息流-小牛-厨房挂件-京东主体-代运营-新人福利价-0722-10162320955134-本东爆品-625-11,0.00,1,0,0.00,0.00,0.00
2026-07-24,13873209822,CH-SC-低活-10113209119177-超级抢购-电动车-无-剪辑-转化引导-电动车-20260709-无-625-2,0.00,1,0,0.00,0.00,0.00
2026-07-24,13799924706,CH-SC-广义新-10118706992345-新综合频道-纸品-京喜拉新-剪辑-转化引导-纸品-20260707-无-625-aigc-11,0.00,4,0,0.00,0.00,0.00
2026-07-24,13881431699,CH-SC-广义新-10161397805649 -新综合频道-服饰内衣-京喜拉新-剪辑-转化引导-服饰内衣-20260715-无-625-aigc-5,0.00,1,0,0.00,0.00,0.00
2026-07-24,13746305468,CH-SC-广义新-10136364012448-新综合频道-纸品-京喜拉新-剪辑-转化引导-纸品-20260701-无-625-aigc-6,0.00,2,0,0.00,0.00,0.00
2026-07-24,13957196651,信息流-小牛-无骨鸡爪-三方主体-代运营-新人福利价-0724-10181243448351-大盘扒改-625-4,0.00,2,0,0.00,0.00,0.00
2026-07-24,13939890388,CH-SC-广义新-10201862878352 -新综合频道-厨具-京喜拉新-剪辑-转化引导-厨具-20260717-无-625-aigc-21,0.00,3,0,0.00,0.00,0.00
2026-07-24,13836051892,CH-SC-低活-10156776256916-超级抢购-珠宝首饰-无-剪辑-转化引导-珠宝首饰-20260703-无-625-aigc-3,0.00,8,0,0.00,0.00,0.00
2026-07-24,13916095756,CH-SC-广义新-10147832788047-新综合频道-工业品-京喜拉新-剪辑-转化引导-工业品-20260716-反向-625-8,0.00,0,0,0.00,0.00,0.00
2026-07-24,13536521344,CH-SC-广义新-10127068425204-新综合频道-收纳用品-京喜拉新-剪辑-转化引导-收纳用品-20260610-无-625-11,0.00,2,0,0.00,0.00,0.00
2026-07-24,13913156478,信息流-小牛-刮水器-京东主体-代运营-新人1分钱-0720-10101434066164-历史爆品-625-17,0.00,3,0,0.00,0.00,0.00
2026-07-24,13916495528,CH-SC-广义新-10040988734451-新10元话费券-无-无-剪辑-转化引导-无-20260715-无-625-10,0.00,0,0,0.00,0.00,0.00
2026-07-24,13040038827,荣耀-XN-社交-通用-美女-混剪-纯新AIGC-260410-625-2,0.00,0,0,0.00,0.00,0.00
2026-07-24,13845970023,CH-SC-广义新-10156923061370-新综合频道-数码-京喜拉新-剪辑-转化引导-数码-20260710-无-625-5,0.00,1,0,0.00,0.00,0.00
2026-07-24,13940199926,CH-SC-低活-10200755904098-超级抢购-汽车用品-无-剪辑-转化引导-汽车用品-20260716-无-625-aigc-3,0.00,3,0,0.00,0.00,0.00
2026-07-24,13592240552,CH-SC-低活-10158258669630-超级抢购-居家布艺-无-剪辑-转化引导-居家布艺-20260616-无-625-1,0.00,0,0,0.00,0.00,0.00
2026-07-24,13940207389,CH-SC-低活-10200755904098-超级抢购-汽车用品-无-剪辑-转化引导-汽车用品-20260716-无-625-aigc-13,0.00,1,0,0.00,0.00,0.00
2026-07-24,13651877509,CH-SC-广义新-10125368295124-新综合频道-家用电器-京喜拉新-剪辑-转化引导-家用电器-20260623-无-625-1,0.00,0,0,0.00,0.00,0.00
2026-07-24,13799798181,CH-SC-广义新-10155085148227-新综合频道-家用电器-京喜拉新-剪辑-转化引导-家用电器-20260707-反向-625-aigc-4,0.00,0,0,0.00,0.00,0.00
2026-07-24,13873270500,CH-SC-低活-10081585918372-超级抢购-纸品-无-剪辑-转化引导-纸品-20260702-无-625-aigc-9,0.00,11,0,0.00,0.00,0.00
2026-07-24,13746310794,CH-SC-广义新-10136364012448-新综合频道-纸品-京喜拉新-剪辑-转化引导-纸品-20260701-无-625-aigc-10,0.00,0,0,0.00,0.00,0.00
2026-07-24,13873175465,CH-SC-低活-10162692688878-超级抢购-家用电器-无-剪辑-转化引导-家用电器-20260709-无-625-aigc-17,0.00,0,0,0.00,0.00,0.00
2026-07-24,13845974095,CH-SC-广义新-10156923061370-新综合频道-数码-京喜拉新-剪辑-转化引导-数码-20260710-无-625-9,0.00,7,0,0.00,0.00,0.00
2026-07-24,13846381296,CH-SC-低活-10112643484929-超级抢购-手机通讯-无-剪辑-转化引导-手机通讯-20260708-无-625-aigc-11,0.00,0,0,0.00,0.00,0.00
2026-07-24,13845991822,CH-SC-广义新-10120961944861-新综合频道-运动户外 -京喜拉新-剪辑-转化引导-运动户外 -20260710-无-625-aigc-3,0.00,0,0,0.00,0.00,0.00
2026-07-24,13352556383,CH-SC-低活-10081585918372-超级抢购-家庭清洁纸品-无-剪辑-转化引导-家庭清洁纸品-20260521-无-625-17,0.00,0,0,0.00,0.00,0.00
2026-07-24,13940195736,CH-SC-低活-10098882079537-超级抢购-厨具-无-剪辑-转化引导-厨具-20260716-无-625-aigc-8,0.00,0,0,0.00,0.00,0.00
2026-07-24,13776634575,CH-SC-广义新-10177393646076-新综合频道-灯饰照明-京喜拉新-剪辑-转化引导-灯饰照明-20260702-反向-625-aigc-1,0.00,15,1,0.00,0.00,6.67
2026-07-24,13946569358,信息流-小牛-电煮锅-京东主体-代运营-新人福利价-0723-10125368295124-设计自选-625-aigc-3,0.00,0,0,0.00,0.00,0.00
2026-07-24,13946584622,信息流-小牛-电煮锅-京东主体-代运营-新人福利价-0723-10125368295124-设计自选-625-aigc-6,0.00,1,0,0.00,0.00,0.00
2026-07-24,13860513632,CH-SC-广义新-10211945068200-新综合频道-农资园艺-京喜拉新-剪辑-转化引导-农资园艺-20260713-反向-625-5,0.00,0,0,0.00,0.00,0.00
2026-07-24,13132579643,荣耀-XN-社交-通用-聊天券-混剪-260424-625-11,0.00,0,0,0.00,0.00,0.00
2026-07-24,13096002959,荣耀-XN-社交-通用-美女-混剪-纯新AIGC-260416-625-4,0.00,0,0,0.00,0.00,0.00
2026-07-24,13746160729,CH-SC-低活-10100644668875-超级抢购加补-汽车用品-无-剪辑-转化引导-汽车用品-20260701-无-625-aigc-17,0.00,0,0,0.00,0.00,0.00
2026-07-24,13746314373,CH-SC-广义新-10136364012448-新综合频道-纸品-京喜拉新-剪辑-转化引导-纸品-20260701-无-625-aigc-12,0.00,4,0,0.00,0.00,0.00
2026-07-24,13922120422,信息流-小牛-百香果-京东主体-代运营-新人福利价-0721-10161286379662-深海货盘-625-aigc-18,0.00,6,0,0.00,0.00,0.00
2026-07-24,13916300749,CH-SC-低活-10140917922437-超级抢购-家庭清洁-无-剪辑-转化引导-家庭清洁-20260715-无-625-aigc-7,0.00,3,0,0.00,0.00,0.00
2026-07-24,13922158744,信息流-小牛-抽纸-京东主体-代运营-新人福利价-0721-100281253200-设计自选-625-aigc-18,0.00,8,0,0.00,0.00,0.00
2026-07-24,13916089309,CH-SC-广义新-10184972523548-新综合频道-厨具-京喜拉新-剪辑-转化引导-厨具-20260716-反向-625-aigc-1,0.00,17,0,0.00,0.00,0.00
2026-07-24,13860578733,CH-SC-广义新-10215307938752-新综合频道-鞋靴-京喜拉新-剪辑-转化引导-鞋靴-20260713-反向-625-aigc-1,0.00,4,0,0.00,0.00,0.00
2026-07-24,13407971591,CH-SC-广义新-10159656246030-新综合频道-电脑-京喜拉新-剪辑-转化引导-电脑-20260527-反向-625-aigc-10,0.00,8,1,0.00,0.00,12.50
2026-07-24,13860490329,CH-SC-广义新-10151951361734-新综合频道-箱包皮具-京喜拉新-剪辑-转化引导-箱包皮具-20260713-无-625-aigc-4,0.00,1,0,0.00,0.00,0.00
2026-07-24,13040042427,荣耀-XN-社交-通用-美女-混剪-纯新AIGC-260410-625-14,0.00,0,0,0.00,0.00,0.00
2026-07-24,13592317067,CH-SC-广义新-10146456039187-新综合频道-纸品-京喜拉新-剪辑-转化引导-纸品-20260616-反向-625-aigc-10,0.00,0,0,0.00,0.00,0.00
2026-07-24,13873216915,CH-SC-低活-10162692688878-超级抢购-家用电器-无-剪辑-转化引导-家用电器-20260710-无-625-aigc-7,0.00,1,0,0.00,0.00,0.00
2026-07-24,13913157759,信息流-小牛-刮水器-京东主体-代运营-新人1分钱-0720-10101434066164-历史爆品-625-16,0.00,0,0,0.00,0.00,0.00
2026-07-24,13352605791,CH-SC-低活-10155395301306-超级抢购-生活日用-无-剪辑-转化引导-生活日用-20260521-无-625-6,0.00,0,0,0.00,0.00,0.00
2026-07-24,13873248988,CH-SC-低活-10217740550325-超级抢购-箱包皮具-无-剪辑-转化引导-箱包皮具-20260713-无-625-aigc-3,0.00,1,0,0.00,0.00,0.00
2026-07-24,12838476710,荣耀-XN-小说-通用-动态漫-AIGC-260318-625-15,0.00,0,0,0.00,0.00,0.00
2026-07-24,13352558934,CH-SC-低活-10081585918372-超级抢购-家庭清洁纸品-无-剪辑-转化引导-家庭清洁纸品-20260521-无-625-30,0.00,1,0,0.00,0.00,0.00
2026-07-24,13860551989,CH-SC-广义新-10162692688878-新综合频道-家用电器-京喜拉新-剪辑-转化引导-家用电器-20260713-无-625-aigc-6,0.00,2,0,0.00,0.00,0.00
2026-07-24,13536519469,CH-SC-广义新-10127068425204-新综合频道-收纳用品-京喜拉新-剪辑-转化引导-收纳用品-20260610-无-625-8,0.00,4,0,0.00,0.00,0.00
2026-07-24,13835199930,CH-SC-广义新-10139440032542-新综合频道-运动户外-京喜拉新-剪辑-转化引导-运动户外-20260708-无-625-aigc-13,0.00,1,0,0.00,0.00,0.00
2026-07-24,13873223563,CH-SC-低活-10162692688878-超级抢购-家用电器-无-剪辑-转化引导-家用电器-20260710-无-625-aigc-4,0.00,1,0,0.00,0.00,0.00
2026-07-24,13846294839,CH-SC-低活-10162692688878-超级抢购-家用电器-无-剪辑-转化引导-家用电器-20260708-无-625-aigc-20,0.00,1,0,0.00,0.00,0.00
2026-07-24,13916487194,CH-SC-广义新-10040988734451-新10元话费券-无-无-剪辑-转化引导-无-20260715-无-625-17,0.00,1,0,0.00,0.00,0.00
2026-07-24,13913157750,信息流-小牛-刮水器-京东主体-代运营-新人1分钱-0720-10101434066164-历史爆品-625-19,0.00,2,0,0.00,0.00,0.00
2026-07-24,13662920894,CH-SC-广义新-10130866966155-新综合频道-服饰内衣-京喜拉新-剪辑-转化引导-服饰内衣-20260624-无-625-11,0.00,0,0,0.00,0.00,0.00
2026-07-24,13592283013,CH-SC-低活-10156925961082-超级抢购加补-家用电器-无-剪辑-转化引导-家用电器-20260616-无-625-aigc-11,0.00,5,0,0.00,0.00,0.00
2026-07-24,13957204480,信息流-小牛-无骨鸡爪-三方主体-代运营-新人福利价-0724-10181243448351-大盘扒改-625-12,0.00,4,0,0.00,0.00,0.00
2026-07-24,13860580424,CH-SC-广义新-10215307938752-新综合频道-鞋靴-京喜拉新-剪辑-转化引导-鞋靴-20260713-反向-625-aigc-3,0.00,7,0,0.00,0.00,0.00
2026-07-24,13873254531,CH-SC-低活-10081585918372-超级抢购-纸品-无-剪辑-转化引导-纸品-20260702-无-625-aigc-29,0.00,0,0,0.00,0.00,0.00
2026-07-24,13352561564,CH-SC-低活-10081585918372-超级抢购-家庭清洁纸品-无-剪辑-转化引导-家庭清洁纸品-20260521-无-625-6,0.00,1,0,0.00,0.00,0.00
2026-07-24,13581451283,CH-SC-广义新-10130866966155-新综合频道-服饰内衣-京喜拉新-剪辑-转化引导-服饰内衣-20260615-反向-625-aigc-7,0.00,0,0,0.00,0.00,0.00
2026-07-24,13662880805,CH-SC-低活-10134479334759-超级抢购通用-钟表眼镜-无-剪辑-转化引导-钟表眼镜-20260624-无-625-AIGC-16,0.00,0,0,0.00,0.00,0.00
2026-07-24,13275458672,荣耀-XN-小说-通用-动态漫-混剪-2600512-625-3,0.00,0,0,0.00,0.00,0.00
2026-07-24,13581450811,CH-SC-广义新-10130866966155-新综合频道-服饰内衣-京喜拉新-剪辑-转化引导-服饰内衣-20260615-反向-625-aigc-5,0.00,0,0,0.00,0.00,0.00
2026-07-24,13746316917,CH-SC-广义新-10136364012448-新综合频道-纸品-京喜拉新-剪辑-转化引导-纸品-20260701-无-625-aigc-14,0.00,1,0,0.00,0.00,0.00
2026-07-24,13922141809,信息流-小牛-百香果-京东主体-代运营-新人福利价-0721-10161286379662-深海货盘-625-aigc-3,0.00,1,0,0.00,0.00,0.00
2026-07-24,13940193083,CH-SC-低活-10098882079537-超级抢购-厨具-无-剪辑-转化引导-厨具-20260716-无-625-aigc-7,0.00,6,0,0.00,0.00,0.00
2026-07-24,13179698881,荣耀-XN-影音娱乐-通用-唱歌-混剪-260429-625-2,0.00,0,0,0.00,0.00,0.00
2026-07-24,13913157203,信息流-小牛-刮水器-京东主体-代运营-新人1分钱-0720-10101434066164-历史爆品-625-18,0.00,2,0,0.00,0.00,0.00
2026-07-24,13922146083,信息流-小牛-百香果-京东主体-代运营-新人福利价-0721-10161286379662-深海货盘-625-aigc-8,0.00,6,0,0.00,0.00,0.00
2026-07-24,13873250986,CH-SC-低活-10217740550325-超级抢购-箱包皮具-无-剪辑-转化引导-箱包皮具-20260713-无-625-aigc-6,0.00,3,0,0.00,0.00,0.00
2026-07-24,13407975609,CH-SC-广义新-10159656246030-新综合频道-电脑-京喜拉新-剪辑-转化引导-电脑-20260527-反向-625-aigc-4,0.00,5,0,0.00,0.00,0.00
2026-07-24,13846298061,CH-SC-低活-10162692688878-超级抢购-家用电器-无-剪辑-转化引导-家用电器-20260708-无-625-aigc-6,0.00,0,0,0.00,0.00,0.00
2026-07-24,13916092599,CH-SC-广义新-10184972523548-新综合频道-厨具-京喜拉新-剪辑-转化引导-厨具-20260716-反向-625-aigc-4,0.00,20,0,0.00,0.00,0.00
2026-07-24,13937218541,信息流-小牛-碘伏棉签-京东主体-代运营-新人1分钱起-0722-10157346621198-京东-625-6,0.00,1,0,0.00,0.00,0.00
2026-07-24,13957203343,信息流-小牛-无骨鸡爪-三方主体-代运营-新人福利价-0724-10181243448351-大盘扒改-625-11,0.00,1,0,0.00,0.00,0.00
2026-07-24,13940196767,CH-SC-低活-10098882079537-超级抢购-厨具-无-剪辑-转化引导-厨具-20260716-无-625-aigc-10,0.00,3,0,0.00,0.00,0.00
2026-07-24,13776521520,CH-SC-广义新-10130866966155-新综合频道-服饰内衣-京喜拉新-剪辑-转化引导-服饰内衣-20260702-无-625-aigc-6,0.00,2,0,0.00,0.00,0.00
2026-07-24,13940196625,CH-SC-低活-10098882079537-超级抢购-厨具-无-剪辑-转化引导-厨具-20260716-无-625-aigc-9,0.00,2,1,0.00,0.00,50.00
2026-07-24,13614628051,CH-SC-广义新-10134479334759-新综合频道-钟表眼镜-京喜拉新-剪辑-转化引导-钟表眼镜-20260618-无-625-aigc-14,0.00,5,0,0.00,0.00,0.00
2026-07-24,13941339057,信息流-小牛-手机支架-三方主体-代运营-新人福利价-0723-10139440032542 -设计自选-625-1,0.00,2,0,0.00,0.00,0.00
2026-07-24,13916298312,CH-SC-低活-10140917922437-超级抢购-家庭清洁-无-剪辑-转化引导-家庭清洁-20260715-无-625-aigc-2,0.00,3,0,0.00,0.00,0.00
2026-07-24,13581449820,CH-SC-广义新-10130866966155-新综合频道-服饰内衣-京喜拉新-剪辑-转化引导-服饰内衣-20260615-反向-625-aigc-3,0.00,1,0,0.00,0.00,0.00
2026-07-24,13836047564,CH-SC-低活-10156776256916-超级抢购-珠宝首饰-无-剪辑-转化引导-珠宝首饰-20260703-无-625-aigc-8,0.00,6,0,0.00,0.00,0.00
2026-07-24,13873246008,CH-SC-低活-10217740550325-超级抢购-箱包皮具-无-剪辑-转化引导-箱包皮具-20260713-无-625-aigc-9,0.00,2,0,0.00,0.00,0.00
2026-07-24,13471070415,CH-SC-广义新-10136363822650-新综合频道-家庭清洁-京喜拉新-剪辑-转化引导-家庭清洁-20260602-反向-625-2,0.00,0,0,0.00,0.00,0.00
2026-07-24,13882961692,CH-SC-低活-10093106199290-超级抢购-纸品-无-剪辑-转化引导-纸品-20260714-无-625-6,0.00,0,0,0.00,0.00,0.00
2026-07-24,13873225444,CH-SC-低活-10162692688878-超级抢购-家用电器-无-剪辑-转化引导-家用电器-20260710-无-625-aigc-6,0.00,0,0,0.00,0.00,0.00
2026-07-24,13916297147,CH-SC-低活-10130886489325-超级抢购-厨具-无-剪辑-转化引导-厨具-20260715-无-625-18,0.00,0,0,0.00,0.00,0.00
2026-07-24,13873247091,CH-SC-低活-10217740550325-超级抢购-箱包皮具-无-剪辑-转化引导-箱包皮具-20260713-无-625-aigc-10,0.00,2,0,0.00,0.00,0.00
2026-07-24,13614627498,CH-SC-广义新-10134479334759-新综合频道-钟表眼镜-京喜拉新-剪辑-转化引导-钟表眼镜-20260618-无-625-aigc-12,0.00,0,0,0.00,0.00,0.00
2026-07-24,13846385090,CH-SC-低活-10112643484929-超级抢购-手机通讯-无-剪辑-转化引导-手机通讯-20260708-无-625-aigc-12,0.00,0,0,0.00,0.00,0.00
2026-07-24,13916092543,CH-SC-广义新-10147832788047-新综合频道-工业品-京喜拉新-剪辑-转化引导-工业品-20260716-反向-625-2,0.00,0,0,0.00,0.00,0.00
2026-07-24,13776507847,CH-SC-广义新-10143318867797-新综合频道-厨具-京喜拉新-剪辑-转化引导-厨具-20260702-反向-625-aigc-11,0.00,11,0,0.00,0.00,0.00
2026-07-24,13449524163,CH-SC-低活-10147800266661-超级抢购加补-家庭清洁-无-剪辑-转化引导-家庭清洁-20260601-无-625-14,0.00,9,4,0.00,0.00,44.44
2026-07-24,13536545311,CH-SC-低活-10219841541026-超级抢购加补-厨具-无-剪辑-转化引导-厨具-20260610-无-625-aigc-3,0.00,0,0,0.00,0.00,0.00
2026-07-24,13913156026,信息流-小牛-刮水器-京东主体-代运营-新人1分钱-0720-10101434066164-历史爆品-625-15,0.00,3,0,0.00,0.00,0.00
2026-07-24,13651876554,CH-SC-广义新-10125368295124-新综合频道-家用电器-京喜拉新-剪辑-转化引导-家用电器-20260623-无-625-7,0.00,0,0,0.00,0.00,0.00
2026-07-24,13651813903,CH-SC-低活-10081585918372-超级抢购-家庭清洁纸品-无-剪辑-转化引导-家庭清洁纸品-20260623-无-625-aigc-14,0.00,6,0,0.00,0.00,0.00
2026-07-24,13916303411,CH-SC-低活-10140917922437-超级抢购-家庭清洁-无-剪辑-转化引导-家庭清洁-20260715-无-625-aigc-14,0.00,0,0,0.00,0.00,0.00
2026-07-24,13873269148,CH-SC-低活-10081585918372-超级抢购-纸品-无-剪辑-转化引导-纸品-20260702-无-625-aigc-8,0.00,0,0,0.00,0.00,0.00
2026-07-24,13916100740,CH-SC-广义新-10184972523548-新综合频道-厨具-京喜拉新-剪辑-转化引导-厨具-20260716-反向-625-aigc-6,0.00,13,1,0.00,0.00,7.69
2026-07-24,13922116361,信息流-小牛-密封罐-京东主体-代运营-新人1分钱起-0721-10135109970659-京东-625-1,0.00,1,0,0.00,0.00,0.00
2026-07-24,13835207381,CH-SC-广义新-10153911006548-新综合频道-粮油调味-京喜拉新-剪辑-转化引导-粮油调味-20260708-无-625-aigc-18,0.00,0,0,0.00,0.00,0.00
2026-07-24,13846433173,CH-SC-低活-10220560400432-超级抢购-生活日用-无-剪辑-转化引导-生活日用-20260708-无-625-aigc-15,0.00,11,3,0.00,0.00,27.27
2026-07-24,13836021498,CH-SC-低活-10081585918372-超级抢购-纸品-无-剪辑-转化引导-纸品-20260702-无-625-aigc-1,0.00,2,0,0.00,0.00,0.00
2026-07-24,13845988566,CH-SC-广义新-10120961944861-新综合频道-运动户外 -京喜拉新-剪辑-转化引导-运动户外 -20260710-无-625-aigc-1,0.00,4,0,0.00,0.00,0.00
2026-07-24,13776598531,CH-SC-广义新-10177393646076-新综合频道-灯饰照明-京喜拉新-剪辑-转化引导-灯饰照明-20260702-反向-625-aigc-13,0.00,2,0,0.00,0.00,0.00
2026-07-24,13916292308,CH-SC-低活-10130886489325-超级抢购-厨具-无-剪辑-转化引导-厨具-20260715-无-625-11,0.00,0,0,0.00,0.00,0.00
2026-07-24,13940197334,CH-SC-低活-10098882079537-超级抢购-厨具-无-剪辑-转化引导-厨具-20260716-无-625-aigc-11,0.00,1,0,0.00,0.00,0.00
2026-07-24,13407975628,CH-SC-广义新-10159656246030-新综合频道-电脑-京喜拉新-剪辑-转化引导-电脑-20260527-反向-625-aigc-3,0.00,1,0,0.00,0.00,0.00
2026-07-24,13845991997,CH-SC-广义新-10120961944861-新综合频道-运动户外 -京喜拉新-剪辑-转化引导-运动户外 -20260710-无-625-aigc-12,0.00,2,0,0.00,0.00,0.00
2026-07-24,13860563485,CH-SC-广义新-10153911006548-新综合频道-粮油调味-京喜拉新-剪辑-转化引导-粮油调味-20260713-反向-625-aigc-9,0.00,1,0,0.00,0.00,0.00
2026-07-24,13835212442,CH-SC-广义新-10153911006548-新综合频道-粮油调味-京喜拉新-剪辑-转化引导-粮油调味-20260708-无-625-aigc-28,0.00,3,0,0.00,0.00,0.00
2026-07-24,13922138944,信息流-小牛-百香果-京东主体-代运营-新人福利价-0721-10161286379662-深海货盘-625-aigc-1,0.00,2,0,0.00,0.00,0.00
2026-07-24,13940204885,CH-SC-低活-10200755904098-超级抢购-汽车用品-无-剪辑-转化引导-汽车用品-20260716-无-625-aigc-9,0.00,2,0,0.00,0.00,0.00
2026-07-24,13873195263,CH-SC-低活-10140917922437-超级抢购-家庭清洁-无-剪辑-转化引导-家庭清洁-20260709-无-625-aigc-6,0.00,0,0,0.00,0.00,0.00
2026-07-24,13471026270,CH-SC-广义新-10207980850814-新综合频道-家用电器-京喜拉新-剪辑-转化引导-家用电器-20260602-反向-625-aigc-5,0.00,0,0,0.00,0.00,0.00
2026-07-24,13940202955,CH-SC-低活-10200755904098-超级抢购-汽车用品-无-剪辑-转化引导-汽车用品-20260716-无-625-aigc-5,0.00,5,0,0.00,0.00,0.00
2026-07-24,13836054642,CH-SC-低活-10156776256916-超级抢购-珠宝首饰-无-剪辑-转化引导-珠宝首饰-20260703-无-625-aigc-5,0.00,18,0,0.00,0.00,0.00
2026-07-24,13922143282,信息流-小牛-百香果-京东主体-代运营-新人福利价-0721-10161286379662-深海货盘-625-aigc-5,0.00,2,0,0.00,0.00,0.00
2026-07-24,13937224281,信息流-小牛-厨房挂件-京东主体-代运营-新人福利价-0722-10162320955134-本东爆品-625-8,0.00,3,0,0.00,0.00,0.00
2026-07-24,13922147817,信息流-小牛-百香果-京东主体-代运营-新人福利价-0721-10161286379662-深海货盘-625-aigc-10,0.00,17,0,0.00,0.00,0.00
2026-07-24,13873257894,CH-SC-低活-10081585918372-超级抢购-纸品-无-剪辑-转化引导-纸品-20260702-无-625-aigc-30,0.00,2,0,0.00,0.00,0.00
2026-07-24,13845993424,CH-SC-广义新-10120961944861-新综合频道-运动户外 -京喜拉新-剪辑-转化引导-运动户外 -20260710-无-625-aigc-4,0.00,2,0,0.00,0.00,0.00
2026-07-24,13916306014,CH-SC-低活-10215767576641-超级抢购-生鲜-无-剪辑-转化引导-生鲜-20260715-无-625-aigc-3,0.00,13,0,0.00,0.00,0.00
2026-07-24,13957204347,信息流-小牛-无骨鸡爪-三方主体-代运营-新人福利价-0724-10181243448351-大盘扒改-625-1,0.00,2,0,0.00,0.00,0.00
2026-07-24,13651861755,CH-SC-广义新-10125368295124-新综合频道-家用电器-京喜拉新-剪辑-转化引导-家用电器-20260623-无-625-3,0.00,9,0,0.00,0.00,0.00
2026-07-24,13873186801,CH-SC-低活-10162692688878-超级抢购-家用电器-无-剪辑-转化引导-家用电器-20260709-无-625-aigc-9,0.00,0,0,0.00,0.00,0.00
2026-07-24,13937217031,信息流-小牛-碘伏棉签-京东主体-代运营-新人1分钱起-0722-10157346621198-京东-625-3,0.00,1,0,0.00,0.00,0.00
2026-07-24,13776646990,CH-SC-广义新-10118706992345-新综合频道-纸品-京喜拉新-剪辑-转化引导-纸品-20260702-无-625-aigc-5,0.00,0,0,0.00,0.00,0.00
2026-07-24,13845976437,CH-SC-广义新-10156923061370-新综合频道-数码-京喜拉新-剪辑-转化引导-数码-20260710-无-625-2,0.00,12,0,0.00,0.00,0.00
2026-07-24,13922152568,信息流-小牛-抽纸-京东主体-代运营-新人福利价-0721-100281253200-设计自选-625-aigc-6,0.00,2,0,0.00,0.00,0.00
2026-07-24,13873175081,CH-SC-低活-10162692688878-超级抢购-家用电器-无-剪辑-转化引导-家用电器-20260709-无-625-aigc-16,0.00,0,0,0.00,0.00,0.00
2026-07-24,13407977687,CH-SC-广义新-10159656246030-新综合频道-电脑-京喜拉新-剪辑-转化引导-电脑-20260527-反向-625-aigc-6,0.00,0,0,0.00,0.00,0.00
2026-07-24,13873235146,CH-SC-低活-10184888743389-超级抢购-纸品-无-剪辑-转化引导-纸品-20260710-无-625-aigc-2,0.00,0,0,0.00,0.00,0.00
2026-07-24,13480771946,CH-SC-广义新-10219841541026-新综合频道-厨具-京喜拉新-剪辑-转化引导-厨具-20260604-反向-625-15,0.00,0,0,0.00,0.00,0.00
2026-07-24,13922139285,信息流-小牛-百香果-京东主体-代运营-新人福利价-0721-10161286379662-深海货盘-625-aigc-20,0.00,3,0,0.00,0.00,0.00
2026-07-24,13096006447,荣耀-XN-小说-通用-动态漫-混剪-260416-625-6,0.00,0,0,0.00,0.00,0.00
2026-07-24,13939937564,CH-SC-广义新-10150604147722-新综合频道-箱包皮具-京喜拉新-剪辑-转化引导-箱包皮具-20260720-反向-625-6,0.00,10,0,0.00,0.00,0.00
2026-07-24,13302406910,CH-SC-广义新-10169142079015-新综合频道-厨具-京喜拉新-剪辑-转化引导-厨具-20260515-无-625-2,0.00,0,0,0.00,0.00,0.00
2026-07-24,13005947658,荣耀-XN-金融-通用-壁纸-混剪-纯新AIGC-260409-625-29,0.00,0,0,0.00,0.00,0.00
2026-07-24,13746314980,CH-SC-广义新-10136364012448-新综合频道-纸品-京喜拉新-剪辑-转化引导-纸品-20260701-无-625-aigc-13,0.00,2,0,0.00,0.00,0.00
2026-07-24,13662881235,CH-SC-低活-10134479334759-超级抢购通用-钟表眼镜-无-剪辑-转化引导-钟表眼镜-20260624-无-625-AIGC-3,0.00,0,0,0.00,0.00,0.00
2026-07-24,12838479363,荣耀-XN-小说-通用-动态漫-AIGC-260318-625-20,0.00,0,0,0.00,0.00,0.00
2026-07-24,13940193037,CH-SC-低活-10098882079537-超级抢购-厨具-无-剪辑-转化引导-厨具-20260716-无-625-aigc-6,0.00,1,0,0.00,0.00,0.00
2026-07-24,13835236538,CH-SC-广义新-10101107735303-新综合频道-床上用品-京喜拉新-剪辑-转化引导-床上用品-20260709-无-625-1,0.00,0,0,0.00,0.00,0.00
2026-07-24,13957187571,信息流-小牛-拼豆-三方主体-代运营-新人福利价-0724-10191018980880-大盘扒改-625-1,0.00,1,0,0.00,0.00,0.00
2026-07-24,13937242188,信息流-小牛-厨房挂件-京东主体-代运营-新人福利价-0722-10162320955134-本东爆品-625-1,0.00,2,0,0.00,0.00,0.00
2026-07-24,13913150041,信息流-小牛-刮水器-京东主体-代运营-新人1分钱-0720-10101434066164-历史爆品-625-3,0.00,2,0,0.00,0.00,0.00
2026-07-24,13746310254,CH-SC-广义新-10136364012448-新综合频道-纸品-京喜拉新-剪辑-转化引导-纸品-20260701-无-625-aigc-9,0.00,2,0,0.00,0.00,0.00
2026-07-24,13776589156,CH-SC-广义新-10177393646076-新综合频道-灯饰照明-京喜拉新-剪辑-转化引导-灯饰照明-20260702-反向-625-aigc-9,0.00,1,0,0.00,0.00,0.00
2026-07-24,13799930857,CH-SC-广义新-10158258669630-新综合频道-居家布艺-京喜拉新-剪辑-转化引导-居家布艺-20260706-无-625-aigc-6,0.00,1,0,0.00,0.00,0.00
2026-07-24,13846353154,CH-SC-低活-10113209119177-超级抢购-电动车-无-剪辑-转化引导-电动车-20260708-无-625-19,0.00,1,0,0.00,0.00,0.00
2026-07-24,13746176594,CH-SC-低活-10100644668875-超级抢购加补-汽车用品-无-剪辑-转化引导-汽车用品-20260701-无-625-aigc-9,0.00,0,0,0.00,0.00,0.00
2026-07-24,13776644238,CH-SC-广义新-10118706992345-新综合频道-纸品-京喜拉新-剪辑-转化引导-纸品-20260702-无-625-aigc-3,0.00,1,0,0.00,0.00,0.00
2026-07-24,13916497706,CH-SC-广义新-10040988734451-新10元话费券-无-无-剪辑-转化引导-无-20260715-无-625-3,0.00,0,0,0.00,0.00,0.00
2026-07-24,13916308580,CH-SC-低活-10215767576641-超级抢购-生鲜-无-剪辑-转化引导-生鲜-20260715-无-625-aigc-8,0.00,1,0,0.00,0.00,0.00
2026-07-24,13719127978,CH-SC-广义新-10130866966155-新综合频道-服饰内衣-京喜拉新-剪辑-转化引导-服饰内衣-20260629-无-625-aigc-3,0.00,2,0,0.00,0.00,0.00
2026-07-24,13939888620,CH-SC-广义新-10201862878352 -新综合频道-厨具-京喜拉新-剪辑-转化引导-厨具-20260717-无-625-aigc-20,0.00,0,0,0.00,0.00,0.00
2026-07-24,13397046406,CH-SC-广义新-10215767576641-新综合频道-生鲜-京喜拉新-剪辑-转化引导-生鲜-20260526-反向-625-aigc-3,0.00,2,0,0.00,0.00,0.00
2026-07-24,13846406540,CH-SC-低活-10081585918372-超级抢购-家庭清洁纸品-无-剪辑-转化引导-家庭清洁纸品-20260708-无-625-aigc-17,0.00,1,0,0.00,0.00,0.00
2026-07-24,13302409576,CH-SC-广义新-10169142079015-新综合频道-厨具-京喜拉新-剪辑-转化引导-厨具-20260515-无-625-9,0.00,2,1,0.00,0.00,50.00
2026-07-24,13846295436,CH-SC-低活-10162692688878-超级抢购-家用电器-无-剪辑-转化引导-家用电器-20260708-无-625-aigc-3,0.00,0,0,0.00,0.00,0.00
2026-07-24,13845985981,CH-SC-广义新-10120961944861-新综合频道-运动户外 -京喜拉新-剪辑-转化引导-运动户外 -20260710-无-625-aigc-10,0.00,4,0,0.00,0.00,0.00
2026-07-24,13603382133,CH-SC-低活-10217740550325-超级抢购加补-箱包皮具-无-剪辑-转化引导-箱包皮具-20260617-无-625-aigc-2,0.00,0,0,0.00,0.00,0.00
2026-07-24,13614622976,CH-SC-广义新-10134479334759-新综合频道-钟表眼镜-京喜拉新-剪辑-转化引导-钟表眼镜-20260618-无-625-aigc-3,0.00,0,0,0.00,0.00,0.00
2026-07-24,13776668560,CH-SC-广义新-10118706992345-新综合频道-纸品-京喜拉新-剪辑-转化引导-纸品-20260702-无-625-aigc-10,0.00,1,0,0.00,0.00,0.00
2026-07-24,13799781871,CH-SC-广义新-10155085148227-新综合频道-家用电器-京喜拉新-剪辑-转化引导-家用电器-20260707-反向-625-aigc-15,0.00,0,0,0.00,0.00,0.00
2026-07-24,13352555069,CH-SC-低活-10081585918372-超级抢购-家庭清洁纸品-无-剪辑-转化引导-家庭清洁纸品-20260521-无-625-15,0.00,0,0,0.00,0.00,0.00
2026-07-24,13940204221,CH-SC-低活-10200755904098-超级抢购-汽车用品-无-剪辑-转化引导-汽车用品-20260716-无-625-aigc-8,0.00,6,0,0.00,0.00,0.00
2026-07-24,13937217753,信息流-小牛-碘伏棉签-京东主体-代运营-新人1分钱起-0722-10157346621198-京东-625-5,0.00,1,0,0.00,0.00,0.00
2026-07-24,13746354558,CH-SC-低活-10112643484929-超级抢购加补-手机通讯-无-剪辑-转化引导-手机通讯-20260630-无-625-2,0.00,0,0,0.00,0.00,0.00
2026-07-24,13860584358,CH-SC-广义新-10215307938752-新综合频道-鞋靴-京喜拉新-剪辑-转化引导-鞋靴-20260713-反向-625-aigc-6,0.00,25,0,0.00,0.00,0.00
2026-07-24,13525532527,CH-SC-低活-10156923061370-超级抢购加补-数码-无-剪辑-转化引导-数码-20260609-无-625-19,0.00,0,0,0.00,0.00,0.00
2026-07-24,13776626389,CH-SC-广义新-10177393646076-新综合频道-灯饰照明-京喜拉新-剪辑-转化引导-灯饰照明-20260702-反向-625-aigc-23,0.00,1,0,0.00,0.00,0.00
2026-07-24,13939953763,CH-SC-广义新-10115067968253-新综合频道-家用电器-京喜拉新-剪辑-转化引导-家用电器-20260720-无-625-aigc-26,0.00,1,0,0.00,0.00,0.00
2026-07-24,13302407886,CH-SC-广义新-10169142079015-新综合频道-厨具-京喜拉新-剪辑-转化引导-厨具-20260515-无-625-5,0.00,2,0,0.00,0.00,0.00
2026-07-24,13860550328,CH-SC-广义新-10162692688878-新综合频道-家用电器-京喜拉新-剪辑-转化引导-家用电器-20260713-无-625-aigc-4,0.00,0,0,0.00,0.00,0.00
2026-07-24,13581452102,CH-SC-广义新-10130866966155-新综合频道-服饰内衣-京喜拉新-剪辑-转化引导-服饰内衣-20260615-反向-625-aigc-10,0.00,0,0,0.00,0.00,0.00
2026-07-24,13776540896,CH-SC-广义新-10130866966155-新综合频道-服饰内衣-京喜拉新-剪辑-转化引导-服饰内衣-20260702-无-625-aigc-2,0.00,1,0,0.00,0.00,0.00
2026-07-24,13547603956,CH-SC-低活-10140207411553-超级抢购加补-文教文化用品-无-剪辑-转化引导-文教文化用品-20260611-无-625-1,0.00,3,0,0.00,0.00,0.00
2026-07-24,13302410132,CH-SC-广义新-10169142079015-新综合频道-厨具-京喜拉新-剪辑-转化引导-厨具-20260515-无-625-10,0.00,13,1,0.00,0.00,7.69
2026-07-24,13746315224,CH-SC-广义新-10136364012448-新综合频道-纸品-京喜拉新-剪辑-转化引导-纸品-20260701-无-625-aigc-11,0.00,15,0,0.00,0.00,0.00
2026-07-24,13836048947,CH-SC-低活-10156776256916-超级抢购-珠宝首饰-无-剪辑-转化引导-珠宝首饰-20260703-无-625-aigc-7,0.00,8,0,0.00,0.00,0.00
2026-07-24,13916094215,CH-SC-广义新-10147832788047-新综合频道-工业品-京喜拉新-剪辑-转化引导-工业品-20260716-反向-625-4,0.00,0,0,0.00,0.00,0.00
2026-07-24,13614674242,CH-SC-低活-10143318867797-超级抢购5元-厨具-无-剪辑-转化引导-厨具-20260618-无-625-aigc-4,0.00,1,0,0.00,0.00,0.00
2026-07-24,13471029901,CH-SC-低活-10219841541026-超级抢购加补-厨具-无-剪辑-转化引导-厨具-20260602-无-625-3,0.00,0,0,0.00,0.00,0.00
2026-07-24,13860588572,CH-SC-广义新-10215307938752-新综合频道-鞋靴-京喜拉新-剪辑-转化引导-鞋靴-20260713-反向-625-aigc-9,0.00,9,0,0.00,0.00,0.00
2026-07-24,13746292023,CH-SC-广义新-10136364012448-新综合频道-纸品-京喜拉新-剪辑-转化引导-纸品-20260701-无-625-aigc-17,0.00,15,0,0.00,0.00,0.00
2026-07-24,13302406456,CH-SC-广义新-10169142079015-新综合频道-厨具-京喜拉新-剪辑-转化引导-厨具-20260515-无-625-4,0.00,1,0,0.00,0.00,0.00
2026-07-24,13922107264,信息流-小牛-百香果-京东主体-代运营-新人福利价-0721-10161286379662-深海货盘-625-aigc-13,0.00,21,0,0.00,0.00,0.00
2026-07-24,13940215763,CH-SC-低活-10223570717754-超级抢购-生鲜-无-剪辑-转化引导-生鲜-20260716-无-625-aigc-11,0.00,2,0,0.00,0.00,0.00
2026-07-24,13651813816,CH-SC-低活-10081585918372-超级抢购-家庭清洁纸品-无-剪辑-转化引导-家庭清洁纸品-20260623-无-625-aigc-13,0.00,4,0,0.00,0.00,0.00
2026-07-24,13776636016,CH-SC-广义新-10177393646076-新综合频道-灯饰照明-京喜拉新-剪辑-转化引导-灯饰照明-20260702-反向-625-aigc-2,0.00,1,1,0.00,0.00,100.00
2026-07-24,12954045293,荣耀-XN-小说-通用-滚屏-混剪-纯AIGC-260402-625-10,0.00,0,0,0.00,0.00,0.00
2026-07-24,13836051417,CH-SC-低活-10156776256916-超级抢购-珠宝首饰-无-剪辑-转化引导-珠宝首饰-20260703-无-625-aigc-1,0.00,2,0,0.00,0.00,0.00
2026-07-24,13536516462,CH-SC-广义新-10127068425204-新综合频道-收纳用品-京喜拉新-剪辑-转化引导-收纳用品-20260610-无-625-2,0.00,2,0,0.00,0.00,0.00
2026-07-24,13722920398,CH-SC-低活-10220560400432-超级抢购加补-生活日用-无-剪辑-转化引导-生活日用-20260629-无-625-aigc-9,0.00,11,0,0.00,0.00,0.00
2026-07-24,13776526368,CH-SC-广义新-10130866966155-新综合频道-服饰内衣-京喜拉新-剪辑-转化引导-服饰内衣-20260702-无-625-aigc-13,0.00,3,0,0.00,0.00,0.00
2026-07-24,13836053888,CH-SC-低活-10156776256916-超级抢购-珠宝首饰-无-剪辑-转化引导-珠宝首饰-20260703-无-625-aigc-4,0.00,3,0,0.00,0.00,0.00
2026-07-24,13873223905,CH-SC-低活-10162692688878-超级抢购-家用电器-无-剪辑-转化引导-家用电器-20260710-无-625-aigc-5,0.00,0,0,0.00,0.00,0.00
2026-07-24,13940201606,CH-SC-低活-10200755904098-超级抢购-汽车用品-无-剪辑-转化引导-汽车用品-20260716-无-625-aigc-6,0.00,3,0,0.00,0.00,0.00
2026-07-24,13957187981,信息流-小牛-拼豆-三方主体-代运营-新人福利价-0724-10191018980880-大盘扒改-625-2,0.00,4,0,0.00,0.00,0.00
2026-07-24,13937239631,信息流-小牛-厨房挂件-京东主体-代运营-新人福利价-0722-10162320955134-本东爆品-625-2,0.00,3,0,0.00,0.00,0.00
2026-07-24,13096006367,荣耀-XN-小说-通用-动态漫-混剪-260416-625-5,0.00,0,0,0.00,0.00,0.00
2026-07-24,13614653474,CH-SC-低活-10147800266661-超级抢购加补-家庭清洁-无-剪辑-转化引导-家庭清洁-20260618-无-625-aigc-10,0.00,6,0,0.00,0.00,0.00
2026-07-24,13922156787,信息流-小牛-抽纸-京东主体-代运营-新人福利价-0721-100281253200-设计自选-625-aigc-14,0.00,4,1,0.00,0.00,25.00
2026-07-24,13957199370,信息流-小牛-无骨鸡爪-三方主体-代运营-新人福利价-0724-10181243448351-大盘扒改-625-7,0.00,1,0,0.00,0.00,0.00
2026-07-24,13746295941,CH-SC-广义新-10136364012448-新综合频道-纸品-京喜拉新-剪辑-转化引导-纸品-20260701-无-625-aigc-19,0.00,1,0,0.00,0.00,0.00
2026-07-24,13939865479,CH-SC-广义新-10217878263924 -新综合频道-汽车用品-京喜拉新-剪辑-转化引导-汽车用品-20260717-无-625-4,0.00,0,0,0.00,0.00,0.00
2026-07-24,13881436072,CH-SC-广义新-10161397805649 -新综合频道-服饰内衣-京喜拉新-剪辑-转化引导-服饰内衣-20260715-无-625-aigc-8,0.00,1,0,0.00,0.00,0.00
2026-07-24,13881435263,CH-SC-广义新-10161397805649 -新综合频道-服饰内衣-京喜拉新-剪辑-转化引导-服饰内衣-20260715-无-625-aigc-9,0.00,8,0,0.00,0.00,0.00
2026-07-24,13592283354,CH-SC-低活-10156925961082-超级抢购加补-家用电器-无-剪辑-转化引导-家用电器-20260616-无-625-aigc-13,0.00,2,0,0.00,0.00,0.00
2026-07-24,13916116419,CH-SC-广义新-10155000015319-新综合频道-厨具-京喜拉新-剪辑-转化引导-厨具-20260716-无-625-aigc-6,0.00,2,0,0.00,0.00,0.00
2026-07-24,13916493960,CH-SC-广义新-10040988734451-新10元话费券-无-无-剪辑-转化引导-无-20260715-无-625-25,0.00,1,0,0.00,0.00,0.00
2026-07-24,13957193263,信息流-小牛-无骨鸡爪-三方主体-代运营-新人福利价-0724-10181243448351-大盘扒改-625-2,0.00,4,0,0.00,0.00,0.00
2026-07-24,13776504198,CH-SC-广义新-10143318867797-新综合频道-厨具-京喜拉新-剪辑-转化引导-厨具-20260702-反向-625-aigc-4,0.00,1,0,0.00,0.00,0.00
2026-07-24,13957199390,信息流-小牛-无骨鸡爪-三方主体-代运营-新人福利价-0724-10181243448351-大盘扒改-625-8,0.00,12,0,0.00,0.00,0.00
2026-07-24,13937241755,信息流-小牛-厨房挂件-京东主体-代运营-新人福利价-0722-10162320955134-本东爆品-625-3,0.00,1,0,0.00,0.00,0.00
2026-07-24,13873233007,CH-SC-低活-10184888743389-超级抢购-纸品-无-剪辑-转化引导-纸品-20260710-无-625-aigc-12,0.00,1,0,0.00,0.00,0.00
2026-07-24,13651816360,CH-SC-低活-10081585918372-超级抢购-家庭清洁纸品-无-剪辑-转化引导-家庭清洁纸品-20260623-无-625-aigc-20,0.00,0,0,0.00,0.00,0.00
2026-07-24,13916097288,CH-SC-广义新-10147832788047-新综合频道-工业品-京喜拉新-剪辑-转化引导-工业品-20260716-反向-625-10,0.00,0,0,0.00,0.00,0.00
2026-07-24,13873201819,CH-SC-低活-10140917922437-超级抢购-家庭清洁-无-剪辑-转化引导-家庭清洁-20260709-无-625-aigc-10,0.00,1,0,0.00,0.00,0.00
2026-07-24,13799861365,CH-SC-广义新-10183335983500-新综合频道-厨具-京喜拉新-剪辑-转化引导-厨具-20260707-无-625-aigc-9,0.00,1,0,0.00,0.00,0.00
2026-07-24,13872632277,CH-SC-广义新-10155085148227-新综合频道-家用电器-京喜拉新-剪辑-转化引导-家用电器-20260714-无-625-2,0.00,2,0,0.00,0.00,0.00
2026-07-24,13939872330,CH-SC-广义新-10217878263924 -新综合频道-汽车用品-京喜拉新-剪辑-转化引导-汽车用品-20260717-无-625-14,0.00,2,0,0.00,0.00,0.00
2026-07-24,13939944011,CH-SC-广义新-10115067968253-新综合频道-家用电器-京喜拉新-剪辑-转化引导-家用电器-20260720-无-625-aigc-8,0.00,13,3,0.00,0.00,23.08
2026-07-24,13662919215,CH-SC-广义新-10130866966155-新综合频道-服饰内衣-京喜拉新-剪辑-转化引导-服饰内衣-20260624-无-625-3,0.00,0,0,0.00,0.00,0.00
2026-07-24,13939954260,CH-SC-广义新-10115067968253-新综合频道-家用电器-京喜拉新-剪辑-转化引导-家用电器-20260720-无-625-aigc-25,0.00,1,0,0.00,0.00,0.00
2026-07-24,13913153892,信息流-小牛-刮水器-京东主体-代运营-新人1分钱-0720-10101434066164-历史爆品-625-11,0.00,2,0,0.00,0.00,0.00
2026-07-24,13940198517,CH-SC-低活-10098882079537-超级抢购-厨具-无-剪辑-转化引导-厨具-20260716-无-625-aigc-12,0.00,1,0,0.00,0.00,0.00
2026-07-24,13651781682,CH-SC-低活-10081585918372-超级抢购-家庭清洁纸品-无-剪辑-转化引导-家庭清洁纸品-20260623-无-625-aigc-5,0.00,4,0,0.00,0.00,0.00
2026-07-24,13922145678,信息流-小牛-百香果-京东主体-代运营-新人福利价-0721-10161286379662-深海货盘-625-aigc-9,0.00,10,0,0.00,0.00,0.00
2026-07-24,13746292295,CH-SC-广义新-10136364012448-新综合频道-纸品-京喜拉新-剪辑-转化引导-纸品-20260701-无-625-aigc-16,0.00,11,1,0.00,0.00,9.09
2026-07-24,13651821994,CH-SC-低活-10081585918372-超级抢购-家庭清洁纸品-无-剪辑-转化引导-家庭清洁纸品-20260623-无-625-aigc-22,0.00,12,0,0.00,0.00,0.00
2026-07-24,13939928763,CH-SC-广义新-10115067968253-新综合频道-家用电器-京喜拉新-剪辑-转化引导-家用电器-20260720-无-625-aigc-20,0.00,1,0,0.00,0.00,0.00
2026-07-24,13835216927,CH-SC-广义新-10153911006548-新综合频道-粮油调味-京喜拉新-剪辑-转化引导-粮油调味-20260708-无-625-aigc-5,0.00,0,0,0.00,0.00,0.00
2026-07-24,13746301261,CH-SC-广义新-10136364012448-新综合频道-纸品-京喜拉新-剪辑-转化引导-纸品-20260701-无-625-aigc-3,0.00,1,0,0.00,0.00,0.00
2026-07-24,13846299024,CH-SC-低活-10162692688878-超级抢购-家用电器-无-剪辑-转化引导-家用电器-20260708-无-625-aigc-7,0.00,0,0,0.00,0.00,0.00
2026-07-24,13860581516,CH-SC-广义新-10215307938752-新综合频道-鞋靴-京喜拉新-剪辑-转化引导-鞋靴-20260713-反向-625-aigc-5,0.00,1,0,0.00,0.00,0.00
2026-07-24,13881429620,CH-SC-广义新-10161397805649 -新综合频道-服饰内衣-京喜拉新-剪辑-转化引导-服饰内衣-20260715-无-625-aigc-4,0.00,0,0,0.00,0.00,0.00
2026-07-24,13939935876,CH-SC-广义新-10150604147722-新综合频道-箱包皮具-京喜拉新-剪辑-转化引导-箱包皮具-20260720-反向-625-1,0.00,79,4,0.00,0.00,5.06
2026-07-24,13776566678,CH-SC-广义新-10122158874402-新综合频道-箱包皮具-京喜拉新-剪辑-转化引导-箱包皮具-20260702-反向-625-aigc-4,0.00,5,0,0.00,0.00,0.00
2026-07-24,13559877572,CH-SC-广义新-10219369508118-新综合频道-生鲜-京喜拉新-剪辑-转化引导-生鲜-20260612-反向-625-6,0.00,3,0,0.00,0.00,0.00
2026-07-24,13916487325,CH-SC-广义新-10040988734451-新10元话费券-无-无-剪辑-转化引导-无-20260715-无-625-21,0.00,0,0,0.00,0.00,0.00
2026-07-24,13662881239,CH-SC-低活-10134479334759-超级抢购通用-钟表眼镜-无-剪辑-转化引导-钟表眼镜-20260624-无-625-AIGC-2,0.00,1,0,0.00,0.00,0.00
2026-07-24,13836051783,CH-SC-低活-10156776256916-超级抢购-珠宝首饰-无-剪辑-转化引导-珠宝首饰-20260703-无-625-aigc-2,0.00,5,0,0.00,0.00,0.00
2026-07-24,13040044731,荣耀-XN-影音-通用-风景-混剪-260410-625-16,0.00,0,0,0.00,0.00,0.00
2026-07-25,13471070287,CH-SC-广义新-10136363822650-新综合频道-家庭清洁-京喜拉新-剪辑-转化引导-家庭清洁-20260602-反向-625-3,7037.34,117632,12313,55.41,127.00,10.47
2026-07-25,13547605427,CH-SC-低活-10140207411553-超级抢购加补-文教文化用品-无-剪辑-转化引导-文教文化用品-20260611-无-625-4,1561.33,128261,12722,3.98,392.29,9.92
2026-07-25,13916493537,CH-SC-广义新-10040988734451-新10元话费券-无-无-剪辑-转化引导-无-20260715-无-625-26,1186.71,158740,26476,40.92,29.00,16.68
2026-07-25,13904992394,CH-SC-广义新-10136363822650-新综合频道-家庭清洁-京喜拉新-剪辑-转化引导-家庭清洁-20260717-反向-625-1,1143.43,28646,3107,51.97,22.00,10.85
2026-07-25,13916497314,CH-SC-广义新-10040988734451-新10元话费券-无-无-剪辑-转化引导-无-20260715-无-625-22,779.90,79746,12330,30.00,26.00,15.46
2026-07-25,13799781175,CH-SC-广义新-10155085148227-新综合频道-家用电器-京喜拉新-剪辑-转化引导-家用电器-20260707-反向-625-aigc-14,605.42,94189,8375,50.45,12.00,8.89
2026-07-25,13922153461,信息流-小牛-抽纸-京东主体-代运营-新人福利价-0721-100281253200-设计自选-625-aigc-8,549.82,8330,2469,39.27,14.00,29.64
2026-07-25,13486885202,CH-SC-广义新-无-新10元话费券-10元话费券-京喜拉新-剪辑-转化引导-10元话费券-20260605-无-625-4,502.44,31982,2206,26.44,19.00,6.90
2026-07-25,13836038216,CH-SC-低活-10223482211866-超级抢购-生活日用-无-剪辑-转化引导-生活日用-20260703-无-625-7,407.48,4712,1222,15.67,26.00,25.93
2026-07-25,13873165421,CH-SC-低活-10137455430983-超级抢购-纸品-无-剪辑-转化引导-纸品-20260709-无-625-aigc-4,372.05,32821,3377,9.07,41.02,10.29
2026-07-25,13904991981,CH-SC-广义新-10136363822650-新综合频道-家庭清洁-京喜拉新-剪辑-转化引导-家庭清洁-202600602-反向-625-5,371.82,4671,443,92.96,4.00,9.48
2026-07-25,13559844692,CH-PRJ-采销项目-10204138700158-快手安卓-外卖美食-无-剪辑-转化引导-外卖美食-20260612-无-625-7,353.91,7127,3494,0.20,1769.55,49.02
2026-07-25,13559845354,CH-PRJ-采销项目-10204138700158-快手安卓-外卖美食-无-剪辑-转化引导-外卖美食-20260612-无-625-4,350.19,4780,2976,0.19,1843.11,62.26
2026-07-25,13559844197,CH-PRJ-采销项目-10204138700158-快手安卓-外卖美食-无-剪辑-转化引导-外卖美食-20260612-无-625-3,345.07,6931,4189,0.19,1816.16,60.44
2026-07-25,13559888558,CH-SC-广义新-10139440032542-新综合频道-运动户外-京喜拉新-剪辑-转化引导-运动户外-20260612-无-625-7,322.81,36996,442,64.56,5.00,1.19
2026-07-25,13559844535,CH-PRJ-采销项目-10204138700158-快手安卓-外卖美食-无-剪辑-转化引导-外卖美食-20260612-无-625-6,294.73,8750,3029,0.19,1551.21,34.62
2026-07-25,13559845298,CH-PRJ-采销项目-10204138700158-快手安卓-外卖美食-无-剪辑-转化引导-外卖美食-20260612-无-625-1,291.77,6227,2923,0.16,1823.56,46.94
2026-07-25,13536549173,CH-SC-低活-10219841541026-超级抢购加补-厨具-无-剪辑-转化引导-厨具-20260610-无-625-aigc-10,277.25,11825,502,21.33,13.00,4.25
2026-07-25,13651815810,CH-SC-低活-10081585918372-超级抢购-家庭清洁纸品-无-剪辑-转化引导-家庭清洁纸品-20260623-无-625-aigc-15,276.39,62109,1907,12.56,22.01,3.07
2026-07-25,13873170621,CH-SC-低活-10137455430983-超级抢购-纸品-无-剪辑-转化引导-纸品-20260709-无-625-aigc-11,224.66,33974,3522,11.23,20.01,10.37
2026-07-25,13471070035,CH-SC-广义新-10136363822650-新综合频道-家庭清洁-京喜拉新-剪辑-转化引导-家庭清洁-20260602-反向-625-1,198.19,10221,1296,66.06,3.00,12.68
2026-07-25,13603329865,CH-SC-广义新-10139440032542-新综合频道-运动户外-京喜拉新-剪辑-转化引导-运动户外-20260617-无-625-aigc10,183.91,19737,282,91.96,2.00,1.43
2026-07-25,13873168305,CH-SC-低活-10137455430983-超级抢购-纸品-无-剪辑-转化引导-纸品-20260709-无-625-aigc-7,183.37,14332,2273,10.19,18.00,15.86
2026-07-25,13873164965,CH-SC-低活-10137455430983-超级抢购-纸品-无-剪辑-转化引导-纸品-20260709-无-625-aigc-2,145.67,4836,543,8.09,18.01,11.23
2026-07-25,13352555282,CH-SC-低活-10081585918372-超级抢购-家庭清洁纸品-无-剪辑-转化引导-家庭清洁纸品-20260521-无-625-16,142.92,13575,569,28.58,5.00,4.19
2026-07-25,13651786488,CH-SC-低活-10166301474829-超级抢购加补-厨具-无-剪辑-转化引导-厨具-20260623-无-625-18,133.11,9172,1070,66.56,2.00,11.67
2026-07-25,13873244696,CH-SC-低活-10217740550325-超级抢购-箱包皮具-无-剪辑-转化引导-箱包皮具-20260713-无-625-aigc-7,128.17,5626,162,16.02,8.00,2.88
2026-07-25,13835184730,CH-SC-广义新-10155085148227-新综合频道-家用电器-京喜拉新-剪辑-转化引导-家用电器-20260708-无-625-aigc-67,115.90,27395,130,38.63,3.00,0.47
2026-07-25,13352554681,CH-SC-低活-10081585918372-超级抢购-家庭清洁纸品-无-剪辑-转化引导-家庭清洁纸品-20260521-无-625-13,115.55,8264,489,23.11,5.00,5.92
2026-07-25,13547606643,CH-SC-低活-10140207411553-超级抢购加补-文教文化用品-无-剪辑-转化引导-文教文化用品-20260611-无-625-8,102.70,8444,817,2.57,39.96,9.68
2026-07-25,13559886032,CH-SC-广义新-10120132288166-新综合频道-运动户外-京喜拉新-剪辑-转化引导-运动户外-20260612-无-625-9,91.96,17612,101,30.65,3.00,0.57
2026-07-25,13559845188,CH-PRJ-采销项目-10204138700158-快手安卓-外卖美食-无-剪辑-转化引导-外卖美食-20260612-无-625-10,83.86,1578,935,0.18,465.89,59.25
2026-07-25,13592316754,CH-SC-广义新-10146456039187-新综合频道-纸品-京喜拉新-剪辑-转化引导-纸品-20260616-反向-625-aigc-8,82.53,9914,942,0.00,0.00,9.50
2026-07-25,13904991502,CH-SC-广义新-10136363822650-新综合频道-家庭清洁-京喜拉新-剪辑-转化引导-家庭清洁-20260717-反向-625-4,79.52,2316,261,39.76,2.00,11.27
2026-07-25,13685269854,CH-SC-低活-10220560400432-超级抢购加补-生活日用-无-剪辑-转化引导-生活日用-20260626-无-625-aigc-15,76.35,5076,187,76.35,1.00,3.68
2026-07-25,13881547607,CH-SC-广义新-10102020339908 -新综合频道-数码-京喜拉新-剪辑-转化引导-数码-20260715-无-625-4,72.04,14151,693,72.04,1.00,4.90
2026-07-25,13873277927,CH-SC-低活-10081585918372-超级抢购-纸品-无-剪辑-转化引导-纸品-20260702-无-625-aigc-17,69.98,7028,712,23.33,3.00,10.13
2026-07-25,13352556484,CH-SC-低活-10081585918372-超级抢购-家庭清洁纸品-无-剪辑-转化引导-家庭清洁纸品-20260521-无-625-20,67.81,2241,211,13.56,5.00,9.42
2026-07-25,13614625693,CH-SC-广义新-10134479334759-新综合频道-钟表眼镜-京喜拉新-剪辑-转化引导-钟表眼镜-20260618-无-625-aigc-8,65.71,5397,128,0.00,0.00,2.37
2026-07-25,13939900885,CH-SC-广义新-10183880057418 -新综合频道-箱包皮具-京喜拉新-剪辑-转化引导-箱包皮具-20260717-无-625-aigc-6,64.90,8471,499,0.00,0.00,5.89
2026-07-25,13873166540,CH-SC-低活-10137455430983-超级抢购-纸品-无-剪辑-转化引导-纸品-20260709-无-625-aigc-5,62.86,8049,385,8.98,7.00,4.78
2026-07-25,13846013662,CH-SC-广义新-10140917922437-新综合频道-家庭清洁-京喜拉新-剪辑-转化引导-家庭清洁-20260710-无-625-aigc-8,58.45,16075,65,0.00,0.00,0.40
2026-07-25,13939904626,CH-SC-广义新-10183880057418 -新综合频道-箱包皮具-京喜拉新-剪辑-转化引导-箱包皮具-20260717-无-625-aigc-9,57.27,7784,393,0.00,0.00,5.05
2026-07-25,13559845061,CH-PRJ-采销项目-10204138700158-快手安卓-外卖美食-无-剪辑-转化引导-外卖美食-20260612-无-625-9,56.44,2333,719,0.18,313.56,30.82
2026-07-25,13845993499,CH-SC-广义新-10120961944861-新综合频道-运动户外 -京喜拉新-剪辑-转化引导-运动户外 -20260710-无-625-aigc-6,54.50,3060,302,27.25,2.00,9.87
2026-07-25,13916092543,CH-SC-广义新-10147832788047-新综合频道-工业品-京喜拉新-剪辑-转化引导-工业品-20260716-反向-625-2,53.85,272,134,17.95,3.00,49.26
2026-07-25,13916089663,CH-SC-广义新-10184972523548-新综合频道-厨具-京喜拉新-剪辑-转化引导-厨具-20260716-反向-625-aigc-10,47.81,8112,399,0.00,0.00,4.92
2026-07-25,13559844857,CH-PRJ-采销项目-10204138700158-快手安卓-外卖美食-无-剪辑-转化引导-外卖美食-20260612-无-625-8,39.81,1478,500,0.15,265.40,33.83
2026-07-25,13918399564,信息流-小牛-车载支架-低活-代运营-福利价-0721-100091919404-深海货盘-625-aigc-10,39.54,8868,1159,39.54,1.00,13.07
2026-07-25,13835192045,CH-SC-广义新-10109170972947-新综合频道-钟表眼镜-京喜拉新-剪辑-转化引导-钟表眼镜-20260708-无-625-aigc-3,39.27,26712,39,0.00,0.00,0.15
2026-07-25,13940216774,CH-SC-低活-10223570717754-超级抢购-生鲜-无-剪辑-转化引导-生鲜-20260716-无-625-aigc-12,38.02,13871,40,38.02,1.00,0.29
2026-07-25,13836021303,CH-SC-低活-10081585918372-超级抢购-纸品-无-剪辑-转化引导-纸品-20260702-无-625-aigc-3,37.44,13412,192,0.00,0.00,1.43
2026-07-25,13873167301,CH-SC-低活-10137455430983-超级抢购-纸品-无-剪辑-转化引导-纸品-20260709-无-625-aigc-6,35.53,31340,97,35.53,1.00,0.31
2026-07-25,13685269945,CH-SC-低活-10220560400432-超级抢购加补-生活日用-无-剪辑-转化引导-生活日用-20260626-无-625-aigc-13,33.35,1592,24,16.68,2.00,1.51
2026-07-25,13559884947,CH-SC-广义新-10120132288166-新综合频道-运动户外-京喜拉新-剪辑-转化引导-运动户外-20260612-无-625-6,30.95,7510,29,30.95,1.00,0.39
2026-07-25,13873248011,CH-SC-低活-10217740550325-超级抢购-箱包皮具-无-剪辑-转化引导-箱包皮具-20260713-无-625-aigc-2,29.86,1702,858,14.93,2.00,50.41
2026-07-25,13776511664,CH-SC-广义新-10101267118895-新综合频道-厨具-京喜拉新-剪辑-转化引导-厨具-20260702-无-625-aigc-2,29.81,17371,1386,0.00,0.00,7.98
2026-07-25,13559844369,CH-PRJ-采销项目-10204138700158-快手安卓-外卖美食-无-剪辑-转化引导-外卖美食-20260612-无-625-5,29.03,1540,433,0.17,170.76,28.12
2026-07-25,13603383616,CH-SC-低活-10217740550325-超级抢购加补-箱包皮具-无-剪辑-转化引导-箱包皮具-20260617-无-625-aigc-5,27.96,2501,80,27.96,1.00,3.20
2026-07-25,13471071598,CH-SC-广义新-10136363822650-新综合频道-家庭清洁-京喜拉新-剪辑-转化引导-家庭清洁-20260602-反向-625-aigc-1,27.02,560,43,0.00,0.00,7.68
2026-07-25,13846422587,CH-SC-低活-10220560400432-超级抢购-生活日用-无-剪辑-转化引导-生活日用-20260708-无-625-aigc-7,26.78,2356,528,26.78,1.00,22.41
2026-07-25,13873169325,CH-SC-低活-10137455430983-超级抢购-纸品-无-剪辑-转化引导-纸品-20260709-无-625-aigc-9,26.78,1990,131,0.00,0.00,6.58
2026-07-25,13916493564,CH-SC-广义新-10040988734451-新10元话费券-无-无-剪辑-转化引导-无-20260715-无-625-24,25.91,3849,211,0.00,0.00,5.48
2026-07-25,13486890259,CH-SC-广义新-无-新10元话费券-10元话费券-京喜拉新-剪辑-转化引导-10元话费券-20260605-无-625-11,25.67,969,436,25.67,1.00,44.99
2026-07-25,13873166317,CH-SC-低活-10137455430983-超级抢购-纸品-无-剪辑-转化引导-纸品-20260709-无-625-aigc-3,24.13,4258,152,12.07,2.00,3.57
2026-07-25,13957181664,信息流-小牛-保温饭盒-三方主体-代运营-新人福利价-0724-10125420247464-大盘扒改-625-3,23.38,1667,89,23.38,1.00,5.34
2026-07-25,13471069673,CH-SC-广义新-10136363822650-新综合频道-家庭清洁-京喜拉新-剪辑-转化引导-家庭清洁-20260602-反向-625-aigc-5,22.29,730,91,0.00,0.00,12.47
2026-07-25,13873171234,CH-SC-低活-10137455430983-超级抢购-纸品-无-剪辑-转化引导-纸品-20260709-无-625-aigc-12,21.76,1496,476,0.00,0.00,31.82
2026-07-25,13873168594,CH-SC-低活-10137455430983-超级抢购-纸品-无-剪辑-转化引导-纸品-20260709-无-625-aigc-8,21.04,1223,224,21.04,1.00,18.32
2026-07-25,13799981390,CH-SC-广义新-10134479334759-新综合频道-钟表眼镜-京喜拉新-剪辑-转化引导-钟表眼镜-20260703-无-625-aigc-12,20.69,1761,384,0.00,0.00,21.81
2026-07-25,13603346672,CH-SC-广义新-10166301474829-新综合频道-厨具-京喜拉新-剪辑-转化引导-厨具-20260617-反向-625-aigc-12,20.20,1896,335,0.00,0.00,17.67
2026-07-25,13873278009,CH-SC-低活-10081585918372-超级抢购-纸品-无-剪辑-转化引导-纸品-20260702-无-625-aigc-16,18.71,799,131,0.00,0.00,16.40
2026-07-25,13916489768,CH-SC-广义新-10040988734451-新10元话费券-无-无-剪辑-转化引导-无-20260715-无-625-11,18.38,1320,207,0.00,0.00,15.68
2026-07-25,13536545427,CH-SC-低活-10219841541026-超级抢购加补-厨具-无-剪辑-转化引导-厨具-20260610-无-625-aigc-4,18.34,410,19,9.17,2.00,4.63
2026-07-25,13846012393,CH-SC-广义新-10140917922437-新综合频道-家庭清洁-京喜拉新-剪辑-转化引导-家庭清洁-20260710-无-625-aigc-6,18.10,3662,22,0.00,0.00,0.60
2026-07-25,13939911163,CH-SC-广义新-10183880057418 -新综合频道-箱包皮具-京喜拉新-剪辑-转化引导-箱包皮具-20260717-无-625-aigc-1,15.82,1911,51,0.00,0.00,2.67
2026-07-25,13916109786,CH-SC-广义新-10155000015319-新综合频道-厨具-京喜拉新-剪辑-转化引导-厨具-20260716-无-625-aigc-2,15.39,966,44,0.00,0.00,4.55
2026-07-25,13815434561,CH-PRJ-采销项目-10227170510852-快手-本地生活-无-剪辑-转化引导-本地生活-20260710-无-625-8,15.28,304,199,7.64,2.00,65.46
2026-07-25,13939907432,CH-SC-广义新-10183880057418 -新综合频道-箱包皮具-京喜拉新-剪辑-转化引导-箱包皮具-20260717-无-625-aigc-12,15.13,3986,42,0.00,0.00,1.05
2026-07-25,13673738697,CH-SC-低活-10166301474829-超级抢购加补-厨具-无-剪辑-转化引导-厨具-20260625-无-625-13,14.45,1274,266,0.00,0.00,20.88
2026-07-25,13873243579,CH-SC-低活-10118706992345-超级抢购-纸品-无-剪辑-转化引导-纸品-20260710-无-625-aigc-11,14.09,4388,134,14.09,1.00,3.05
2026-07-25,13916491947,CH-SC-广义新-10040988734451-新10元话费券-无-无-剪辑-转化引导-无-20260715-无-625-16,13.67,1713,66,0.00,0.00,3.85
2026-07-25,13547619349,CH-SC-低活-10217613031260-好价清单-休闲食品-无-剪辑-转化引导-休闲食品-20260611-无-625-12,13.43,3351,49,0.00,0.00,1.46
2026-07-25,13486880647,CH-SC-广义新-无-新10元话费券-10元话费券-京喜拉新-剪辑-转化引导-10元话费券-20260605-无-625-21,13.18,1295,318,0.00,0.00,24.56
2026-07-25,13916115670,CH-SC-广义新-10155000015319-新综合频道-厨具-京喜拉新-剪辑-转化引导-厨具-20260716-无-625-aigc-5,13.17,455,84,0.00,0.00,18.46
2026-07-25,13719128579,CH-SC-广义新-10130866966155-新综合频道-服饰内衣-京喜拉新-剪辑-转化引导-服饰内衣-20260629-无-625-aigc-5,12.97,2556,225,0.00,0.00,8.80
2026-07-25,13486890331,CH-SC-广义新-无-新10元话费券-10元话费券-京喜拉新-剪辑-转化引导-10元话费券-20260605-无-625-10,12.87,373,188,0.00,0.00,50.40
2026-07-25,13939951180,CH-SC-广义新-10115067968253-新综合频道-家用电器-京喜拉新-剪辑-转化引导-家用电器-20260720-无-625-aigc-19,12.68,357,97,0.00,0.00,27.17
2026-07-25,13922152192,信息流-小牛-抽纸-京东主体-代运营-新人福利价-0721-100281253200-设计自选-625-aigc-5,12.45,130,48,0.00,0.00,36.92
2026-07-25,13835190847,CH-SC-广义新-10109170972947-新综合频道-钟表眼镜-京喜拉新-剪辑-转化引导-钟表眼镜-20260708-无-625-aigc-15,12.40,1524,287,0.00,0.00,18.83
2026-07-25,13846316876,CH-SC-低活-10140917922437-超级抢购-家庭清洁-无-剪辑-转化引导-家庭清洁-20260708-无-625-aigc-1,12.35,2391,19,12.35,1.00,0.79
2026-07-25,13559844150,CH-PRJ-采销项目-10204138700158-快手安卓-外卖美食-无-剪辑-转化引导-外卖美食-20260612-无-625-2,11.94,331,141,0.15,79.60,42.60
2026-07-25,13603354275,CH-SC-广义新-10166301474829-新综合频道-厨具-京喜拉新-剪辑-转化引导-厨具-20260617-反向-625-aigc-20,11.87,1168,226,0.00,0.00,19.35
2026-07-25,13939881696,CH-SC-广义新-10201862878352 -新综合频道-厨具-京喜拉新-剪辑-转化引导-厨具-20260717-无-625-aigc-9,11.79,4657,33,0.00,0.00,0.71
2026-07-25,13872652954,CH-SC-广义新-10136363822650 -新综合频道-纸品-京喜拉新-剪辑-转化引导-纸品-20260714-无-625-1,11.36,43,6,0.00,0.00,13.95
2026-07-25,13352560095,CH-SC-低活-10081585918372-超级抢购-家庭清洁纸品-无-剪辑-转化引导-家庭清洁纸品-20260521-无-625-36,10.66,6466,46,0.00,0.00,0.71
2026-07-25,13846372517,CH-SC-低活-10112643484929-超级抢购-手机通讯-无-剪辑-转化引导-手机通讯-20260708-无-625-aigc-5,10.18,826,36,0.00,0.00,4.36
2026-07-25,13922154849,信息流-小牛-抽纸-京东主体-代运营-新人福利价-0721-100281253200-设计自选-625-aigc-9,9.83,203,38,9.83,1.00,18.72
2026-07-25,13918401522,信息流-小牛-车载支架-低活-代运营-福利价-0721-100091919404-深海货盘-625-aigc-14,9.69,1476,439,0.00,0.00,29.74
2026-07-25,13559885026,CH-SC-广义新-10120132288166-新综合频道-运动户外-京喜拉新-剪辑-转化引导-运动户外-20260612-无-625-5,9.12,595,8,9.12,1.00,1.34
2026-07-25,13603353242,CH-SC-广义新-10166301474829-新综合频道-厨具-京喜拉新-剪辑-转化引导-厨具-20260617-反向-625-aigc-21,9.05,897,200,0.00,0.00,22.30
2026-07-25,13940213927,CH-SC-低活-10223570717754-超级抢购-生鲜-无-剪辑-转化引导-生鲜-20260716-无-625-aigc-8,8.34,511,22,0.00,0.00,4.31
2026-07-25,13916096211,CH-SC-广义新-10147832788047-新综合频道-工业品-京喜拉新-剪辑-转化引导-工业品-20260716-反向-625-7,7.87,47,17,0.00,0.00,36.17
2026-07-25,13815443566,CH-PRJ-采销项目-10227170510852-快手-本地生活-无-剪辑-转化引导-本地生活-20260710-无-625-15,7.80,187,122,0.00,0.00,65.24
2026-07-25,13922151320,信息流-小牛-抽纸-京东主体-代运营-新人福利价-0721-100281253200-设计自选-625-aigc-3,7.77,195,37,0.00,0.00,18.97
2026-07-25,13799781798,CH-SC-广义新-10155085148227-新综合频道-家用电器-京喜拉新-剪辑-转化引导-家用电器-20260707-反向-625-aigc-16,7.55,852,227,0.00,0.00,26.64
2026-07-25,13846316443,CH-SC-低活-10140917922437-超级抢购-家庭清洁-无-剪辑-转化引导-家庭清洁-20260708-无-625-aigc-16,6.68,673,10,0.00,0.00,1.49
2026-07-25,13873199145,CH-SC-低活-10140917922437-超级抢购-家庭清洁-无-剪辑-转化引导-家庭清洁-20260709-无-625-aigc-8,6.54,905,10,0.00,0.00,1.10
2026-07-25,13916102483,CH-SC-广义新-10184972523548-新综合频道-厨具-京喜拉新-剪辑-转化引导-厨具-20260716-反向-625-aigc-8,6.40,1087,30,0.00,0.00,2.76
2026-07-25,13939910265,CH-SC-广义新-10183880057418 -新综合频道-箱包皮具-京喜拉新-剪辑-转化引导-箱包皮具-20260717-无-625-aigc-15,6.37,3223,8,0.00,0.00,0.25
2026-07-25,13836043947,CH-SC-低活-10118706992345-超级抢购-纸品-无-剪辑-转化引导-纸品-20260702-无-625-aigc-4,6.21,1907,84,0.00,0.00,4.40
2026-07-25,13939909961,CH-SC-广义新-10183880057418 -新综合频道-箱包皮具-京喜拉新-剪辑-转化引导-箱包皮具-20260717-无-625-aigc-13,6.15,2283,16,0.00,0.00,0.70
2026-07-25,13846398501,CH-SC-低活-10112643484929-超级抢购-手机通讯-无-剪辑-转化引导-手机通讯-20260708-无-625-aigc-3,5.72,554,9,0.00,0.00,1.62
2026-07-25,13881546157,CH-SC-广义新-10102020339908 -新综合频道-数码-京喜拉新-剪辑-转化引导-数码-20260715-无-625-10,5.64,1113,66,0.00,0.00,5.93
2026-07-25,13799983282,CH-SC-广义新-10134479334759-新综合频道-钟表眼镜-京喜拉新-剪辑-转化引导-钟表眼镜-20260703-无-625-aigc-13,5.56,1361,10,0.00,0.00,0.73
2026-07-25,13603353487,CH-SC-广义新-10166301474829-新综合频道-厨具-京喜拉新-剪辑-转化引导-厨具-20260617-反向-625-aigc-19,5.43,452,134,5.43,1.00,29.65
2026-07-25,13846397896,CH-SC-低活-10112643484929-超级抢购-手机通讯-无-剪辑-转化引导-手机通讯-20260708-无-625-aigc-1,5.30,396,10,0.00,0.00,2.53
2026-07-25,13662915269,CH-SC-广义新-10223419649136-新综合频道-手机通讯-京喜拉新-剪辑-转化引导-手机通讯-20260624-反向-625-AIGC-2,5.15,107,1,0.00,0.00,0.93
2026-07-25,13916489653,CH-SC-广义新-10040988734451-新10元话费券-无-无-剪辑-转化引导-无-20260715-无-625-1,4.98,540,158,0.00,0.00,29.26
2026-07-25,13916097288,CH-SC-广义新-10147832788047-新综合频道-工业品-京喜拉新-剪辑-转化引导-工业品-20260716-反向-625-10,4.77,22,12,0.00,0.00,54.55
2026-07-25,13946590312,信息流-小牛-电煮锅-京东主体-代运营-新人福利价-0723-10125368295124-设计自选-625-aigc-9,4.74,59,2,0.00,0.00,3.39
2026-07-25,13916490717,CH-SC-广义新-10040988734451-新10元话费券-无-无-剪辑-转化引导-无-20260715-无-625-6,4.61,465,56,0.00,0.00,12.04
2026-07-25,13352554298,CH-SC-低活-10081585918372-超级抢购-家庭清洁纸品-无-剪辑-转化引导-家庭清洁纸品-20260521-无-625-11,4.61,850,18,0.00,0.00,2.12
2026-07-25,13873198936,CH-SC-低活-10140917922437-超级抢购-家庭清洁-无-剪辑-转化引导-家庭清洁-20260709-无-625-aigc-9,4.57,227,38,0.00,0.00,16.74
2026-07-25,13719129557,CH-SC-广义新-10130866966155-新综合频道-服饰内衣-京喜拉新-剪辑-转化引导-服饰内衣-20260629-无-625-aigc-8,4.49,1069,114,0.00,0.00,10.66
2026-07-25,13722920074,CH-SC-低活-10220560400432-超级抢购加补-生活日用-无-剪辑-转化引导-生活日用-20260629-无-625-aigc-8,4.46,252,127,0.00,0.00,50.40
2026-07-25,13872651421,CH-SC-广义新-10136363822650 -新综合频道-纸品-京喜拉新-剪辑-转化引导-纸品-20260714-无-625-9,4.29,157,1,0.00,0.00,0.64
2026-07-25,13614624623,CH-SC-广义新-10134479334759-新综合频道-钟表眼镜-京喜拉新-剪辑-转化引导-钟表眼镜-20260618-无-625-aigc-7,4.26,429,16,0.00,0.00,3.73
2026-07-25,13916098016,CH-SC-广义新-10147832788047-新综合频道-工业品-京喜拉新-剪辑-转化引导-工业品-20260716-反向-625-1,4.25,32,17,0.00,0.00,53.12
2026-07-25,13846319941,CH-SC-低活-10140917922437-超级抢购-家庭清洁-无-剪辑-转化引导-家庭清洁-20260708-无-625-aigc-2,4.25,833,11,4.25,1.00,1.32
2026-07-25,13776518178,CH-SC-广义新-10130866966155-新综合频道-服饰内衣-京喜拉新-剪辑-转化引导-服饰内衣-20260702-无-625-aigc-4,4.23,638,80,0.00,0.00,12.54
2026-07-25,13776532381,CH-SC-广义新-10130866966155-新综合频道-服饰内衣-京喜拉新-剪辑-转化引导-服饰内衣-20260702-无-625-aigc-17,4.18,847,110,0.00,0.00,12.99
2026-07-25,13722919113,CH-SC-低活-10220560400432-超级抢购加补-生活日用-无-剪辑-转化引导-生活日用-20260629-无-625-aigc-4,4.07,261,94,0.00,0.00,36.02
2026-07-25,13873283614,CH-SC-低活-10081585918372-超级抢购-纸品-无-剪辑-转化引导-纸品-20260702-无-625-aigc-22,4.04,601,452,4.04,1.00,75.21
2026-07-25,13559884097,CH-SC-广义新-10120132288166-新综合频道-运动户外-京喜拉新-剪辑-转化引导-运动户外-20260612-无-625-4,3.95,502,6,0.00,0.00,1.20
2026-07-25,13471071527,CH-SC-广义新-10136363822650-新综合频道-家庭清洁-京喜拉新-剪辑-转化引导-家庭清洁-20260602-反向-625-aigc-2,3.92,399,16,0.00,0.00,4.01
2026-07-25,13352562264,CH-SC-低活-10081585918372-超级抢购-家庭清洁纸品-无-剪辑-转化引导-家庭清洁纸品-20260521-无-625-8,3.89,262,12,3.89,1.00,4.58
2026-07-25,13799758725,CH-SC-广义新-10157346551639-新综合频道-生鲜-京喜拉新-剪辑-转化引导-生鲜-20260706-无-625-12,3.45,1123,14,0.00,0.00,1.25
2026-07-25,13614673729,CH-SC-低活-10143318867797-超级抢购5元-厨具-无-剪辑-转化引导-厨具-20260618-无-625-aigc-3,3.31,913,26,0.00,0.00,2.85
2026-07-25,13873247401,CH-SC-低活-10217740550325-超级抢购-箱包皮具-无-剪辑-转化引导-箱包皮具-20260713-无-625-aigc-1,3.25,383,24,0.00,0.00,6.27
2026-07-25,13860488800,CH-SC-广义新-10151951361734-新综合频道-箱包皮具-京喜拉新-剪辑-转化引导-箱包皮具-20260713-无-625-aigc-6,3.22,15,6,0.00,0.00,40.00
2026-07-25,13873275138,CH-SC-低活-10081585918372-超级抢购-纸品-无-剪辑-转化引导-纸品-20260702-无-625-aigc-14,3.17,1989,16,0.00,0.00,0.80
2026-07-25,13799931656,CH-SC-广义新-10158258669630-新综合频道-居家布艺-京喜拉新-剪辑-转化引导-居家布艺-20260706-无-625-aigc-7,3.12,404,4,0.00,0.00,0.99
2026-07-25,13815443598,CH-PRJ-采销项目-10227170510852-快手-本地生活-无-剪辑-转化引导-本地生活-20260710-无-625-2,3.08,79,60,3.08,1.00,75.95
2026-07-25,13776536723,CH-SC-广义新-10130866966155-新综合频道-服饰内衣-京喜拉新-剪辑-转化引导-服饰内衣-20260702-无-625-aigc-1,2.99,488,131,0.00,0.00,26.84
2026-07-25,13916311123,CH-SC-低活-10215767576641-超级抢购-生鲜-无-剪辑-转化引导-生鲜-20260715-无-625-aigc-1,2.96,203,11,0.00,0.00,5.42
2026-07-25,13916491411,CH-SC-广义新-10040988734451-新10元话费券-无-无-剪辑-转化引导-无-20260715-无-625-9,2.95,154,19,0.00,0.00,12.34
2026-07-25,13873235146,CH-SC-低活-10184888743389-超级抢购-纸品-无-剪辑-转化引导-纸品-20260710-无-625-aigc-2,2.89,372,12,0.00,0.00,3.23
2026-07-25,13722919375,CH-SC-低活-10220560400432-超级抢购加补-生活日用-无-剪辑-转化引导-生活日用-20260629-无-625-aigc-5,2.85,56,2,0.00,0.00,3.57
2026-07-25,13800018553,CH-SC-广义新-10040988734451-新10元话费券-无-无-剪辑-转化引导-无-20260629-无-625-2,2.76,472,79,0.00,0.00,16.74
2026-07-25,13872650671,CH-SC-广义新-10136363822650 -新综合频道-纸品-京喜拉新-剪辑-转化引导-纸品-20260714-无-625-5,2.70,29,1,0.00,0.00,3.45
2026-07-25,13799763117,CH-SC-广义新-10157346551639-新综合频道-生鲜-京喜拉新-剪辑-转化引导-生鲜-20260706-无-625-10,2.68,77,0,0.00,0.00,0.00
2026-07-25,13846346637,CH-SC-低活-10113209119177-超级抢购-电动车-无-剪辑-转化引导-电动车-20260708-无-625-12,2.68,75,3,2.68,1.00,4.00
2026-07-25,13939878634,CH-SC-广义新-10201862878352 -新综合频道-厨具-京喜拉新-剪辑-转化引导-厨具-20260717-无-625-aigc-6,2.62,1271,21,0.00,0.00,1.65
2026-07-25,13799942003,CH-SC-广义新-10139440032542-新综合频道-运动户外-京喜拉新-剪辑-转化引导-运动户外-20260703-无-625-aigc-1,2.43,462,4,0.00,0.00,0.87
2026-07-25,13603320531,CH-SC-广义新-10118706992345-新综合频道-纸品-无-剪辑-转化引导-纸品-20260617-无-625-aigc-12,2.38,989,28,0.00,0.00,2.83
2026-07-25,13939892238,CH-SC-广义新-10201862878352 -新综合频道-厨具-京喜拉新-剪辑-转化引导-厨具-20260717-无-625-aigc-23,2.28,1090,1,0.00,0.00,0.09
2026-07-25,13799885673,CH-SC-广义新-10140493395931-新综合频道-厨房卫浴-京喜拉新-剪辑-转化引导-厨房卫浴-20260707-无-625-aigc-9,2.17,450,41,0.00,0.00,9.11
2026-07-25,13846375083,CH-SC-低活-10112643484929-超级抢购-手机通讯-无-剪辑-转化引导-手机通讯-20260708-无-625-aigc-6,2.16,235,14,0.00,0.00,5.96
2026-07-25,13940213199,CH-SC-低活-10223570717754-超级抢购-生鲜-无-剪辑-转化引导-生鲜-20260716-无-625-aigc-7,2.11,109,2,0.00,0.00,1.83
2026-07-25,13860484585,CH-SC-广义新-10151951361734-新综合频道-箱包皮具-京喜拉新-剪辑-转化引导-箱包皮具-20260713-无-625-aigc-2,2.11,13,9,2.11,1.00,69.23
2026-07-25,13352599079,CH-SC-低活-10156923061370-超级抢购5元-数码-无-剪辑-转化引导-数码-20260521-无-625-1,2.09,162,4,0.00,0.00,2.47
2026-07-25,13939905194,CH-SC-广义新-10183880057418 -新综合频道-箱包皮具-京喜拉新-剪辑-转化引导-箱包皮具-20260717-无-625-aigc-10,2.08,583,6,0.00,0.00,1.03
2026-07-25,13939908809,CH-SC-广义新-10183880057418 -新综合频道-箱包皮具-京喜拉新-剪辑-转化引导-箱包皮具-20260717-无-625-aigc-11,2.06,644,3,0.00,0.00,0.47
2026-07-25,13939903179,CH-SC-广义新-10183880057418 -新综合频道-箱包皮具-京喜拉新-剪辑-转化引导-箱包皮具-20260717-无-625-aigc-8,2.04,1056,5,0.00,0.00,0.47
2026-07-25,13940211127,CH-SC-低活-10223570717754-超级抢购-生鲜-无-剪辑-转化引导-生鲜-20260716-无-625-aigc-2,2.00,66,3,0.00,0.00,4.55
2026-07-25,13916402149,CH-SC-低活-10120093290551-超级抢购-纸品-无-剪辑-转化引导-纸品-20260715-无-625-aigc-2,2.00,468,11,0.00,0.00,2.35
2026-07-25,13846397120,CH-SC-低活-10112643484929-超级抢购-手机通讯-无-剪辑-转化引导-手机通讯-20260708-无-625-aigc-2,1.98,453,11,0.00,0.00,2.43
2026-07-25,13916117535,CH-SC-广义新-10155000015319-新综合频道-厨具-京喜拉新-剪辑-转化引导-厨具-20260716-无-625-aigc-8,1.94,1604,6,0.00,0.00,0.37
2026-07-25,13916117935,CH-SC-广义新-10155000015319-新综合频道-厨具-京喜拉新-剪辑-转化引导-厨具-20260716-无-625-aigc-9,1.93,52,3,0.00,0.00,5.77
2026-07-25,13939895251,CH-SC-广义新-10201862878352 -新综合频道-厨具-京喜拉新-剪辑-转化引导-厨具-20260717-无-625-aigc-27,1.84,1229,2,0.00,0.00,0.16
2026-07-25,13873191026,CH-SC-低活-10140917922437-超级抢购-家庭清洁-无-剪辑-转化引导-家庭清洁-20260709-无-625-aigc-2,1.80,59,2,0.00,0.00,3.39
2026-07-25,13799927457,CH-SC-广义新-10158258669630-新综合频道-居家布艺-京喜拉新-剪辑-转化引导-居家布艺-20260706-无-625-aigc-2,1.79,222,9,0.00,0.00,4.05
2026-07-25,13916105958,CH-SC-广义新-10184972523548-新综合频道-厨具-京喜拉新-剪辑-转化引导-厨具-20260716-反向-625-aigc-9,1.77,232,12,0.00,0.00,5.17
2026-07-25,13916094305,CH-SC-广义新-10147832788047-新综合频道-工业品-京喜拉新-剪辑-转化引导-工业品-20260716-反向-625-5,1.56,17,8,0.00,0.00,47.06
2026-07-25,13341766059,CH-SC-广义新-10219841541026-新综合频道-厨具-京喜拉新-剪辑-转化引导-厨具-20260520-反向-625-8,1.51,112,1,0.00,0.00,0.89
2026-07-25,13940212738,CH-SC-低活-10223570717754-超级抢购-生鲜-无-剪辑-转化引导-生鲜-20260716-无-625-aigc-6,1.44,69,6,0.00,0.00,8.70
2026-07-25,13776519951,CH-SC-广义新-10130866966155-新综合频道-服饰内衣-京喜拉新-剪辑-转化引导-服饰内衣-20260702-无-625-aigc-7,1.43,291,27,0.00,0.00,9.28
2026-07-25,13836034502,CH-SC-低活-10223482211866-超级抢购-生活日用-无-剪辑-转化引导-生活日用-20260703-无-625-3,1.43,454,4,0.00,0.00,0.88
2026-07-25,13939880498,CH-SC-广义新-10201862878352 -新综合频道-厨具-京喜拉新-剪辑-转化引导-厨具-20260717-无-625-aigc-8,1.38,1001,4,0.00,0.00,0.40
2026-07-25,13799913889,CH-SC-广义新-10118706992345-新综合频道-纸品-京喜拉新-剪辑-转化引导-纸品-20260707-无-625-aigc-4,1.38,77,11,0.00,0.00,14.29
2026-07-25,13916111070,CH-SC-广义新-10155000015319-新综合频道-厨具-京喜拉新-剪辑-转化引导-厨具-20260716-无-625-aigc-4,1.37,159,7,0.00,0.00,4.40
2026-07-25,13939879486,CH-SC-广义新-10201862878352 -新综合频道-厨具-京喜拉新-剪辑-转化引导-厨具-20260717-无-625-aigc-7,1.34,806,2,0.00,0.00,0.25
2026-07-25,13352554865,CH-SC-低活-10081585918372-超级抢购-家庭清洁纸品-无-剪辑-转化引导-家庭清洁纸品-20260521-无-625-14,1.32,77,19,0.00,0.00,24.68
2026-07-25,13352561533,CH-SC-低活-10081585918372-超级抢购-家庭清洁纸品-无-剪辑-转化引导-家庭清洁纸品-20260521-无-625-4,1.28,55,6,0.00,0.00,10.91
2026-07-25,13873282737,CH-SC-低活-10081585918372-超级抢购-纸品-无-剪辑-转化引导-纸品-20260702-无-625-aigc-23,1.24,2,0,0.00,0.00,0.00
2026-07-25,13922147929,信息流-小牛-百香果-京东主体-代运营-新人福利价-0721-10161286379662-深海货盘-625-aigc-11,1.22,265,11,0.00,0.00,4.15
2026-07-25,13341765349,CH-SC-广义新-10219841541026-新综合频道-厨具-京喜拉新-剪辑-转化引导-厨具-20260520-反向-625-7,1.16,199,8,0.00,0.00,4.02
2026-07-25,13873229273,CH-SC-低活-10184888743389-超级抢购-纸品-无-剪辑-转化引导-纸品-20260710-无-625-aigc-8,1.15,174,3,0.00,0.00,1.72
2026-07-25,13946569358,信息流-小牛-电煮锅-京东主体-代运营-新人福利价-0723-10125368295124-设计自选-625-aigc-3,1.02,18,1,1.02,1.00,5.56
2026-07-25,13815439536,CH-PRJ-采销项目-10227170510852-快手-本地生活-无-剪辑-转化引导-本地生活-20260710-无-625-12,1.01,29,20,0.00,0.00,68.97
2026-07-25,13746320691,CH-SC-低活-10139440032542-超级抢购5元-运动户外-无-剪辑-转化引导-运动户外-20260630-无-625-aigc-1,1.00,200,0,0.00,0.00,0.00
2026-07-25,13916303997,CH-SC-低活-10140917922437-超级抢购-家庭清洁-无-剪辑-转化引导-家庭清洁-20260715-无-625-aigc-15,0.96,154,5,0.00,0.00,3.25
2026-07-25,13846392308,CH-SC-低活-10112643484929-超级抢购-手机通讯-无-剪辑-转化引导-手机通讯-20260708-无-625-aigc-18,0.96,63,1,0.00,0.00,1.59
2026-07-25,13547605549,CH-SC-低活-10140207411553-超级抢购加补-文教文化用品-无-剪辑-转化引导-文教文化用品-20260611-无-625-7,0.95,263,36,0.00,0.00,13.69
2026-07-25,13939888246,CH-SC-广义新-10201862878352 -新综合频道-厨具-京喜拉新-剪辑-转化引导-厨具-20260717-无-625-aigc-19,0.95,508,2,0.00,0.00,0.39
2026-07-25,13916401971,CH-SC-低活-10120093290551-超级抢购-纸品-无-剪辑-转化引导-纸品-20260715-无-625-aigc-12,0.94,608,7,0.00,0.00,1.15
2026-07-25,13916092866,CH-SC-广义新-10184972523548-新综合频道-厨具-京喜拉新-剪辑-转化引导-厨具-20260716-反向-625-aigc-3,0.91,68,2,0.00,0.00,2.94
2026-07-25,13872651899,CH-SC-广义新-10136363822650 -新综合频道-纸品-京喜拉新-剪辑-转化引导-纸品-20260714-无-625-10,0.88,13,2,0.00,0.00,15.38
2026-07-25,13776519630,CH-SC-广义新-10130866966155-新综合频道-服饰内衣-京喜拉新-剪辑-转化引导-服饰内衣-20260702-无-625-aigc-5,0.84,289,33,0.00,0.00,11.42
2026-07-25,13916296963,CH-SC-低活-10130886489325-超级抢购-厨具-无-剪辑-转化引导-厨具-20260715-无-625-17,0.81,109,9,0.00,0.00,8.26
2026-07-25,13939938577,CH-SC-广义新-10150604147722-新综合频道-箱包皮具-京喜拉新-剪辑-转化引导-箱包皮具-20260720-反向-625-9,0.81,54,8,0.00,0.00,14.81
2026-07-25,13836023118,CH-SC-低活-10081585918372-超级抢购-纸品-无-剪辑-转化引导-纸品-20260702-无-625-aigc-4,0.80,9,0,0.00,0.00,0.00
2026-07-25,13815432816,CH-PRJ-采销项目-10227170510852-快手-本地生活-无-剪辑-转化引导-本地生活-20260710-无-625-4,0.80,26,18,0.00,0.00,69.23
2026-07-25,13916306204,CH-SC-低活-10215767576641-超级抢购-生鲜-无-剪辑-转化引导-生鲜-20260715-无-625-aigc-5,0.79,62,0,0.00,0.00,0.00
2026-07-25,13916106597,CH-SC-广义新-10155000015319-新综合频道-厨具-京喜拉新-剪辑-转化引导-厨具-20260716-无-625-aigc-11,0.77,206,23,0.00,0.00,11.17
2026-07-25,13746347679,CH-SC-低活-10219841541026-超级抢购加补-厨具-无-剪辑-转化引导-厨具-20260630-无-625-aigc-8,0.76,141,12,0.00,0.00,8.51
2026-07-25,13651774640,CH-SC-低活-10081585918372-超级抢购-家庭清洁纸品-无-剪辑-转化引导-家庭清洁纸品-20260623-无-625-aigc-1,0.75,60,6,0.00,0.00,10.00
2026-07-25,13939886933,CH-SC-广义新-10201862878352 -新综合频道-厨具-京喜拉新-剪辑-转化引导-厨具-20260717-无-625-aigc-15,0.74,183,3,0.00,0.00,1.64
2026-07-25,13846311562,CH-SC-低活-10140917922437-超级抢购-家庭清洁-无-剪辑-转化引导-家庭清洁-20260708-无-625-aigc-12,0.74,205,4,0.00,0.00,1.95
2026-07-25,13845990761,CH-SC-广义新-10120961944861-新综合频道-运动户外 -京喜拉新-剪辑-转化引导-运动户外 -20260710-无-625-aigc-2,0.73,454,2,0.00,0.00,0.44
2026-07-25,13746328313,CH-SC-低活-10139440032542-超级抢购5元-运动户外-无-剪辑-转化引导-运动户外-20260630-无-625-aigc-8,0.73,49,1,0.00,0.00,2.04
2026-07-25,13873203758,CH-SC-低活-10140917922437-超级抢购-家庭清洁-无-剪辑-转化引导-家庭清洁-20260709-无-625-aigc-12,0.73,67,10,0.00,0.00,14.93
2026-07-25,13939883991,CH-SC-广义新-10201862878352 -新综合频道-厨具-京喜拉新-剪辑-转化引导-厨具-20260717-无-625-aigc-12,0.73,194,4,0.00,0.00,2.06
2026-07-25,13731660821,CH-SC-广义新-10103971298079-新综合频道-家具-京喜拉新-剪辑-转化引导-家具-20260630-反向-625-5,0.73,112,13,0.00,0.00,11.61
2026-07-25,13603318244,CH-SC-广义新-10118706992345-新综合频道-纸品-无-剪辑-转化引导-纸品-20260617-无-625-aigc-11,0.72,339,12,0.00,0.00,3.54
2026-07-25,13881547160,CH-SC-广义新-10102020339908 -新综合频道-数码-京喜拉新-剪辑-转化引导-数码-20260715-无-625-3,0.70,109,10,0.00,0.00,9.17
2026-07-25,13881548030,CH-SC-广义新-10102020339908 -新综合频道-数码-京喜拉新-剪辑-转化引导-数码-20260715-无-625-5,0.69,478,7,0.00,0.00,1.46
2026-07-25,13881545653,CH-SC-广义新-10102020339908 -新综合频道-数码-京喜拉新-剪辑-转化引导-数码-20260715-无-625-1,0.69,88,5,0.00,0.00,5.68
2026-07-25,13846370672,CH-SC-低活-10112643484929-超级抢购-手机通讯-无-剪辑-转化引导-手机通讯-20260708-无-625-aigc-4,0.68,122,1,0.00,0.00,0.82
2026-07-25,13946571473,信息流-小牛-电煮锅-京东主体-代运营-新人福利价-0723-10125368295124-设计自选-625-aigc-2,0.67,116,4,0.00,0.00,3.45
2026-07-25,13904992036,CH-SC-广义新-10136363822650-新综合频道-家庭清洁-京喜拉新-剪辑-转化引导-家庭清洁-20260717-反向-625-6,0.67,47,1,0.00,0.00,2.13
2026-07-25,13662932518,CH-SC-广义新-10223419649136-新综合频道-手机通讯-京喜拉新-剪辑-转化引导-手机通讯-20260624-反向-625-AIGC-12,0.66,18,0,0.00,0.00,0.00
2026-07-25,13559885868,CH-SC-广义新-10120132288166-新综合频道-运动户外-京喜拉新-剪辑-转化引导-运动户外-20260612-无-625-7,0.66,241,0,0.00,0.00,0.00
2026-07-25,13341769458,CH-SC-广义新-10219841541026-新综合频道-厨具-京喜拉新-剪辑-转化引导-厨具-20260520-反向-625-15,0.64,154,4,0.00,0.00,2.60
2026-07-25,13614673056,CH-SC-低活-10143318867797-超级抢购5元-厨具-无-剪辑-转化引导-厨具-20260618-无-625-aigc-2,0.63,98,2,0.00,0.00,2.04
2026-07-25,13939906647,CH-SC-广义新-10183880057418 -新综合频道-箱包皮具-京喜拉新-剪辑-转化引导-箱包皮具-20260717-无-625-aigc-5,0.62,270,0,0.00,0.00,0.00
2026-07-25,13946598338,信息流-小牛-电煮锅-京东主体-代运营-新人福利价-0723-10125368295124-设计自选-625-aigc-1,0.61,58,5,0.00,0.00,8.62
2026-07-25,13916491102,CH-SC-广义新-10040988734451-新10元话费券-无-无-剪辑-转化引导-无-20260715-无-625-8,0.61,28,1,0.00,0.00,3.57
2026-07-25,13946554762,信息流-小牛-车载支架-京东主体-代运营-新人福利价-0723-10139440032542-设计自选-625-aigc-2,0.59,21,2,0.00,0.00,9.52
2026-07-25,13651816053,CH-SC-低活-10081585918372-超级抢购-家庭清洁纸品-无-剪辑-转化引导-家庭清洁纸品-20260623-无-625-aigc-18,0.58,119,43,0.00,0.00,36.13
2026-07-25,13341768699,CH-SC-广义新-10219841541026-新综合频道-厨具-京喜拉新-剪辑-转化引导-厨具-20260520-反向-625-14,0.58,295,4,0.00,0.00,1.36
2026-07-25,13916296223,CH-SC-低活-10130886489325-超级抢购-厨具-无-剪辑-转化引导-厨具-20260715-无-625-16,0.55,167,4,0.00,0.00,2.40
2026-07-25,13946593025,信息流-小牛-电煮锅-京东主体-代运营-新人福利价-0723-10125368295124-设计自选-625-aigc-12,0.55,22,2,0.00,0.00,9.09
2026-07-25,13916493960,CH-SC-广义新-10040988734451-新10元话费券-无-无-剪辑-转化引导-无-20260715-无-625-25,0.54,30,4,0.00,0.00,13.33
2026-07-25,13873226529,CH-SC-低活-10184888743389-超级抢购-纸品-无-剪辑-转化引导-纸品-20260710-无-625-aigc-6,0.53,40,2,0.00,0.00,5.00
2026-07-25,13815431986,CH-PRJ-采销项目-10227170510852-快手-本地生活-无-剪辑-转化引导-本地生活-20260710-无-625-5,0.53,16,14,0.00,0.00,87.50
2026-07-25,13939878315,CH-SC-广义新-10201862878352 -新综合频道-厨具-京喜拉新-剪辑-转化引导-厨具-20260717-无-625-aigc-5,0.52,391,2,0.00,0.00,0.51
2026-07-25,13352560732,CH-SC-低活-10081585918372-超级抢购-家庭清洁纸品-无-剪辑-转化引导-家庭清洁纸品-20260521-无-625-2,0.52,33,13,0.00,0.00,39.39
2026-07-25,13916291673,CH-SC-低活-10130886489325-超级抢购-厨具-无-剪辑-转化引导-厨具-20260715-无-625-9,0.52,15,3,0.00,0.00,20.00
2026-07-25,13916303191,CH-SC-低活-10140917922437-超级抢购-家庭清洁-无-剪辑-转化引导-家庭清洁-20260715-无-625-aigc-13,0.52,33,4,0.00,0.00,12.12
2026-07-25,13614624762,CH-SC-广义新-10134479334759-新综合频道-钟表眼镜-京喜拉新-剪辑-转化引导-钟表眼镜-20260618-无-625-aigc-5,0.48,91,4,0.00,0.00,4.40
2026-07-25,13776619971,CH-SC-广义新-10177393646076-新综合频道-灯饰照明-京喜拉新-剪辑-转化引导-灯饰照明-20260702-反向-625-aigc-21,0.48,88,12,0.00,0.00,13.64
2026-07-25,13939938272,CH-SC-广义新-10150604147722-新综合频道-箱包皮具-京喜拉新-剪辑-转化引导-箱包皮具-20260720-反向-625-8,0.48,55,8,0.00,0.00,14.55
2026-07-25,13916294207,CH-SC-低活-10130886489325-超级抢购-厨具-无-剪辑-转化引导-厨具-20260715-无-625-13,0.47,19,11,0.00,0.00,57.89
2026-07-25,13352559589,CH-SC-低活-10081585918372-超级抢购-家庭清洁纸品-无-剪辑-转化引导-家庭清洁纸品-20260521-无-625-34,0.47,36,6,0.00,0.00,16.67
2026-07-25,13916109369,CH-SC-广义新-10155000015319-新综合频道-厨具-京喜拉新-剪辑-转化引导-厨具-20260716-无-625-aigc-3,0.46,106,3,0.00,0.00,2.83
2026-07-25,13940215081,CH-SC-低活-10223570717754-超级抢购-生鲜-无-剪辑-转化引导-生鲜-20260716-无-625-aigc-10,0.46,19,0,0.00,0.00,0.00
2026-07-25,13352558043,CH-SC-低活-10081585918372-超级抢购-家庭清洁纸品-无-剪辑-转化引导-家庭清洁纸品-20260521-无-625-24,0.45,31,5,0.00,0.00,16.13
2026-07-25,13845997471,CH-SC-广义新-10120961944861-新综合频道-运动户外 -京喜拉新-剪辑-转化引导-运动户外 -20260710-无-625-aigc-7,0.45,480,74,0.00,0.00,15.42
2026-07-25,13614629156,CH-SC-广义新-10134479334759-新综合频道-钟表眼镜-京喜拉新-剪辑-转化引导-钟表眼镜-20260618-无-625-aigc-16,0.43,45,0,0.00,0.00,0.00
2026-07-25,13846427213,CH-SC-低活-10220560400432-超级抢购-生活日用-无-剪辑-转化引导-生活日用-20260708-无-625-aigc-10,0.43,83,28,0.00,0.00,33.73
2026-07-25,13916307253,CH-SC-低活-10215767576641-超级抢购-生鲜-无-剪辑-转化引导-生鲜-20260715-无-625-aigc-4,0.42,17,8,0.00,0.00,47.06
2026-07-25,13957201211,信息流-小牛-无骨鸡爪-三方主体-代运营-新人福利价-0724-10181243448351-大盘扒改-625-10,0.41,53,0,0.00,0.00,0.00
2026-07-25,13922149943,信息流-小牛-百香果-京东主体-代运营-新人福利价-0721-10161286379662-深海货盘-625-aigc-12,0.41,70,0,0.00,0.00,0.00
2026-07-25,13946594215,信息流-小牛-电煮锅-京东主体-代运营-新人福利价-0723-10125368295124-设计自选-625-aigc-10,0.40,17,0,0.00,0.00,0.00
2026-07-25,13776521705,CH-SC-广义新-10130866966155-新综合频道-服饰内衣-京喜拉新-剪辑-转化引导-服饰内衣-20260702-无-625-aigc-9,0.40,85,8,0.00,0.00,9.41
2026-07-25,13916494785,CH-SC-广义新-10040988734451-新10元话费券-无-无-剪辑-转化引导-无-20260715-无-625-14,0.39,45,5,0.00,0.00,11.11
2026-07-25,13651811864,CH-SC-低活-10081585918372-超级抢购-家庭清洁纸品-无-剪辑-转化引导-家庭清洁纸品-20260623-无-625-aigc-10,0.38,39,21,0.00,0.00,53.85
2026-07-25,13731658321,CH-SC-广义新-10103971298079-新综合频道-家具-京喜拉新-剪辑-转化引导-家具-20260630-反向-625-18,0.38,44,0,0.00,0.00,0.00
2026-07-25,13940215763,CH-SC-低活-10223570717754-超级抢购-生鲜-无-剪辑-转化引导-生鲜-20260716-无-625-aigc-11,0.38,31,1,0.00,0.00,3.23
2026-07-25,13916300247,CH-SC-低活-10140917922437-超级抢购-家庭清洁-无-剪辑-转化引导-家庭清洁-20260715-无-625-aigc-6,0.38,107,10,0.00,0.00,9.35
2026-07-25,13873279405,CH-SC-低活-10081585918372-超级抢购-纸品-无-剪辑-转化引导-纸品-20260702-无-625-aigc-18,0.35,112,4,0.00,0.00,3.57
2026-07-25,13846312854,CH-SC-低活-10140917922437-超级抢购-家庭清洁-无-剪辑-转化引导-家庭清洁-20260708-无-625-aigc-13,0.35,78,0,0.00,0.00,0.00
2026-07-25,13916491839,CH-SC-广义新-10040988734451-新10元话费券-无-无-剪辑-转化引导-无-20260715-无-625-5,0.35,26,0,0.00,0.00,0.00
2026-07-25,13746324684,CH-SC-低活-10139440032542-超级抢购5元-运动户外-无-剪辑-转化引导-运动户外-20260630-无-625-aigc-5,0.34,100,3,0.00,0.00,3.00
2026-07-25,13916302821,CH-SC-低活-10140917922437-超级抢购-家庭清洁-无-剪辑-转化引导-家庭清洁-20260715-无-625-aigc-12,0.33,78,5,0.00,0.00,6.41
2026-07-25,13547603956,CH-SC-低活-10140207411553-超级抢购加补-文教文化用品-无-剪辑-转化引导-文教文化用品-20260611-无-625-1,0.32,264,62,0.00,0.00,23.48
2026-07-25,13846385439,CH-SC-低活-10112643484929-超级抢购-手机通讯-无-剪辑-转化引导-手机通讯-20260708-无-625-aigc-14,0.32,24,0,0.00,0.00,0.00
2026-07-25,13940217406,CH-SC-低活-10223570717754-超级抢购-生鲜-无-剪辑-转化引导-生鲜-20260716-无-625-aigc-1,0.31,16,4,0.00,0.00,25.00
2026-07-25,13904991258,CH-SC-广义新-10136363822650-新综合频道-家庭清洁-京喜拉新-剪辑-转化引导-家庭清洁-20260717-反向-625-3,0.30,70,1,0.00,0.00,1.43
2026-07-25,13939910115,CH-SC-广义新-10183880057418 -新综合频道-箱包皮具-京喜拉新-剪辑-转化引导-箱包皮具-20260717-无-625-aigc-14,0.30,37,0,0.00,0.00,0.00
2026-07-25,13916488423,CH-SC-广义新-10040988734451-新10元话费券-无-无-剪辑-转化引导-无-20260715-无-625-18,0.30,7,1,0.00,0.00,14.29
2026-07-25,13547608214,CH-SC-低活-10140207411553-超级抢购加补-文教文化用品-无-剪辑-转化引导-文教文化用品-20260611-无-625-12,0.29,474,8,0.00,0.00,1.69
2026-07-25,13873255943,CH-SC-低活-10081585918372-超级抢购-纸品-无-剪辑-转化引导-纸品-20260702-无-625-aigc-27,0.28,40,2,0.00,0.00,5.00
2026-07-25,13939875908,CH-SC-广义新-10133471421086-新综合频道-箱包皮具-京喜拉新-剪辑-转化引导-箱包皮具-20260716-反向-625-5,0.28,12,5,0.00,0.00,41.67
2026-07-25,13799972803,CH-SC-广义新-10139440032542-新综合频道-运动户外-京喜拉新-剪辑-转化引导-运动户外-20260703-无-625-aigc-17,0.28,74,0,0.00,0.00,0.00
2026-07-25,13746355396,CH-SC-低活-10112643484929-超级抢购加补-手机通讯-无-剪辑-转化引导-手机通讯-20260630-无-625-3,0.27,19,0,0.00,0.00,0.00
2026-07-25,13835203321,CH-SC-广义新-10139440032542-新综合频道-运动户外-京喜拉新-剪辑-转化引导-运动户外-20260708-无-625-aigc-3,0.27,64,0,0.00,0.00,0.00
2026-07-25,13776646990,CH-SC-广义新-10118706992345-新综合频道-纸品-京喜拉新-剪辑-转化引导-纸品-20260702-无-625-aigc-5,0.26,46,1,0.00,0.00,2.17
2026-07-25,13776633875,CH-SC-广义新-10177393646076-新综合频道-灯饰照明-京喜拉新-剪辑-转化引导-灯饰照明-20260702-反向-625-aigc-3,0.25,37,20,0.00,0.00,54.05
2026-07-25,13836034892,CH-SC-低活-10223482211866-超级抢购-生活日用-无-剪辑-转化引导-生活日用-20260703-无-625-1,0.25,14,1,0.00,0.00,7.14
2026-07-25,13846417634,CH-SC-低活-10220560400432-超级抢购-生活日用-无-剪辑-转化引导-生活日用-20260708-无-625-aigc-4,0.25,29,6,0.00,0.00,20.69
2026-07-25,13662919828,CH-SC-广义新-10130866966155-新综合频道-服饰内衣-京喜拉新-剪辑-转化引导-服饰内衣-20260624-无-625-5,0.25,35,4,0.00,0.00,11.43
2026-07-25,13547605080,CH-SC-低活-10140207411553-超级抢购加补-文教文化用品-无-剪辑-转化引导-文教文化用品-20260611-无-625-6,0.24,272,50,0.00,0.00,18.38
2026-07-25,13835201908,CH-SC-广义新-10139440032542-新综合频道-运动户外-京喜拉新-剪辑-转化引导-运动户外-20260708-无-625-aigc-14,0.24,14,2,0.00,0.00,14.29
2026-07-25,13846322912,CH-SC-低活-10140917922437-超级抢购-家庭清洁-无-剪辑-转化引导-家庭清洁-20260708-无-625-aigc-5,0.24,1,0,0.00,0.00,0.00
2026-07-25,13846310030,CH-SC-低活-10140917922437-超级抢购-家庭清洁-无-剪辑-转化引导-家庭清洁-20260708-无-625-aigc-11,0.23,80,1,0.00,0.00,1.25
2026-07-25,13940212351,CH-SC-低活-10223570717754-超级抢购-生鲜-无-剪辑-转化引导-生鲜-20260716-无-625-aigc-5,0.23,10,0,0.00,0.00,0.00
2026-07-25,13916487325,CH-SC-广义新-10040988734451-新10元话费券-无-无-剪辑-转化引导-无-20260715-无-625-21,0.23,17,1,0.00,0.00,5.88
2026-07-25,13603330697,CH-SC-广义新-10139440032542-新综合频道-运动户外-京喜拉新-剪辑-转化引导-运动户外-20260617-无-625-aigc8,0.23,37,0,0.00,0.00,0.00
2026-07-25,13684894906,CH-SC-低活-10113209119177-超级抢购-摩托车-无-剪辑-转化引导-摩托车-20260626-无-625-aigc-5,0.23,12,0,0.00,0.00,0.00
2026-07-25,13916489625,CH-SC-广义新-10040988734451-新10元话费券-无-无-剪辑-转化引导-无-20260715-无-625-4,0.22,14,1,0.00,0.00,7.14
2026-07-25,13922154453,信息流-小牛-抽纸-京东主体-代运营-新人福利价-0721-100281253200-设计自选-625-aigc-10,0.22,21,6,0.22,1.00,28.57
2026-07-25,13614675657,CH-SC-低活-10143318867797-超级抢购5元-厨具-无-剪辑-转化引导-厨具-20260618-无-625-aigc-7,0.21,21,0,0.00,0.00,0.00
2026-07-25,13799756880,CH-SC-广义新-10157346551639-新综合频道-生鲜-京喜拉新-剪辑-转化引导-生鲜-20260706-无-625-11,0.21,15,0,0.00,0.00,0.00
2026-07-25,13916311543,CH-SC-低活-10215767576641-超级抢购-生鲜-无-剪辑-转化引导-生鲜-20260715-无-625-aigc-2,0.21,9,1,0.00,0.00,11.11
2026-07-25,13746295666,CH-SC-广义新-10136364012448-新综合频道-纸品-京喜拉新-剪辑-转化引导-纸品-20260701-无-625-aigc-18,0.21,47,0,0.00,0.00,0.00
2026-07-25,13881545800,CH-SC-广义新-10102020339908 -新综合频道-数码-京喜拉新-剪辑-转化引导-数码-20260715-无-625-9,0.21,83,5,0.00,0.00,6.02
2026-07-25,13799952134,CH-SC-广义新-10139440032542-新综合频道-运动户外-京喜拉新-剪辑-转化引导-运动户外-20260703-无-625-aigc-6,0.20,40,0,0.00,0.00,0.00
2026-07-25,13939939621,CH-SC-广义新-10150604147722-新综合频道-箱包皮具-京喜拉新-剪辑-转化引导-箱包皮具-20260720-反向-625-12,0.20,80,24,0.00,0.00,30.00
2026-07-25,13941340853,信息流-小牛-手机支架-三方主体-代运营-新人福利价-0723-10139440032542 -设计自选-625-11,0.20,19,0,0.00,0.00,0.00
2026-07-25,13916304807,CH-SC-低活-10140917922437-超级抢购-家庭清洁-无-剪辑-转化引导-家庭清洁-20260715-无-625-aigc-1,0.20,43,2,0.00,0.00,4.65
2026-07-25,13846394660,CH-SC-低活-10112643484929-超级抢购-手机通讯-无-剪辑-转化引导-手机通讯-20260708-无-625-aigc-20,0.19,12,1,0.00,0.00,8.33
2026-07-25,13941342898,信息流-小牛-手机支架-三方主体-代运营-新人福利价-0723-10139440032542 -设计自选-625-6,0.19,54,1,0.00,0.00,1.85
2026-07-25,13592311755,CH-SC-广义新-10139440032542-新综合频道-运动户外-京喜拉新-剪辑-转化引导-运动户外-20260616-无-625-aigc-17,0.19,29,0,0.00,0.00,0.00
2026-07-25,13873243859,CH-SC-低活-10118706992345-超级抢购-纸品-无-剪辑-转化引导-纸品-20260710-无-625-aigc-12,0.19,3,1,0.00,0.00,33.33
2026-07-25,13916304234,CH-SC-低活-10140917922437-超级抢购-家庭清洁-无-剪辑-转化引导-家庭清洁-20260715-无-625-aigc-16,0.19,82,4,0.00,0.00,4.88
2026-07-25,13421936745,CH-SC-广义新-10155085148227-新综合频道-家用电器-京喜拉新-剪辑-转化引导-家用电器-20260528-无-625-20,0.19,70,5,0.00,0.00,7.14
2026-07-25,13939952460,CH-SC-广义新-10115067968253-新综合频道-家用电器-京喜拉新-剪辑-转化引导-家用电器-20260720-无-625-aigc-5,0.19,8,1,0.00,0.00,12.50
2026-07-25,13873189462,CH-SC-低活-10140917922437-超级抢购-家庭清洁-无-剪辑-转化引导-家庭清洁-20260709-无-625-aigc-1,0.19,59,0,0.00,0.00,0.00
2026-07-25,13846337923,CH-SC-低活-10113209119177-超级抢购-电动车-无-剪辑-转化引导-电动车-20260708-无-625-5,0.19,13,1,0.00,0.00,7.69
2026-07-25,13836054268,CH-SC-低活-10156776256916-超级抢购-珠宝首饰-无-剪辑-转化引导-珠宝首饰-20260703-无-625-aigc-6,0.19,59,3,0.00,0.00,5.08
2026-07-25,13872652245,CH-SC-广义新-10136363822650 -新综合频道-纸品-京喜拉新-剪辑-转化引导-纸品-20260714-无-625-11,0.19,59,0,0.00,0.00,0.00
2026-07-25,13873211899,CH-SC-低活-10113209119177-超级抢购-电动车-无-剪辑-转化引导-电动车-20260709-无-625-4,0.19,10,0,0.00,0.00,0.00
2026-07-25,13799905875,CH-SC-广义新-10118706992345-新综合频道-纸品-京喜拉新-剪辑-转化引导-纸品-20260707-无-625-aigc-13,0.17,31,2,0.00,0.00,6.45
2026-07-25,13846317793,CH-SC-低活-10140917922437-超级抢购-家庭清洁-无-剪辑-转化引导-家庭清洁-20260708-无-625-aigc-17,0.17,35,5,0.00,0.00,14.29
2026-07-25,13939884982,CH-SC-广义新-10201862878352 -新综合频道-厨具-京喜拉新-剪辑-转化引导-厨具-20260717-无-625-aigc-14,0.17,106,2,0.00,0.00,1.89
2026-07-25,13873250986,CH-SC-低活-10217740550325-超级抢购-箱包皮具-无-剪辑-转化引导-箱包皮具-20260713-无-625-aigc-6,0.17,5,1,0.00,0.00,20.00
2026-07-25,13836032434,CH-SC-低活-10223482211866-超级抢购-生活日用-无-剪辑-转化引导-生活日用-20260703-无-625-15,0.17,105,1,0.00,0.00,0.95
2026-07-25,13904991175,CH-SC-广义新-10136363822650-新综合频道-家庭清洁-京喜拉新-剪辑-转化引导-家庭清洁-20260602-反向-625-2,0.16,39,1,0.00,0.00,2.56
2026-07-25,13873245744,CH-SC-低活-10217740550325-超级抢购-箱包皮具-无-剪辑-转化引导-箱包皮具-20260713-无-625-aigc-8,0.16,16,0,0.00,0.00,0.00
2026-07-25,13916306014,CH-SC-低活-10215767576641-超级抢购-生鲜-无-剪辑-转化引导-生鲜-20260715-无-625-aigc-3,0.15,13,0,0.00,0.00,0.00
2026-07-25,13916095756,CH-SC-广义新-10147832788047-新综合频道-工业品-京喜拉新-剪辑-转化引导-工业品-20260716-反向-625-8,0.15,1,0,0.00,0.00,0.00
2026-07-25,13662918775,CH-SC-广义新-10223419649136-新综合频道-手机通讯-京喜拉新-剪辑-转化引导-手机通讯-20260624-反向-625-AIGC-9,0.15,5,0,0.00,0.00,0.00
2026-07-25,13614680716,CH-SC-低活-10143318867797-超级抢购5元-厨具-无-剪辑-转化引导-厨具-20260618-无-625-aigc-1,0.15,62,0,0.00,0.00,0.00
2026-07-25,13846321758,CH-SC-低活-10140917922437-超级抢购-家庭清洁-无-剪辑-转化引导-家庭清洁-20260708-无-625-aigc-3,0.14,6,2,0.00,0.00,33.33
2026-07-25,13916495108,CH-SC-广义新-10040988734451-新10元话费券-无-无-剪辑-转化引导-无-20260715-无-625-7,0.14,15,0,0.00,0.00,0.00
2026-07-25,13352561956,CH-SC-低活-10081585918372-超级抢购-家庭清洁纸品-无-剪辑-转化引导-家庭清洁纸品-20260521-无-625-9,0.14,10,0,0.00,0.00,0.00
2026-07-25,13846406613,CH-SC-低活-10081585918372-超级抢购-家庭清洁纸品-无-剪辑-转化引导-家庭清洁纸品-20260708-无-625-aigc-16,0.14,15,8,0.00,0.00,53.33
2026-07-25,13939893033,CH-SC-广义新-10201862878352 -新综合频道-厨具-京喜拉新-剪辑-转化引导-厨具-20260717-无-625-aigc-25,0.14,58,1,0.00,0.00,1.72
2026-07-25,13939939358,CH-SC-广义新-10150604147722-新综合频道-箱包皮具-京喜拉新-剪辑-转化引导-箱包皮具-20260720-反向-625-11,0.14,33,9,0.00,0.00,27.27
2026-07-25,13957178306,信息流-小牛-保温饭盒-三方主体-代运营-新人福利价-0724-10125420247464-大盘扒改-625-4,0.14,7,1,0.00,0.00,14.29
2026-07-25,13939881536,CH-SC-广义新-10201862878352 -新综合频道-厨具-京喜拉新-剪辑-转化引导-厨具-20260717-无-625-aigc-10,0.13,61,0,0.00,0.00,0.00
2026-07-25,13873233007,CH-SC-低活-10184888743389-超级抢购-纸品-无-剪辑-转化引导-纸品-20260710-无-625-aigc-12,0.13,6,0,0.00,0.00,0.00
2026-07-25,13547603927,CH-SC-低活-10140207411553-超级抢购加补-文教文化用品-无-剪辑-转化引导-文教文化用品-20260611-无-625-2,0.13,234,52,0.00,0.00,22.22
2026-07-25,13651815416,CH-SC-低活-10081585918372-超级抢购-家庭清洁纸品-无-剪辑-转化引导-家庭清洁纸品-20260623-无-625-aigc-16,0.12,6,0,0.00,0.00,0.00
2026-07-25,13684856672,CH-SC-广义新-无-新10元话费券-10元话费券-京喜拉新-剪辑-转化引导-10元话费券-20260626-无-625-1,0.12,15,0,0.00,0.00,0.00
2026-07-25,13941337060,信息流-小牛-手机支架-三方主体-代运营-新人福利价-0723-10139440032542 -设计自选-625-9,0.12,11,1,0.00,0.00,9.09
2026-07-25,13916103586,CH-SC-广义新-10155000015319-新综合频道-厨具-京喜拉新-剪辑-转化引导-厨具-20260716-无-625-aigc-1,0.12,71,2,0.00,0.00,2.82
2026-07-25,13845993937,CH-SC-广义新-10120961944861-新综合频道-运动户外 -京喜拉新-剪辑-转化引导-运动户外 -20260710-无-625-aigc-5,0.12,24,0,0.00,0.00,0.00
2026-07-25,13547603878,CH-SC-低活-10140207411553-超级抢购加补-文教文化用品-无-剪辑-转化引导-文教文化用品-20260611-无-625-14,0.12,79,1,0.00,0.00,1.27
2026-07-25,13846385603,CH-SC-低活-10112643484929-超级抢购-手机通讯-无-剪辑-转化引导-手机通讯-20260708-无-625-aigc-13,0.11,1,0,0.00,0.00,0.00
2026-07-25,13939862856,CH-SC-广义新-10133471421086-新综合频道-箱包皮具-京喜拉新-剪辑-转化引导-箱包皮具-20260716-反向-625-10,0.11,22,2,0.00,0.00,9.09
2026-07-25,13940214040,CH-SC-低活-10223570717754-超级抢购-生鲜-无-剪辑-转化引导-生鲜-20260716-无-625-aigc-9,0.11,11,0,0.00,0.00,0.00
2026-07-25,13846409286,CH-SC-低活-10220560400432-超级抢购-生活日用-无-剪辑-转化引导-生活日用-20260708-无-625-aigc-19,0.11,85,9,0.00,0.00,10.59
2026-07-25,13957197513,信息流-小牛-无骨鸡爪-三方主体-代运营-新人福利价-0724-10181243448351-大盘扒改-625-5,0.11,26,0,0.00,0.00,0.00
2026-07-25,13941337214,信息流-小牛-手机支架-三方主体-代运营-新人福利价-0723-10139440032542 -设计自选-625-8,0.11,23,0,0.00,0.00,0.00
2026-07-25,13939945592,CH-SC-广义新-10115067968253-新综合频道-家用电器-京喜拉新-剪辑-转化引导-家用电器-20260720-无-625-aigc-6,0.11,43,7,0.00,0.00,16.28
2026-07-25,13941338945,信息流-小牛-手机支架-三方主体-代运营-新人福利价-0723-10139440032542 -设计自选-625-12,0.11,13,0,0.00,0.00,0.00
2026-07-25,13873172231,CH-SC-低活-10137455430983-超级抢购-纸品-无-剪辑-转化引导-纸品-20260709-无-625-aigc-1,0.11,24,15,0.00,0.00,62.50
2026-07-25,13916302351,CH-SC-低活-10140917922437-超级抢购-家庭清洁-无-剪辑-转化引导-家庭清洁-20260715-无-625-aigc-11,0.11,48,1,0.00,0.00,2.08
2026-07-25,13397056832,CH-SC-广义新-10219841541026-新综合频道-厨具-京喜拉新-剪辑-转化引导-厨具-20260526-反向-625-aigc-8,0.11,3,0,0.00,0.00,0.00
2026-07-25,13940211488,CH-SC-低活-10223570717754-超级抢购-生鲜-无-剪辑-转化引导-生鲜-20260716-无-625-aigc-3,0.10,11,1,0.00,0.00,9.09
2026-07-25,13651774470,CH-SC-低活-10081585918372-超级抢购-家庭清洁纸品-无-剪辑-转化引导-家庭清洁纸品-20260623-无-625-aigc-24,0.10,13,1,0.00,0.00,7.69
2026-07-25,13881435263,CH-SC-广义新-10161397805649 -新综合频道-服饰内衣-京喜拉新-剪辑-转化引导-服饰内衣-20260715-无-625-aigc-9,0.10,12,1,0.00,0.00,8.33
2026-07-25,13941342174,信息流-小牛-手机支架-三方主体-代运营-新人福利价-0723-10139440032542 -设计自选-625-5,0.10,14,0,0.00,0.00,0.00
2026-07-25,13746320869,CH-SC-低活-10139440032542-超级抢购5元-运动户外-无-剪辑-转化引导-运动户外-20260630-无-625-aigc-2,0.10,13,0,0.00,0.00,0.00
2026-07-25,13836023523,CH-SC-低活-10081585918372-超级抢购-纸品-无-剪辑-转化引导-纸品-20260702-无-625-aigc-6,0.10,74,3,0.00,0.00,4.05
2026-07-25,13846012852,CH-SC-广义新-10140917922437-新综合频道-家庭清洁-京喜拉新-剪辑-转化引导-家庭清洁-20260710-无-625-aigc-7,0.09,21,5,0.00,0.00,23.81
2026-07-25,13916091946,CH-SC-广义新-10184972523548-新综合频道-厨具-京喜拉新-剪辑-转化引导-厨具-20260716-反向-625-aigc-5,0.09,58,1,0.00,0.00,1.72
2026-07-25,13939886395,CH-SC-广义新-10201862878352 -新综合频道-厨具-京喜拉新-剪辑-转化引导-厨具-20260717-无-625-aigc-17,0.09,27,4,0.00,0.00,14.81
2026-07-25,13873242126,CH-SC-低活-10118706992345-超级抢购-纸品-无-剪辑-转化引导-纸品-20260710-无-625-aigc-7,0.09,3,1,0.00,0.00,33.33
2026-07-25,13873261096,CH-SC-低活-10081585918372-超级抢购-纸品-无-剪辑-转化引导-纸品-20260702-无-625-aigc-2,0.09,13,1,0.00,0.00,7.69
2026-07-25,13939954260,CH-SC-广义新-10115067968253-新综合频道-家用电器-京喜拉新-剪辑-转化引导-家用电器-20260720-无-625-aigc-25,0.09,11,6,0.00,0.00,54.55
2026-07-25,13873193276,CH-SC-低活-10140917922437-超级抢购-家庭清洁-无-剪辑-转化引导-家庭清洁-20260709-无-625-aigc-4,0.09,6,0,0.00,0.00,0.00
2026-07-25,13846010759,CH-SC-广义新-10140917922437-新综合频道-家庭清洁-京喜拉新-剪辑-转化引导-家庭清洁-20260710-无-625-aigc-2,0.09,8,0,0.00,0.00,0.00
2026-07-25,13873260691,CH-SC-低活-10081585918372-超级抢购-纸品-无-剪辑-转化引导-纸品-20260702-无-625-aigc-1,0.08,21,0,0.00,0.00,0.00
2026-07-25,13946589828,信息流-小牛-电煮锅-京东主体-代运营-新人福利价-0723-10125368295124-设计自选-625-aigc-8,0.08,12,1,0.00,0.00,8.33
2026-07-25,13397044023,CH-SC-广义新-10215767576641-新综合频道-生鲜-京喜拉新-剪辑-转化引导-生鲜-20260526-反向-625-aigc-8,0.08,19,4,0.00,0.00,21.05
2026-07-25,13352557402,CH-SC-低活-10081585918372-超级抢购-家庭清洁纸品-无-剪辑-转化引导-家庭清洁纸品-20260521-无-625-25,0.08,6,1,0.00,0.00,16.67
2026-07-25,13916089309,CH-SC-广义新-10184972523548-新综合频道-厨具-京喜拉新-剪辑-转化引导-厨具-20260716-反向-625-aigc-1,0.08,32,0,0.00,0.00,0.00
2026-07-25,13916091171,CH-SC-广义新-10184972523548-新综合频道-厨具-京喜拉新-剪辑-转化引导-厨具-20260716-反向-625-aigc-2,0.08,43,0,0.00,0.00,0.00
2026-07-25,13592236914,CH-SC-低活-10186710590960-超级抢购-生鲜-无-剪辑-转化引导-生鲜-20260616-无-625-4,0.08,2,0,0.00,0.00,0.00
2026-07-25,13957187182,信息流-小牛-独头蒜-三方主体-代运营-新人福利价-0724-10209805116351-大盘扒改-625-2,0.08,2,0,0.00,0.00,0.00
2026-07-25,13835197635,CH-SC-广义新-10139440032542-新综合频道-运动户外-京喜拉新-剪辑-转化引导-运动户外-20260708-无-625-aigc-10,0.07,4,0,0.00,0.00,0.00
2026-07-25,13939873421,CH-SC-广义新-10217878263924 -新综合频道-汽车用品-京喜拉新-剪辑-转化引导-汽车用品-20260717-无-625-17,0.07,1,0,0.00,0.00,0.00
2026-07-25,13916290716,CH-SC-低活-10130886489325-超级抢购-厨具-无-剪辑-转化引导-厨具-20260715-无-625-8,0.07,4,1,0.00,0.00,25.00
2026-07-25,13614653147,CH-SC-低活-10147800266661-超级抢购加补-家庭清洁-无-剪辑-转化引导-家庭清洁-20260618-无-625-aigc-9,0.07,2,0,0.00,0.00,0.00
2026-07-25,13939946153,CH-SC-广义新-10150604147722-新综合频道-箱包皮具-京喜拉新-剪辑-转化引导-箱包皮具-20260720-反向-625-10,0.07,32,6,0.00,0.00,18.75
2026-07-25,13845993424,CH-SC-广义新-10120961944861-新综合频道-运动户外 -京喜拉新-剪辑-转化引导-运动户外 -20260710-无-625-aigc-4,0.07,76,0,0.00,0.00,0.00
2026-07-25,13486882714,CH-SC-广义新-无-新10元话费券-10元话费券-京喜拉新-剪辑-转化引导-10元话费券-20260605-无-625-25,0.07,36,15,0.00,0.00,41.67
2026-07-25,13916310502,CH-SC-低活-10215767576641-超级抢购-生鲜-无-剪辑-转化引导-生鲜-20260715-无-625-aigc-12,0.06,8,0,0.00,0.00,0.00
2026-07-25,13846309120,CH-SC-低活-10140917922437-超级抢购-家庭清洁-无-剪辑-转化引导-家庭清洁-20260708-无-625-aigc-10,0.06,3,0,0.00,0.00,0.00
2026-07-25,13603339171,CH-SC-广义新-10166301474829-新综合频道-厨具-京喜拉新-剪辑-转化引导-厨具-20260617-反向-625-aigc-5,0.06,31,1,0.00,0.00,3.23
2026-07-25,13939936576,CH-SC-广义新-10150604147722-新综合频道-箱包皮具-京喜拉新-剪辑-转化引导-箱包皮具-20260720-反向-625-3,0.06,16,2,0.00,0.00,12.50
2026-07-25,13916299517,CH-SC-低活-10140917922437-超级抢购-家庭清洁-无-剪辑-转化引导-家庭清洁-20260715-无-625-aigc-5,0.06,13,0,0.00,0.00,0.00
2026-07-25,13746354558,CH-SC-低活-10112643484929-超级抢购加补-手机通讯-无-剪辑-转化引导-手机通讯-20260630-无-625-2,0.06,2,0,0.00,0.00,0.00
2026-07-25,13873249245,CH-SC-低活-10217740550325-超级抢购-箱包皮具-无-剪辑-转化引导-箱包皮具-20260713-无-625-aigc-4,0.06,1,0,0.00,0.00,0.00
2026-07-25,13941337263,信息流-小牛-手机支架-三方主体-代运营-新人福利价-0723-10139440032542 -设计自选-625-10,0.06,11,0,0.00,0.00,0.00
2026-07-25,13746239564,CH-SC-低活-10172627929072-超级抢购-家装建材-无-剪辑-转化引导-家装建材-20260702-无-625-aigc-3,0.06,0,0,0.00,0.00,0.00
2026-07-25,13939937851,CH-SC-广义新-10150604147722-新综合频道-箱包皮具-京喜拉新-剪辑-转化引导-箱包皮具-20260720-反向-625-7,0.05,39,4,0.00,0.00,10.26
2026-07-25,13939874677,CH-SC-广义新-10217878263924 -新综合频道-汽车用品-京喜拉新-剪辑-转化引导-汽车用品-20260717-无-625-1,0.05,4,0,0.00,0.00,0.00
2026-07-25,13776668560,CH-SC-广义新-10118706992345-新综合频道-纸品-京喜拉新-剪辑-转化引导-纸品-20260702-无-625-aigc-10,0.05,7,1,0.00,0.00,14.29
2026-07-25,13916108983,CH-SC-广义新-10155000015319-新综合频道-厨具-京喜拉新-剪辑-转化引导-厨具-20260716-无-625-aigc-10,0.05,41,1,0.00,0.00,2.44
2026-07-25,13873215737,CH-SC-低活-10113209119177-超级抢购-电动车-无-剪辑-转化引导-电动车-20260709-无-625-8,0.05,4,0,0.00,0.00,0.00
2026-07-25,13873240631,CH-SC-低活-10118706992345-超级抢购-纸品-无-剪辑-转化引导-纸品-20260710-无-625-aigc-5,0.05,3,1,0.00,0.00,33.33
2026-07-25,13939894468,CH-SC-广义新-10201862878352 -新综合频道-厨具-京喜拉新-剪辑-转化引导-厨具-20260717-无-625-aigc-1,0.05,3,0,0.00,0.00,0.00
2026-07-25,13916099751,CH-SC-广义新-10184972523548-新综合频道-厨具-京喜拉新-剪辑-转化引导-厨具-20260716-反向-625-aigc-7,0.05,43,2,0.00,0.00,4.65
2026-07-25,13845991997,CH-SC-广义新-10120961944861-新综合频道-运动户外 -京喜拉新-剪辑-转化引导-运动户外 -20260710-无-625-aigc-12,0.05,10,0,0.00,0.00,0.00
2026-07-25,13746328293,CH-SC-低活-10139440032542-超级抢购5元-运动户外-无-剪辑-转化引导-运动户外-20260630-无-625-aigc-6,0.05,8,0,0.00,0.00,0.00
2026-07-25,13873206296,CH-SC-低活-10113209119177-超级抢购-电动车-无-剪辑-转化引导-电动车-20260709-无-625-10,0.05,4,1,0.00,0.00,25.00
2026-07-25,13846319643,CH-SC-低活-10140917922437-超级抢购-家庭清洁-无-剪辑-转化引导-家庭清洁-20260708-无-625-aigc-4,0.05,1,0,0.00,0.00,0.00
2026-07-25,13835202290,CH-SC-广义新-10139440032542-新综合频道-运动户外-京喜拉新-剪辑-转化引导-运动户外-20260708-无-625-aigc-2,0.05,17,0,0.00,0.00,0.00
2026-07-25,13352562493,CH-SC-低活-10081585918372-超级抢购-家庭清洁纸品-无-剪辑-转化引导-家庭清洁纸品-20260521-无-625-10,0.04,21,0,0.00,0.00,0.00
2026-07-25,13592315160,CH-SC-广义新-10139440032542-新综合频道-运动户外-京喜拉新-剪辑-转化引导-运动户外-20260616-无-625-aigc-32,0.04,8,0,0.00,0.00,0.00
2026-07-25,13845984775,CH-SC-广义新-10120961944861-新综合频道-运动户外 -京喜拉新-剪辑-转化引导-运动户外 -20260710-无-625-aigc-9,0.04,33,1,0.00,0.00,3.03
2026-07-25,13746243989,CH-SC-低活-10172627929072-超级抢购-家装建材-无-剪辑-转化引导-家装建材-20260702-无-625-aigc-7,0.04,6,0,0.00,0.00,0.00
2026-07-25,13835190080,CH-SC-广义新-10109170972947-新综合频道-钟表眼镜-京喜拉新-剪辑-转化引导-钟表眼镜-20260708-无-625-aigc-14,0.04,1,0,0.00,0.00,0.00
2026-07-25,13536545311,CH-SC-低活-10219841541026-超级抢购加补-厨具-无-剪辑-转化引导-厨具-20260610-无-625-aigc-3,0.04,12,0,0.00,0.00,0.00
2026-07-25,13449524163,CH-SC-低活-10147800266661-超级抢购加补-家庭清洁-无-剪辑-转化引导-家庭清洁-20260601-无-625-14,0.04,18,3,0.00,0.00,16.67
2026-07-25,13407975609,CH-SC-广义新-10159656246030-新综合频道-电脑-京喜拉新-剪辑-转化引导-电脑-20260527-反向-625-aigc-4,0.04,3,0,0.00,0.00,0.00
2026-07-25,13651816738,CH-SC-低活-10081585918372-超级抢购-家庭清洁纸品-无-剪辑-转化引导-家庭清洁纸品-20260623-无-625-aigc-21,0.04,12,0,0.00,0.00,0.00
2026-07-25,13939877088,CH-SC-广义新-10201862878352 -新综合频道-厨具-京喜拉新-剪辑-转化引导-厨具-20260717-无-625-aigc-3,0.04,9,0,0.00,0.00,0.00
2026-07-25,13872653271,CH-SC-广义新-10136363822650 -新综合频道-纸品-京喜拉新-剪辑-转化引导-纸品-20260714-无-625-2,0.04,7,0,0.00,0.00,0.00
2026-07-25,13846325426,CH-SC-低活-10113209119177-超级抢购-电动车-无-剪辑-转化引导-电动车-20260708-无-625-25,0.04,10,1,0.00,0.00,10.00
2026-07-25,13799914041,CH-SC-广义新-10118706992345-新综合频道-纸品-京喜拉新-剪辑-转化引导-纸品-20260707-无-625-aigc-1,0.04,10,0,0.00,0.00,0.00
2026-07-25,13881550181,CH-SC-广义新-10177393646076-新综合频道-灯饰照明-京喜拉新-剪辑-转化引导-灯饰照明-20260715-无-625-7,0.04,7,1,0.00,0.00,14.29
2026-07-25,13799839275,CH-SC-广义新-10183335983500-新综合频道-厨具-京喜拉新-剪辑-转化引导-厨具-20260707-无-625-aigc-12,0.04,3,0,0.00,0.00,0.00
2026-07-25,13592310978,CH-SC-广义新-10139440032542-新综合频道-运动户外-京喜拉新-剪辑-转化引导-运动户外-20260616-无-625-aigc-14,0.04,11,0,0.00,0.00,0.00
2026-07-25,13592312343,CH-SC-广义新-10139440032542-新综合频道-运动户外-京喜拉新-剪辑-转化引导-运动户外-20260616-无-625-aigc-20,0.03,6,0,0.00,0.00,0.00
2026-07-25,13939877678,CH-SC-广义新-10201862878352 -新综合频道-厨具-京喜拉新-剪辑-转化引导-厨具-20260717-无-625-aigc-4,0.03,34,0,0.00,0.00,0.00
2026-07-25,13916299436,CH-SC-低活-10140917922437-超级抢购-家庭清洁-无-剪辑-转化引导-家庭清洁-20260715-无-625-aigc-4,0.03,18,3,0.00,0.00,16.67
2026-07-25,13776579149,CH-SC-广义新-10177393646076-新综合频道-灯饰照明-京喜拉新-剪辑-转化引导-灯饰照明-20260702-反向-625-aigc-8,0.03,15,1,0.00,0.00,6.67
2026-07-25,13746353080,CH-SC-低活-10112643484929-超级抢购加补-手机通讯-无-剪辑-转化引导-手机通讯-20260630-无-625-11,0.03,6,0,0.00,0.00,0.00
2026-07-25,13799934599,CH-SC-广义新-10158258669630-新综合频道-居家布艺-京喜拉新-剪辑-转化引导-居家布艺-20260706-无-625-aigc-9,0.03,15,0,0.00,0.00,0.00
2026-07-25,13603387974,CH-SC-低活-10217740550325-超级抢购加补-箱包皮具-无-剪辑-转化引导-箱包皮具-20260617-无-625-aigc-10,0.03,3,0,0.00,0.00,0.00
2026-07-25,13846433997,CH-SC-低活-10220560400432-超级抢购-生活日用-无-剪辑-转化引导-生活日用-20260708-无-625-aigc-16,0.03,2,0,0.00,0.00,0.00
2026-07-25,13939954099,CH-SC-广义新-10115067968253-新综合频道-家用电器-京喜拉新-剪辑-转化引导-家用电器-20260720-无-625-aigc-22,0.03,22,0,0.00,0.00,0.00
2026-07-25,13941343514,信息流-小牛-手机支架-三方主体-代运营-新人福利价-0723-10139440032542 -设计自选-625-7,0.03,2,0,0.00,0.00,0.00
2026-07-25,13916309960,CH-SC-低活-10215767576641-超级抢购-生鲜-无-剪辑-转化引导-生鲜-20260715-无-625-aigc-11,0.03,3,1,0.00,0.00,33.33
2026-07-25,13835202047,CH-SC-广义新-10139440032542-新综合频道-运动户外-京喜拉新-剪辑-转化引导-运动户外-20260708-无-625-aigc-15,0.03,1,0,0.00,0.00,0.00
2026-07-25,13352559849,CH-SC-低活-10081585918372-超级抢购-家庭清洁纸品-无-剪辑-转化引导-家庭清洁纸品-20260521-无-625-35,0.03,1,0,0.00,0.00,0.00
2026-07-25,13799916307,CH-SC-广义新-10118706992345-新综合频道-纸品-京喜拉新-剪辑-转化引导-纸品-20260707-无-625-aigc-5,0.03,20,2,0.00,0.00,10.00
2026-07-25,13614628051,CH-SC-广义新-10134479334759-新综合频道-钟表眼镜-京喜拉新-剪辑-转化引导-钟表眼镜-20260618-无-625-aigc-14,0.03,21,0,0.00,0.00,0.00
2026-07-25,13881435511,CH-SC-广义新-10161397805649 -新综合频道-服饰内衣-京喜拉新-剪辑-转化引导-服饰内衣-20260715-无-625-aigc-6,0.03,10,0,0.00,0.00,0.00
2026-07-25,13799966019,CH-SC-广义新-10139440032542-新综合频道-运动户外-京喜拉新-剪辑-转化引导-运动户外-20260703-无-625-aigc-15,0.03,8,0,0.00,0.00,0.00
2026-07-25,13946598909,信息流-小牛-电煮锅-京东主体-代运营-新人福利价-0723-10125368295124-设计自选-625-aigc-11,0.03,17,0,0.00,0.00,0.00
2026-07-25,13916092599,CH-SC-广义新-10184972523548-新综合频道-厨具-京喜拉新-剪辑-转化引导-厨具-20260716-反向-625-aigc-4,0.03,43,0,0.00,0.00,0.00
2026-07-25,13916100740,CH-SC-广义新-10184972523548-新综合频道-厨具-京喜拉新-剪辑-转化引导-厨具-20260716-反向-625-aigc-6,0.03,18,1,0.00,0.00,5.56
2026-07-25,13946589615,信息流-小牛-电煮锅-京东主体-代运营-新人福利价-0723-10125368295124-设计自选-625-aigc-7,0.02,5,0,0.00,0.00,0.00
2026-07-25,13835203418,CH-SC-广义新-10139440032542-新综合频道-运动户外-京喜拉新-剪辑-转化引导-运动户外-20260708-无-625-aigc-5,0.02,3,0,0.00,0.00,0.00
2026-07-25,13939937264,CH-SC-广义新-10150604147722-新综合频道-箱包皮具-京喜拉新-剪辑-转化引导-箱包皮具-20260720-反向-625-5,0.02,13,1,0.00,0.00,7.69
2026-07-25,13873207385,CH-SC-低活-10113209119177-超级抢购-电动车-无-剪辑-转化引导-电动车-20260709-无-625-11,0.02,2,1,0.00,0.00,50.00
2026-07-25,13352555432,CH-SC-低活-10081585918372-超级抢购-家庭清洁纸品-无-剪辑-转化引导-家庭清洁纸品-20260521-无-625-18,0.02,4,0,0.00,0.00,0.00
2026-07-25,13946584622,信息流-小牛-电煮锅-京东主体-代运营-新人福利价-0723-10125368295124-设计自选-625-aigc-6,0.02,14,0,0.00,0.00,0.00
2026-07-25,13939871196,CH-SC-广义新-10217878263924 -新综合频道-汽车用品-京喜拉新-剪辑-转化引导-汽车用品-20260717-无-625-10,0.02,1,0,0.00,0.00,0.00
2026-07-25,13845988965,CH-SC-广义新-10120961944861-新综合频道-运动户外 -京喜拉新-剪辑-转化引导-运动户外 -20260710-无-625-aigc-11,0.02,25,0,0.00,0.00,0.00
2026-07-25,13846389536,CH-SC-低活-10112643484929-超级抢购-手机通讯-无-剪辑-转化引导-手机通讯-20260708-无-625-aigc-16,0.02,4,1,0.00,0.00,25.00
2026-07-25,13939936291,CH-SC-广义新-10150604147722-新综合频道-箱包皮具-京喜拉新-剪辑-转化引导-箱包皮具-20260720-反向-625-2,0.02,15,1,0.00,0.00,6.67
2026-07-25,13846430246,CH-SC-低活-10220560400432-超级抢购-生活日用-无-剪辑-转化引导-生活日用-20260708-无-625-aigc-12,0.02,13,0,0.00,0.00,0.00
2026-07-25,13846400862,CH-SC-低活-10081585918372-超级抢购-家庭清洁纸品-无-剪辑-转化引导-家庭清洁纸品-20260708-无-625-aigc-2,0.02,7,0,0.00,0.00,0.00
2026-07-25,13799928462,CH-SC-广义新-10158258669630-新综合频道-居家布艺-京喜拉新-剪辑-转化引导-居家布艺-20260706-无-625-aigc-3,0.02,52,1,0.00,0.00,1.92
2026-07-25,13957187981,信息流-小牛-拼豆-三方主体-代运营-新人福利价-0724-10191018980880-大盘扒改-625-2,0.02,4,0,0.00,0.00,0.00
2026-07-25,13957187571,信息流-小牛-拼豆-三方主体-代运营-新人福利价-0724-10191018980880-大盘扒改-625-1,0.02,6,0,0.00,0.00,0.00
2026-07-25,13731661171,CH-SC-广义新-10103971298079-新综合频道-家具-京喜拉新-剪辑-转化引导-家具-20260630-反向-625-7,0.02,2,0,0.00,0.00,0.00
2026-07-25,13846344239,CH-SC-低活-10113209119177-超级抢购-电动车-无-剪辑-转化引导-电动车-20260708-无-625-13,0.02,2,0,0.00,0.00,0.00
2026-07-25,13916089784,CH-SC-广义新-10184972523548-新综合频道-厨具-京喜拉新-剪辑-转化引导-厨具-20260716-反向-625-aigc-11,0.02,8,0,0.00,0.00,0.00
2026-07-25,13662920782,CH-SC-广义新-10130866966155-新综合频道-服饰内衣-京喜拉新-剪辑-转化引导-服饰内衣-20260624-无-625-10,0.02,2,0,0.00,0.00,0.00
2026-07-25,13651812729,CH-SC-低活-10081585918372-超级抢购-家庭清洁纸品-无-剪辑-转化引导-家庭清洁纸品-20260623-无-625-aigc-12,0.02,6,0,0.00,0.00,0.00
2026-07-25,13845967373,CH-SC-广义新-10156923061370-新综合频道-数码-京喜拉新-剪辑-转化引导-数码-20260710-无-625-3,0.02,10,0,0.00,0.00,0.00
2026-07-25,13746354563,CH-SC-低活-10112643484929-超级抢购加补-手机通讯-无-剪辑-转化引导-手机通讯-20260630-无-625-1,0.02,3,0,0.00,0.00,0.00
2026-07-25,13746319970,CH-SC-低活-10139440032542-超级抢购5元-运动户外-无-剪辑-转化引导-运动户外-20260630-无-625-aigc-12,0.02,2,0,0.00,0.00,0.00
2026-07-25,13873257564,CH-SC-低活-10081585918372-超级抢购-纸品-无-剪辑-转化引导-纸品-20260702-无-625-aigc-31,0.02,3,0,0.00,0.00,0.00
2026-07-25,13922147817,信息流-小牛-百香果-京东主体-代运营-新人福利价-0721-10161286379662-深海货盘-625-aigc-10,0.02,20,0,0.00,0.00,0.00
2026-07-25,13835193701,CH-SC-广义新-10109170972947-新综合频道-钟表眼镜-京喜拉新-剪辑-转化引导-钟表眼镜-20260708-无-625-aigc-6,0.02,1,0,0.00,0.00,0.00
2026-07-25,13916308362,CH-SC-低活-10215767576641-超级抢购-生鲜-无-剪辑-转化引导-生鲜-20260715-无-625-aigc-6,0.02,2,1,0.00,0.00,50.00
2026-07-25,13846314592,CH-SC-低活-10140917922437-超级抢购-家庭清洁-无-剪辑-转化引导-家庭清洁-20260708-无-625-aigc-15,0.02,9,0,0.00,0.00,0.00
2026-07-25,13916495528,CH-SC-广义新-10040988734451-新10元话费券-无-无-剪辑-转化引导-无-20260715-无-625-10,0.02,3,2,0.00,0.00,66.67
2026-07-25,13916115157,CH-SC-广义新-10155000015319-新综合频道-厨具-京喜拉新-剪辑-转化引导-厨具-20260716-无-625-aigc-7,0.02,3,0,0.00,0.00,0.00
2026-07-25,13846399385,CH-SC-低活-10081585918372-超级抢购-家庭清洁纸品-无-剪辑-转化引导-家庭清洁纸品-20260708-无-625-aigc-18,0.02,3,0,0.00,0.00,0.00
2026-07-25,13352558770,CH-SC-低活-10081585918372-超级抢购-家庭清洁纸品-无-剪辑-转化引导-家庭清洁纸品-20260521-无-625-27,0.01,2,0,0.00,0.00,0.00
2026-07-25,13957193263,信息流-小牛-无骨鸡爪-三方主体-代运营-新人福利价-0724-10181243448351-大盘扒改-625-2,0.01,1,0,0.00,0.00,0.00
2026-07-25,13651882417,CH-SC-低活-10081585918372-超级抢购-家庭清洁纸品-无-剪辑-转化引导-家庭清洁纸品-20260623-无-625-aigc-4,0.01,1,0,0.00,0.00,0.00
2026-07-25,13835205807,CH-SC-广义新-10139440032542-新综合频道-运动户外-京喜拉新-剪辑-转化引导-运动户外-20260708-无-625-aigc-7,0.01,2,0,0.00,0.00,0.00
2026-07-25,13916302041,CH-SC-低活-10140917922437-超级抢购-家庭清洁-无-剪辑-转化引导-家庭清洁-20260715-无-625-aigc-10,0.01,8,0,0.00,0.00,0.00
2026-07-25,13836018714,CH-SC-低活-10081585918372-超级抢购-纸品-无-剪辑-转化引导-纸品-20260702-无-625-aigc-9,0.01,1,0,0.00,0.00,0.00
2026-07-25,13776673362,CH-SC-广义新-10118706992345-新综合频道-纸品-京喜拉新-剪辑-转化引导-纸品-20260702-无-625-aigc-12,0.01,1,1,0.00,0.00,100.00
2026-07-25,13922158744,信息流-小牛-抽纸-京东主体-代运营-新人福利价-0721-100281253200-设计自选-625-aigc-18,0.01,1,0,0.00,0.00,0.00
2026-07-25,13525511409,CH-SC-低活-10140917922437-超级抢购加补-家庭清洁-无-剪辑-转化引导-家庭清洁-20260609-无-625-aigc-19,0.01,0,0,0.00,0.00,0.00
2026-07-25,13846411953,CH-SC-低活-10220560400432-超级抢购-生活日用-无-剪辑-转化引导-生活日用-20260708-无-625-aigc-21,0.01,0,0,0.00,0.00,0.00
2026-07-25,13799930857,CH-SC-广义新-10158258669630-新综合频道-居家布艺-京喜拉新-剪辑-转化引导-居家布艺-20260706-无-625-aigc-6,0.01,2,0,0.00,0.00,0.00
2026-07-25,13873239465,CH-SC-低活-10118706992345-超级抢购-纸品-无-剪辑-转化引导-纸品-20260710-无-625-aigc-4,0.01,1,0,0.00,0.00,0.00
2026-07-25,13916301057,CH-SC-低活-10140917922437-超级抢购-家庭清洁-无-剪辑-转化引导-家庭清洁-20260715-无-625-aigc-8,0.01,13,1,0.00,0.00,7.69
2026-07-25,13835204958,CH-SC-广义新-10139440032542-新综合频道-运动户外-京喜拉新-剪辑-转化引导-运动户外-20260708-无-625-aigc-6,0.01,2,0,0.00,0.00,0.00
2026-07-25,13957194157,信息流-小牛-无骨鸡爪-三方主体-代运营-新人福利价-0724-10181243448351-大盘扒改-625-3,0.01,20,0,0.00,0.00,0.00
2026-07-25,13957199370,信息流-小牛-无骨鸡爪-三方主体-代运营-新人福利价-0724-10181243448351-大盘扒改-625-7,0.01,0,0,0.00,0.00,0.00
2026-07-25,13873280184,CH-SC-低活-10081585918372-超级抢购-纸品-无-剪辑-转化引导-纸品-20260702-无-625-aigc-20,0.01,1,0,0.00,0.00,0.00
2026-07-25,13872652661,CH-SC-广义新-10136363822650 -新综合频道-纸品-京喜拉新-剪辑-转化引导-纸品-20260714-无-625-12,0.01,8,0,0.00,0.00,0.00
2026-07-25,13846406325,CH-SC-低活-10081585918372-超级抢购-家庭清洁纸品-无-剪辑-转化引导-家庭清洁纸品-20260708-无-625-aigc-15,0.01,2,0,0.00,0.00,0.00
2026-07-25,13397045005,CH-SC-广义新-10215767576641-新综合频道-生鲜-京喜拉新-剪辑-转化引导-生鲜-20260526-反向-625-aigc-10,0.01,7,0,0.00,0.00,0.00
2026-07-25,13835197010,CH-SC-广义新-10139440032542-新综合频道-运动户外-京喜拉新-剪辑-转化引导-运动户外-20260708-无-625-aigc-8,0.01,1,0,0.00,0.00,0.00
2026-07-25,13662919973,CH-SC-广义新-10130866966155-新综合频道-服饰内衣-京喜拉新-剪辑-转化引导-服饰内衣-20260624-无-625-6,0.01,2,0,0.00,0.00,0.00
2026-07-25,13302410132,CH-SC-广义新-10169142079015-新综合频道-厨具-京喜拉新-剪辑-转化引导-厨具-20260515-无-625-10,0.01,9,0,0.00,0.00,0.00
2026-07-25,13746354197,CH-SC-低活-10112643484929-超级抢购加补-手机通讯-无-剪辑-转化引导-手机通讯-20260630-无-625-12,0.01,2,0,0.00,0.00,0.00
2026-07-25,13845985981,CH-SC-广义新-10120961944861-新综合频道-运动户外 -京喜拉新-剪辑-转化引导-运动户外 -20260710-无-625-aigc-10,0.01,15,0,0.00,0.00,0.00
2026-07-25,13873197666,CH-SC-低活-10140917922437-超级抢购-家庭清洁-无-剪辑-转化引导-家庭清洁-20260709-无-625-aigc-7,0.01,1,0,0.00,0.00,0.00
2026-07-25,13941341569,信息流-小牛-手机支架-三方主体-代运营-新人福利价-0723-10139440032542 -设计自选-625-4,0.01,4,1,0.00,0.00,25.00
2026-07-25,13603413096,CH-SC-低活-10172627929072-超级抢购加补-家装建材-无-剪辑-转化引导-家装建材-20260617-无-625-aigc-9,0.01,2,0,0.00,0.00,0.00
2026-07-25,13799925653,CH-SC-广义新-10158258669630-新综合频道-居家布艺-京喜拉新-剪辑-转化引导-居家布艺-20260706-无-625-aigc-11,0.01,7,1,0.00,0.00,14.29
2026-07-25,13397044203,CH-SC-广义新-10215767576641-新综合频道-生鲜-京喜拉新-剪辑-转化引导-生鲜-20260526-反向-625-aigc-7,0.01,3,0,0.00,0.00,0.00
2026-07-25,13922115435,信息流-小牛-百香果-京东主体-代运营-新人福利价-0721-10161286379662-深海货盘-625-aigc-17,0.01,8,0,0.00,0.00,0.00
2026-07-25,13939893853,CH-SC-广义新-10201862878352 -新综合频道-厨具-京喜拉新-剪辑-转化引导-厨具-20260717-无-625-aigc-26,0.01,8,0,0.00,0.00,0.00
2026-07-25,13746328503,CH-SC-低活-10139440032542-超级抢购5元-运动户外-无-剪辑-转化引导-运动户外-20260630-无-625-aigc-7,0.01,6,1,0.00,0.00,16.67
2026-07-25,13397046708,CH-SC-广义新-10215767576641-新综合频道-生鲜-京喜拉新-剪辑-转化引导-生鲜-20260526-反向-625-aigc-4,0.01,5,0,0.00,0.00,0.00
2026-07-25,13486888224,CH-SC-广义新-无-新10元话费券-10元话费券-京喜拉新-剪辑-转化引导-10元话费券-20260605-无-625-7,0.01,1,0,0.00,0.00,0.00
2026-07-25,13873280201,CH-SC-低活-10081585918372-超级抢购-纸品-无-剪辑-转化引导-纸品-20260702-无-625-aigc-19,0.01,1,1,0.00,0.00,100.00
2026-07-25,13918400483,信息流-小牛-车载支架-低活-代运营-福利价-0721-100091919404-深海货盘-625-aigc-13,0.01,4,0,0.00,0.00,0.00
2026-07-25,13939935876,CH-SC-广义新-10150604147722-新综合频道-箱包皮具-京喜拉新-剪辑-转化引导-箱包皮具-20260720-反向-625-1,0.01,21,0,0.00,0.00,0.00
2026-07-25,13846401745,CH-SC-低活-10081585918372-超级抢购-家庭清洁纸品-无-剪辑-转化引导-家庭清洁纸品-20260708-无-625-aigc-3,0.01,1,1,0.00,0.00,100.00
2026-07-25,13302415831,CH-SC-广义新-10169142079015-新综合频道-厨具-京喜拉新-剪辑-转化引导-厨具-20260515-无-625-20,0.01,8,0,0.00,0.00,0.00
2026-07-25,13957199390,信息流-小牛-无骨鸡爪-三方主体-代运营-新人福利价-0724-10181243448351-大盘扒改-625-8,0.01,5,0,0.00,0.00,0.00
2026-07-25,13776634575,CH-SC-广义新-10177393646076-新综合频道-灯饰照明-京喜拉新-剪辑-转化引导-灯饰照明-20260702-反向-625-aigc-1,0.01,14,0,0.00,0.00,0.00
2026-07-25,13873194156,CH-SC-低活-10140917922437-超级抢购-家庭清洁-无-剪辑-转化引导-家庭清洁-20260709-无-625-aigc-5,0.01,1,1,0.00,0.00,100.00
2026-07-25,13918403823,信息流-小牛-车载支架-低活-代运营-福利价-0721-100091919404-深海货盘-625-aigc-19,0.01,1,0,0.00,0.00,0.00
2026-07-25,13836036590,CH-SC-低活-10223482211866-超级抢购-生活日用-无-剪辑-转化引导-生活日用-20260703-无-625-5,0.01,1,0,0.00,0.00,0.00
2026-07-25,13922139285,信息流-小牛-百香果-京东主体-代运营-新人福利价-0721-10161286379662-深海货盘-625-aigc-20,0.01,1,0,0.00,0.00,0.00
2026-07-25,13799945643,CH-SC-广义新-10139440032542-新综合频道-运动户外-京喜拉新-剪辑-转化引导-运动户外-20260703-无-625-aigc-4,0.01,2,1,0.00,0.00,50.00
2026-07-25,13946571614,信息流-小牛-电煮锅-京东主体-代运营-新人福利价-0723-10125368295124-设计自选-625-aigc-4,0.01,3,0,0.00,0.00,0.00
2026-07-25,13940202736,CH-SC-低活-10200755904098-超级抢购-汽车用品-无-剪辑-转化引导-汽车用品-20260716-无-625-aigc-4,0.01,16,0,0.00,0.00,0.00
2026-07-25,13939937564,CH-SC-广义新-10150604147722-新综合频道-箱包皮具-京喜拉新-剪辑-转化引导-箱包皮具-20260720-反向-625-6,0.01,7,0,0.00,0.00,0.00
2026-07-25,13651815762,CH-SC-低活-10081585918372-超级抢购-家庭清洁纸品-无-剪辑-转化引导-家庭清洁纸品-20260623-无-625-aigc-17,0.01,2,0,0.00,0.00,0.00
2026-07-25,13800019564,CH-SC-广义新-10040988734451-新10元话费券-无-无-剪辑-转化引导-无-20260629-无-625-5,0.01,4,0,0.00,0.00,0.00
2026-07-25,13873223905,CH-SC-低活-10162692688878-超级抢购-家用电器-无-剪辑-转化引导-家用电器-20260710-无-625-aigc-5,0.01,1,0,0.00,0.00,0.00
2026-07-25,13746356251,CH-SC-低活-10112643484929-超级抢购加补-手机通讯-无-剪辑-转化引导-手机通讯-20260630-无-625-4,0.01,11,0,0.00,0.00,0.00
2026-07-25,13873247091,CH-SC-低活-10217740550325-超级抢购-箱包皮具-无-剪辑-转化引导-箱包皮具-20260713-无-625-aigc-10,0.01,1,0,0.00,0.00,0.00
2026-07-25,13846291914,CH-SC-低活-10162692688878-超级抢购-家用电器-无-剪辑-转化引导-家用电器-20260708-无-625-aigc-19,0.00,0,0,0.00,0.00,0.00
2026-07-25,13746353346,CH-SC-低活-10112643484929-超级抢购加补-手机通讯-无-剪辑-转化引导-手机通讯-20260630-无-625-10,0.00,0,0,0.00,0.00,0.00
2026-07-25,13662879438,CH-SC-低活-10134479334759-超级抢购通用-钟表眼镜-无-剪辑-转化引导-钟表眼镜-20260624-无-625-AIGC-6,0.00,1,0,0.00,0.00,0.00
2026-07-25,13407970309,CH-SC-广义新-10159656246030-新综合频道-电脑-京喜拉新-剪辑-转化引导-电脑-20260527-反向-625-aigc-9,0.00,2,0,0.00,0.00,0.00
2026-07-25,13873209822,CH-SC-低活-10113209119177-超级抢购-电动车-无-剪辑-转化引导-电动车-20260709-无-625-2,0.00,1,0,0.00,0.00,0.00
2026-07-25,13040038827,荣耀-XN-社交-通用-美女-混剪-纯新AIGC-260410-625-2,0.00,0,0,0.00,0.00,0.00
2026-07-25,13939898143,CH-SC-广义新-10183880057418 -新综合频道-箱包皮具-京喜拉新-剪辑-转化引导-箱包皮具-20260717-无-625-aigc-4,0.00,0,0,0.00,0.00,0.00
2026-07-25,13873175465,CH-SC-低活-10162692688878-超级抢购-家用电器-无-剪辑-转化引导-家用电器-20260709-无-625-aigc-17,0.00,0,0,0.00,0.00,0.00
2026-07-25,13916487167,CH-SC-广义新-10040988734451-新10元话费券-无-无-剪辑-转化引导-无-20260715-无-625-19,0.00,5,0,0.00,0.00,0.00
2026-07-25,13746305468,CH-SC-广义新-10136364012448-新综合频道-纸品-京喜拉新-剪辑-转化引导-纸品-20260701-无-625-aigc-6,0.00,0,0,0.00,0.00,0.00
2026-07-25,13845991822,CH-SC-广义新-10120961944861-新综合频道-运动户外 -京喜拉新-剪辑-转化引导-运动户外 -20260710-无-625-aigc-3,0.00,0,0,0.00,0.00,0.00
2026-07-25,13937241755,信息流-小牛-厨房挂件-京东主体-代运营-新人福利价-0722-10162320955134-本东爆品-625-3,0.00,2,0,0.00,0.00,0.00
2026-07-25,13836051892,CH-SC-低活-10156776256916-超级抢购-珠宝首饰-无-剪辑-转化引导-珠宝首饰-20260703-无-625-aigc-3,0.00,3,0,0.00,0.00,0.00
2026-07-25,13922135840,信息流-小牛-百香果-京东主体-代运营-新人福利价-0721-10161286379662-深海货盘-625-aigc-19,0.00,1,0,0.00,0.00,0.00
2026-07-25,13845988566,CH-SC-广义新-10120961944861-新综合频道-运动户外 -京喜拉新-剪辑-转化引导-运动户外 -20260710-无-625-aigc-1,0.00,11,0,0.00,0.00,0.00
2026-07-25,13407977687,CH-SC-广义新-10159656246030-新综合频道-电脑-京喜拉新-剪辑-转化引导-电脑-20260527-反向-625-aigc-6,0.00,1,0,0.00,0.00,0.00
2026-07-25,13913155182,信息流-小牛-刮水器-京东主体-代运营-新人1分钱-0720-10101434066164-历史爆品-625-14,0.00,0,0,0.00,0.00,0.00
2026-07-25,13846349846,CH-SC-低活-10113209119177-超级抢购-电动车-无-剪辑-转化引导-电动车-20260708-无-625-17,0.00,1,1,0.00,0.00,100.00
2026-07-25,13407972249,CH-SC-广义新-10159656246030-新综合频道-电脑-京喜拉新-剪辑-转化引导-电脑-20260527-反向-625-aigc-11,0.00,0,0,0.00,0.00,0.00
2026-07-25,13937239631,信息流-小牛-厨房挂件-京东主体-代运营-新人福利价-0722-10162320955134-本东爆品-625-2,0.00,1,0,0.00,0.00,0.00
2026-07-25,13873238696,CH-SC-低活-10118706992345-超级抢购-纸品-无-剪辑-转化引导-纸品-20260710-无-625-aigc-3,0.00,2,0,0.00,0.00,0.00
2026-07-25,13536517872,CH-SC-广义新-10127068425204-新综合频道-收纳用品-京喜拉新-剪辑-转化引导-收纳用品-20260610-无-625-6,0.00,8,1,0.00,0.00,12.50
2026-07-25,13592311598,CH-SC-广义新-10139440032542-新综合频道-运动户外-京喜拉新-剪辑-转化引导-运动户外-20260616-无-625-aigc-16,0.00,1,0,0.00,0.00,0.00
2026-07-25,13916496854,CH-SC-广义新-10040988734451-新10元话费券-无-无-剪辑-转化引导-无-20260715-无-625-15,0.00,1,0,0.00,0.00,0.00
2026-07-25,13937213243,信息流-小牛-碘伏棉签-京东主体-代运营-新人1分钱起-0722-10157346621198-京东-625-11,0.00,1,0,0.00,0.00,0.00
2026-07-25,13873284948,CH-SC-低活-10081585918372-超级抢购-纸品-无-剪辑-转化引导-纸品-20260702-无-625-aigc-25,0.00,1,0,0.00,0.00,0.00
2026-07-25,13799834838,CH-SC-广义新-10156923061370-新综合频道-数码-京喜拉新-剪辑-转化引导-数码-20260707-无-625-aigc-11,0.00,0,0,0.00,0.00,0.00
2026-07-25,13614618075,CH-SC-广义新-10161130444375-新综合频道-农资园艺-京喜拉新-剪辑-转化引导-农资园艺-20260618-反向-625-aigc-10,0.00,1,0,0.00,0.00,0.00
2026-07-25,13916301575,CH-SC-低活-10140917922437-超级抢购-家庭清洁-无-剪辑-转化引导-家庭清洁-20260715-无-625-aigc-9,0.00,8,0,0.00,0.00,0.00
2026-07-25,13486888348,CH-SC-广义新-无-新10元话费券-10元话费券-京喜拉新-剪辑-转化引导-10元话费券-20260605-无-625-9,0.00,0,0,0.00,0.00,0.00
2026-07-25,13873265327,CH-SC-低活-10081585918372-超级抢购-纸品-无-剪辑-转化引导-纸品-20260702-无-625-aigc-4,0.00,0,0,0.00,0.00,0.00
2026-07-25,13592283903,CH-SC-低活-10156925961082-超级抢购加补-家用电器-无-剪辑-转化引导-家用电器-20260616-无-625-aigc-17,0.00,5,0,0.00,0.00,0.00
2026-07-26,13471070287,CH-SC-广义新-10136363822650-新综合频道-家庭清洁-京喜拉新-剪辑-转化引导-家庭清洁-20260602-反向-625-3,6704.57,122617,12642,57.80,116.00,10.31
2026-07-26,13547605427,CH-SC-低活-10140207411553-超级抢购加补-文教文化用品-无-剪辑-转化引导-文教文化用品-20260611-无-625-4,1242.87,104196,8147,4.18,297.34,7.82
2026-07-26,13904992394,CH-SC-广义新-10136363822650-新综合频道-家庭清洁-京喜拉新-剪辑-转化引导-家庭清洁-20260717-反向-625-1,1118.73,17840,1512,58.88,19.00,8.48
2026-07-26,13559845298,CH-PRJ-采销项目-10204138700158-快手安卓-外卖美食-无-剪辑-转化引导-外卖美食-20260612-无-625-1,958.91,14801,9424,0.19,5046.89,63.67
2026-07-26,13559888558,CH-SC-广义新-10139440032542-新综合频道-运动户外-京喜拉新-剪辑-转化引导-运动户外-20260612-无-625-7,723.93,108384,1273,120.66,6.00,1.17
2026-07-26,13471070035,CH-SC-广义新-10136363822650-新综合频道-家庭清洁-京喜拉新-剪辑-转化引导-家庭清洁-20260602-反向-625-1,534.68,18000,2080,59.41,9.00,11.56
2026-07-26,13799781175,CH-SC-广义新-10155085148227-新综合频道-家用电器-京喜拉新-剪辑-转化引导-家用电器-20260707-反向-625-aigc-14,533.96,95966,4592,44.50,12.00,4.79
2026-07-26,13904991981,CH-SC-广义新-10136363822650-新综合频道-家庭清洁-京喜拉新-剪辑-转化引导-家庭清洁-202600602-反向-625-5,411.23,48925,589,68.54,6.00,1.20
2026-07-26,13352555282,CH-SC-低活-10081585918372-超级抢购-家庭清洁纸品-无-剪辑-转化引导-家庭清洁纸品-20260521-无-625-16,402.95,33355,1686,20.15,20.00,5.05
2026-07-26,13559845354,CH-PRJ-采销项目-10204138700158-快手安卓-外卖美食-无-剪辑-转化引导-外卖美食-20260612-无-625-4,375.44,6053,3412,0.18,2085.78,56.37
2026-07-26,13916497314,CH-SC-广义新-10040988734451-新10元话费券-无-无-剪辑-转化引导-无-20260715-无-625-22,353.02,33891,4141,35.30,10.00,12.22
2026-07-26,13922153461,信息流-小牛-抽纸-京东主体-代运营-新人福利价-0721-100281253200-设计自选-625-aigc-8,350.62,8595,2281,70.12,5.00,26.54
2026-07-26,13559844535,CH-PRJ-采销项目-10204138700158-快手安卓-外卖美食-无-剪辑-转化引导-外卖美食-20260612-无-625-6,318.86,7005,3373,0.16,1992.88,48.15
2026-07-26,13651815810,CH-SC-低活-10081585918372-超级抢购-家庭清洁纸品-无-剪辑-转化引导-家庭清洁纸品-20260623-无-625-aigc-15,314.05,39945,1782,39.26,8.00,4.46
2026-07-26,13916493537,CH-SC-广义新-10040988734451-新10元话费券-无-无-剪辑-转化引导-无-20260715-无-625-26,313.10,43718,5189,44.73,7.00,11.87
2026-07-26,13486885202,CH-SC-广义新-无-新10元话费券-10元话费券-京喜拉新-剪辑-转化引导-10元话费券-20260605-无-625-4,298.13,15940,1026,29.81,10.00,6.44
2026-07-26,13536549173,CH-SC-低活-10219841541026-超级抢购加补-厨具-无-剪辑-转化引导-厨具-20260610-无-625-aigc-10,293.18,16743,1698,22.55,13.00,10.14
2026-07-26,13559844197,CH-PRJ-采销项目-10204138700158-快手安卓-外卖美食-无-剪辑-转化引导-外卖美食-20260612-无-625-3,269.43,5812,3144,0.17,1584.88,54.09
2026-07-26,13352554681,CH-SC-低活-10081585918372-超级抢购-家庭清洁纸品-无-剪辑-转化引导-家庭清洁纸品-20260521-无-625-13,254.07,16770,1087,15.88,16.00,6.48
2026-07-26,13559844692,CH-PRJ-采销项目-10204138700158-快手安卓-外卖美食-无-剪辑-转化引导-外卖美食-20260612-无-625-7,248.12,7400,2791,0.17,1459.53,37.72
2026-07-26,13471071527,CH-SC-广义新-10136363822650-新综合频道-家庭清洁-京喜拉新-剪辑-转化引导-家庭清洁-20260602-反向-625-aigc-2,217.36,4032,383,72.45,3.00,9.50
2026-07-26,13799981390,CH-SC-广义新-10134479334759-新综合频道-钟表眼镜-京喜拉新-剪辑-转化引导-钟表眼镜-20260703-无-625-aigc-12,205.44,9954,2487,41.09,5.00,24.98
2026-07-26,13845993499,CH-SC-广义新-10120961944861-新综合频道-运动户外 -京喜拉新-剪辑-转化引导-运动户外 -20260710-无-625-aigc-6,194.94,8009,716,97.47,2.00,8.94
2026-07-26,13873170621,CH-SC-低活-10137455430983-超级抢购-纸品-无-剪辑-转化引导-纸品-20260709-无-625-aigc-11,163.33,22881,2438,9.61,17.00,10.66
2026-07-26,13904991502,CH-SC-广义新-10136363822650-新综合频道-家庭清洁-京喜拉新-剪辑-转化引导-家庭清洁-20260717-反向-625-4,141.04,3511,425,0.00,0.00,12.10
2026-07-26,13873168305,CH-SC-低活-10137455430983-超级抢购-纸品-无-剪辑-转化引导-纸品-20260709-无-625-aigc-7,124.47,8457,1535,7.32,17.00,18.15
2026-07-26,13651786488,CH-SC-低活-10166301474829-超级抢购加补-厨具-无-剪辑-转化引导-厨具-20260623-无-625-18,115.12,8625,869,23.02,5.00,10.08
2026-07-26,13873166540,CH-SC-低活-10137455430983-超级抢购-纸品-无-剪辑-转化引导-纸品-20260709-无-625-aigc-5,112.02,14447,601,6.59,17.00,4.16
2026-07-26,13881547607,CH-SC-广义新-10102020339908 -新综合频道-数码-京喜拉新-剪辑-转化引导-数码-20260715-无-625-4,107.51,16358,909,0.00,0.00,5.56
2026-07-26,13836038216,CH-SC-低活-10223482211866-超级抢购-生活日用-无-剪辑-转化引导-生活日用-20260703-无-625-7,104.34,1707,516,20.87,5.00,30.23
2026-07-26,13873244696,CH-SC-低活-10217740550325-超级抢购-箱包皮具-无-剪辑-转化引导-箱包皮具-20260713-无-625-aigc-7,99.80,3417,74,14.26,7.00,2.17
2026-07-26,13471069673,CH-SC-广义新-10136363822650-新综合频道-家庭清洁-京喜拉新-剪辑-转化引导-家庭清洁-20260602-反向-625-aigc-5,92.57,867,123,92.57,1.00,14.19
2026-07-26,13916493564,CH-SC-广义新-10040988734451-新10元话费券-无-无-剪辑-转化引导-无-20260715-无-625-24,92.34,3035,319,23.09,4.00,10.51
2026-07-26,13846397896,CH-SC-低活-10112643484929-超级抢购-手机通讯-无-剪辑-转化引导-手机通讯-20260708-无-625-aigc-1,91.38,7904,239,15.23,6.00,3.02
2026-07-26,13873171234,CH-SC-低活-10137455430983-超级抢购-纸品-无-剪辑-转化引导-纸品-20260709-无-625-aigc-12,88.81,5158,3394,0.00,0.00,65.80
2026-07-26,13592316754,CH-SC-广义新-10146456039187-新综合频道-纸品-京喜拉新-剪辑-转化引导-纸品-20260616-反向-625-aigc-8,86.95,10422,922,86.95,1.00,8.85
2026-07-26,13559886032,CH-SC-广义新-10120132288166-新综合频道-运动户外-京喜拉新-剪辑-转化引导-运动户外-20260612-无-625-9,83.70,39480,87,0.00,0.00,0.22
2026-07-26,13873165421,CH-SC-低活-10137455430983-超级抢购-纸品-无-剪辑-转化引导-纸品-20260709-无-625-aigc-4,80.44,7453,494,8.94,9.00,6.63
2026-07-26,13559845061,CH-PRJ-采销项目-10204138700158-快手安卓-外卖美食-无-剪辑-转化引导-外卖美食-20260612-无-625-9,70.26,1975,912,0.17,413.29,46.18
2026-07-26,13835192045,CH-SC-广义新-10109170972947-新综合频道-钟表眼镜-京喜拉新-剪辑-转化引导-钟表眼镜-20260708-无-625-aigc-3,69.73,56265,58,34.87,2.00,0.10
2026-07-26,13471071598,CH-SC-广义新-10136363822650-新综合频道-家庭清洁-京喜拉新-剪辑-转化引导-家庭清洁-20260602-反向-625-aigc-1,68.68,493,43,0.00,0.00,8.72
2026-07-26,13873168594,CH-SC-低活-10137455430983-超级抢购-纸品-无-剪辑-转化引导-纸品-20260709-无-625-aigc-8,67.60,3650,1934,16.90,4.00,52.99
2026-07-26,13916303191,CH-SC-低活-10140917922437-超级抢购-家庭清洁-无-剪辑-转化引导-家庭清洁-20260715-无-625-aigc-13,63.83,15946,348,0.00,0.00,2.18
2026-07-26,13916089663,CH-SC-广义新-10184972523548-新综合频道-厨具-京喜拉新-剪辑-转化引导-厨具-20260716-反向-625-aigc-10,60.19,11016,723,0.00,0.00,6.56
2026-07-26,13873164965,CH-SC-低活-10137455430983-超级抢购-纸品-无-剪辑-转化引导-纸品-20260709-无-625-aigc-2,54.73,1902,333,9.12,6.00,17.51
2026-07-26,13603329865,CH-SC-广义新-10139440032542-新综合频道-运动户外-京喜拉新-剪辑-转化引导-运动户外-20260617-无-625-aigc10,51.64,3882,78,51.64,1.00,2.01
2026-07-26,13547606643,CH-SC-低活-10140207411553-超级抢购加补-文教文化用品-无-剪辑-转化引导-文教文化用品-20260611-无-625-8,51.19,4539,304,2.23,22.96,6.70
2026-07-26,13904992036,CH-SC-广义新-10136363822650-新综合频道-家庭清洁-京喜拉新-剪辑-转化引导-家庭清洁-20260717-反向-625-6,51.11,7615,118,51.11,1.00,1.55
2026-07-26,13836021303,CH-SC-低活-10081585918372-超级抢购-纸品-无-剪辑-转化引导-纸品-20260702-无-625-aigc-3,45.58,14918,225,45.58,1.00,1.51
2026-07-26,13916092543,CH-SC-广义新-10147832788047-新综合频道-工业品-京喜拉新-剪辑-转化引导-工业品-20260716-反向-625-2,44.01,273,100,11.00,4.00,36.63
2026-07-26,13940216774,CH-SC-低活-10223570717754-超级抢购-生鲜-无-剪辑-转化引导-生鲜-20260716-无-625-aigc-12,37.65,16218,50,0.00,0.00,0.31
2026-07-26,13873166317,CH-SC-低活-10137455430983-超级抢购-纸品-无-剪辑-转化引导-纸品-20260709-无-625-aigc-3,37.59,2424,1501,37.59,1.00,61.92
2026-07-26,13559844150,CH-PRJ-采销项目-10204138700158-快手安卓-外卖美食-无-剪辑-转化引导-外卖美食-20260612-无-625-2,37.52,783,428,0.17,220.71,54.66
2026-07-26,13559845188,CH-PRJ-采销项目-10204138700158-快手安卓-外卖美食-无-剪辑-转化引导-外卖美食-20260612-无-625-10,36.18,1009,442,0.16,226.12,43.81
2026-07-26,13685269854,CH-SC-低活-10220560400432-超级抢购加补-生活日用-无-剪辑-转化引导-生活日用-20260626-无-625-aigc-15,34.94,1395,44,17.47,2.00,3.15
2026-07-26,13873248011,CH-SC-低活-10217740550325-超级抢购-箱包皮具-无-剪辑-转化引导-箱包皮具-20260713-无-625-aigc-2,32.08,1331,678,10.69,3.00,50.94
2026-07-26,13536545427,CH-SC-低活-10219841541026-超级抢购加补-厨具-无-剪辑-转化引导-厨具-20260610-无-625-aigc-4,31.02,526,32,15.51,2.00,6.08
2026-07-26,13873167301,CH-SC-低活-10137455430983-超级抢购-纸品-无-剪辑-转化引导-纸品-20260709-无-625-aigc-6,30.17,26518,97,0.00,0.00,0.37
2026-07-26,13940213199,CH-SC-低活-10223570717754-超级抢购-生鲜-无-剪辑-转化引导-生鲜-20260716-无-625-aigc-7,29.81,2204,57,29.81,1.00,2.59
2026-07-26,13881546157,CH-SC-广义新-10102020339908 -新综合频道-数码-京喜拉新-剪辑-转化引导-数码-20260715-无-625-10,27.59,4696,419,0.00,0.00,8.92
2026-07-26,13776511664,CH-SC-广义新-10101267118895-新综合频道-厨具-京喜拉新-剪辑-转化引导-厨具-20260702-无-625-aigc-2,26.41,13490,1526,0.00,0.00,11.31
2026-07-26,13559844369,CH-PRJ-采销项目-10204138700158-快手安卓-外卖美食-无-剪辑-转化引导-外卖美食-20260612-无-625-5,25.72,1080,326,0.16,160.75,30.19
2026-07-26,13835184730,CH-SC-广义新-10155085148227-新综合频道-家用电器-京喜拉新-剪辑-转化引导-家用电器-20260708-无-625-aigc-67,25.09,7159,35,25.09,1.00,0.49
2026-07-26,13685269945,CH-SC-低活-10220560400432-超级抢购加补-生活日用-无-剪辑-转化引导-生活日用-20260626-无-625-aigc-13,23.63,1592,29,0.00,0.00,1.82
2026-07-26,13846422587,CH-SC-低活-10220560400432-超级抢购-生活日用-无-剪辑-转化引导-生活日用-20260708-无-625-aigc-7,22.61,1812,402,0.00,0.00,22.19
2026-07-26,13918399564,信息流-小牛-车载支架-低活-代运营-福利价-0721-100091919404-深海货盘-625-aigc-10,21.81,5271,760,21.81,1.00,14.42
2026-07-26,13559844857,CH-PRJ-采销项目-10204138700158-快手安卓-外卖美食-无-剪辑-转化引导-外卖美食-20260612-无-625-8,17.98,750,263,0.13,138.31,35.07
2026-07-26,13603318244,CH-SC-广义新-10118706992345-新综合频道-纸品-无-剪辑-转化引导-纸品-20260617-无-625-aigc-11,17.77,5373,195,0.00,0.00,3.63
2026-07-26,13846316443,CH-SC-低活-10140917922437-超级抢购-家庭清洁-无-剪辑-转化引导-家庭清洁-20260708-无-625-aigc-16,16.78,1212,26,16.78,1.00,2.15
2026-07-26,13746328503,CH-SC-低活-10139440032542-超级抢购5元-运动户外-无-剪辑-转化引导-运动户外-20260630-无-625-aigc-7,16.69,502,10,16.69,1.00,1.99
2026-07-26,13341766059,CH-SC-广义新-10219841541026-新综合频道-厨具-京喜拉新-剪辑-转化引导-厨具-20260520-反向-625-8,15.78,2027,16,0.00,0.00,0.79
2026-07-26,13662915269,CH-SC-广义新-10223419649136-新综合频道-手机通讯-京喜拉新-剪辑-转化引导-手机通讯-20260624-反向-625-AIGC-2,15.36,255,4,0.00,0.00,1.57
2026-07-26,13939870699,CH-SC-广义新-10217878263924 -新综合频道-汽车用品-京喜拉新-剪辑-转化引导-汽车用品-20260717-无-625-3,15.18,8203,24,0.00,0.00,0.29
2026-07-26,13673738697,CH-SC-低活-10166301474829-超级抢购加补-厨具-无-剪辑-转化引导-厨具-20260625-无-625-13,15.11,1202,301,7.56,2.00,25.04
2026-07-26,13873243579,CH-SC-低活-10118706992345-超级抢购-纸品-无-剪辑-转化引导-纸品-20260710-无-625-aigc-11,14.98,2845,117,0.00,0.00,4.11
2026-07-26,13799983282,CH-SC-广义新-10134479334759-新综合频道-钟表眼镜-京喜拉新-剪辑-转化引导-钟表眼镜-20260703-无-625-aigc-13,14.97,3781,16,0.00,0.00,0.42
2026-07-26,13799781798,CH-SC-广义新-10155085148227-新综合频道-家用电器-京喜拉新-剪辑-转化引导-家用电器-20260707-反向-625-aigc-16,14.69,3180,226,0.00,0.00,7.11
2026-07-26,13547619349,CH-SC-低活-10217613031260-好价清单-休闲食品-无-剪辑-转化引导-休闲食品-20260611-无-625-12,14.55,3594,61,0.00,0.00,1.70
2026-07-26,13939900885,CH-SC-广义新-10183880057418 -新综合频道-箱包皮具-京喜拉新-剪辑-转化引导-箱包皮具-20260717-无-625-aigc-6,13.68,1919,118,0.00,0.00,6.15
2026-07-26,13603346672,CH-SC-广义新-10166301474829-新综合频道-厨具-京喜拉新-剪辑-转化引导-厨具-20260617-反向-625-aigc-12,13.62,1101,192,0.00,0.00,17.44
2026-07-26,13603383616,CH-SC-低活-10217740550325-超级抢购加补-箱包皮具-无-剪辑-转化引导-箱包皮具-20260617-无-625-aigc-5,13.47,1174,47,0.00,0.00,4.00
2026-07-26,13922151320,信息流-小牛-抽纸-京东主体-代运营-新人福利价-0721-100281253200-设计自选-625-aigc-3,13.13,314,62,0.00,0.00,19.75
2026-07-26,13873169325,CH-SC-低活-10137455430983-超级抢购-纸品-无-剪辑-转化引导-纸品-20260709-无-625-aigc-9,12.91,1156,98,12.91,1.00,8.48
2026-07-26,13873282737,CH-SC-低活-10081585918372-超级抢购-纸品-无-剪辑-转化引导-纸品-20260702-无-625-aigc-23,12.84,410,186,6.42,2.00,45.37
2026-07-26,13873198936,CH-SC-低活-10140917922437-超级抢购-家庭清洁-无-剪辑-转化引导-家庭清洁-20260709-无-625-aigc-9,11.47,297,75,11.47,1.00,25.25
2026-07-26,13904991258,CH-SC-广义新-10136363822650-新综合频道-家庭清洁-京喜拉新-剪辑-转化引导-家庭清洁-20260717-反向-625-3,11.42,68,10,0.00,0.00,14.71
2026-07-26,13922152192,信息流-小牛-抽纸-京东主体-代运营-新人福利价-0721-100281253200-设计自选-625-aigc-5,10.65,184,59,0.00,0.00,32.07
2026-07-26,13846372517,CH-SC-低活-10112643484929-超级抢购-手机通讯-无-剪辑-转化引导-手机通讯-20260708-无-625-aigc-5,10.60,613,23,0.00,0.00,3.75
2026-07-26,13846309120,CH-SC-低活-10140917922437-超级抢购-家庭清洁-无-剪辑-转化引导-家庭清洁-20260708-无-625-aigc-10,10.56,858,185,0.00,0.00,21.56
2026-07-26,13916495108,CH-SC-广义新-10040988734451-新10元话费券-无-无-剪辑-转化引导-无-20260715-无-625-7,9.73,724,45,0.00,0.00,6.22
2026-07-26,13872651421,CH-SC-广义新-10136363822650 -新综合频道-纸品-京喜拉新-剪辑-转化引导-纸品-20260714-无-625-9,9.60,89,10,9.60,1.00,11.24
2026-07-26,13922154849,信息流-小牛-抽纸-京东主体-代运营-新人福利价-0721-100281253200-设计自选-625-aigc-9,9.55,246,41,0.00,0.00,16.67
2026-07-26,13352556484,CH-SC-低活-10081585918372-超级抢购-家庭清洁纸品-无-剪辑-转化引导-家庭清洁纸品-20260521-无-625-20,9.48,668,226,1.90,4.99,33.83
2026-07-26,13746333921,CH-SC-低活-10139440032542-超级抢购5元-运动户外-无-剪辑-转化引导-运动户外-20260630-无-625-aigc-10,9.46,173,17,9.46,1.00,9.83
2026-07-26,13916490717,CH-SC-广义新-10040988734451-新10元话费券-无-无-剪辑-转化引导-无-20260715-无-625-6,8.54,1013,63,0.00,0.00,6.22
2026-07-26,13719128579,CH-SC-广义新-10130866966155-新综合频道-服饰内衣-京喜拉新-剪辑-转化引导-服饰内衣-20260629-无-625-aigc-5,8.45,2514,205,0.00,0.00,8.15
2026-07-26,13873247401,CH-SC-低活-10217740550325-超级抢购-箱包皮具-无-剪辑-转化引导-箱包皮具-20260713-无-625-aigc-1,8.33,945,71,0.00,0.00,7.51
2026-07-26,13940212738,CH-SC-低活-10223570717754-超级抢购-生鲜-无-剪辑-转化引导-生鲜-20260716-无-625-aigc-6,8.26,470,15,0.00,0.00,3.19
2026-07-26,13835190847,CH-SC-广义新-10109170972947-新综合频道-钟表眼镜-京喜拉新-剪辑-转化引导-钟表眼镜-20260708-无-625-aigc-15,7.92,1151,131,0.00,0.00,11.38
2026-07-26,13918401522,信息流-小牛-车载支架-低活-代运营-福利价-0721-100091919404-深海货盘-625-aigc-14,7.64,1363,338,0.00,0.00,24.80
2026-07-26,13614673056,CH-SC-低活-10143318867797-超级抢购5元-厨具-无-剪辑-转化引导-厨具-20260618-无-625-aigc-2,7.53,367,9,0.00,0.00,2.45
2026-07-26,13352560095,CH-SC-低活-10081585918372-超级抢购-家庭清洁纸品-无-剪辑-转化引导-家庭清洁纸品-20260521-无-625-36,7.15,4527,24,7.15,1.00,0.53
2026-07-26,13940212351,CH-SC-低活-10223570717754-超级抢购-生鲜-无-剪辑-转化引导-生鲜-20260716-无-625-aigc-5,7.04,354,19,0.00,0.00,5.37
2026-07-26,13352561956,CH-SC-低活-10081585918372-超级抢购-家庭清洁纸品-无-剪辑-转化引导-家庭清洁纸品-20260521-无-625-9,6.85,310,148,0.00,0.00,47.74
2026-07-26,13722919113,CH-SC-低活-10220560400432-超级抢购加补-生活日用-无-剪辑-转化引导-生活日用-20260629-无-625-aigc-4,6.57,583,211,6.57,1.00,36.19
2026-07-26,13939881696,CH-SC-广义新-10201862878352 -新综合频道-厨具-京喜拉新-剪辑-转化引导-厨具-20260717-无-625-aigc-9,6.48,1945,8,0.00,0.00,0.41
2026-07-26,13722920074,CH-SC-低活-10220560400432-超级抢购加补-生活日用-无-剪辑-转化引导-生活日用-20260629-无-625-aigc-8,5.92,340,119,0.00,0.00,35.00
2026-07-26,13860484585,CH-SC-广义新-10151951361734-新综合频道-箱包皮具-京喜拉新-剪辑-转化引导-箱包皮具-20260713-无-625-aigc-2,5.90,18,11,0.00,0.00,61.11
2026-07-26,13916489768,CH-SC-广义新-10040988734451-新10元话费券-无-无-剪辑-转化引导-无-20260715-无-625-11,5.87,404,43,0.00,0.00,10.64
2026-07-26,13939910265,CH-SC-广义新-10183880057418 -新综合频道-箱包皮具-京喜拉新-剪辑-转化引导-箱包皮具-20260717-无-625-aigc-15,5.72,4622,7,0.00,0.00,0.15
2026-07-26,13957181664,信息流-小牛-保温饭盒-三方主体-代运营-新人福利价-0724-10125420247464-大盘扒改-625-3,5.43,530,30,0.00,0.00,5.66
2026-07-26,13940213927,CH-SC-低活-10223570717754-超级抢购-生鲜-无-剪辑-转化引导-生鲜-20260716-无-625-aigc-8,5.35,553,12,0.00,0.00,2.17
2026-07-26,13799756880,CH-SC-广义新-10157346551639-新综合频道-生鲜-京喜拉新-剪辑-转化引导-生鲜-20260706-无-625-11,5.27,28,2,0.00,0.00,7.14
2026-07-26,13603360081,CH-SC-广义新-10166301474829-新综合频道-厨具-京喜拉新-剪辑-转化引导-厨具-20260617-反向-625-aigc-1,5.16,210,104,0.00,0.00,49.52
2026-07-26,13872651899,CH-SC-广义新-10136363822650 -新综合频道-纸品-京喜拉新-剪辑-转化引导-纸品-20260714-无-625-10,5.03,15,2,0.00,0.00,13.33
2026-07-26,13916402149,CH-SC-低活-10120093290551-超级抢购-纸品-无-剪辑-转化引导-纸品-20260715-无-625-aigc-2,4.99,235,35,4.99,1.00,14.89
2026-07-26,13603354275,CH-SC-广义新-10166301474829-新综合频道-厨具-京喜拉新-剪辑-转化引导-厨具-20260617-反向-625-aigc-20,4.98,467,72,0.00,0.00,15.42
2026-07-26,13939909961,CH-SC-广义新-10183880057418 -新综合频道-箱包皮具-京喜拉新-剪辑-转化引导-箱包皮具-20260717-无-625-aigc-13,4.89,3683,24,0.00,0.00,0.65
2026-07-26,13603320531,CH-SC-广义新-10118706992345-新综合频道-纸品-无-剪辑-转化引导-纸品-20260617-无-625-aigc-12,4.67,1028,38,0.00,0.00,3.70
2026-07-26,13651778751,CH-SC-低活-10081585918372-超级抢购-家庭清洁纸品-无-剪辑-转化引导-家庭清洁纸品-20260623-无-625-aigc-2,4.46,311,23,0.00,0.00,7.40
2026-07-26,13486890331,CH-SC-广义新-无-新10元话费券-10元话费券-京喜拉新-剪辑-转化引导-10元话费券-20260605-无-625-10,4.33,290,29,0.00,0.00,10.00
2026-07-26,13916102483,CH-SC-广义新-10184972523548-新综合频道-厨具-京喜拉新-剪辑-转化引导-厨具-20260716-反向-625-aigc-8,4.25,1287,17,0.00,0.00,1.32
2026-07-26,13916401971,CH-SC-低活-10120093290551-超级抢购-纸品-无-剪辑-转化引导-纸品-20260715-无-625-aigc-12,4.23,855,25,0.00,0.00,2.92
2026-07-26,13836023118,CH-SC-低活-10081585918372-超级抢购-纸品-无-剪辑-转化引导-纸品-20260702-无-625-aigc-4,4.14,48,0,0.00,0.00,0.00
2026-07-26,13397046708,CH-SC-广义新-10215767576641-新综合频道-生鲜-京喜拉新-剪辑-转化引导-生鲜-20260526-反向-625-aigc-4,4.09,49,1,0.00,0.00,2.04
2026-07-26,13799763117,CH-SC-广义新-10157346551639-新综合频道-生鲜-京喜拉新-剪辑-转化引导-生鲜-20260706-无-625-10,4.08,264,4,0.00,0.00,1.52
2026-07-26,13916489653,CH-SC-广义新-10040988734451-新10元话费券-无-无-剪辑-转化引导-无-20260715-无-625-1,4.06,300,49,0.00,0.00,16.33
2026-07-26,13939904626,CH-SC-广义新-10183880057418 -新综合频道-箱包皮具-京喜拉新-剪辑-转化引导-箱包皮具-20260717-无-625-aigc-9,4.01,489,11,0.00,0.00,2.25
2026-07-26,13614673729,CH-SC-低活-10143318867797-超级抢购5元-厨具-无-剪辑-转化引导-厨具-20260618-无-625-aigc-3,3.88,748,26,0.00,0.00,3.48
2026-07-26,13939907432,CH-SC-广义新-10183880057418 -新综合频道-箱包皮具-京喜拉新-剪辑-转化引导-箱包皮具-20260717-无-625-aigc-12,3.82,975,17,0.00,0.00,1.74
2026-07-26,13776536723,CH-SC-广义新-10130866966155-新综合频道-服饰内衣-京喜拉新-剪辑-转化引导-服饰内衣-20260702-无-625-aigc-1,3.76,705,199,0.00,0.00,28.23
2026-07-26,13846316876,CH-SC-低活-10140917922437-超级抢购-家庭清洁-无-剪辑-转化引导-家庭清洁-20260708-无-625-aigc-1,3.70,228,10,0.00,0.00,4.39
2026-07-26,13352560732,CH-SC-低活-10081585918372-超级抢购-家庭清洁纸品-无-剪辑-转化引导-家庭清洁纸品-20260521-无-625-2,3.67,143,55,0.00,0.00,38.46
2026-07-26,13873277927,CH-SC-低活-10081585918372-超级抢购-纸品-无-剪辑-转化引导-纸品-20260702-无-625-aigc-17,3.64,1297,26,0.00,0.00,2.00
2026-07-26,13776532381,CH-SC-广义新-10130866966155-新综合频道-服饰内衣-京喜拉新-剪辑-转化引导-服饰内衣-20260702-无-625-aigc-17,3.59,575,60,0.00,0.00,10.43
2026-07-26,13916491947,CH-SC-广义新-10040988734451-新10元话费券-无-无-剪辑-转化引导-无-20260715-无-625-16,3.53,486,26,0.00,0.00,5.35
2026-07-26,13799927457,CH-SC-广义新-10158258669630-新综合频道-居家布艺-京喜拉新-剪辑-转化引导-居家布艺-20260706-无-625-aigc-2,3.48,145,16,0.00,0.00,11.03
2026-07-26,13719129557,CH-SC-广义新-10130866966155-新综合频道-服饰内衣-京喜拉新-剪辑-转化引导-服饰内衣-20260629-无-625-aigc-8,3.42,1018,96,0.00,0.00,9.43
2026-07-26,13746328313,CH-SC-低活-10139440032542-超级抢购5元-运动户外-无-剪辑-转化引导-运动户外-20260630-无-625-aigc-8,3.35,167,7,3.35,1.00,4.19
2026-07-26,13603339171,CH-SC-广义新-10166301474829-新综合频道-厨具-京喜拉新-剪辑-转化引导-厨具-20260617-反向-625-aigc-5,3.30,276,25,0.00,0.00,9.06
2026-07-26,13881548030,CH-SC-广义新-10102020339908 -新综合频道-数码-京喜拉新-剪辑-转化引导-数码-20260715-无-625-5,3.28,1834,67,0.00,0.00,3.65
2026-07-26,13873283614,CH-SC-低活-10081585918372-超级抢购-纸品-无-剪辑-转化引导-纸品-20260702-无-625-aigc-22,3.26,215,121,1.09,2.99,56.28
2026-07-26,13746320691,CH-SC-低活-10139440032542-超级抢购5元-运动户外-无-剪辑-转化引导-运动户外-20260630-无-625-aigc-1,3.25,96,8,0.00,0.00,8.33
2026-07-26,13846306026,CH-SC-低活-10140917922437-超级抢购-家庭清洁-无-剪辑-转化引导-家庭清洁-20260708-无-625-aigc-7,3.18,401,55,0.00,0.00,13.72
2026-07-26,13846398501,CH-SC-低活-10112643484929-超级抢购-手机通讯-无-剪辑-转化引导-手机通讯-20260708-无-625-aigc-3,3.18,353,4,0.00,0.00,1.13
2026-07-26,13776518178,CH-SC-广义新-10130866966155-新综合频道-服饰内衣-京喜拉新-剪辑-转化引导-服饰内衣-20260702-无-625-aigc-4,3.13,823,83,0.00,0.00,10.09
2026-07-26,13836043947,CH-SC-低活-10118706992345-超级抢购-纸品-无-剪辑-转化引导-纸品-20260702-无-625-aigc-4,3.05,731,34,0.00,0.00,4.65
2026-07-26,13846346637,CH-SC-低活-10113209119177-超级抢购-电动车-无-剪辑-转化引导-电动车-20260708-无-625-12,3.05,56,6,0.00,0.00,10.71
2026-07-26,13614625693,CH-SC-广义新-10134479334759-新综合频道-钟表眼镜-京喜拉新-剪辑-转化引导-钟表眼镜-20260618-无-625-aigc-8,2.96,450,11,0.00,0.00,2.44
2026-07-26,13846311562,CH-SC-低活-10140917922437-超级抢购-家庭清洁-无-剪辑-转化引导-家庭清洁-20260708-无-625-aigc-12,2.48,439,52,0.00,0.00,11.85
2026-07-26,13846321758,CH-SC-低活-10140917922437-超级抢购-家庭清洁-无-剪辑-转化引导-家庭清洁-20260708-无-625-aigc-3,2.44,105,1,0.00,0.00,0.95
2026-07-26,13776519951,CH-SC-广义新-10130866966155-新综合频道-服饰内衣-京喜拉新-剪辑-转化引导-服饰内衣-20260702-无-625-aigc-7,2.44,429,53,0.00,0.00,12.35
2026-07-26,13486890259,CH-SC-广义新-无-新10元话费券-10元话费券-京喜拉新-剪辑-转化引导-10元话费券-20260605-无-625-11,2.36,150,47,0.00,0.00,31.33
2026-07-26,13846397120,CH-SC-低活-10112643484929-超级抢购-手机通讯-无-剪辑-转化引导-手机通讯-20260708-无-625-aigc-2,2.30,363,10,0.00,0.00,2.75
2026-07-26,13873278009,CH-SC-低活-10081585918372-超级抢购-纸品-无-剪辑-转化引导-纸品-20260702-无-625-aigc-16,2.29,85,11,0.00,0.00,12.94
2026-07-26,13799885673,CH-SC-广义新-10140493395931-新综合频道-厨房卫浴-京喜拉新-剪辑-转化引导-厨房卫浴-20260707-无-625-aigc-9,2.28,516,25,0.00,0.00,4.84
2026-07-26,13835197010,CH-SC-广义新-10139440032542-新综合频道-运动户外-京喜拉新-剪辑-转化引导-运动户外-20260708-无-625-aigc-8,2.23,227,0,0.00,0.00,0.00
2026-07-26,13352599079,CH-SC-低活-10156923061370-超级抢购5元-数码-无-剪辑-转化引导-数码-20260521-无-625-1,2.18,172,6,0.00,0.00,3.49
2026-07-26,13940216644,CH-SC-低活-10223570717754-超级抢购-生鲜-无-剪辑-转化引导-生鲜-20260716-无-625-aigc-4,2.15,148,5,0.00,0.00,3.38
2026-07-26,13872650671,CH-SC-广义新-10136363822650 -新综合频道-纸品-京喜拉新-剪辑-转化引导-纸品-20260714-无-625-5,2.02,21,3,0.00,0.00,14.29
2026-07-26,13872652661,CH-SC-广义新-10136363822650 -新综合频道-纸品-京喜拉新-剪辑-转化引导-纸品-20260714-无-625-12,2.01,76,8,0.00,0.00,10.53
2026-07-26,13939910115,CH-SC-广义新-10183880057418 -新综合频道-箱包皮具-京喜拉新-剪辑-转化引导-箱包皮具-20260717-无-625-aigc-14,1.94,195,4,0.00,0.00,2.05
2026-07-26,13846319941,CH-SC-低活-10140917922437-超级抢购-家庭清洁-无-剪辑-转化引导-家庭清洁-20260708-无-625-aigc-2,1.78,172,9,0.00,0.00,5.23
2026-07-26,13592283103,CH-SC-低活-10156925961082-超级抢购加补-家用电器-无-剪辑-转化引导-家用电器-20260616-无-625-aigc-8,1.77,303,8,0.00,0.00,2.64
2026-07-26,13651774640,CH-SC-低活-10081585918372-超级抢购-家庭清洁纸品-无-剪辑-转化引导-家庭清洁纸品-20260623-无-625-aigc-1,1.70,121,64,0.00,0.00,52.89
2026-07-26,13800018553,CH-SC-广义新-10040988734451-新10元话费券-无-无-剪辑-转化引导-无-20260629-无-625-2,1.66,217,27,0.00,0.00,12.44
2026-07-26,13799972803,CH-SC-广义新-10139440032542-新综合频道-运动户外-京喜拉新-剪辑-转化引导-运动户外-20260703-无-625-aigc-17,1.63,143,13,0.00,0.00,9.09
2026-07-26,13603353487,CH-SC-广义新-10166301474829-新综合频道-厨具-京喜拉新-剪辑-转化引导-厨具-20260617-反向-625-aigc-19,1.61,172,32,0.00,0.00,18.60
2026-07-26,13916105958,CH-SC-广义新-10184972523548-新综合频道-厨具-京喜拉新-剪辑-转化引导-厨具-20260716-反向-625-aigc-9,1.54,215,13,0.00,0.00,6.05
2026-07-26,13873203758,CH-SC-低活-10140917922437-超级抢购-家庭清洁-无-剪辑-转化引导-家庭清洁-20260709-无-625-aigc-12,1.49,47,7,0.00,0.00,14.89
2026-07-26,13922135840,信息流-小牛-百香果-京东主体-代运营-新人福利价-0721-10161286379662-深海货盘-625-aigc-19,1.46,130,2,0.00,0.00,1.54
2026-07-26,13939911163,CH-SC-广义新-10183880057418 -新综合频道-箱包皮具-京喜拉新-剪辑-转化引导-箱包皮具-20260717-无-625-aigc-1,1.45,207,10,0.00,0.00,4.83
2026-07-26,13352558043,CH-SC-低活-10081585918372-超级抢购-家庭清洁纸品-无-剪辑-转化引导-家庭清洁纸品-20260521-无-625-24,1.43,97,60,0.72,1.99,61.86
2026-07-26,13722919375,CH-SC-低活-10220560400432-超级抢购加补-生活日用-无-剪辑-转化引导-生活日用-20260629-无-625-aigc-5,1.42,52,0,0.00,0.00,0.00
2026-07-26,13846375083,CH-SC-低活-10112643484929-超级抢购-手机通讯-无-剪辑-转化引导-手机通讯-20260708-无-625-aigc-6,1.39,230,10,0.00,0.00,4.35
2026-07-26,13614624623,CH-SC-广义新-10134479334759-新综合频道-钟表眼镜-京喜拉新-剪辑-转化引导-钟表眼镜-20260618-无-625-aigc-7,1.36,170,6,0.00,0.00,3.53
2026-07-26,13603353242,CH-SC-广义新-10166301474829-新综合频道-厨具-京喜拉新-剪辑-转化引导-厨具-20260617-反向-625-aigc-21,1.34,309,27,0.00,0.00,8.74
2026-07-26,13846306405,CH-SC-低活-10140917922437-超级抢购-家庭清洁-无-剪辑-转化引导-家庭清洁-20260708-无-625-aigc-8,1.28,118,19,0.00,0.00,16.10
2026-07-26,13916097288,CH-SC-广义新-10147832788047-新综合频道-工业品-京喜拉新-剪辑-转化引导-工业品-20260716-反向-625-10,1.27,10,6,0.00,0.00,60.00
2026-07-26,13614680716,CH-SC-低活-10143318867797-超级抢购5元-厨具-无-剪辑-转化引导-厨具-20260618-无-625-aigc-1,1.20,205,1,0.00,0.00,0.49
2026-07-26,13916300247,CH-SC-低活-10140917922437-超级抢购-家庭清洁-无-剪辑-转化引导-家庭清洁-20260715-无-625-aigc-6,1.18,457,7,0.00,0.00,1.53
2026-07-26,13846394660,CH-SC-低活-10112643484929-超级抢购-手机通讯-无-剪辑-转化引导-手机通讯-20260708-无-625-aigc-20,1.14,70,4,0.00,0.00,5.71
2026-07-26,13651811425,CH-SC-低活-10081585918372-超级抢购-家庭清洁纸品-无-剪辑-转化引导-家庭清洁纸品-20260623-无-625-aigc-9,1.10,85,37,0.00,0.00,43.53
2026-07-26,13872653271,CH-SC-广义新-10136363822650 -新综合频道-纸品-京喜拉新-剪辑-转化引导-纸品-20260714-无-625-2,1.10,248,1,0.00,0.00,0.40
2026-07-26,13916094215,CH-SC-广义新-10147832788047-新综合频道-工业品-京喜拉新-剪辑-转化引导-工业品-20260716-反向-625-4,1.02,8,5,0.00,0.00,62.50
2026-07-26,13651812729,CH-SC-低活-10081585918372-超级抢购-家庭清洁纸品-无-剪辑-转化引导-家庭清洁纸品-20260623-无-625-aigc-12,1.02,227,4,0.00,0.00,1.76
2026-07-26,13651816053,CH-SC-低活-10081585918372-超级抢购-家庭清洁纸品-无-剪辑-转化引导-家庭清洁纸品-20260623-无-625-aigc-18,1.01,77,29,0.00,0.00,37.66
2026-07-26,13922154453,信息流-小牛-抽纸-京东主体-代运营-新人福利价-0721-100281253200-设计自选-625-aigc-10,0.95,38,6,0.00,0.00,15.79
2026-07-26,13799931656,CH-SC-广义新-10158258669630-新综合频道-居家布艺-京喜拉新-剪辑-转化引导-居家布艺-20260706-无-625-aigc-7,0.92,112,13,0.00,0.00,11.61
2026-07-26,13559885868,CH-SC-广义新-10120132288166-新综合频道-运动户外-京喜拉新-剪辑-转化引导-运动户外-20260612-无-625-7,0.90,211,0,0.00,0.00,0.00
2026-07-26,13352559589,CH-SC-低活-10081585918372-超级抢购-家庭清洁纸品-无-剪辑-转化引导-家庭清洁纸品-20260521-无-625-34,0.88,56,33,0.00,0.00,58.93
2026-07-26,13746324684,CH-SC-低活-10139440032542-超级抢购5元-运动户外-无-剪辑-转化引导-运动户外-20260630-无-625-aigc-5,0.86,121,3,0.00,0.00,2.48
2026-07-26,13815443566,CH-PRJ-采销项目-10227170510852-快手-本地生活-无-剪辑-转化引导-本地生活-20260710-无-625-15,0.86,73,53,0.00,0.00,72.60
2026-07-26,13776633875,CH-SC-广义新-10177393646076-新综合频道-灯饰照明-京喜拉新-剪辑-转化引导-灯饰照明-20260702-反向-625-aigc-3,0.84,26,7,0.00,0.00,26.92
2026-07-26,13776519630,CH-SC-广义新-10130866966155-新综合频道-服饰内衣-京喜拉新-剪辑-转化引导-服饰内衣-20260702-无-625-aigc-5,0.81,229,24,0.00,0.00,10.48
2026-07-26,13651811864,CH-SC-低活-10081585918372-超级抢购-家庭清洁纸品-无-剪辑-转化引导-家庭清洁纸品-20260623-无-625-aigc-10,0.81,92,9,0.00,0.00,9.78
2026-07-26,13846314592,CH-SC-低活-10140917922437-超级抢购-家庭清洁-无-剪辑-转化引导-家庭清洁-20260708-无-625-aigc-15,0.78,44,3,0.00,0.00,6.82
2026-07-26,13486880647,CH-SC-广义新-无-新10元话费券-10元话费券-京喜拉新-剪辑-转化引导-10元话费券-20260605-无-625-21,0.76,363,56,0.00,0.00,15.43
2026-07-26,13916489625,CH-SC-广义新-10040988734451-新10元话费券-无-无-剪辑-转化引导-无-20260715-无-625-4,0.75,17,0,0.00,0.00,0.00
2026-07-26,13957197513,信息流-小牛-无骨鸡爪-三方主体-代运营-新人福利价-0724-10181243448351-大盘扒改-625-5,0.75,66,1,0.00,0.00,1.52
2026-07-26,13614614062,CH-SC-广义新-10161130444375-新综合频道-农资园艺-京喜拉新-剪辑-转化引导-农资园艺-20260618-反向-625-aigc-5,0.74,160,2,0.00,0.00,1.25
2026-07-26,13835204958,CH-SC-广义新-10139440032542-新综合频道-运动户外-京喜拉新-剪辑-转化引导-运动户外-20260708-无-625-aigc-6,0.74,48,1,0.00,0.00,2.08
2026-07-26,13939878634,CH-SC-广义新-10201862878352 -新综合频道-厨具-京喜拉新-剪辑-转化引导-厨具-20260717-无-625-aigc-6,0.72,525,2,0.00,0.00,0.38
2026-07-26,13614629156,CH-SC-广义新-10134479334759-新综合频道-钟表眼镜-京喜拉新-剪辑-转化引导-钟表眼镜-20260618-无-625-aigc-16,0.70,32,1,0.00,0.00,3.12
2026-07-26,13559884947,CH-SC-广义新-10120132288166-新综合频道-运动户外-京喜拉新-剪辑-转化引导-运动户外-20260612-无-625-6,0.69,228,0,0.00,0.00,0.00
2026-07-26,13846312854,CH-SC-低活-10140917922437-超级抢购-家庭清洁-无-剪辑-转化引导-家庭清洁-20260708-无-625-aigc-13,0.68,142,2,0.00,0.00,1.41
2026-07-26,13846312909,CH-SC-低活-10140917922437-超级抢购-家庭清洁-无-剪辑-转化引导-家庭清洁-20260708-无-625-aigc-14,0.67,47,3,0.00,0.00,6.38
2026-07-26,13946598909,信息流-小牛-电煮锅-京东主体-代运营-新人福利价-0723-10125368295124-设计自选-625-aigc-11,0.67,41,0,0.00,0.00,0.00
2026-07-26,13916117535,CH-SC-广义新-10155000015319-新综合频道-厨具-京喜拉新-剪辑-转化引导-厨具-20260716-无-625-aigc-8,0.65,156,5,0.00,0.00,3.21
2026-07-26,13746347679,CH-SC-低活-10219841541026-超级抢购加补-厨具-无-剪辑-转化引导-厨具-20260630-无-625-aigc-8,0.62,197,6,0.00,0.00,3.05
2026-07-26,13592311598,CH-SC-广义新-10139440032542-新综合频道-运动户外-京喜拉新-剪辑-转化引导-运动户外-20260616-无-625-aigc-16,0.62,139,0,0.00,0.00,0.00
2026-07-26,13873279405,CH-SC-低活-10081585918372-超级抢购-纸品-无-剪辑-转化引导-纸品-20260702-无-625-aigc-18,0.60,69,2,0.00,0.00,2.90
2026-07-26,13939905194,CH-SC-广义新-10183880057418 -新综合频道-箱包皮具-京喜拉新-剪辑-转化引导-箱包皮具-20260717-无-625-aigc-10,0.59,91,1,0.00,0.00,1.10
2026-07-26,13939903179,CH-SC-广义新-10183880057418 -新综合频道-箱包皮具-京喜拉新-剪辑-转化引导-箱包皮具-20260717-无-625-aigc-8,0.58,392,0,0.00,0.00,0.00
2026-07-26,13352554865,CH-SC-低活-10081585918372-超级抢购-家庭清洁纸品-无-剪辑-转化引导-家庭清洁纸品-20260521-无-625-14,0.57,76,7,0.00,0.00,9.21
2026-07-26,13846337923,CH-SC-低活-10113209119177-超级抢购-电动车-无-剪辑-转化引导-电动车-20260708-无-625-5,0.54,20,1,0.00,0.00,5.00
2026-07-26,13939886395,CH-SC-广义新-10201862878352 -新综合频道-厨具-京喜拉新-剪辑-转化引导-厨具-20260717-无-625-aigc-17,0.54,367,2,0.00,0.00,0.54
2026-07-26,13603330697,CH-SC-广义新-10139440032542-新综合频道-运动户外-京喜拉新-剪辑-转化引导-运动户外-20260617-无-625-aigc8,0.52,46,1,0.00,0.00,2.17
2026-07-26,13881545800,CH-SC-广义新-10102020339908 -新综合频道-数码-京喜拉新-剪辑-转化引导-数码-20260715-无-625-9,0.50,171,4,0.00,0.00,2.34
2026-07-26,13846303476,CH-SC-低活-10140917922437-超级抢购-家庭清洁-无-剪辑-转化引导-家庭清洁-20260708-无-625-aigc-6,0.50,76,9,0.00,0.00,11.84
2026-07-26,13872652245,CH-SC-广义新-10136363822650 -新综合频道-纸品-京喜拉新-剪辑-转化引导-纸品-20260714-无-625-11,0.49,21,3,0.00,0.00,14.29
2026-07-26,13922147929,信息流-小牛-百香果-京东主体-代运营-新人福利价-0721-10161286379662-深海货盘-625-aigc-11,0.48,87,5,0.00,0.00,5.75
2026-07-26,13941343514,信息流-小牛-手机支架-三方主体-代运营-新人福利价-0723-10139440032542 -设计自选-625-7,0.47,69,1,0.00,0.00,1.45
2026-07-26,13940215763,CH-SC-低活-10223570717754-超级抢购-生鲜-无-剪辑-转化引导-生鲜-20260716-无-625-aigc-11,0.46,48,1,0.00,0.00,2.08
2026-07-26,13916303997,CH-SC-低活-10140917922437-超级抢购-家庭清洁-无-剪辑-转化引导-家庭清洁-20260715-无-625-aigc-15,0.46,150,5,0.00,0.00,3.33
2026-07-26,13815434561,CH-PRJ-采销项目-10227170510852-快手-本地生活-无-剪辑-转化引导-本地生活-20260710-无-625-8,0.46,37,30,0.00,0.00,81.08
2026-07-26,13845997471,CH-SC-广义新-10120961944861-新综合频道-运动户外 -京喜拉新-剪辑-转化引导-运动户外 -20260710-无-625-aigc-7,0.45,297,88,0.00,0.00,29.63
2026-07-26,13799758725,CH-SC-广义新-10157346551639-新综合频道-生鲜-京喜拉新-剪辑-转化引导-生鲜-20260706-无-625-12,0.44,44,2,0.00,0.00,4.55
2026-07-26,13940215081,CH-SC-低活-10223570717754-超级抢购-生鲜-无-剪辑-转化引导-生鲜-20260716-无-625-aigc-10,0.43,33,0,0.00,0.00,0.00
2026-07-26,13916495528,CH-SC-广义新-10040988734451-新10元话费券-无-无-剪辑-转化引导-无-20260715-无-625-10,0.41,7,0,0.00,0.00,0.00
2026-07-26,13939879486,CH-SC-广义新-10201862878352 -新综合频道-厨具-京喜拉新-剪辑-转化引导-厨具-20260717-无-625-aigc-7,0.38,183,2,0.00,0.00,1.09
2026-07-26,13916098016,CH-SC-广义新-10147832788047-新综合频道-工业品-京喜拉新-剪辑-转化引导-工业品-20260716-反向-625-1,0.37,2,1,0.00,0.00,50.00
2026-07-26,13746328293,CH-SC-低活-10139440032542-超级抢购5元-运动户外-无-剪辑-转化引导-运动户外-20260630-无-625-aigc-6,0.36,31,16,0.00,0.00,51.61
2026-07-26,13916095756,CH-SC-广义新-10147832788047-新综合频道-工业品-京喜拉新-剪辑-转化引导-工业品-20260716-反向-625-8,0.36,2,1,0.00,0.00,50.00
2026-07-26,13341768699,CH-SC-广义新-10219841541026-新综合频道-厨具-京喜拉新-剪辑-转化引导-厨具-20260520-反向-625-14,0.36,25,2,0.00,0.00,8.00
2026-07-26,13940217406,CH-SC-低活-10223570717754-超级抢购-生鲜-无-剪辑-转化引导-生鲜-20260716-无-625-aigc-1,0.35,25,1,0.00,0.00,4.00
2026-07-26,13922149943,信息流-小牛-百香果-京东主体-代运营-新人福利价-0721-10161286379662-深海货盘-625-aigc-12,0.35,46,1,0.00,0.00,2.17
2026-07-26,13939939358,CH-SC-广义新-10150604147722-新综合频道-箱包皮具-京喜拉新-剪辑-转化引导-箱包皮具-20260720-反向-625-11,0.33,5,1,0.00,0.00,20.00
2026-07-26,13846370672,CH-SC-低活-10112643484929-超级抢购-手机通讯-无-剪辑-转化引导-手机通讯-20260708-无-625-aigc-4,0.32,111,3,0.00,0.00,2.70
2026-07-26,13684856672,CH-SC-广义新-无-新10元话费券-10元话费券-京喜拉新-剪辑-转化引导-10元话费券-20260626-无-625-1,0.32,36,1,0.00,0.00,2.78
2026-07-26,13835197635,CH-SC-广义新-10139440032542-新综合频道-运动户外-京喜拉新-剪辑-转化引导-运动户外-20260708-无-625-aigc-10,0.31,6,1,0.00,0.00,16.67
2026-07-26,13957201211,信息流-小牛-无骨鸡爪-三方主体-代运营-新人福利价-0724-10181243448351-大盘扒改-625-10,0.31,61,0,0.00,0.00,0.00
2026-07-26,13799945643,CH-SC-广义新-10139440032542-新综合频道-运动户外-京喜拉新-剪辑-转化引导-运动户外-20260703-无-625-aigc-4,0.30,15,4,0.00,0.00,26.67
2026-07-26,13939894468,CH-SC-广义新-10201862878352 -新综合频道-厨具-京喜拉新-剪辑-转化引导-厨具-20260717-无-625-aigc-1,0.30,1,1,0.00,0.00,100.00
2026-07-26,13776521705,CH-SC-广义新-10130866966155-新综合频道-服饰内衣-京喜拉新-剪辑-转化引导-服饰内衣-20260702-无-625-aigc-9,0.29,65,8,0.00,0.00,12.31
2026-07-26,13946569358,信息流-小牛-电煮锅-京东主体-代运营-新人福利价-0723-10125368295124-设计自选-625-aigc-3,0.28,20,0,0.00,0.00,0.00
2026-07-26,13860488800,CH-SC-广义新-10151951361734-新综合频道-箱包皮具-京喜拉新-剪辑-转化引导-箱包皮具-20260713-无-625-aigc-6,0.27,1,1,0.00,0.00,100.00
2026-07-26,13916302821,CH-SC-低活-10140917922437-超级抢购-家庭清洁-无-剪辑-转化引导-家庭清洁-20260715-无-625-aigc-12,0.27,65,4,0.00,0.00,6.15
2026-07-26,13846406613,CH-SC-低活-10081585918372-超级抢购-家庭清洁纸品-无-剪辑-转化引导-家庭清洁纸品-20260708-无-625-aigc-16,0.25,22,18,0.00,0.00,81.82
2026-07-26,13916111070,CH-SC-广义新-10155000015319-新综合频道-厨具-京喜拉新-剪辑-转化引导-厨具-20260716-无-625-aigc-4,0.24,42,1,0.00,0.00,2.38
2026-07-26,13881547160,CH-SC-广义新-10102020339908 -新综合频道-数码-京喜拉新-剪辑-转化引导-数码-20260715-无-625-3,0.24,96,13,0.00,0.00,13.54
2026-07-26,13940214040,CH-SC-低活-10223570717754-超级抢购-生鲜-无-剪辑-转化引导-生鲜-20260716-无-625-aigc-9,0.24,11,1,0.00,0.00,9.09
2026-07-26,13352556383,CH-SC-低活-10081585918372-超级抢购-家庭清洁纸品-无-剪辑-转化引导-家庭清洁纸品-20260521-无-625-17,0.24,38,1,0.00,0.00,2.63
2026-07-26,13662932518,CH-SC-广义新-10223419649136-新综合频道-手机通讯-京喜拉新-剪辑-转化引导-手机通讯-20260624-反向-625-AIGC-12,0.23,5,1,0.00,0.00,20.00
2026-07-26,13746320869,CH-SC-低活-10139440032542-超级抢购5元-运动户外-无-剪辑-转化引导-运动户外-20260630-无-625-aigc-2,0.23,14,2,0.00,0.00,14.29
2026-07-26,13536545311,CH-SC-低活-10219841541026-超级抢购加补-厨具-无-剪辑-转化引导-厨具-20260610-无-625-aigc-3,0.22,22,1,0.00,0.00,4.55
2026-07-26,13352560749,CH-SC-低活-10081585918372-超级抢购-家庭清洁纸品-无-剪辑-转化引导-家庭清洁纸品-20260521-无-625-37,0.22,13,0,0.00,0.00,0.00
2026-07-26,13873239465,CH-SC-低活-10118706992345-超级抢购-纸品-无-剪辑-转化引导-纸品-20260710-无-625-aigc-4,0.22,22,1,0.00,0.00,4.55
2026-07-26,13946598338,信息流-小牛-电煮锅-京东主体-代运营-新人福利价-0723-10125368295124-设计自选-625-aigc-1,0.22,47,2,0.00,0.00,4.26
2026-07-26,13845984775,CH-SC-广义新-10120961944861-新综合频道-运动户外 -京喜拉新-剪辑-转化引导-运动户外 -20260710-无-625-aigc-9,0.22,23,2,0.00,0.00,8.70
2026-07-26,13957178306,信息流-小牛-保温饭盒-三方主体-代运营-新人福利价-0724-10125420247464-大盘扒改-625-4,0.21,17,2,0.00,0.00,11.76
2026-07-26,13940211488,CH-SC-低活-10223570717754-超级抢购-生鲜-无-剪辑-转化引导-生鲜-20260716-无-625-aigc-3,0.20,17,4,0.00,0.00,23.53
2026-07-26,13946571473,信息流-小牛-电煮锅-京东主体-代运营-新人福利价-0723-10125368295124-设计自选-625-aigc-2,0.20,34,0,0.00,0.00,0.00
2026-07-26,13916491411,CH-SC-广义新-10040988734451-新10元话费券-无-无-剪辑-转化引导-无-20260715-无-625-9,0.20,4,2,0.00,0.00,50.00
2026-07-26,13846317793,CH-SC-低活-10140917922437-超级抢购-家庭清洁-无-剪辑-转化引导-家庭清洁-20260708-无-625-aigc-17,0.19,10,2,0.00,0.00,20.00
2026-07-26,13815443598,CH-PRJ-采销项目-10227170510852-快手-本地生活-无-剪辑-转化引导-本地生活-20260710-无-625-2,0.19,15,13,0.00,0.00,86.67
2026-07-26,13421936745,CH-SC-广义新-10155085148227-新综合频道-家用电器-京喜拉新-剪辑-转化引导-家用电器-20260528-无-625-20,0.19,58,1,0.00,0.00,1.72
2026-07-26,13815432816,CH-PRJ-采销项目-10227170510852-快手-本地生活-无-剪辑-转化引导-本地生活-20260710-无-625-4,0.18,38,19,0.00,0.00,50.00
2026-07-26,13835203321,CH-SC-广义新-10139440032542-新综合频道-运动户外-京喜拉新-剪辑-转化引导-运动户外-20260708-无-625-aigc-3,0.18,16,0,0.00,0.00,0.00
2026-07-26,13845986350,CH-SC-广义新-10120961944861-新综合频道-运动户外 -京喜拉新-剪辑-转化引导-运动户外 -20260710-无-625-aigc-8,0.17,98,2,0.00,0.00,2.04
2026-07-26,13731657139,CH-SC-广义新-10103971298079-新综合频道-家具-京喜拉新-剪辑-转化引导-家具-20260630-反向-625-16,0.17,100,3,0.00,0.00,3.00
2026-07-26,13873275138,CH-SC-低活-10081585918372-超级抢购-纸品-无-剪辑-转化引导-纸品-20260702-无-625-aigc-14,0.17,155,4,0.00,0.00,2.58
2026-07-26,13873245744,CH-SC-低活-10217740550325-超级抢购-箱包皮具-无-剪辑-转化引导-箱包皮具-20260713-无-625-aigc-8,0.17,14,1,0.00,0.00,7.14
2026-07-26,13946589828,信息流-小牛-电煮锅-京东主体-代运营-新人福利价-0723-10125368295124-设计自选-625-aigc-8,0.17,16,0,0.00,0.00,0.00
2026-07-26,13846319643,CH-SC-低活-10140917922437-超级抢购-家庭清洁-无-剪辑-转化引导-家庭清洁-20260708-无-625-aigc-4,0.17,3,1,0.00,0.00,33.33
2026-07-26,13916488487,CH-SC-广义新-10040988734451-新10元话费券-无-无-剪辑-转化引导-无-20260715-无-625-23,0.16,1,1,0.00,0.00,100.00
2026-07-26,13873189462,CH-SC-低活-10140917922437-超级抢购-家庭清洁-无-剪辑-转化引导-家庭清洁-20260709-无-625-aigc-1,0.16,48,3,0.00,0.00,6.25
2026-07-26,13836034502,CH-SC-低活-10223482211866-超级抢购-生活日用-无-剪辑-转化引导-生活日用-20260703-无-625-3,0.16,73,2,0.00,0.00,2.74
2026-07-26,13836018437,CH-SC-低活-10081585918372-超级抢购-纸品-无-剪辑-转化引导-纸品-20260702-无-625-aigc-7,0.15,2,0,0.00,0.00,0.00
2026-07-26,13916304234,CH-SC-低活-10140917922437-超级抢购-家庭清洁-无-剪辑-转化引导-家庭清洁-20260715-无-625-aigc-16,0.15,74,2,0.00,0.00,2.70
2026-07-26,13922143282,信息流-小牛-百香果-京东主体-代运营-新人福利价-0721-10161286379662-深海货盘-625-aigc-5,0.15,13,0,0.00,0.00,0.00
2026-07-26,13846417634,CH-SC-低活-10220560400432-超级抢购-生活日用-无-剪辑-转化引导-生活日用-20260708-无-625-aigc-4,0.15,23,7,0.00,0.00,30.43
2026-07-26,13916496854,CH-SC-广义新-10040988734451-新10元话费券-无-无-剪辑-转化引导-无-20260715-无-625-15,0.15,3,1,0.00,0.00,33.33
2026-07-26,13939906647,CH-SC-广义新-10183880057418 -新综合频道-箱包皮具-京喜拉新-剪辑-转化引导-箱包皮具-20260717-无-625-aigc-5,0.14,59,0,0.00,0.00,0.00
2026-07-26,13835202290,CH-SC-广义新-10139440032542-新综合频道-运动户外-京喜拉新-剪辑-转化引导-运动户外-20260708-无-625-aigc-2,0.14,73,0,0.00,0.00,0.00
2026-07-26,13846409286,CH-SC-低活-10220560400432-超级抢购-生活日用-无-剪辑-转化引导-生活日用-20260708-无-625-aigc-19,0.14,67,5,0.00,0.00,7.46
2026-07-26,13845993424,CH-SC-广义新-10120961944861-新综合频道-运动户外 -京喜拉新-剪辑-转化引导-运动户外 -20260710-无-625-aigc-4,0.14,21,0,0.00,0.00,0.00
2026-07-26,13846310030,CH-SC-低活-10140917922437-超级抢购-家庭清洁-无-剪辑-转化引导-家庭清洁-20260708-无-625-aigc-11,0.14,20,3,0.00,0.00,15.00
2026-07-26,13486882714,CH-SC-广义新-无-新10元话费券-10元话费券-京喜拉新-剪辑-转化引导-10元话费券-20260605-无-625-25,0.13,11,3,0.00,0.00,27.27
2026-07-26,13916488423,CH-SC-广义新-10040988734451-新10元话费券-无-无-剪辑-转化引导-无-20260715-无-625-18,0.13,4,0,0.00,0.00,0.00
2026-07-26,13946593025,信息流-小牛-电煮锅-京东主体-代运营-新人福利价-0723-10125368295124-设计自选-625-aigc-12,0.13,7,0,0.00,0.00,0.00
2026-07-26,13776589156,CH-SC-广义新-10177393646076-新综合频道-灯饰照明-京喜拉新-剪辑-转化引导-灯饰照明-20260702-反向-625-aigc-9,0.13,22,0,0.00,0.00,0.00
2026-07-26,13846400502,CH-SC-低活-10081585918372-超级抢购-家庭清洁纸品-无-剪辑-转化引导-家庭清洁纸品-20260708-无-625-aigc-23,0.13,2,0,0.00,0.00,0.00
2026-07-26,13835201908,CH-SC-广义新-10139440032542-新综合频道-运动户外-京喜拉新-剪辑-转化引导-运动户外-20260708-无-625-aigc-14,0.12,20,1,0.00,0.00,5.00
2026-07-26,13547603878,CH-SC-低活-10140207411553-超级抢购加补-文教文化用品-无-剪辑-转化引导-文教文化用品-20260611-无-625-14,0.12,8,1,0.00,0.00,12.50
2026-07-26,13559888815,CH-SC-广义新-10139440032542-新综合频道-运动户外-京喜拉新-剪辑-转化引导-运动户外-20260612-无-625-9,0.12,16,0,0.00,0.00,0.00
2026-07-26,13873199145,CH-SC-低活-10140917922437-超级抢购-家庭清洁-无-剪辑-转化引导-家庭清洁-20260709-无-625-aigc-8,0.11,25,0,0.00,0.00,0.00
2026-07-26,13846012393,CH-SC-广义新-10140917922437-新综合频道-家庭清洁-京喜拉新-剪辑-转化引导-家庭清洁-20260710-无-625-aigc-6,0.11,29,1,0.00,0.00,3.45
2026-07-26,13881545653,CH-SC-广义新-10102020339908 -新综合频道-数码-京喜拉新-剪辑-转化引导-数码-20260715-无-625-1,0.11,15,2,0.00,0.00,13.33
2026-07-26,13941337214,信息流-小牛-手机支架-三方主体-代运营-新人福利价-0723-10139440032542 -设计自选-625-8,0.11,4,0,0.00,0.00,0.00
2026-07-26,13302406910,CH-SC-广义新-10169142079015-新综合频道-厨具-京喜拉新-剪辑-转化引导-厨具-20260515-无-625-2,0.10,26,2,0.00,0.00,7.69
2026-07-26,13916094305,CH-SC-广义新-10147832788047-新综合频道-工业品-京喜拉新-剪辑-转化引导-工业品-20260716-反向-625-5,0.10,4,1,0.00,0.00,25.00
2026-07-26,13916095684,CH-SC-广义新-10147832788047-新综合频道-工业品-京喜拉新-剪辑-转化引导-工业品-20260716-反向-625-6,0.10,3,1,0.00,0.00,33.33
2026-07-26,13662919410,CH-SC-广义新-10130866966155-新综合频道-服饰内衣-京喜拉新-剪辑-转化引导-服饰内衣-20260624-无-625-4,0.09,4,1,0.00,0.00,25.00
2026-07-26,13846325426,CH-SC-低活-10113209119177-超级抢购-电动车-无-剪辑-转化引导-电动车-20260708-无-625-25,0.09,10,0,0.00,0.00,0.00
2026-07-26,13939884982,CH-SC-广义新-10201862878352 -新综合频道-厨具-京喜拉新-剪辑-转化引导-厨具-20260717-无-625-aigc-14,0.09,58,0,0.00,0.00,0.00
2026-07-26,13916299517,CH-SC-低活-10140917922437-超级抢购-家庭清洁-无-剪辑-转化引导-家庭清洁-20260715-无-625-aigc-5,0.08,35,1,0.00,0.00,2.86
2026-07-26,13776619971,CH-SC-广义新-10177393646076-新综合频道-灯饰照明-京喜拉新-剪辑-转化引导-灯饰照明-20260702-反向-625-aigc-21,0.08,21,1,0.00,0.00,4.76
2026-07-26,13845991997,CH-SC-广义新-10120961944861-新综合频道-运动户外 -京喜拉新-剪辑-转化引导-运动户外 -20260710-无-625-aigc-12,0.08,23,1,0.00,0.00,4.35
2026-07-26,13614675657,CH-SC-低活-10143318867797-超级抢购5元-厨具-无-剪辑-转化引导-厨具-20260618-无-625-aigc-7,0.08,5,0,0.00,0.00,0.00
2026-07-26,13946618215,信息流-小牛-挪车电话牌-京东主体-代运营-新人福利价-0723-10153995585950-深海货盘-625-aigc-12,0.08,1,0,0.00,0.00,0.00
2026-07-26,13873194156,CH-SC-低活-10140917922437-超级抢购-家庭清洁-无-剪辑-转化引导-家庭清洁-20260709-无-625-aigc-5,0.08,2,1,0.00,0.00,50.00
2026-07-26,13341765349,CH-SC-广义新-10219841541026-新综合频道-厨具-京喜拉新-剪辑-转化引导-厨具-20260520-反向-625-7,0.08,15,0,0.00,0.00,0.00
2026-07-26,13845993937,CH-SC-广义新-10120961944861-新综合频道-运动户外 -京喜拉新-剪辑-转化引导-运动户外 -20260710-无-625-aigc-5,0.08,69,2,0.00,0.00,2.90
2026-07-26,13873211899,CH-SC-低活-10113209119177-超级抢购-电动车-无-剪辑-转化引导-电动车-20260709-无-625-4,0.08,6,0,0.00,0.00,0.00
2026-07-26,13939939621,CH-SC-广义新-10150604147722-新综合频道-箱包皮具-京喜拉新-剪辑-转化引导-箱包皮具-20260720-反向-625-12,0.08,12,2,0.00,0.00,16.67
2026-07-26,13746354563,CH-SC-低活-10112643484929-超级抢购加补-手机通讯-无-剪辑-转化引导-手机通讯-20260630-无-625-1,0.08,5,0,0.00,0.00,0.00
2026-07-26,13873243859,CH-SC-低活-10118706992345-超级抢购-纸品-无-剪辑-转化引导-纸品-20260710-无-625-aigc-12,0.08,1,0,0.00,0.00,0.00
2026-07-26,13916307253,CH-SC-低活-10215767576641-超级抢购-生鲜-无-剪辑-转化引导-生鲜-20260715-无-625-aigc-4,0.08,26,14,0.00,0.00,53.85
2026-07-26,13845988965,CH-SC-广义新-10120961944861-新综合频道-运动户外 -京喜拉新-剪辑-转化引导-运动户外 -20260710-无-625-aigc-11,0.07,76,1,0.00,0.00,1.32
2026-07-26,13916491102,CH-SC-广义新-10040988734451-新10元话费券-无-无-剪辑-转化引导-无-20260715-无-625-8,0.07,4,0,0.00,0.00,0.00
2026-07-26,13547608214,CH-SC-低活-10140207411553-超级抢购加补-文教文化用品-无-剪辑-转化引导-文教文化用品-20260611-无-625-12,0.07,170,4,0.00,0.00,2.35
2026-07-26,13397056832,CH-SC-广义新-10219841541026-新综合频道-厨具-京喜拉新-剪辑-转化引导-厨具-20260526-反向-625-aigc-8,0.07,10,1,0.00,0.00,10.00
2026-07-26,13941338945,信息流-小牛-手机支架-三方主体-代运营-新人福利价-0723-10139440032542 -设计自选-625-12,0.07,7,0,0.00,0.00,0.00
2026-07-26,13845990761,CH-SC-广义新-10120961944861-新综合频道-运动户外 -京喜拉新-剪辑-转化引导-运动户外 -20260710-无-625-aigc-2,0.07,118,1,0.00,0.00,0.85
2026-07-26,13846389536,CH-SC-低活-10112643484929-超级抢购-手机通讯-无-剪辑-转化引导-手机通讯-20260708-无-625-aigc-16,0.07,12,2,0.00,0.00,16.67
2026-07-26,13916103586,CH-SC-广义新-10155000015319-新综合频道-厨具-京喜拉新-剪辑-转化引导-厨具-20260716-无-625-aigc-1,0.07,3,0,0.00,0.00,0.00
2026-07-26,13547603956,CH-SC-低活-10140207411553-超级抢购加补-文教文化用品-无-剪辑-转化引导-文教文化用品-20260611-无-625-1,0.07,48,8,0.00,0.00,16.67
2026-07-26,13746324048,CH-SC-低活-10139440032542-超级抢购5元-运动户外-无-剪辑-转化引导-运动户外-20260630-无-625-aigc-4,0.07,5,1,0.00,0.00,20.00
2026-07-26,13799913889,CH-SC-广义新-10118706992345-新综合频道-纸品-京喜拉新-剪辑-转化引导-纸品-20260707-无-625-aigc-4,0.06,12,1,0.00,0.00,8.33
2026-07-26,13836054268,CH-SC-低活-10156776256916-超级抢购-珠宝首饰-无-剪辑-转化引导-珠宝首饰-20260703-无-625-aigc-6,0.06,12,3,0.00,0.00,25.00
2026-07-26,13916302041,CH-SC-低活-10140917922437-超级抢购-家庭清洁-无-剪辑-转化引导-家庭清洁-20260715-无-625-aigc-10,0.06,25,1,0.00,0.00,4.00
2026-07-26,13845971377,CH-SC-广义新-10156923061370-新综合频道-数码-京喜拉新-剪辑-转化引导-数码-20260710-无-625-4,0.06,31,3,0.00,0.00,9.68
2026-07-26,13939881536,CH-SC-广义新-10201862878352 -新综合频道-厨具-京喜拉新-剪辑-转化引导-厨具-20260717-无-625-aigc-10,0.06,27,1,0.00,0.00,3.70
2026-07-26,13746319970,CH-SC-低活-10139440032542-超级抢购5元-运动户外-无-剪辑-转化引导-运动户外-20260630-无-625-aigc-12,0.06,10,0,0.00,0.00,0.00
2026-07-26,13957193263,信息流-小牛-无骨鸡爪-三方主体-代运营-新人福利价-0724-10181243448351-大盘扒改-625-2,0.06,7,0,0.00,0.00,0.00
2026-07-26,13939936576,CH-SC-广义新-10150604147722-新综合频道-箱包皮具-京喜拉新-剪辑-转化引导-箱包皮具-20260720-反向-625-3,0.06,102,0,0.00,0.00,0.00
2026-07-26,13352560417,CH-SC-低活-10081585918372-超级抢购-家庭清洁纸品-无-剪辑-转化引导-家庭清洁纸品-20260521-无-625-1,0.06,14,9,0.00,0.00,64.29
2026-07-26,13872652954,CH-SC-广义新-10136363822650 -新综合频道-纸品-京喜拉新-剪辑-转化引导-纸品-20260714-无-625-1,0.05,4,0,0.00,0.00,0.00
2026-07-26,13939873421,CH-SC-广义新-10217878263924 -新综合频道-汽车用品-京喜拉新-剪辑-转化引导-汽车用品-20260717-无-625-17,0.05,4,0,0.00,0.00,0.00
2026-07-26,13946585562,信息流-小牛-电煮锅-京东主体-代运营-新人福利价-0723-10125368295124-设计自选-625-aigc-5,0.05,4,0,0.00,0.00,0.00
2026-07-26,13799919981,CH-SC-广义新-10118706992345-新综合频道-纸品-京喜拉新-剪辑-转化引导-纸品-20260707-无-625-aigc-6,0.05,9,0,0.00,0.00,0.00
2026-07-26,13684894906,CH-SC-低活-10113209119177-超级抢购-摩托车-无-剪辑-转化引导-摩托车-20260626-无-625-aigc-5,0.05,6,0,0.00,0.00,0.00
2026-07-26,13939892238,CH-SC-广义新-10201862878352 -新综合频道-厨具-京喜拉新-剪辑-转化引导-厨具-20260717-无-625-aigc-23,0.05,26,0,0.00,0.00,0.00
2026-07-26,13846013662,CH-SC-广义新-10140917922437-新综合频道-家庭清洁-京喜拉新-剪辑-转化引导-家庭清洁-20260710-无-625-aigc-8,0.05,11,0,0.00,0.00,0.00
2026-07-26,13860589367,CH-SC-广义新-10215307938752-新综合频道-鞋靴-京喜拉新-剪辑-转化引导-鞋靴-20260713-反向-625-aigc-8,0.05,110,1,0.00,0.00,0.91
2026-07-26,13916109369,CH-SC-广义新-10155000015319-新综合频道-厨具-京喜拉新-剪辑-转化引导-厨具-20260716-无-625-aigc-3,0.04,9,1,0.00,0.00,11.11
2026-07-26,13815439536,CH-PRJ-采销项目-10227170510852-快手-本地生活-无-剪辑-转化引导-本地生活-20260710-无-625-12,0.04,10,2,0.00,0.00,20.00
2026-07-26,13957192822,信息流-小牛-独头蒜-三方主体-代运营-新人福利价-0724-10209805116351-大盘扒改-625-1,0.04,1,0,0.00,0.00,0.00
2026-07-26,13547603927,CH-SC-低活-10140207411553-超级抢购加补-文教文化用品-无-剪辑-转化引导-文教文化用品-20260611-无-625-2,0.04,37,8,0.00,0.00,21.62
2026-07-26,13407975793,CH-SC-广义新-10159656246030-新综合频道-电脑-京喜拉新-剪辑-转化引导-电脑-20260527-反向-625-aigc-5,0.04,104,6,0.00,0.00,5.77
2026-07-26,13916115157,CH-SC-广义新-10155000015319-新综合频道-厨具-京喜拉新-剪辑-转化引导-厨具-20260716-无-625-aigc-7,0.04,3,0,0.00,0.00,0.00
2026-07-26,13846010759,CH-SC-广义新-10140917922437-新综合频道-家庭清洁-京喜拉新-剪辑-转化引导-家庭清洁-20260710-无-625-aigc-2,0.04,7,0,0.00,0.00,0.00
2026-07-26,13731658321,CH-SC-广义新-10103971298079-新综合频道-家具-京喜拉新-剪辑-转化引导-家具-20260630-反向-625-18,0.04,18,0,0.00,0.00,0.00
2026-07-26,13939883991,CH-SC-广义新-10201862878352 -新综合频道-厨具-京喜拉新-剪辑-转化引导-厨具-20260717-无-625-aigc-12,0.04,39,1,0.00,0.00,2.56
2026-07-26,13916302351,CH-SC-低活-10140917922437-超级抢购-家庭清洁-无-剪辑-转化引导-家庭清洁-20260715-无-625-aigc-11,0.04,20,0,0.00,0.00,0.00
2026-07-26,13941340363,信息流-小牛-手机支架-三方主体-代运营-新人福利价-0723-10139440032542 -设计自选-625-2,0.04,3,0,0.00,0.00,0.00
2026-07-26,13835233926,CH-SC-广义新-10211029652151-新综合频道-纸品-京喜拉新-剪辑-转化引导-纸品-20260709-无-625-7,0.04,31,1,0.00,0.00,3.23
2026-07-26,13603387974,CH-SC-低活-10217740550325-超级抢购加补-箱包皮具-无-剪辑-转化引导-箱包皮具-20260617-无-625-aigc-10,0.04,2,0,0.00,0.00,0.00
2026-07-26,13799910774,CH-SC-广义新-10118706992345-新综合频道-纸品-京喜拉新-剪辑-转化引导-纸品-20260707-无-625-aigc-18,0.04,52,1,0.00,0.00,1.92
2026-07-26,13873260691,CH-SC-低活-10081585918372-超级抢购-纸品-无-剪辑-转化引导-纸品-20260702-无-625-aigc-1,0.04,1,0,0.00,0.00,0.00
2026-07-26,13946594215,信息流-小牛-电煮锅-京东主体-代运营-新人福利价-0723-10125368295124-设计自选-625-aigc-10,0.03,10,1,0.00,0.00,10.00
2026-07-26,13662918775,CH-SC-广义新-10223419649136-新综合频道-手机通讯-京喜拉新-剪辑-转化引导-手机通讯-20260624-反向-625-AIGC-9,0.03,2,0,0.00,0.00,0.00
2026-07-26,13916299436,CH-SC-低活-10140917922437-超级抢购-家庭清洁-无-剪辑-转化引导-家庭清洁-20260715-无-625-aigc-4,0.03,16,0,0.00,0.00,0.00
2026-07-26,13939895251,CH-SC-广义新-10201862878352 -新综合频道-厨具-京喜拉新-剪辑-转化引导-厨具-20260717-无-625-aigc-27,0.03,20,1,0.00,0.00,5.00
2026-07-26,13939880498,CH-SC-广义新-10201862878352 -新综合频道-厨具-京喜拉新-剪辑-转化引导-厨具-20260717-无-625-aigc-8,0.03,27,0,0.00,0.00,0.00
2026-07-26,13872630613,CH-SC-广义新-10155085148227-新综合频道-家用电器-京喜拉新-剪辑-转化引导-家用电器-20260714-无-625-1,0.03,32,1,0.00,0.00,3.12
2026-07-26,13799966019,CH-SC-广义新-10139440032542-新综合频道-运动户外-京喜拉新-剪辑-转化引导-运动户外-20260703-无-625-aigc-15,0.03,6,0,0.00,0.00,0.00
2026-07-26,13939936291,CH-SC-广义新-10150604147722-新综合频道-箱包皮具-京喜拉新-剪辑-转化引导-箱包皮具-20260720-反向-625-2,0.03,76,0,0.00,0.00,0.00
2026-07-26,13881432422,CH-SC-广义新-10161397805649 -新综合频道-服饰内衣-京喜拉新-剪辑-转化引导-服饰内衣-20260715-无-625-aigc-7,0.03,6,0,0.00,0.00,0.00
2026-07-26,13916304807,CH-SC-低活-10140917922437-超级抢购-家庭清洁-无-剪辑-转化引导-家庭清洁-20260715-无-625-aigc-1,0.03,3,0,0.00,0.00,0.00
2026-07-26,13946589615,信息流-小牛-电煮锅-京东主体-代运营-新人福利价-0723-10125368295124-设计自选-625-aigc-7,0.03,18,1,0.00,0.00,5.56
2026-07-26,13939862856,CH-SC-广义新-10133471421086-新综合频道-箱包皮具-京喜拉新-剪辑-转化引导-箱包皮具-20260716-反向-625-10,0.03,8,0,0.00,0.00,0.00
2026-07-26,13835203418,CH-SC-广义新-10139440032542-新综合频道-运动户外-京喜拉新-剪辑-转化引导-运动户外-20260708-无-625-aigc-5,0.03,2,0,0.00,0.00,0.00
2026-07-26,13922120422,信息流-小牛-百香果-京东主体-代运营-新人福利价-0721-10161286379662-深海货盘-625-aigc-18,0.03,31,0,0.00,0.00,0.00
2026-07-26,13341769458,CH-SC-广义新-10219841541026-新综合频道-厨具-京喜拉新-剪辑-转化引导-厨具-20260520-反向-625-15,0.03,38,1,0.00,0.00,2.63
2026-07-26,13941337263,信息流-小牛-手机支架-三方主体-代运营-新人福利价-0723-10139440032542 -设计自选-625-10,0.03,2,0,0.00,0.00,0.00
2026-07-26,13731660821,CH-SC-广义新-10103971298079-新综合频道-家具-京喜拉新-剪辑-转化引导-家具-20260630-反向-625-5,0.03,25,0,0.00,0.00,0.00
2026-07-26,13302410132,CH-SC-广义新-10169142079015-新综合频道-厨具-京喜拉新-剪辑-转化引导-厨具-20260515-无-625-10,0.03,33,2,0.00,0.00,6.06
2026-07-26,13939938272,CH-SC-广义新-10150604147722-新综合频道-箱包皮具-京喜拉新-剪辑-转化引导-箱包皮具-20260720-反向-625-8,0.03,37,0,0.00,0.00,0.00
2026-07-26,13835232126,CH-SC-广义新-10211029652151-新综合频道-纸品-京喜拉新-剪辑-转化引导-纸品-20260709-无-625-3,0.03,46,1,0.00,0.00,2.17
2026-07-26,13904991175,CH-SC-广义新-10136363822650-新综合频道-家庭清洁-京喜拉新-剪辑-转化引导-家庭清洁-20260602-反向-625-2,0.03,15,2,0.00,0.00,13.33
2026-07-26,13846427213,CH-SC-低活-10220560400432-超级抢购-生活日用-无-剪辑-转化引导-生活日用-20260708-无-625-aigc-10,0.03,32,7,0.00,0.00,21.88
2026-07-26,13916116419,CH-SC-广义新-10155000015319-新综合频道-厨具-京喜拉新-剪辑-转化引导-厨具-20260716-无-625-aigc-6,0.03,3,0,0.00,0.00,0.00
2026-07-26,13614653474,CH-SC-低活-10147800266661-超级抢购加补-家庭清洁-无-剪辑-转化引导-家庭清洁-20260618-无-625-aigc-10,0.03,3,0,0.00,0.00,0.00
2026-07-26,13922147817,信息流-小牛-百香果-京东主体-代运营-新人福利价-0721-10161286379662-深海货盘-625-aigc-10,0.02,4,0,0.00,0.00,0.00
2026-07-26,13835231456,CH-SC-广义新-10211029652151-新综合频道-纸品-京喜拉新-剪辑-转化引导-纸品-20260709-无-625-1,0.02,33,2,0.00,0.00,6.06
2026-07-26,13407975609,CH-SC-广义新-10159656246030-新综合频道-电脑-京喜拉新-剪辑-转化引导-电脑-20260527-反向-625-aigc-4,0.02,91,9,0.00,0.00,9.89
2026-07-26,13603382133,CH-SC-低活-10217740550325-超级抢购加补-箱包皮具-无-剪辑-转化引导-箱包皮具-20260617-无-625-aigc-2,0.02,5,0,0.00,0.00,0.00
2026-07-26,13939886933,CH-SC-广义新-10201862878352 -新综合频道-厨具-京喜拉新-剪辑-转化引导-厨具-20260717-无-625-aigc-15,0.02,11,1,0.00,0.00,9.09
2026-07-26,13592283013,CH-SC-低活-10156925961082-超级抢购加补-家用电器-无-剪辑-转化引导-家用电器-20260616-无-625-aigc-11,0.02,1,0,0.00,0.00,0.00
2026-07-26,13957194157,信息流-小牛-无骨鸡爪-三方主体-代运营-新人福利价-0724-10181243448351-大盘扒改-625-3,0.02,20,0,0.00,0.00,0.00
2026-07-26,13873250986,CH-SC-低活-10217740550325-超级抢购-箱包皮具-无-剪辑-转化引导-箱包皮具-20260713-无-625-aigc-6,0.02,1,0,0.00,0.00,0.00
2026-07-26,13846012852,CH-SC-广义新-10140917922437-新综合频道-家庭清洁-京喜拉新-剪辑-转化引导-家庭清洁-20260710-无-625-aigc-7,0.02,5,0,0.00,0.00,0.00
2026-07-26,13939945592,CH-SC-广义新-10115067968253-新综合频道-家用电器-京喜拉新-剪辑-转化引导-家用电器-20260720-无-625-aigc-6,0.02,2,0,0.00,0.00,0.00
2026-07-26,13941340853,信息流-小牛-手机支架-三方主体-代运营-新人福利价-0723-10139440032542 -设计自选-625-11,0.02,3,0,0.00,0.00,0.00
2026-07-26,13873238176,CH-SC-低活-10118706992345-超级抢购-纸品-无-剪辑-转化引导-纸品-20260710-无-625-aigc-2,0.02,1,0,0.00,0.00,0.00
2026-07-26,13957203343,信息流-小牛-无骨鸡爪-三方主体-代运营-新人福利价-0724-10181243448351-大盘扒改-625-11,0.02,7,0,0.00,0.00,0.00
2026-07-26,13946610799,信息流-小牛-挪车电话牌-京东主体-代运营-新人福利价-0723-10153995585950-深海货盘-625-aigc-10,0.02,1,0,0.00,0.00,0.00
2026-07-26,13776572852,CH-SC-广义新-10177393646076-新综合频道-灯饰照明-京喜拉新-剪辑-转化引导-灯饰照明-20260702-反向-625-aigc-5,0.02,3,0,0.00,0.00,0.00
2026-07-26,13939946153,CH-SC-广义新-10150604147722-新综合频道-箱包皮具-京喜拉新-剪辑-转化引导-箱包皮具-20260720-反向-625-10,0.02,10,1,0.00,0.00,10.00
2026-07-26,13592236914,CH-SC-低活-10186710590960-超级抢购-生鲜-无-剪辑-转化引导-生鲜-20260616-无-625-4,0.02,0,0,0.00,0.00,0.00
2026-07-26,13407977687,CH-SC-广义新-10159656246030-新综合频道-电脑-京喜拉新-剪辑-转化引导-电脑-20260527-反向-625-aigc-6,0.02,40,3,0.00,0.00,7.50
2026-07-26,13846385439,CH-SC-低活-10112643484929-超级抢购-手机通讯-无-剪辑-转化引导-手机通讯-20260708-无-625-aigc-14,0.02,6,0,0.00,0.00,0.00
2026-07-26,13846392308,CH-SC-低活-10112643484929-超级抢购-手机通讯-无-剪辑-转化引导-手机通讯-20260708-无-625-aigc-18,0.02,4,0,0.00,0.00,0.00
2026-07-26,13916115670,CH-SC-广义新-10155000015319-新综合频道-厨具-京喜拉新-剪辑-转化引导-厨具-20260716-无-625-aigc-5,0.02,11,0,0.00,0.00,0.00
2026-07-26,13957197484,信息流-小牛-无骨鸡爪-三方主体-代运营-新人福利价-0724-10181243448351-大盘扒改-625-6,0.02,12,1,0.00,0.00,8.33
2026-07-26,13939888246,CH-SC-广义新-10201862878352 -新综合频道-厨具-京喜拉新-剪辑-转化引导-厨具-20260717-无-625-aigc-19,0.01,6,0,0.00,0.00,0.00
2026-07-26,13916310502,CH-SC-低活-10215767576641-超级抢购-生鲜-无-剪辑-转化引导-生鲜-20260715-无-625-aigc-12,0.01,4,0,0.00,0.00,0.00
2026-07-26,13449524163,CH-SC-低活-10147800266661-超级抢购加补-家庭清洁-无-剪辑-转化引导-家庭清洁-20260601-无-625-14,0.01,9,1,0.00,0.00,11.11
2026-07-26,13846385603,CH-SC-低活-10112643484929-超级抢购-手机通讯-无-剪辑-转化引导-手机通讯-20260708-无-625-aigc-13,0.01,1,0,0.00,0.00,0.00
2026-07-26,13873255943,CH-SC-低活-10081585918372-超级抢购-纸品-无-剪辑-转化引导-纸品-20260702-无-625-aigc-27,0.01,2,0,0.00,0.00,0.00
2026-07-26,13916117935,CH-SC-广义新-10155000015319-新综合频道-厨具-京喜拉新-剪辑-转化引导-厨具-20260716-无-625-aigc-9,0.01,7,0,0.00,0.00,0.00
2026-07-26,13957196651,信息流-小牛-无骨鸡爪-三方主体-代运营-新人福利价-0724-10181243448351-大盘扒改-625-4,0.01,22,1,0.00,0.00,4.55
2026-07-26,13486888224,CH-SC-广义新-无-新10元话费券-10元话费券-京喜拉新-剪辑-转化引导-10元话费券-20260605-无-625-7,0.01,3,0,0.00,0.00,0.00
2026-07-26,13547605549,CH-SC-低活-10140207411553-超级抢购加补-文教文化用品-无-剪辑-转化引导-文教文化用品-20260611-无-625-7,0.01,26,3,0.00,0.00,11.54
2026-07-26,13916309960,CH-SC-低活-10215767576641-超级抢购-生鲜-无-剪辑-转化引导-生鲜-20260715-无-625-aigc-11,0.01,13,9,0.00,0.00,69.23
2026-07-26,13916492356,CH-SC-广义新-10040988734451-新10元话费券-无-无-剪辑-转化引导-无-20260715-无-625-20,0.01,3,0,0.00,0.00,0.00
2026-07-26,13471070253,CH-SC-广义新-10136363822650-新综合频道-家庭清洁-京喜拉新-剪辑-转化引导-家庭清洁-20260602-反向-625-aigc-6,0.01,1,0,0.00,0.00,0.00
2026-07-26,13799934599,CH-SC-广义新-10158258669630-新综合频道-居家布艺-京喜拉新-剪辑-转化引导-居家布艺-20260706-无-625-aigc-9,0.01,12,0,0.00,0.00,0.00
2026-07-26,13799929388,CH-SC-广义新-10158258669630-新综合频道-居家布艺-京喜拉新-剪辑-转化引导-居家布艺-20260706-无-625-aigc-1,0.01,1,0,0.00,0.00,0.00
2026-07-26,13651815416,CH-SC-低活-10081585918372-超级抢购-家庭清洁纸品-无-剪辑-转化引导-家庭清洁纸品-20260623-无-625-aigc-16,0.01,8,2,0.00,0.00,25.00
2026-07-26,13731661171,CH-SC-广义新-10103971298079-新综合频道-家具-京喜拉新-剪辑-转化引导-家具-20260630-反向-625-7,0.01,1,0,0.00,0.00,0.00
2026-07-26,13846401745,CH-SC-低活-10081585918372-超级抢购-家庭清洁纸品-无-剪辑-转化引导-家庭清洁纸品-20260708-无-625-aigc-3,0.01,1,0,0.00,0.00,0.00
2026-07-26,13815431986,CH-PRJ-采销项目-10227170510852-快手-本地生活-无-剪辑-转化引导-本地生活-20260710-无-625-5,0.01,2,2,0.00,0.00,100.00
2026-07-26,13835235749,CH-SC-广义新-10211029652151-新综合频道-纸品-京喜拉新-剪辑-转化引导-纸品-20260709-无-625-11,0.01,11,0,0.00,0.00,0.00
2026-07-26,13916311123,CH-SC-低活-10215767576641-超级抢购-生鲜-无-剪辑-转化引导-生鲜-20260715-无-625-aigc-1,0.01,11,0,0.00,0.00,0.00
2026-07-26,13407970309,CH-SC-广义新-10159656246030-新综合频道-电脑-京喜拉新-剪辑-转化引导-电脑-20260527-反向-625-aigc-9,0.01,33,4,0.00,0.00,12.12
2026-07-26,13916106597,CH-SC-广义新-10155000015319-新综合频道-厨具-京喜拉新-剪辑-转化引导-厨具-20260716-无-625-aigc-11,0.01,1,0,0.00,0.00,0.00
2026-07-26,13846430246,CH-SC-低活-10220560400432-超级抢购-生活日用-无-剪辑-转化引导-生活日用-20260708-无-625-aigc-12,0.01,13,1,0.00,0.00,7.69
2026-07-26,13302407886,CH-SC-广义新-10169142079015-新综合频道-厨具-京喜拉新-剪辑-转化引导-厨具-20260515-无-625-5,0.01,8,0,0.00,0.00,0.00
2026-07-26,13835193701,CH-SC-广义新-10109170972947-新综合频道-钟表眼镜-京喜拉新-剪辑-转化引导-钟表眼镜-20260708-无-625-aigc-6,0.01,1,0,0.00,0.00,0.00
2026-07-26,13916306204,CH-SC-低活-10215767576641-超级抢购-生鲜-无-剪辑-转化引导-生鲜-20260715-无-625-aigc-5,0.01,1,0,0.00,0.00,0.00
2026-07-26,13873207385,CH-SC-低活-10113209119177-超级抢购-电动车-无-剪辑-转化引导-电动车-20260709-无-625-11,0.01,1,0,0.00,0.00,0.00
2026-07-26,13846433997,CH-SC-低活-10220560400432-超级抢购-生活日用-无-剪辑-转化引导-生活日用-20260708-无-625-aigc-16,0.01,2,0,0.00,0.00,0.00
2026-07-26,13845988566,CH-SC-广义新-10120961944861-新综合频道-运动户外 -京喜拉新-剪辑-转化引导-运动户外 -20260710-无-625-aigc-1,0.01,18,0,0.00,0.00,0.00
2026-07-26,13776579149,CH-SC-广义新-10177393646076-新综合频道-灯饰照明-京喜拉新-剪辑-转化引导-灯饰照明-20260702-反向-625-aigc-8,0.01,1,0,0.00,0.00,0.00
2026-07-26,13397044023,CH-SC-广义新-10215767576641-新综合频道-生鲜-京喜拉新-剪辑-转化引导-生鲜-20260526-反向-625-aigc-8,0.01,7,1,0.00,0.00,14.29
2026-07-26,13922107264,信息流-小牛-百香果-京东主体-代运营-新人福利价-0721-10161286379662-深海货盘-625-aigc-13,0.01,13,0,0.00,0.00,0.00
2026-07-26,13873215737,CH-SC-低活-10113209119177-超级抢购-电动车-无-剪辑-转化引导-电动车-20260709-无-625-8,0.01,1,0,0.00,0.00,0.00
2026-07-26,13860580424,CH-SC-广义新-10215307938752-新综合频道-鞋靴-京喜拉新-剪辑-转化引导-鞋靴-20260713-反向-625-aigc-3,0.01,6,0,0.00,0.00,0.00
2026-07-26,13651815762,CH-SC-低活-10081585918372-超级抢购-家庭清洁纸品-无-剪辑-转化引导-家庭清洁纸品-20260623-无-625-aigc-17,0.01,1,0,0.00,0.00,0.00
2026-07-26,13916494785,CH-SC-广义新-10040988734451-新10元话费券-无-无-剪辑-转化引导-无-20260715-无-625-14,0.01,1,0,0.00,0.00,0.00
2026-07-26,13536520998,CH-SC-广义新-10127068425204-新综合频道-收纳用品-京喜拉新-剪辑-转化引导-收纳用品-20260610-无-625-10,0.01,9,5,0.00,0.00,55.56
2026-07-26,13407972630,CH-SC-广义新-10159656246030-新综合频道-电脑-京喜拉新-剪辑-转化引导-电脑-20260527-反向-625-aigc-12,0.01,31,3,0.00,0.00,9.68
2026-07-26,13614618075,CH-SC-广义新-10161130444375-新综合频道-农资园艺-京喜拉新-剪辑-转化引导-农资园艺-20260618-反向-625-aigc-10,0.01,5,2,0.00,0.00,40.00
2026-07-26,13939937851,CH-SC-广义新-10150604147722-新综合频道-箱包皮具-京喜拉新-剪辑-转化引导-箱包皮具-20260720-反向-625-7,0.01,14,4,0.00,0.00,28.57
2026-07-26,13835235397,CH-SC-广义新-10211029652151-新综合频道-纸品-京喜拉新-剪辑-转化引导-纸品-20260709-无-625-10,0.01,29,0,0.00,0.00,0.00
2026-07-26,13916091171,CH-SC-广义新-10184972523548-新综合频道-厨具-京喜拉新-剪辑-转化引导-厨具-20260716-反向-625-aigc-2,0.01,4,0,0.00,0.00,0.00
2026-07-26,13957204480,信息流-小牛-无骨鸡爪-三方主体-代运营-新人福利价-0724-10181243448351-大盘扒改-625-12,0.00,7,0,0.00,0.00,0.00
2026-07-26,13592312343,CH-SC-广义新-10139440032542-新综合频道-运动户外-京喜拉新-剪辑-转化引导-运动户外-20260616-无-625-aigc-20,0.00,4,0,0.00,0.00,0.00
2026-07-26,13941342898,信息流-小牛-手机支架-三方主体-代运营-新人福利价-0723-10139440032542 -设计自选-625-6,0.00,5,0,0.00,0.00,0.00
2026-07-26,13179698881,荣耀-XN-影音娱乐-通用-唱歌-混剪-260429-625-2,0.00,0,0,0.00,0.00,0.00
2026-07-26,13937223590,信息流-小牛-厨房挂件-京东主体-代运营-新人福利价-0722-10162320955134-本东爆品-625-6,0.00,2,1,0.00,0.00,50.00
2026-07-26,13407974348,CH-SC-广义新-10159656246030-新综合频道-电脑-京喜拉新-剪辑-转化引导-电脑-20260527-反向-625-aigc-1,0.00,1,0,0.00,0.00,0.00
2026-07-26,13941342174,信息流-小牛-手机支架-三方主体-代运营-新人福利价-0723-10139440032542 -设计自选-625-5,0.00,2,0,0.00,0.00,0.00
2026-07-26,13913157203,信息流-小牛-刮水器-京东主体-代运营-新人1分钱-0720-10101434066164-历史爆品-625-18,0.00,5,0,0.00,0.00,0.00
2026-07-26,13776578824,CH-SC-广义新-10177393646076-新综合频道-灯饰照明-京喜拉新-剪辑-转化引导-灯饰照明-20260702-反向-625-aigc-6,0.00,0,0,0.00,0.00,0.00
2026-07-26,13916092599,CH-SC-广义新-10184972523548-新综合频道-厨具-京喜拉新-剪辑-转化引导-厨具-20260716-反向-625-aigc-4,0.00,4,0,0.00,0.00,0.00
2026-07-26,13845967373,CH-SC-广义新-10156923061370-新综合频道-数码-京喜拉新-剪辑-转化引导-数码-20260710-无-625-3,0.00,9,3,0.00,0.00,33.33
2026-07-26,13471070612,CH-SC-广义新-10136363822650-新综合频道-家庭清洁-京喜拉新-剪辑-转化引导-家庭清洁-20260602-反向-625-4,0.00,0,0,0.00,0.00,0.00
2026-07-26,13860578733,CH-SC-广义新-10215307938752-新综合频道-鞋靴-京喜拉新-剪辑-转化引导-鞋靴-20260713-反向-625-aigc-1,0.00,4,0,0.00,0.00,0.00
2026-07-26,13940211127,CH-SC-低活-10223570717754-超级抢购-生鲜-无-剪辑-转化引导-生鲜-20260716-无-625-aigc-2,0.00,1,0,0.00,0.00,0.00
2026-07-26,13722926269,CH-SC-低活-10118706992345-超级抢购加补-纸品-无-剪辑-转化引导-纸品-20260629-无-625-aigc-17,0.00,0,0,0.00,0.00,0.00
2026-07-26,13536519469,CH-SC-广义新-10127068425204-新综合频道-收纳用品-京喜拉新-剪辑-转化引导-收纳用品-20260610-无-625-8,0.00,1,0,0.00,0.00,0.00
2026-07-26,13397045005,CH-SC-广义新-10215767576641-新综合频道-生鲜-京喜拉新-剪辑-转化引导-生鲜-20260526-反向-625-aigc-10,0.00,2,0,0.00,0.00,0.00
2026-07-26,13179788528,荣耀-XN-影音娱乐-通用-唱歌-混剪-260429-625-14,0.00,0,0,0.00,0.00,0.00
2026-07-26,13922138944,信息流-小牛-百香果-京东主体-代运营-新人福利价-0721-10161286379662-深海货盘-625-aigc-1,0.00,4,0,0.00,0.00,0.00
2026-07-26,13846294839,CH-SC-低活-10162692688878-超级抢购-家用电器-无-剪辑-转化引导-家用电器-20260708-无-625-aigc-20,0.00,2,0,0.00,0.00,0.00
2026-07-26,13407977493,CH-SC-广义新-10159656246030-新综合频道-电脑-京喜拉新-剪辑-转化引导-电脑-20260527-反向-625-aigc-7,0.00,2,0,0.00,0.00,0.00
2026-07-26,13913157750,信息流-小牛-刮水器-京东主体-代运营-新人1分钱-0720-10101434066164-历史爆品-625-19,0.00,4,0,0.00,0.00,0.00
2026-07-26,13873195263,CH-SC-低活-10140917922437-超级抢购-家庭清洁-无-剪辑-转化引导-家庭清洁-20260709-无-625-aigc-6,0.00,0,0,0.00,0.00,0.00
2026-07-26,13913155252,信息流-小牛-刮水器-京东主体-代运营-新人1分钱-0720-10101434066164-历史爆品-625-13,0.00,1,0,0.00,0.00,0.00
2026-07-26,13835230593,CH-SC-广义新-10211029652151-新综合频道-纸品-京喜拉新-剪辑-转化引导-纸品-20260709-无-625-15,0.00,10,1,0.00,0.00,10.00
2026-07-26,13937218541,信息流-小牛-碘伏棉签-京东主体-代运营-新人1分钱起-0722-10157346621198-京东-625-6,0.00,1,0,0.00,0.00,0.00
2026-07-26,13407975628,CH-SC-广义新-10159656246030-新综合频道-电脑-京喜拉新-剪辑-转化引导-电脑-20260527-反向-625-aigc-3,0.00,4,0,0.00,0.00,0.00
2026-07-26,13941341569,信息流-小牛-手机支架-三方主体-代运营-新人福利价-0723-10139440032542 -设计自选-625-4,0.00,1,0,0.00,0.00,0.00
2026-07-26,13939954099,CH-SC-广义新-10115067968253-新综合频道-家用电器-京喜拉新-剪辑-转化引导-家用电器-20260720-无-625-aigc-22,0.00,2,0,0.00,0.00,0.00
2026-07-26,13916089309,CH-SC-广义新-10184972523548-新综合频道-厨具-京喜拉新-剪辑-转化引导-厨具-20260716-反向-625-aigc-1,0.00,13,0,0.00,0.00,0.00
2026-07-26,13835189997,CH-SC-广义新-10109170972947-新综合频道-钟表眼镜-京喜拉新-剪辑-转化引导-钟表眼镜-20260708-无-625-aigc-13,0.00,0,0,0.00,0.00,0.00
2026-07-26,13939866711,CH-SC-广义新-10217878263924 -新综合频道-汽车用品-京喜拉新-剪辑-转化引导-汽车用品-20260717-无-625-5,0.00,1,0,0.00,0.00,0.00
2026-07-26,13922143747,信息流-小牛-百香果-京东主体-代运营-新人福利价-0721-10161286379662-深海货盘-625-aigc-7,0.00,3,0,0.00,0.00,0.00
2026-07-26,13836038066,CH-SC-低活-10223482211866-超级抢购-生活日用-无-剪辑-转化引导-生活日用-20260703-无-625-6,0.00,0,0,0.00,0.00,0.00
2026-07-26,13836035226,CH-SC-低活-10223482211866-超级抢购-生活日用-无-剪辑-转化引导-生活日用-20260703-无-625-2,0.00,0,0,0.00,0.00,0.00
2026-07-26,13939938577,CH-SC-广义新-10150604147722-新综合频道-箱包皮具-京喜拉新-剪辑-转化引导-箱包皮具-20260720-反向-625-9,0.00,19,6,0.00,0.00,31.58
2026-07-26,13957199390,信息流-小牛-无骨鸡爪-三方主体-代运营-新人福利价-0724-10181243448351-大盘扒改-625-8,0.00,2,0,0.00,0.00,0.00
2026-07-26,13776504198,CH-SC-广义新-10143318867797-新综合频道-厨具-京喜拉新-剪辑-转化引导-厨具-20260702-反向-625-aigc-4,0.00,2,0,0.00,0.00,0.00
2026-07-26,13873264538,CH-SC-低活-10081585918372-超级抢购-纸品-无-剪辑-转化引导-纸品-20260702-无-625-aigc-5,0.00,2,0,0.00,0.00,0.00
2026-07-26,13939936830,CH-SC-广义新-10150604147722-新综合频道-箱包皮具-京喜拉新-剪辑-转化引导-箱包皮具-20260720-反向-625-4,0.00,2,0,0.00,0.00,0.00
2026-07-26,13937241755,信息流-小牛-厨房挂件-京东主体-代运营-新人福利价-0722-10162320955134-本东爆品-625-3,0.00,1,0,0.00,0.00,0.00
2026-07-26,13302406456,CH-SC-广义新-10169142079015-新综合频道-厨具-京喜拉新-剪辑-转化引导-厨具-20260515-无-625-4,0.00,6,1,0.00,0.00,16.67
2026-07-26,13873233007,CH-SC-低活-10184888743389-超级抢购-纸品-无-剪辑-转化引导-纸品-20260710-无-625-aigc-12,0.00,0,0,0.00,0.00,0.00
2026-07-26,13799834838,CH-SC-广义新-10156923061370-新综合频道-数码-京喜拉新-剪辑-转化引导-数码-20260707-无-625-aigc-11,0.00,0,0,0.00,0.00,0.00
2026-07-26,13302409576,CH-SC-广义新-10169142079015-新综合频道-厨具-京喜拉新-剪辑-转化引导-厨具-20260515-无-625-9,0.00,2,0,0.00,0.00,0.00
2026-07-26,13916491839,CH-SC-广义新-10040988734451-新10元话费券-无-无-剪辑-转化引导-无-20260715-无-625-5,0.00,2,0,0.00,0.00,0.00
2026-07-26,13916493960,CH-SC-广义新-10040988734451-新10元话费券-无-无-剪辑-转化引导-无-20260715-无-625-25,0.00,0,0,0.00,0.00,0.00
2026-07-26,13799925653,CH-SC-广义新-10158258669630-新综合频道-居家布艺-京喜拉新-剪辑-转化引导-居家布艺-20260706-无-625-aigc-11,0.00,4,0,0.00,0.00,0.00
2026-07-26,13799798181,CH-SC-广义新-10155085148227-新综合频道-家用电器-京喜拉新-剪辑-转化引导-家用电器-20260707-反向-625-aigc-4,0.00,0,0,0.00,0.00,0.00
2026-07-26,13913149474,信息流-小牛-刮水器-京东主体-代运营-新人1分钱-0720-10101434066164-历史爆品-625-1,0.00,1,0,0.00,0.00,0.00
2026-07-26,13592240552,CH-SC-低活-10158258669630-超级抢购-居家布艺-无-剪辑-转化引导-居家布艺-20260616-无-625-1,0.00,0,0,0.00,0.00,0.00
2026-07-26,13916311543,CH-SC-低活-10215767576641-超级抢购-生鲜-无-剪辑-转化引导-生鲜-20260715-无-625-aigc-2,0.00,0,0,0.00,0.00,0.00
2026-07-26,13881431699,CH-SC-广义新-10161397805649 -新综合频道-服饰内衣-京喜拉新-剪辑-转化引导-服饰内衣-20260715-无-625-aigc-5,0.00,0,0,0.00,0.00,0.00
2026-07-26,13860577782,CH-SC-广义新-10215307938752-新综合频道-鞋靴-京喜拉新-剪辑-转化引导-鞋靴-20260713-反向-625-aigc-10,0.00,41,3,0.00,0.00,7.32
2026-07-26,13918402464,信息流-小牛-车载支架-低活-代运营-福利价-0721-100091919404-深海货盘-625-aigc-16,0.00,2,0,0.00,0.00,0.00
2026-07-26,13913152252,信息流-小牛-刮水器-京东主体-代运营-新人1分钱-0720-10101434066164-历史爆品-625-7,0.00,2,0,0.00,0.00,0.00
2026-07-26,13937214964,信息流-小牛-碘伏棉签-京东主体-代运营-新人1分钱起-0722-10157346621198-京东-625-16,0.00,1,0,0.00,0.00,0.00
2026-07-26,13913150249,信息流-小牛-刮水器-京东主体-代运营-新人1分钱-0720-10101434066164-历史爆品-625-2,0.00,2,0,0.00,0.00,0.00
2026-07-26,13776673362,CH-SC-广义新-10118706992345-新综合频道-纸品-京喜拉新-剪辑-转化引导-纸品-20260702-无-625-aigc-12,0.00,1,0,0.00,0.00,0.00
2026-07-26,13939892050,CH-SC-广义新-10201862878352 -新综合频道-厨具-京喜拉新-剪辑-转化引导-厨具-20260717-无-625-aigc-24,0.00,0,0,0.00,0.00,0.00
2026-07-26,13845985981,CH-SC-广义新-10120961944861-新综合频道-运动户外 -京喜拉新-剪辑-转化引导-运动户外 -20260710-无-625-aigc-10,0.00,11,0,0.00,0.00,0.00
2026-07-26,13860586003,CH-SC-广义新-10215307938752-新综合频道-鞋靴-京喜拉新-剪辑-转化引导-鞋靴-20260713-反向-625-aigc-4,0.00,5,0,0.00,0.00,0.00
2026-07-26,13536519326,CH-SC-广义新-10127068425204-新综合频道-收纳用品-京喜拉新-剪辑-转化引导-收纳用品-20260610-无-625-7,0.00,1,0,0.00,0.00,0.00
2026-07-26,13882966739,CH-SC-低活-10093106199290-超级抢购-纸品-无-剪辑-转化引导-纸品-20260714-无-625-2,0.00,0,0,0.00,0.00,0.00
2026-07-26,13536521344,CH-SC-广义新-10127068425204-新综合频道-收纳用品-京喜拉新-剪辑-转化引导-收纳用品-20260610-无-625-11,0.00,1,0,0.00,0.00,0.00
2026-07-26,13846291002,CH-SC-低活-10162692688878-超级抢购-家用电器-无-剪辑-转化引导-家用电器-20260708-无-625-aigc-18,0.00,0,0,0.00,0.00,0.00
2026-07-26,13939893033,CH-SC-广义新-10201862878352 -新综合频道-厨具-京喜拉新-剪辑-转化引导-厨具-20260717-无-625-aigc-25,0.00,0,0,0.00,0.00,0.00
2026-07-26,13916295481,CH-SC-低活-10130886489325-超级抢购-厨具-无-剪辑-转化引导-厨具-20260715-无-625-15,0.00,0,0,0.00,0.00,0.00
2026-07-26,13873269148,CH-SC-低活-10081585918372-超级抢购-纸品-无-剪辑-转化引导-纸品-20260702-无-625-aigc-8,0.00,0,0,0.00,0.00,0.00
2026-07-26,13916497706,CH-SC-广义新-10040988734451-新10元话费券-无-无-剪辑-转化引导-无-20260715-无-625-3,0.00,0,0,0.00,0.00,0.00
2026-07-26,13836045031,CH-SC-低活-10118706992345-超级抢购-纸品-无-剪辑-转化引导-纸品-20260702-无-625-aigc-3,0.00,0,0,0.00,0.00,0.00
2026-07-26,13846399385,CH-SC-低活-10081585918372-超级抢购-家庭清洁纸品-无-剪辑-转化引导-家庭清洁纸品-20260708-无-625-aigc-18,0.00,0,0,0.00,0.00,0.00
2026-07-26,13836029161,CH-SC-低活-10223482211866-超级抢购-生活日用-无-剪辑-转化引导-生活日用-20260703-无-625-10,0.00,0,0,0.00,0.00,0.00
2026-07-26,13846011708,CH-SC-广义新-10140917922437-新综合频道-家庭清洁-京喜拉新-剪辑-转化引导-家庭清洁-20260710-无-625-aigc-4,0.00,1,0,0.00,0.00,0.00
2026-07-26,13040044731,荣耀-XN-影音-通用-风景-混剪-260410-625-16,0.00,0,0,0.00,0.00,0.00
2026-07-26,13873226100,CH-SC-低活-10184888743389-超级抢购-纸品-无-剪辑-转化引导-纸品-20260710-无-625-aigc-5,0.00,0,0,0.00,0.00,0.00
2026-07-26,13922115435,信息流-小牛-百香果-京东主体-代运营-新人福利价-0721-10161286379662-深海货盘-625-aigc-17,0.00,4,0,0.00,0.00,0.00
2026-07-26,13846347604,CH-SC-低活-10113209119177-超级抢购-电动车-无-剪辑-转化引导-电动车-20260708-无-625-15,0.00,1,0,0.00,0.00,0.00
2026-07-26,13746243989,CH-SC-低活-10172627929072-超级抢购-家装建材-无-剪辑-转化引导-家装建材-20260702-无-625-aigc-7,0.00,2,0,0.00,0.00,0.00
2026-07-26,13913156026,信息流-小牛-刮水器-京东主体-代运营-新人1分钱-0720-10101434066164-历史爆品-625-15,0.00,2,0,0.00,0.00,0.00
2026-07-26,13846389890,CH-SC-低活-10112643484929-超级抢购-手机通讯-无-剪辑-转化引导-手机通讯-20260708-无-625-aigc-17,0.00,1,0,0.00,0.00,0.00
2026-07-26,13939871021,CH-SC-广义新-10217878263924 -新综合频道-汽车用品-京喜拉新-剪辑-转化引导-汽车用品-20260717-无-625-8,0.00,0,0,0.00,0.00,0.00
2026-07-26,13835187281,CH-SC-广义新-10155085148227-新综合频道-家用电器-京喜拉新-剪辑-转化引导-家用电器-20260708-无-625-aigc-64,0.00,1,0,0.00,0.00,0.00
2026-07-26,13536516554,CH-SC-广义新-10127068425204-新综合频道-收纳用品-京喜拉新-剪辑-转化引导-收纳用品-20260610-无-625-4,0.00,1,0,0.00,0.00,0.00
2026-07-26,13922145678,信息流-小牛-百香果-京东主体-代运营-新人福利价-0721-10161286379662-深海货盘-625-aigc-9,0.00,3,0,0.00,0.00,0.00
2026-07-26,13352555069,CH-SC-低活-10081585918372-超级抢购-家庭清洁纸品-无-剪辑-转化引导-家庭清洁纸品-20260521-无-625-15,0.00,0,0,0.00,0.00,0.00
2026-07-26,13471029901,CH-SC-低活-10219841541026-超级抢购加补-厨具-无-剪辑-转化引导-厨具-20260602-无-625-3,0.00,0,0,0.00,0.00,0.00
2026-07-26,13651876554,CH-SC-广义新-10125368295124-新综合频道-家用电器-京喜拉新-剪辑-转化引导-家用电器-20260623-无-625-7,0.00,0,0,0.00,0.00,0.00
2026-07-26,13916308362,CH-SC-低活-10215767576641-超级抢购-生鲜-无-剪辑-转化引导-生鲜-20260715-无-625-aigc-6,0.00,2,0,0.00,0.00,0.00
2026-07-26,13746354558,CH-SC-低活-10112643484929-超级抢购加补-手机通讯-无-剪辑-转化引导-手机通讯-20260630-无-625-2,0.00,2,0,0.00,0.00,0.00
2026-07-26,13846306131,CH-SC-低活-10140917922437-超级抢购-家庭清洁-无-剪辑-转化引导-家庭清洁-20260708-无-625-aigc-9,0.00,0,0,0.00,0.00,0.00
2026-07-26,13873172231,CH-SC-低活-10137455430983-超级抢购-纸品-无-剪辑-转化引导-纸品-20260709-无-625-aigc-1,0.00,0,0,0.00,0.00,0.00
2026-07-26,13939937264,CH-SC-广义新-10150604147722-新综合频道-箱包皮具-京喜拉新-剪辑-转化引导-箱包皮具-20260720-反向-625-5,0.00,1,0,0.00,0.00,0.00
2026-07-26,13873280184,CH-SC-低活-10081585918372-超级抢购-纸品-无-剪辑-转化引导-纸品-20260702-无-625-aigc-20,0.00,0,0,0.00,0.00,0.00
2026-07-26,13873272312,CH-SC-低活-10081585918372-超级抢购-纸品-无-剪辑-转化引导-纸品-20260702-无-625-aigc-11,0.00,4,0,0.00,0.00,0.00
2026-07-26,13860584358,CH-SC-广义新-10215307938752-新综合频道-鞋靴-京喜拉新-剪辑-转化引导-鞋靴-20260713-反向-625-aigc-6,0.00,65,2,0.00,0.00,3.08
2026-07-26,13662880805,CH-SC-低活-10134479334759-超级抢购通用-钟表眼镜-无-剪辑-转化引导-钟表眼镜-20260624-无-625-AIGC-16,0.00,0,0,0.00,0.00,0.00
2026-07-26,13835234965,CH-SC-广义新-10211029652151-新综合频道-纸品-京喜拉新-剪辑-转化引导-纸品-20260709-无-625-9,0.00,15,0,0.00,0.00,0.00
2026-07-26,13040042427,荣耀-XN-社交-通用-美女-混剪-纯新AIGC-260410-625-14,0.00,0,0,0.00,0.00,0.00
2026-07-26,13846344785,CH-SC-低活-10113209119177-超级抢购-电动车-无-剪辑-转化引导-电动车-20260708-无-625-11,0.00,0,0,0.00,0.00,0.00
2026-07-26,13939885702,CH-SC-广义新-10201862878352 -新综合频道-厨具-京喜拉新-剪辑-转化引导-厨具-20260717-无-625-aigc-16,0.00,0,0,0.00,0.00,0.00
2026-07-26,13873193276,CH-SC-低活-10140917922437-超级抢购-家庭清洁-无-剪辑-转化引导-家庭清洁-20260709-无-625-aigc-4,0.00,1,0,0.00,0.00,0.00
2026-07-26,13835232509,CH-SC-广义新-10211029652151-新综合频道-纸品-京喜拉新-剪辑-转化引导-纸品-20260709-无-625-2,0.00,23,0,0.00,0.00,0.00
2026-07-26,13836032425,CH-SC-低活-10223482211866-超级抢购-生活日用-无-剪辑-转化引导-生活日用-20260703-无-625-14,0.00,0,0,0.00,0.00,0.00
2026-07-26,13836036407,CH-SC-低活-10223482211866-超级抢购-生活日用-无-剪辑-转化引导-生活日用-20260703-无-625-4,0.00,0,0,0.00,0.00,0.00
2026-07-26,13407971591,CH-SC-广义新-10159656246030-新综合频道-电脑-京喜拉新-剪辑-转化引导-电脑-20260527-反向-625-aigc-10,0.00,6,2,0.00,0.00,33.33
2026-07-26,13913153338,信息流-小牛-刮水器-京东主体-代运营-新人1分钱-0720-10101434066164-历史爆品-625-9,0.00,2,0,0.00,0.00,0.00
2026-07-26,13916099751,CH-SC-广义新-10184972523548-新综合频道-厨具-京喜拉新-剪辑-转化引导-厨具-20260716-反向-625-aigc-7,0.00,2,0,0.00,0.00,0.00
2026-07-26,13939890093,CH-SC-广义新-10201862878352 -新综合频道-厨具-京喜拉新-剪辑-转化引导-厨具-20260717-无-625-aigc-22,0.00,0,0,0.00,0.00,0.00
2026-07-26,13860588572,CH-SC-广义新-10215307938752-新综合频道-鞋靴-京喜拉新-剪辑-转化引导-鞋靴-20260713-反向-625-aigc-9,0.00,1,0,0.00,0.00,0.00
2026-07-26,13939871196,CH-SC-广义新-10217878263924 -新综合频道-汽车用品-京喜拉新-剪辑-转化引导-汽车用品-20260717-无-625-10,0.00,2,0,0.00,0.00,0.00
2026-07-26,13860487513,CH-SC-广义新-10151951361734-新综合频道-箱包皮具-京喜拉新-剪辑-转化引导-箱包皮具-20260713-无-625-aigc-5,0.00,1,0,0.00,0.00,0.00
2026-07-26,13916092866,CH-SC-广义新-10184972523548-新综合频道-厨具-京喜拉新-剪辑-转化引导-厨具-20260716-反向-625-aigc-3,0.00,1,0,0.00,0.00,0.00
2026-07-26,13913153892,信息流-小牛-刮水器-京东主体-代运营-新人1分钱-0720-10101434066164-历史爆品-625-11,0.00,3,0,0.00,0.00,0.00
2026-07-26,13873266928,CH-SC-低活-10081585918372-超级抢购-纸品-无-剪辑-转化引导-纸品-20260702-无-625-aigc-6,0.00,0,0,0.00,0.00,0.00
2026-07-26,13873223905,CH-SC-低活-10162692688878-超级抢购-家用电器-无-剪辑-转化引导-家用电器-20260710-无-625-aigc-5,0.00,0,0,0.00,0.00,0.00
2026-07-26,13776636016,CH-SC-广义新-10177393646076-新综合频道-灯饰照明-京喜拉新-剪辑-转化引导-灯饰照明-20260702-反向-625-aigc-2,0.00,7,1,0.00,0.00,14.29
2026-07-26,13946612928,信息流-小牛-挪车电话牌-京东主体-代运营-新人福利价-0723-10153995585950-深海货盘-625-aigc-11,0.00,1,0,0.00,0.00,0.00
2026-07-26,13916301057,CH-SC-低活-10140917922437-超级抢购-家庭清洁-无-剪辑-转化引导-家庭清洁-20260715-无-625-aigc-8,0.00,0,0,0.00,0.00,0.00
2026-07-26,13836032434,CH-SC-低活-10223482211866-超级抢购-生活日用-无-剪辑-转化引导-生活日用-20260703-无-625-15,0.00,1,0,0.00,0.00,0.00
2026-07-26,13651810082,CH-SC-低活-10081585918372-超级抢购-家庭清洁纸品-无-剪辑-转化引导-家庭清洁纸品-20260623-无-625-aigc-7,0.00,1,0,0.00,0.00,0.00
2026-07-26,13835234463,CH-SC-广义新-10211029652151-新综合频道-纸品-京喜拉新-剪辑-转化引导-纸品-20260709-无-625-8,0.00,7,1,0.00,0.00,14.29
2026-07-26,13939937564,CH-SC-广义新-10150604147722-新综合频道-箱包皮具-京喜拉新-剪辑-转化引导-箱包皮具-20260720-反向-625-6,0.00,6,0,0.00,0.00,0.00
2026-07-26,12954045293,荣耀-XN-小说-通用-滚屏-混剪-纯AIGC-260402-625-10,0.00,0,0,0.00,0.00,0.00
2026-07-26,13096013262,荣耀-XN-影音娱乐-通用-手势舞-混剪-260417-625-18,0.00,0,0,0.00,0.00,0.00
2026-07-26,13179799690,荣耀-XN-影音娱乐-通用-风景-混剪-260429-625-17,0.00,0,0,0.00,0.00,0.00
2026-07-26,13872651072,CH-SC-广义新-10136363822650 -新综合频道-纸品-京喜拉新-剪辑-转化引导-纸品-20260714-无-625-7,0.00,0,0,0.00,0.00,0.00
2026-07-26,13937216391,信息流-小牛-碘伏棉签-京东主体-代运营-新人1分钱起-0722-10157346621198-京东-625-1,0.00,2,0,0.00,0.00,0.00
2026-07-26,13937239999,信息流-小牛-厨房挂件-京东主体-代运营-新人福利价-0722-10162320955134-本东爆品-625-12,0.00,2,0,0.00,0.00,0.00
2026-07-26,13449522253,CH-SC-低活-10147800266661-超级抢购加补-家庭清洁-无-剪辑-转化引导-家庭清洁-20260601-无-625-5,0.00,0,0,0.00,0.00,0.00
2026-07-26,13836051417,CH-SC-低活-10156776256916-超级抢购-珠宝首饰-无-剪辑-转化引导-珠宝首饰-20260703-无-625-aigc-1,0.00,0,0,0.00,0.00,0.00
2026-07-26,13946606304,信息流-小牛-挪车电话牌-京东主体-代运营-新人福利价-0723-10153995585950-深海货盘-625-aigc-5,0.00,0,0,0.00,0.00,0.00
2026-07-26,13352559849,CH-SC-低活-10081585918372-超级抢购-家庭清洁纸品-无-剪辑-转化引导-家庭清洁纸品-20260521-无-625-35,0.00,5,0,0.00,0.00,0.00
2026-07-26,13937214158,信息流-小牛-碘伏棉签-京东主体-代运营-新人1分钱起-0722-10157346621198-京东-625-15,0.00,2,0,0.00,0.00,0.00
2026-07-26,13957204347,信息流-小牛-无骨鸡爪-三方主体-代运营-新人福利价-0724-10181243448351-大盘扒改-625-1,0.00,0,0,0.00,0.00,0.00
2026-07-26,13957199370,信息流-小牛-无骨鸡爪-三方主体-代运营-新人福利价-0724-10181243448351-大盘扒改-625-7,0.00,4,0,0.00,0.00,0.00
2026-07-26,13559884097,CH-SC-广义新-10120132288166-新综合频道-运动户外-京喜拉新-剪辑-转化引导-运动户外-20260612-无-625-4,0.00,0,0,0.00,0.00,0.00
2026-07-26,13776607706,CH-SC-广义新-10177393646076-新综合频道-灯饰照明-京喜拉新-剪辑-转化引导-灯饰照明-20260702-反向-625-aigc-17,0.00,0,0,0.00,0.00,0.00
2026-07-26,12838478575,荣耀-XN-小说-通用-动态漫-AIGC-260318-625-19,0.00,0,0,0.00,0.00,0.00
2026-07-26,12838479363,荣耀-XN-小说-通用-动态漫-AIGC-260318-625-20,0.00,0,0,0.00,0.00,0.00
2026-07-26,13799911408,CH-SC-广义新-10118706992345-新综合频道-纸品-京喜拉新-剪辑-转化引导-纸品-20260707-无-625-aigc-2,0.00,0,0,0.00,0.00,0.00
2026-07-26,13845976437,CH-SC-广义新-10156923061370-新综合频道-数码-京喜拉新-剪辑-转化引导-数码-20260710-无-625-2,0.00,1,0,0.00,0.00,0.00
2026-07-26,13939884146,CH-SC-广义新-10201862878352 -新综合频道-厨具-京喜拉新-剪辑-转化引导-厨具-20260717-无-625-aigc-13,0.00,0,0,0.00,0.00,0.00
2026-07-26,13873186801,CH-SC-低活-10162692688878-超级抢购-家用电器-无-剪辑-转化引导-家用电器-20260709-无-625-aigc-9,0.00,0,0,0.00,0.00,0.00
2026-07-26,13873285611,CH-SC-低活-10081585918372-超级抢购-纸品-无-剪辑-转化引导-纸品-20260702-无-625-aigc-24,0.00,0,0,0.00,0.00,0.00
2026-07-26,13799928462,CH-SC-广义新-10158258669630-新综合频道-居家布艺-京喜拉新-剪辑-转化引导-居家布艺-20260706-无-625-aigc-3,0.00,5,0,0.00,0.00,0.00
2026-07-26,13873257564,CH-SC-低活-10081585918372-超级抢购-纸品-无-剪辑-转化引导-纸品-20260702-无-625-aigc-31,0.00,1,0,0.00,0.00,0.00
2026-07-26,13302415831,CH-SC-广义新-10169142079015-新综合频道-厨具-京喜拉新-剪辑-转化引导-厨具-20260515-无-625-20,0.00,2,0,0.00,0.00,0.00
2026-07-26,13913151605,信息流-小牛-刮水器-京东主体-代运营-新人1分钱-0720-10101434066164-历史爆品-625-6,0.00,1,0,0.00,0.00,0.00
2026-07-26,13873271713,CH-SC-低活-10081585918372-超级抢购-纸品-无-剪辑-转化引导-纸品-20260702-无-625-aigc-10,0.00,0,0,0.00,0.00,0.00
2026-07-26,13939877678,CH-SC-广义新-10201862878352 -新综合频道-厨具-京喜拉新-剪辑-转化引导-厨具-20260717-无-625-aigc-4,0.00,5,0,0.00,0.00,0.00
2026-07-26,13937217031,信息流-小牛-碘伏棉签-京东主体-代运营-新人1分钱起-0722-10157346621198-京东-625-3,0.00,1,0,0.00,0.00,0.00
2026-07-26,13662889974,CH-SC-低活-10223482211866-超级抢购-生活日用-无-剪辑-转化引导-生活日用-20260624-无-625-AIGC-10,0.00,0,0,0.00,0.00,0.00
2026-07-26,13799930681,CH-SC-广义新-10158258669630-新综合频道-居家布艺-京喜拉新-剪辑-转化引导-居家布艺-20260706-无-625-aigc-4,0.00,1,0,0.00,0.00,0.00
2026-07-26,13536517872,CH-SC-广义新-10127068425204-新综合频道-收纳用品-京喜拉新-剪辑-转化引导-收纳用品-20260610-无-625-6,0.00,5,0,0.00,0.00,0.00
2026-07-26,13873242822,CH-SC-低活-10118706992345-超级抢购-纸品-无-剪辑-转化引导-纸品-20260710-无-625-aigc-10,0.00,0,0,0.00,0.00,0.00
2026-07-26,13429245039,CH-SC-低活-10217465794542-超级抢购加补-家用电器-无-剪辑-转化引导-家用电器-20260529-无-625-8,0.00,0,0,0.00,0.00,0.00
2026-07-26,13835229660,CH-SC-广义新-10211029652151-新综合频道-纸品-京喜拉新-剪辑-转化引导-纸品-20260709-无-625-13,0.00,2,0,0.00,0.00,0.00
2026-07-26,13860581516,CH-SC-广义新-10215307938752-新综合频道-鞋靴-京喜拉新-剪辑-转化引导-鞋靴-20260713-反向-625-aigc-5,0.00,2,0,0.00,0.00,0.00
2026-07-26,13873280201,CH-SC-低活-10081585918372-超级抢购-纸品-无-剪辑-转化引导-纸品-20260702-无-625-aigc-19,0.00,0,0,0.00,0.00,0.00
2026-07-26,13835232698,CH-SC-广义新-10211029652151-新综合频道-纸品-京喜拉新-剪辑-转化引导-纸品-20260709-无-625-4,0.00,20,1,0.00,0.00,5.00
2026-07-26,13939888620,CH-SC-广义新-10201862878352 -新综合频道-厨具-京喜拉新-剪辑-转化引导-厨具-20260717-无-625-aigc-20,0.00,0,0,0.00,0.00,0.00
2026-07-26,13835229839,CH-SC-广义新-10211029652151-新综合频道-纸品-京喜拉新-剪辑-转化引导-纸品-20260709-无-625-14,0.00,24,3,0.00,0.00,12.50
2026-07-26,13547605080,CH-SC-低活-10140207411553-超级抢购加补-文教文化用品-无-剪辑-转化引导-文教文化用品-20260611-无-625-6,0.00,41,6,0.00,0.00,14.63
2026-07-26,13916096211,CH-SC-广义新-10147832788047-新综合频道-工业品-京喜拉新-剪辑-转化引导-工业品-20260716-反向-625-7,0.00,4,0,0.00,0.00,0.00
2026-07-26,13872633922,CH-SC-广义新-10155085148227-新综合频道-家用电器-京喜拉新-剪辑-转化引导-家用电器-20260714-无-625-4,0.00,1,0,0.00,0.00,0.00
2026-07-26,13860551989,CH-SC-广义新-10162692688878-新综合频道-家用电器-京喜拉新-剪辑-转化引导-家用电器-20260713-无-625-aigc-6,0.00,12,0,0.00,0.00,0.00
2026-07-26,13776504220,CH-SC-广义新-10143318867797-新综合频道-厨具-京喜拉新-剪辑-转化引导-厨具-20260702-反向-625-aigc-6,0.00,1,0,0.00,0.00,0.00
2026-07-26,13937237677,信息流-小牛-厨房挂件-京东主体-代运营-新人福利价-0722-10162320955134-本东爆品-625-10,0.00,2,0,0.00,0.00,0.00
2026-07-26,13937226022,信息流-小牛-厨房挂件-京东主体-代运营-新人福利价-0722-10162320955134-本东爆品-625-7,0.00,1,0,0.00,0.00,0.00
2026-07-26,13937223346,信息流-小牛-厨房挂件-京东主体-代运营-新人福利价-0722-10162320955134-本东爆品-625-5,0.00,5,0,0.00,0.00,0.00
2026-07-26,13836034892,CH-SC-低活-10223482211866-超级抢购-生活日用-无-剪辑-转化引导-生活日用-20260703-无-625-1,0.00,0,0,0.00,0.00,0.00
2026-07-26,13922141585,信息流-小牛-百香果-京东主体-代运营-新人福利价-0721-10161286379662-深海货盘-625-aigc-4,0.00,1,0,0.00,0.00,0.00
2026-07-26,13913156478,信息流-小牛-刮水器-京东主体-代运营-新人1分钱-0720-10101434066164-历史爆品-625-17,0.00,1,0,0.00,0.00,0.00
2026-07-26,13407972249,CH-SC-广义新-10159656246030-新综合频道-电脑-京喜拉新-剪辑-转化引导-电脑-20260527-反向-625-aigc-11,0.00,48,7,0.00,0.00,14.58
2026-07-26,13860586602,CH-SC-广义新-10215307938752-新综合频道-鞋靴-京喜拉新-剪辑-转化引导-鞋靴-20260713-反向-625-aigc-7,0.00,0,0,0.00,0.00,0.00
2026-07-26,13835229006,CH-SC-广义新-10211029652151-新综合频道-纸品-京喜拉新-剪辑-转化引导-纸品-20260709-无-625-12,0.00,7,0,0.00,0.00,0.00
2026-07-26,13471070415,CH-SC-广义新-10136363822650-新综合频道-家庭清洁-京喜拉新-剪辑-转化引导-家庭清洁-20260602-反向-625-2,0.00,0,0,0.00,0.00,0.00
2026-07-26,13939875908,CH-SC-广义新-10133471421086-新综合频道-箱包皮具-京喜拉新-剪辑-转化引导-箱包皮具-20260716-反向-625-5,0.00,2,0,0.00,0.00,0.00
2026-07-26,13913155182,信息流-小牛-刮水器-京东主体-代运营-新人1分钱-0720-10101434066164-历史爆品-625-14,0.00,6,0,0.00,0.00,0.00
2026-07-26,13835233353,CH-SC-广义新-10211029652151-新综合频道-纸品-京喜拉新-剪辑-转化引导-纸品-20260709-无-625-5,0.00,18,1,0.00,0.00,5.56
2026-07-26,13846322912,CH-SC-低活-10140917922437-超级抢购-家庭清洁-无-剪辑-转化引导-家庭清洁-20260708-无-625-aigc-5,0.00,0,0,0.00,0.00,0.00
2026-07-26,13040038827,荣耀-XN-社交-通用-美女-混剪-纯新AIGC-260410-625-2,0.00,0,0,0.00,0.00,0.00
2026-07-26,13525509906,CH-SC-低活-10140917922437-超级抢购加补-家庭清洁-无-剪辑-转化引导-家庭清洁-20260609-无-625-aigc-8,0.00,3,1,0.00,0.00,33.33
2026-07-26,13836027051,CH-SC-低活-10118706992345-超级抢购-纸品-无-剪辑-转化引导-纸品-20260702-无-625-aigc-11,0.00,0,0,0.00,0.00,0.00
2026-07-26,13913157759,信息流-小牛-刮水器-京东主体-代运营-新人1分钱-0720-10101434066164-历史爆品-625-16,0.00,0,0,0.00,0.00,0.00
2026-07-26,13873246008,CH-SC-低活-10217740550325-超级抢购-箱包皮具-无-剪辑-转化引导-箱包皮具-20260713-无-625-aigc-9,0.00,0,0,0.00,0.00,0.00
2026-07-26,13835230827,CH-SC-广义新-10211029652151-新综合频道-纸品-京喜拉新-剪辑-转化引导-纸品-20260709-无-625-16,0.00,16,0,0.00,0.00,0.00
2026-07-26,13873175465,CH-SC-低活-10162692688878-超级抢购-家用电器-无-剪辑-转化引导-家用电器-20260709-无-625-aigc-17,0.00,0,0,0.00,0.00,0.00
2026-07-26,13937213835,信息流-小牛-碘伏棉签-京东主体-代运营-新人1分钱起-0722-10157346621198-京东-625-13,0.00,1,0,0.00,0.00,0.00
2026-07-26,13835205807,CH-SC-广义新-10139440032542-新综合频道-运动户外-京喜拉新-剪辑-转化引导-运动户外-20260708-无-625-aigc-7,0.00,7,0,0.00,0.00,0.00
2026-07-26,13916301575,CH-SC-低活-10140917922437-超级抢购-家庭清洁-无-剪辑-转化引导-家庭清洁-20260715-无-625-aigc-9,0.00,0,0,0.00,0.00,0.00
2026-07-26,13913158604,信息流-小牛-刮水器-京东主体-代运营-新人1分钱-0720-10101434066164-历史爆品-625-20,0.00,11,1,0.00,0.00,9.09
2026-07-26,13352557402,CH-SC-低活-10081585918372-超级抢购-家庭清洁纸品-无-剪辑-转化引导-家庭清洁纸品-20260521-无-625-25,0.00,0,0,0.00,0.00,0.00
2026-07-26,13352605791,CH-SC-低活-10155395301306-超级抢购-生活日用-无-剪辑-转化引导-生活日用-20260521-无-625-6,0.00,0,0,0.00,0.00,0.00
2026-07-26,13836046661,CH-SC-低活-10118706992345-超级抢购-纸品-无-剪辑-转化引导-纸品-20260702-无-625-aigc-7,0.00,0,0,0.00,0.00,0.00
2026-07-26,13836023523,CH-SC-低活-10081585918372-超级抢购-纸品-无-剪辑-转化引导-纸品-20260702-无-625-aigc-6,0.00,4,0,0.00,0.00,0.00
2026-07-26,13941337060,信息流-小牛-手机支架-三方主体-代运营-新人福利价-0723-10139440032542 -设计自选-625-9,0.00,1,0,0.00,0.00,0.00
2026-07-26,13937239631,信息流-小牛-厨房挂件-京东主体-代运营-新人福利价-0722-10162320955134-本东爆品-625-2,0.00,2,0,0.00,0.00,0.00
2026-07-26,13873238696,CH-SC-低活-10118706992345-超级抢购-纸品-无-剪辑-转化引导-纸品-20260710-无-625-aigc-3,0.00,0,0,0.00,0.00,0.00
2026-07-26,13939935876,CH-SC-广义新-10150604147722-新综合频道-箱包皮具-京喜拉新-剪辑-转化引导-箱包皮具-20260720-反向-625-1,0.00,20,0,0.00,0.00,0.00
2026-07-26,13957187981,信息流-小牛-拼豆-三方主体-代运营-新人福利价-0724-10191018980880-大盘扒改-625-2,0.00,2,0,0.00,0.00,0.00
2026-07-26,13746356251,CH-SC-低活-10112643484929-超级抢购加补-手机通讯-无-剪辑-转化引导-手机通讯-20260630-无-625-4,0.00,0,0,0.00,0.00,0.00
2026-07-26,13055442995,荣耀-XN-金融-通用-壁纸-混剪-纯新AIGC-260414-625-73,0.00,0,0,0.00,0.00,0.00
2026-07-26,13916109786,CH-SC-广义新-10155000015319-新综合频道-厨具-京喜拉新-剪辑-转化引导-厨具-20260716-无-625-aigc-2,0.00,4,0,0.00,0.00,0.00
2026-07-26,13559877572,CH-SC-广义新-10219369508118-新综合频道-生鲜-京喜拉新-剪辑-转化引导-生鲜-20260612-反向-625-6,0.00,1,0,0.00,0.00,0.00
2026-07-26,13614653147,CH-SC-低活-10147800266661-超级抢购加补-家庭清洁-无-剪辑-转化引导-家庭清洁-20260618-无-625-aigc-9,0.00,0,0,0.00,0.00,0.00
2026-07-26,13547619304,CH-SC-低活-10217613031260-好价清单-休闲食品-无-剪辑-转化引导-休闲食品-20260611-无-625-11,0.00,0,0,0.00,0.00,0.00
2026-07-26,13922141809,信息流-小牛-百香果-京东主体-代运营-新人福利价-0721-10161286379662-深海货盘-625-aigc-3,0.00,4,0,0.00,0.00,0.00
2026-07-26,13873225444,CH-SC-低活-10162692688878-超级抢购-家用电器-无-剪辑-转化引导-家用电器-20260710-无-625-aigc-6,0.00,0,0,0.00,0.00,0.00
2026-07-26,13836044901,CH-SC-低活-10118706992345-超级抢购-纸品-无-剪辑-转化引导-纸品-20260702-无-625-aigc-5,0.00,0,0,0.00,0.00,0.00
2026-07-26,13939893853,CH-SC-广义新-10201862878352 -新综合频道-厨具-京喜拉新-剪辑-转化引导-厨具-20260717-无-625-aigc-26,0.00,0,0,0.00,0.00,0.00
2026-07-26,13581451283,CH-SC-广义新-10130866966155-新综合频道-服饰内衣-京喜拉新-剪辑-转化引导-服饰内衣-20260615-反向-625-aigc-7,0.00,0,0,0.00,0.00,0.00
2026-07-26,13352555432,CH-SC-低活-10081585918372-超级抢购-家庭清洁纸品-无-剪辑-转化引导-家庭清洁纸品-20260521-无-625-18,0.00,0,0,0.00,0.00,0.00
2026-07-26,13916089784,CH-SC-广义新-10184972523548-新综合频道-厨具-京喜拉新-剪辑-转化引导-厨具-20260716-反向-625-aigc-11,0.00,0,0,0.00,0.00,0.00
2026-07-26,13937242188,信息流-小牛-厨房挂件-京东主体-代运营-新人福利价-0722-10162320955134-本东爆品-625-1,0.00,5,0,0.00,0.00,0.00
2026-07-26,13939883126,CH-SC-广义新-10201862878352 -新综合频道-厨具-京喜拉新-剪辑-转化引导-厨具-20260717-无-625-aigc-11,0.00,0,0,0.00,0.00,0.00
2026-07-26,13860578738,CH-SC-广义新-10215307938752-新综合频道-鞋靴-京喜拉新-剪辑-转化引导-鞋靴-20260713-反向-625-aigc-2,0.00,2,0,0.00,0.00,0.00
2026-07-26,13916091946,CH-SC-广义新-10184972523548-新综合频道-厨具-京喜拉新-剪辑-转化引导-厨具-20260716-反向-625-aigc-5,0.00,0,0,0.00,0.00,0.00
2026-07-26,13922146083,信息流-小牛-百香果-京东主体-代运营-新人福利价-0721-10161286379662-深海货盘-625-aigc-8,0.00,4,0,0.00,0.00,0.00
2026-07-26,13957187571,信息流-小牛-拼豆-三方主体-代运营-新人福利价-0724-10191018980880-大盘扒改-625-1,0.00,5,0,0.00,0.00,0.00
2026-07-26,13846298061,CH-SC-低活-10162692688878-超级抢购-家用电器-无-剪辑-转化引导-家用电器-20260708-无-625-aigc-6,0.00,0,0,0.00,0.00,0.00
2026-07-26,13846396417,CH-SC-低活-10112643484929-超级抢购-手机通讯-无-剪辑-转化引导-手机通讯-20260708-无-625-aigc-21,0.00,1,0,0.00,0.00,0.00
2026-07-26,13873170399,CH-SC-低活-10137455430983-超级抢购-纸品-无-剪辑-转化引导-纸品-20260709-无-625-aigc-10,0.00,0,0,0.00,0.00,0.00
2026-07-26,13873249245,CH-SC-低活-10217740550325-超级抢购-箱包皮具-无-剪辑-转化引导-箱包皮具-20260713-无-625-aigc-4,0.00,1,0,0.00,0.00,0.00
2026-07-26,13939949978,CH-SC-广义新-10115067968253-新综合频道-家用电器-京喜拉新-剪辑-转化引导-家用电器-20260720-无-625-aigc-12,0.00,1,0,0.00,0.00,0.00
2026-07-26,13846381296,CH-SC-低活-10112643484929-超级抢购-手机通讯-无-剪辑-转化引导-手机通讯-20260708-无-625-aigc-11,0.00,0,0,0.00,0.00,0.00
2026-07-26,13836042478,CH-SC-低活-10118706992345-超级抢购-纸品-无-剪辑-转化引导-纸品-20260702-无-625-aigc-2,0.00,0,0,0.00,0.00,0.00
2026-07-26,13937224281,信息流-小牛-厨房挂件-京东主体-代运营-新人福利价-0722-10162320955134-本东爆品-625-8,0.00,1,0,0.00,0.00,0.00
2026-07-26,13946590312,信息流-小牛-电煮锅-京东主体-代运营-新人福利价-0723-10125368295124-设计自选-625-aigc-9,0.00,3,0,0.00,0.00,0.00
2026-07-26,13939878315,CH-SC-广义新-10201862878352 -新综合频道-厨具-京喜拉新-剪辑-转化引导-厨具-20260717-无-625-aigc-5,0.00,0,0,0.00,0.00,0.00
2026-07-26,13302417942,CH-SC-广义新-10169142079015-新综合频道-厨具-京喜拉新-剪辑-转化引导-厨具-20260515-无-625-1,0.00,22,1,0.00,0.00,4.55
2026-07-26,13939871506,CH-SC-广义新-10217878263924 -新综合频道-汽车用品-京喜拉新-剪辑-转化引导-汽车用品-20260717-无-625-11,0.00,0,0,0.00,0.00,0.00
2026-07-26,13480771946,CH-SC-广义新-10219841541026-新综合频道-厨具-京喜拉新-剪辑-转化引导-厨具-20260604-反向-625-15,0.00,0,0,0.00,0.00,0.00
2026-07-26,13946571614,信息流-小牛-电煮锅-京东主体-代运营-新人福利价-0723-10125368295124-设计自选-625-aigc-4,0.00,4,0,0.00,0.00,0.00
2026-07-26,13005947658,荣耀-XN-金融-通用-壁纸-混剪-纯新AIGC-260409-625-29,0.00,0,0,0.00,0.00,0.00
2026-07-27,13471070287,CH-SC-广义新-10136363822650-新综合频道-家庭清洁-京喜拉新-剪辑-转化引导-家庭清洁-20260602-反向-625-3,3242.17,50392,4726,57.90,56.00,9.38
2026-07-27,13547605427,CH-SC-低活-10140207411553-超级抢购加补-文教文化用品-无-剪辑-转化引导-文教文化用品-20260611-无-625-4,1306.20,115934,10008,4.21,310.26,8.63
2026-07-27,13922153461,信息流-小牛-抽纸-京东主体-代运营-新人福利价-0721-100281253200-设计自选-625-aigc-8,1113.09,15196,6429,46.38,24.00,42.31
2026-07-27,13904991981,CH-SC-广义新-10136363822650-新综合频道-家庭清洁-京喜拉新-剪辑-转化引导-家庭清洁-202600602-反向-625-5,1015.74,51189,1913,63.48,16.00,3.74
2026-07-27,13916493537,CH-SC-广义新-10040988734451-新10元话费券-无-无-剪辑-转化引导-无-20260715-无-625-26,561.49,60485,7881,51.04,11.00,13.03
2026-07-27,13559888558,CH-SC-广义新-10139440032542-新综合频道-运动户外-京喜拉新-剪辑-转化引导-运动户外-20260612-无-625-7,463.01,51553,897,154.34,3.00,1.74
2026-07-27,13486885202,CH-SC-广义新-无-新10元话费券-10元话费券-京喜拉新-剪辑-转化引导-10元话费券-20260605-无-625-4,418.85,22398,1477,41.89,10.00,6.59
2026-07-27,13651815810,CH-SC-低活-10081585918372-超级抢购-家庭清洁纸品-无-剪辑-转化引导-家庭清洁纸品-20260623-无-625-aigc-15,374.32,34394,2245,18.72,20.00,6.53
2026-07-27,13559844535,CH-PRJ-采销项目-10204138700158-快手安卓-外卖美食-无-剪辑-转化引导-外卖美食-20260612-无-625-6,361.16,7909,3511,0.21,1719.81,44.39
2026-07-27,13471070035,CH-SC-广义新-10136363822650-新综合频道-家庭清洁-京喜拉新-剪辑-转化引导-家庭清洁-20260602-反向-625-1,356.82,7473,838,59.47,6.00,11.21
2026-07-27,13536549173,CH-SC-低活-10219841541026-超级抢购加补-厨具-无-剪辑-转化引导-厨具-20260610-无-625-aigc-10,271.35,15601,2879,19.38,14.00,18.45
2026-07-27,13559845298,CH-PRJ-采销项目-10204138700158-快手安卓-外卖美食-无-剪辑-转化引导-外卖美食-20260612-无-625-1,264.03,5933,2756,0.17,1553.12,46.45
2026-07-27,13873170621,CH-SC-低活-10137455430983-超级抢购-纸品-无-剪辑-转化引导-纸品-20260709-无-625-aigc-11,230.49,41042,3174,8.54,26.99,7.73
2026-07-27,13352555282,CH-SC-低活-10081585918372-超级抢购-家庭清洁纸品-无-剪辑-转化引导-家庭清洁纸品-20260521-无-625-16,215.01,23621,919,26.88,8.00,3.89
2026-07-27,13916497314,CH-SC-广义新-10040988734451-新10元话费券-无-无-剪辑-转化引导-无-20260715-无-625-22,206.09,11864,1260,34.35,6.00,10.62
2026-07-27,13559844197,CH-PRJ-采销项目-10204138700158-快手安卓-外卖美食-无-剪辑-转化引导-外卖美食-20260612-无-625-3,191.32,4037,2173,0.17,1125.41,53.83
2026-07-27,13651786488,CH-SC-低活-10166301474829-超级抢购加补-厨具-无-剪辑-转化引导-厨具-20260623-无-625-18,182.49,14666,2454,91.25,2.00,16.73
2026-07-27,13559845354,CH-PRJ-采销项目-10204138700158-快手安卓-外卖美食-无-剪辑-转化引导-外卖美食-20260612-无-625-4,173.51,3509,1820,0.17,1020.65,51.87
2026-07-27,13559844692,CH-PRJ-采销项目-10204138700158-快手安卓-外卖美食-无-剪辑-转化引导-外卖美食-20260612-无-625-7,164.94,5745,2059,0.18,916.33,35.84
2026-07-27,13873171234,CH-SC-低活-10137455430983-超级抢购-纸品-无-剪辑-转化引导-纸品-20260709-无-625-aigc-12,142.73,5257,3857,142.73,1.00,73.37
2026-07-27,13799781175,CH-SC-广义新-10155085148227-新综合频道-家用电器-京喜拉新-剪辑-转化引导-家用电器-20260707-反向-625-aigc-14,132.51,22205,1618,132.51,1.00,7.29
2026-07-27,13352554681,CH-SC-低活-10081585918372-超级抢购-家庭清洁纸品-无-剪辑-转化引导-家庭清洁纸品-20260521-无-625-13,103.52,7879,478,17.25,6.00,6.07
2026-07-27,13873168305,CH-SC-低活-10137455430983-超级抢购-纸品-无-剪辑-转化引导-纸品-20260709-无-625-aigc-7,102.00,15911,1543,7.85,12.99,9.70
2026-07-27,13873166540,CH-SC-低活-10137455430983-超级抢购-纸品-无-剪辑-转化引导-纸品-20260709-无-625-aigc-5,97.48,19686,499,4.64,21.01,2.53
2026-07-27,13922151320,信息流-小牛-抽纸-京东主体-代运营-新人福利价-0721-100281253200-设计自选-625-aigc-3,97.05,1178,469,0.00,0.00,39.81
2026-07-27,13559886032,CH-SC-广义新-10120132288166-新综合频道-运动户外-京喜拉新-剪辑-转化引导-运动户外-20260612-无-625-9,92.86,18162,95,46.43,2.00,0.52
2026-07-27,13873165421,CH-SC-低活-10137455430983-超级抢购-纸品-无-剪辑-转化引导-纸品-20260709-无-625-aigc-4,92.84,16035,1223,6.63,14.00,7.63
2026-07-27,13352557402,CH-SC-低活-10081585918372-超级抢购-家庭清洁纸品-无-剪辑-转化引导-家庭清洁纸品-20260521-无-625-25,91.90,11510,1525,0.00,0.00,13.25
2026-07-27,13673738697,CH-SC-低活-10166301474829-超级抢购加补-厨具-无-剪辑-转化引导-厨具-20260625-无-625-13,86.77,7200,706,43.39,2.00,9.81
2026-07-27,13592316754,CH-SC-广义新-10146456039187-新综合频道-纸品-京喜拉新-剪辑-转化引导-纸品-20260616-反向-625-aigc-8,86.32,11649,1185,86.32,1.00,10.17
2026-07-27,13547606643,CH-SC-低活-10140207411553-超级抢购加补-文教文化用品-无-剪辑-转化引导-文教文化用品-20260611-无-625-8,82.94,8960,478,3.77,22.00,5.33
2026-07-27,13559845061,CH-PRJ-采销项目-10204138700158-快手安卓-外卖美食-无-剪辑-转化引导-外卖美食-20260612-无-625-9,79.06,2203,901,0.16,494.12,40.90
2026-07-27,13846406613,CH-SC-低活-10081585918372-超级抢购-家庭清洁纸品-无-剪辑-转化引导-家庭清洁纸品-20260708-无-625-aigc-16,78.44,3418,1213,39.22,2.00,35.49
2026-07-27,13846397896,CH-SC-低活-10112643484929-超级抢购-手机通讯-无-剪辑-转化引导-手机通讯-20260708-无-625-aigc-1,76.49,6676,216,19.12,4.00,3.24
2026-07-27,13846372517,CH-SC-低活-10112643484929-超级抢购-手机通讯-无-剪辑-转化引导-手机通讯-20260708-无-625-aigc-5,74.23,4008,73,18.56,4.00,1.82
2026-07-27,13603318244,CH-SC-广义新-10118706992345-新综合频道-纸品-无-剪辑-转化引导-纸品-20260617-无-625-aigc-11,62.81,23103,757,20.94,3.00,3.28
2026-07-27,13722926601,CH-SC-低活-10118706992345-超级抢购加补-纸品-无-剪辑-转化引导-纸品-20260629-无-625-aigc-1,55.90,26364,342,0.00,0.00,1.30
2026-07-27,13836021303,CH-SC-低活-10081585918372-超级抢购-纸品-无-剪辑-转化引导-纸品-20260702-无-625-aigc-3,55.22,9838,382,27.61,2.00,3.88
2026-07-27,13846399385,CH-SC-低活-10081585918372-超级抢购-家庭清洁纸品-无-剪辑-转化引导-家庭清洁纸品-20260708-无-625-aigc-18,54.90,3725,1264,27.45,2.00,33.93
2026-07-27,13904992394,CH-SC-广义新-10136363822650-新综合频道-家庭清洁-京喜拉新-剪辑-转化引导-家庭清洁-20260717-反向-625-1,50.52,3406,120,0.00,0.00,3.52
2026-07-27,13846316443,CH-SC-低活-10140917922437-超级抢购-家庭清洁-无-剪辑-转化引导-家庭清洁-20260708-无-625-aigc-16,48.88,1422,26,24.44,2.00,1.83
2026-07-27,13559845188,CH-PRJ-采销项目-10204138700158-快手安卓-外卖美食-无-剪辑-转化引导-外卖美食-20260612-无-625-10,48.80,1029,548,0.19,256.84,53.26
2026-07-27,13873169325,CH-SC-低活-10137455430983-超级抢购-纸品-无-剪辑-转化引导-纸品-20260709-无-625-aigc-9,48.38,2320,705,9.68,5.00,30.39
2026-07-27,13922154453,信息流-小牛-抽纸-京东主体-代运营-新人福利价-0721-100281253200-设计自选-625-aigc-10,47.07,547,174,47.07,1.00,31.81
2026-07-27,13916094018,CH-SC-广义新-10147832788047-新综合频道-工业品-京喜拉新-剪辑-转化引导-工业品-20260716-反向-625-3,46.98,382,149,0.00,0.00,39.01
2026-07-27,13341766059,CH-SC-广义新-10219841541026-新综合频道-厨具-京喜拉新-剪辑-转化引导-厨具-20260520-反向-625-8,43.76,20815,22,0.00,0.00,0.11
2026-07-27,13559844857,CH-PRJ-采销项目-10204138700158-快手安卓-外卖美食-无-剪辑-转化引导-外卖美食-20260612-无-625-8,42.89,988,508,0.17,252.29,51.42
2026-07-27,13352561533,CH-SC-低活-10081585918372-超级抢购-家庭清洁纸品-无-剪辑-转化引导-家庭清洁纸品-20260521-无-625-4,42.10,1061,103,0.00,0.00,9.71
2026-07-27,13939870699,CH-SC-广义新-10217878263924 -新综合频道-汽车用品-京喜拉新-剪辑-转化引导-汽车用品-20260717-无-625-3,40.32,8267,49,40.32,1.00,0.59
2026-07-27,13559844150,CH-PRJ-采销项目-10204138700158-快手安卓-外卖美食-无-剪辑-转化引导-外卖美食-20260612-无-625-2,39.00,962,470,0.16,243.75,48.86
2026-07-27,13603329865,CH-SC-广义新-10139440032542-新综合频道-运动户外-京喜拉新-剪辑-转化引导-运动户外-20260617-无-625-aigc10,38.64,3355,62,38.64,1.00,1.85
2026-07-27,13873277927,CH-SC-低活-10081585918372-超级抢购-纸品-无-剪辑-转化引导-纸品-20260702-无-625-aigc-17,37.59,1822,648,37.59,1.00,35.57
2026-07-27,13873167301,CH-SC-低活-10137455430983-超级抢购-纸品-无-剪辑-转化引导-纸品-20260709-无-625-aigc-6,36.27,33232,56,0.00,0.00,0.17
2026-07-27,13835192045,CH-SC-广义新-10109170972947-新综合频道-钟表眼镜-京喜拉新-剪辑-转化引导-钟表眼镜-20260708-无-625-aigc-3,33.57,23517,43,0.00,0.00,0.18
2026-07-27,13846422587,CH-SC-低活-10220560400432-超级抢购-生活日用-无-剪辑-转化引导-生活日用-20260708-无-625-aigc-7,33.43,1958,681,0.00,0.00,34.78
2026-07-27,13746328503,CH-SC-低活-10139440032542-超级抢购5元-运动户外-无-剪辑-转化引导-运动户外-20260630-无-625-aigc-7,32.85,1371,17,32.85,1.00,1.24
2026-07-27,13836043947,CH-SC-低活-10118706992345-超级抢购-纸品-无-剪辑-转化引导-纸品-20260702-无-625-aigc-4,32.78,5003,563,16.39,2.00,11.25
2026-07-27,13873247401,CH-SC-低活-10217740550325-超级抢购-箱包皮具-无-剪辑-转化引导-箱包皮具-20260713-无-625-aigc-1,31.73,1840,227,0.00,0.00,12.34
2026-07-27,13940216774,CH-SC-低活-10223570717754-超级抢购-生鲜-无-剪辑-转化引导-生鲜-20260716-无-625-aigc-12,31.21,11874,59,0.00,0.00,0.50
2026-07-27,13873244696,CH-SC-低活-10217740550325-超级抢购-箱包皮具-无-剪辑-转化引导-箱包皮具-20260713-无-625-aigc-7,29.67,1067,29,29.67,1.00,2.72
2026-07-27,13352556484,CH-SC-低活-10081585918372-超级抢购-家庭清洁纸品-无-剪辑-转化引导-家庭清洁纸品-20260521-无-625-20,29.01,1996,283,14.51,2.00,14.18
2026-07-27,13846303476,CH-SC-低活-10140917922437-超级抢购-家庭清洁-无-剪辑-转化引导-家庭清洁-20260708-无-625-aigc-6,28.47,726,31,14.24,2.00,4.27
2026-07-27,13685269854,CH-SC-低活-10220560400432-超级抢购加补-生活日用-无-剪辑-转化引导-生活日用-20260626-无-625-aigc-15,26.71,980,31,0.00,0.00,3.16
2026-07-27,13163606382,荣耀-XN-汽车-通用-途虎养车-混剪-260428-625-7,26.22,717,245,3.75,6.99,34.17
2026-07-27,13799981390,CH-SC-广义新-10134479334759-新综合频道-钟表眼镜-京喜拉新-剪辑-转化引导-钟表眼镜-20260703-无-625-aigc-12,24.74,881,280,0.00,0.00,31.78
2026-07-27,13163614618,荣耀-XN-汽车-通用-途虎养车-混剪-260428-625-15,24.04,219,66,3.01,7.99,30.14
2026-07-27,13163618006,荣耀-XN-汽车-通用-途虎养车-混剪-260428-625-18,23.43,304,53,3.91,5.99,17.43
2026-07-27,13916303191,CH-SC-低活-10140917922437-超级抢购-家庭清洁-无-剪辑-转化引导-家庭清洁-20260715-无-625-aigc-13,23.41,7114,94,0.00,0.00,1.32
2026-07-27,13835184730,CH-SC-广义新-10155085148227-新综合频道-家用电器-京喜拉新-剪辑-转化引导-家用电器-20260708-无-625-aigc-67,23.17,4078,40,11.59,2.00,0.98
2026-07-27,13836023118,CH-SC-低活-10081585918372-超级抢购-纸品-无-剪辑-转化引导-纸品-20260702-无-625-aigc-4,22.75,1185,250,0.00,0.00,21.10
2026-07-27,13559844369,CH-PRJ-采销项目-10204138700158-快手安卓-外卖美食-无-剪辑-转化引导-外卖美食-20260612-无-625-5,22.46,857,261,0.20,112.30,30.46
2026-07-27,13836018437,CH-SC-低活-10081585918372-超级抢购-纸品-无-剪辑-转化引导-纸品-20260702-无-625-aigc-7,21.36,929,449,0.00,0.00,48.33
2026-07-27,13845993499,CH-SC-广义新-10120961944861-新综合频道-运动户外 -京喜拉新-剪辑-转化引导-运动户外 -20260710-无-625-aigc-6,21.26,1382,144,0.00,0.00,10.42
2026-07-27,13904991258,CH-SC-广义新-10136363822650-新综合频道-家庭清洁-京喜拉新-剪辑-转化引导-家庭清洁-20260717-反向-625-3,21.14,388,43,21.14,1.00,11.08
2026-07-27,13918399564,信息流-小牛-车载支架-低活-代运营-福利价-0721-100091919404-深海货盘-625-aigc-10,21.09,3789,737,21.09,1.00,19.45
2026-07-27,13873168594,CH-SC-低活-10137455430983-超级抢购-纸品-无-剪辑-转化引导-纸品-20260709-无-625-aigc-8,19.66,1643,274,9.83,2.00,16.68
2026-07-27,13881547607,CH-SC-广义新-10102020339908 -新综合频道-数码-京喜拉新-剪辑-转化引导-数码-20260715-无-625-4,18.46,3669,110,0.00,0.00,3.00
2026-07-27,13940213199,CH-SC-低活-10223570717754-超级抢购-生鲜-无-剪辑-转化引导-生鲜-20260716-无-625-aigc-7,18.25,1310,62,0.00,0.00,4.73
2026-07-27,13881546157,CH-SC-广义新-10102020339908 -新综合频道-数码-京喜拉新-剪辑-转化引导-数码-20260715-无-625-10,18.08,3858,164,0.00,0.00,4.25
2026-07-27,13916493564,CH-SC-广义新-10040988734451-新10元话费券-无-无-剪辑-转化引导-无-20260715-无-625-24,17.62,2291,95,0.00,0.00,4.15
2026-07-27,13352556383,CH-SC-低活-10081585918372-超级抢购-家庭清洁纸品-无-剪辑-转化引导-家庭清洁纸品-20260521-无-625-17,17.10,799,45,17.10,1.00,5.63
2026-07-27,13916092543,CH-SC-广义新-10147832788047-新综合频道-工业品-京喜拉新-剪辑-转化引导-工业品-20260716-反向-625-2,16.68,78,41,0.00,0.00,52.56
2026-07-27,13939909961,CH-SC-广义新-10183880057418 -新综合频道-箱包皮具-京喜拉新-剪辑-转化引导-箱包皮具-20260717-无-625-aigc-13,16.54,11782,25,0.00,0.00,0.21
2026-07-27,13836041295,CH-SC-低活-10118706992345-超级抢购-纸品-无-剪辑-转化引导-纸品-20260702-无-625-aigc-12,15.74,1326,408,0.00,0.00,30.77
2026-07-27,13776511664,CH-SC-广义新-10101267118895-新综合频道-厨具-京喜拉新-剪辑-转化引导-厨具-20260702-无-625-aigc-2,15.72,7688,837,0.00,0.00,10.89
2026-07-27,13836027051,CH-SC-低活-10118706992345-超级抢购-纸品-无-剪辑-转化引导-纸品-20260702-无-625-aigc-11,15.52,2102,620,0.00,0.00,29.50
2026-07-27,13536545427,CH-SC-低活-10219841541026-超级抢购加补-厨具-无-剪辑-转化引导-厨具-20260610-无-625-aigc-4,15.25,176,14,15.25,1.00,7.95
2026-07-27,13873283614,CH-SC-低活-10081585918372-超级抢购-纸品-无-剪辑-转化引导-纸品-20260702-无-625-aigc-22,15.11,995,308,0.00,0.00,30.95
2026-07-27,13603346672,CH-SC-广义新-10166301474829-新综合频道-厨具-京喜拉新-剪辑-转化引导-厨具-20260617-反向-625-aigc-12,15.02,1562,227,15.02,1.00,14.53
2026-07-27,13603383616,CH-SC-低活-10217740550325-超级抢购加补-箱包皮具-无-剪辑-转化引导-箱包皮具-20260617-无-625-aigc-5,14.14,1266,43,0.00,0.00,3.40
2026-07-27,13836021758,CH-SC-低活-10081585918372-超级抢购-纸品-无-剪辑-转化引导-纸品-20260702-无-625-aigc-10,13.88,601,262,6.94,2.00,43.59
2026-07-27,13922152192,信息流-小牛-抽纸-京东主体-代运营-新人福利价-0721-100281253200-设计自选-625-aigc-5,13.83,202,83,0.00,0.00,41.09
2026-07-27,13547619349,CH-SC-低活-10217613031260-好价清单-休闲食品-无-剪辑-转化引导-休闲食品-20260611-无-625-12,13.58,3799,65,0.00,0.00,1.71
2026-07-27,13603354275,CH-SC-广义新-10166301474829-新综合频道-厨具-京喜拉新-剪辑-转化引导-厨具-20260617-反向-625-aigc-20,13.41,1380,197,0.00,0.00,14.28
2026-07-27,13836045401,CH-SC-低活-10118706992345-超级抢购-纸品-无-剪辑-转化引导-纸品-20260702-无-625-aigc-6,13.33,2117,326,0.00,0.00,15.40
2026-07-27,13916117935,CH-SC-广义新-10155000015319-新综合频道-厨具-京喜拉新-剪辑-转化引导-厨具-20260716-无-625-aigc-9,13.00,1057,40,0.00,0.00,3.78
2026-07-27,13873280184,CH-SC-低活-10081585918372-超级抢购-纸品-无-剪辑-转化引导-纸品-20260702-无-625-aigc-20,12.74,844,238,0.00,0.00,28.20
2026-07-27,13836027533,CH-SC-低活-10118706992345-超级抢购-纸品-无-剪辑-转化引导-纸品-20260702-无-625-aigc-9,12.68,1429,431,12.68,1.00,30.16
2026-07-27,13836023204,CH-SC-低活-10081585918372-超级抢购-纸品-无-剪辑-转化引导-纸品-20260702-无-625-aigc-5,12.64,452,126,12.64,1.00,27.88
2026-07-27,13559884097,CH-SC-广义新-10120132288166-新综合频道-运动户外-京喜拉新-剪辑-转化引导-运动户外-20260612-无-625-4,12.63,2775,46,0.00,0.00,1.66
2026-07-27,13904991502,CH-SC-广义新-10136363822650-新综合频道-家庭清洁-京喜拉新-剪辑-转化引导-家庭清洁-20260717-反向-625-4,12.59,147,11,0.00,0.00,7.48
2026-07-27,13836038216,CH-SC-低活-10223482211866-超级抢购-生活日用-无-剪辑-转化引导-生活日用-20260703-无-625-7,12.29,253,72,12.29,1.00,28.46
2026-07-27,13946589828,信息流-小牛-电煮锅-京东主体-代运营-新人福利价-0723-10125368295124-设计自选-625-aigc-8,12.12,477,31,0.00,0.00,6.50
2026-07-27,13873275900,CH-SC-低活-10081585918372-超级抢购-纸品-无-剪辑-转化引导-纸品-20260702-无-625-aigc-15,11.55,587,209,11.55,1.00,35.60
2026-07-27,13836018714,CH-SC-低活-10081585918372-超级抢购-纸品-无-剪辑-转化引导-纸品-20260702-无-625-aigc-9,11.52,505,209,0.00,0.00,41.39
2026-07-27,13719130258,CH-SC-广义新-10130866966155-新综合频道-服饰内衣-京喜拉新-剪辑-转化引导-服饰内衣-20260629-无-625-aigc-1,11.03,2419,149,0.00,0.00,6.16
2026-07-27,13873164965,CH-SC-低活-10137455430983-超级抢购-纸品-无-剪辑-转化引导-纸品-20260709-无-625-aigc-2,11.01,1389,187,11.01,1.00,13.46
2026-07-27,13836021498,CH-SC-低活-10081585918372-超级抢购-纸品-无-剪辑-转化引导-纸品-20260702-无-625-aigc-1,10.30,590,234,0.00,0.00,39.66
2026-07-27,13163608903,荣耀-XN-汽车-通用-途虎养车-混剪-260428-625-10,9.92,388,39,3.31,3.00,10.05
2026-07-27,13719128579,CH-SC-广义新-10130866966155-新综合频道-服饰内衣-京喜拉新-剪辑-转化引导-服饰内衣-20260629-无-625-aigc-5,9.45,1667,204,0.00,0.00,12.24
2026-07-27,13722920074,CH-SC-低活-10220560400432-超级抢购加补-生活日用-无-剪辑-转化引导-生活日用-20260629-无-625-aigc-8,9.35,390,70,4.68,2.00,17.95
2026-07-27,13799781798,CH-SC-广义新-10155085148227-新综合频道-家用电器-京喜拉新-剪辑-转化引导-家用电器-20260707-反向-625-aigc-16,9.28,2123,240,0.00,0.00,11.30
2026-07-27,13776523214,CH-SC-广义新-10130866966155-新综合频道-服饰内衣-京喜拉新-剪辑-转化引导-服饰内衣-20260702-无-625-aigc-10,9.23,1159,42,0.00,0.00,3.62
2026-07-27,13916491839,CH-SC-广义新-10040988734451-新10元话费券-无-无-剪辑-转化引导-无-20260715-无-625-5,8.58,233,21,0.00,0.00,9.01
2026-07-27,13939907432,CH-SC-广义新-10183880057418 -新综合频道-箱包皮具-京喜拉新-剪辑-转化引导-箱包皮具-20260717-无-625-aigc-12,8.55,1577,20,0.00,0.00,1.27
2026-07-27,13614673056,CH-SC-低活-10143318867797-超级抢购5元-厨具-无-剪辑-转化引导-厨具-20260618-无-625-aigc-2,8.43,475,10,0.00,0.00,2.11
2026-07-27,13860551989,CH-SC-广义新-10162692688878-新综合频道-家用电器-京喜拉新-剪辑-转化引导-家用电器-20260713-无-625-aigc-6,8.18,526,282,0.00,0.00,53.61
2026-07-27,13916295481,CH-SC-低活-10130886489325-超级抢购-厨具-无-剪辑-转化引导-厨具-20260715-无-625-15,8.15,104,38,4.08,2.00,36.54
2026-07-27,13940212738,CH-SC-低活-10223570717754-超级抢购-生鲜-无-剪辑-转化引导-生鲜-20260716-无-625-aigc-6,8.11,498,22,0.00,0.00,4.42
2026-07-27,13873166317,CH-SC-低活-10137455430983-超级抢购-纸品-无-剪辑-转化引导-纸品-20260709-无-625-aigc-3,7.61,541,101,7.61,1.00,18.67
2026-07-27,13603353242,CH-SC-广义新-10166301474829-新综合频道-厨具-京喜拉新-剪辑-转化引导-厨具-20260617-反向-625-aigc-21,7.57,761,152,0.00,0.00,19.97
2026-07-27,13799983282,CH-SC-广义新-10134479334759-新综合频道-钟表眼镜-京喜拉新-剪辑-转化引导-钟表眼镜-20260703-无-625-aigc-13,7.49,1988,11,0.00,0.00,0.55
2026-07-27,13873275138,CH-SC-低活-10081585918372-超级抢购-纸品-无-剪辑-转化引导-纸品-20260702-无-625-aigc-14,7.13,431,66,0.00,0.00,15.31
2026-07-27,13939910265,CH-SC-广义新-10183880057418 -新综合频道-箱包皮具-京喜拉新-剪辑-转化引导-箱包皮具-20260717-无-625-aigc-15,6.92,5639,5,0.00,0.00,0.09
2026-07-27,13873203758,CH-SC-低活-10140917922437-超级抢购-家庭清洁-无-剪辑-转化引导-家庭清洁-20260709-无-625-aigc-12,6.71,142,84,6.71,1.00,59.15
2026-07-27,13352560749,CH-SC-低活-10081585918372-超级抢购-家庭清洁纸品-无-剪辑-转化引导-家庭清洁纸品-20260521-无-625-37,6.32,39,16,0.00,0.00,41.03
2026-07-27,13939900885,CH-SC-广义新-10183880057418 -新综合频道-箱包皮具-京喜拉新-剪辑-转化引导-箱包皮具-20260717-无-625-aigc-6,6.03,860,48,0.00,0.00,5.58
2026-07-27,13846394660,CH-SC-低活-10112643484929-超级抢购-手机通讯-无-剪辑-转化引导-手机通讯-20260708-无-625-aigc-20,5.57,2451,65,0.00,0.00,2.65
2026-07-27,13352599079,CH-SC-低活-10156923061370-超级抢购5元-数码-无-剪辑-转化引导-数码-20260521-无-625-1,5.53,350,6,0.00,0.00,1.71
2026-07-27,13916096211,CH-SC-广义新-10147832788047-新综合频道-工业品-京喜拉新-剪辑-转化引导-工业品-20260716-反向-625-7,5.27,55,17,0.00,0.00,30.91
2026-07-27,13873248011,CH-SC-低活-10217740550325-超级抢购-箱包皮具-无-剪辑-转化引导-箱包皮具-20260713-无-625-aigc-2,5.27,212,48,0.00,0.00,22.64
2026-07-27,13614624623,CH-SC-广义新-10134479334759-新综合频道-钟表眼镜-京喜拉新-剪辑-转化引导-钟表眼镜-20260618-无-625-aigc-7,5.20,386,17,0.00,0.00,4.40
2026-07-27,13916491947,CH-SC-广义新-10040988734451-新10元话费券-无-无-剪辑-转化引导-无-20260715-无-625-16,5.19,626,12,0.00,0.00,1.92
2026-07-27,13846398992,CH-SC-低活-10081585918372-超级抢购-家庭清洁纸品-无-剪辑-转化引导-家庭清洁纸品-20260708-无-625-aigc-19,5.11,400,67,0.00,0.00,16.75
2026-07-27,13836044901,CH-SC-低活-10118706992345-超级抢购-纸品-无-剪辑-转化引导-纸品-20260702-无-625-aigc-5,5.09,237,94,0.00,0.00,39.66
2026-07-27,13559885868,CH-SC-广义新-10120132288166-新综合频道-运动户外-京喜拉新-剪辑-转化引导-运动户外-20260612-无-625-7,5.05,1726,7,0.00,0.00,0.41
2026-07-27,13918401522,信息流-小牛-车载支架-低活-代运营-福利价-0721-100091919404-深海货盘-625-aigc-14,5.02,855,213,0.00,0.00,24.91
2026-07-27,13776536723,CH-SC-广义新-10130866966155-新综合频道-服饰内衣-京喜拉新-剪辑-转化引导-服饰内衣-20260702-无-625-aigc-1,4.94,913,299,0.00,0.00,32.75
2026-07-27,13916495108,CH-SC-广义新-10040988734451-新10元话费券-无-无-剪辑-转化引导-无-20260715-无-625-7,4.91,486,10,0.00,0.00,2.06
2026-07-27,13939908809,CH-SC-广义新-10183880057418 -新综合频道-箱包皮具-京喜拉新-剪辑-转化引导-箱包皮具-20260717-无-625-aigc-11,4.64,813,56,0.00,0.00,6.89
2026-07-27,13746328313,CH-SC-低活-10139440032542-超级抢购5元-运动户外-无-剪辑-转化引导-运动户外-20260630-无-625-aigc-8,4.48,172,3,0.00,0.00,1.74
2026-07-27,13872653271,CH-SC-广义新-10136363822650 -新综合频道-纸品-京喜拉新-剪辑-转化引导-纸品-20260714-无-625-2,4.43,1225,6,0.00,0.00,0.49
2026-07-27,13614673729,CH-SC-低活-10143318867797-超级抢购5元-厨具-无-剪辑-转化引导-厨具-20260618-无-625-aigc-3,4.21,591,12,0.00,0.00,2.03
2026-07-27,13846400344,CH-SC-低活-10081585918372-超级抢购-家庭清洁纸品-无-剪辑-转化引导-家庭清洁纸品-20260708-无-625-aigc-1,4.19,268,92,4.19,1.00,34.33
2026-07-27,13776518178,CH-SC-广义新-10130866966155-新综合频道-服饰内衣-京喜拉新-剪辑-转化引导-服饰内衣-20260702-无-625-aigc-4,4.09,713,124,0.00,0.00,17.39
2026-07-27,13846404142,CH-SC-低活-10081585918372-超级抢购-家庭清洁纸品-无-剪辑-转化引导-家庭清洁纸品-20260708-无-625-aigc-13,4.08,199,68,0.00,0.00,34.17
2026-07-27,13904992036,CH-SC-广义新-10136363822650-新综合频道-家庭清洁-京喜拉新-剪辑-转化引导-家庭清洁-20260717-反向-625-6,4.04,1078,15,0.00,0.00,1.39
2026-07-27,13603320531,CH-SC-广义新-10118706992345-新综合频道-纸品-无-剪辑-转化引导-纸品-20260617-无-625-aigc-12,4.03,1452,32,0.00,0.00,2.20
2026-07-27,13916402149,CH-SC-低活-10120093290551-超级抢购-纸品-无-剪辑-转化引导-纸品-20260715-无-625-aigc-2,3.98,60,17,3.98,1.00,28.33
2026-07-27,13940201606,CH-SC-低活-10200755904098-超级抢购-汽车用品-无-剪辑-转化引导-汽车用品-20260716-无-625-aigc-6,3.82,702,30,0.00,0.00,4.27
2026-07-27,13603360081,CH-SC-广义新-10166301474829-新综合频道-厨具-京喜拉新-剪辑-转化引导-厨具-20260617-反向-625-aigc-1,3.66,90,31,0.00,0.00,34.44
2026-07-27,13916097680,CH-SC-广义新-10147832788047-新综合频道-工业品-京喜拉新-剪辑-转化引导-工业品-20260716-反向-625-9,3.46,37,6,0.00,0.00,16.22
2026-07-27,13939910115,CH-SC-广义新-10183880057418 -新综合频道-箱包皮具-京喜拉新-剪辑-转化引导-箱包皮具-20260717-无-625-aigc-14,3.46,431,10,0.00,0.00,2.32
2026-07-27,13614625693,CH-SC-广义新-10134479334759-新综合频道-钟表眼镜-京喜拉新-剪辑-转化引导-钟表眼镜-20260618-无-625-aigc-8,3.31,291,10,0.00,0.00,3.44
2026-07-27,13722919375,CH-SC-低活-10220560400432-超级抢购加补-生活日用-无-剪辑-转化引导-生活日用-20260629-无-625-aigc-5,3.24,62,0,0.00,0.00,0.00
2026-07-27,13846319941,CH-SC-低活-10140917922437-超级抢购-家庭清洁-无-剪辑-转化引导-家庭清洁-20260708-无-625-aigc-2,3.19,205,4,0.00,0.00,1.95
2026-07-27,13722919113,CH-SC-低活-10220560400432-超级抢购加补-生活日用-无-剪辑-转化引导-生活日用-20260629-无-625-aigc-4,3.18,139,48,0.00,0.00,34.53
2026-07-27,13873279405,CH-SC-低活-10081585918372-超级抢购-纸品-无-剪辑-转化引导-纸品-20260702-无-625-aigc-18,2.92,252,115,0.00,0.00,45.63
2026-07-27,13471071527,CH-SC-广义新-10136363822650-新综合频道-家庭清洁-京喜拉新-剪辑-转化引导-家庭清洁-20260602-反向-625-aigc-2,2.89,93,6,0.00,0.00,6.45
2026-07-27,13719129557,CH-SC-广义新-10130866966155-新综合频道-服饰内衣-京喜拉新-剪辑-转化引导-服饰内衣-20260629-无-625-aigc-8,2.70,781,87,0.00,0.00,11.14
2026-07-27,13873243579,CH-SC-低活-10118706992345-超级抢购-纸品-无-剪辑-转化引导-纸品-20260710-无-625-aigc-11,2.62,493,24,0.00,0.00,4.87
2026-07-27,13559885026,CH-SC-广义新-10120132288166-新综合频道-运动户外-京喜拉新-剪辑-转化引导-运动户外-20260612-无-625-5,2.57,534,14,2.57,1.00,2.62
2026-07-27,13872652954,CH-SC-广义新-10136363822650 -新综合频道-纸品-京喜拉新-剪辑-转化引导-纸品-20260714-无-625-1,2.46,12,0,0.00,0.00,0.00
2026-07-27,13939903179,CH-SC-广义新-10183880057418 -新综合频道-箱包皮具-京喜拉新-剪辑-转化引导-箱包皮具-20260717-无-625-aigc-8,2.43,2188,0,0.00,0.00,0.00
2026-07-27,13559886850,CH-SC-广义新-10120132288166-新综合频道-运动户外-京喜拉新-剪辑-转化引导-运动户外-20260612-无-625-10,2.40,713,1,0.00,0.00,0.14
2026-07-27,13916095756,CH-SC-广义新-10147832788047-新综合频道-工业品-京喜拉新-剪辑-转化引导-工业品-20260716-反向-625-8,2.33,41,10,0.00,0.00,24.39
2026-07-27,13916094215,CH-SC-广义新-10147832788047-新综合频道-工业品-京喜拉新-剪辑-转化引导-工业品-20260716-反向-625-4,2.31,17,9,0.00,0.00,52.94
2026-07-27,13941337214,信息流-小牛-手机支架-三方主体-代运营-新人福利价-0723-10139440032542 -设计自选-625-8,2.28,175,4,2.28,1.00,2.29
2026-07-27,13872651899,CH-SC-广义新-10136363822650 -新综合频道-纸品-京喜拉新-剪辑-转化引导-纸品-20260714-无-625-10,2.24,16,4,0.00,0.00,25.00
2026-07-27,13916490717,CH-SC-广义新-10040988734451-新10元话费券-无-无-剪辑-转化引导-无-20260715-无-625-6,2.22,253,4,0.00,0.00,1.58
2026-07-27,13940214040,CH-SC-低活-10223570717754-超级抢购-生鲜-无-剪辑-转化引导-生鲜-20260716-无-625-aigc-9,2.18,291,159,0.00,0.00,54.64
2026-07-27,13651816053,CH-SC-低活-10081585918372-超级抢购-家庭清洁纸品-无-剪辑-转化引导-家庭清洁纸品-20260623-无-625-aigc-18,2.15,172,76,0.00,0.00,44.19
2026-07-27,13881548030,CH-SC-广义新-10102020339908 -新综合频道-数码-京喜拉新-剪辑-转化引导-数码-20260715-无-625-5,1.99,1067,27,0.00,0.00,2.53
2026-07-27,13799763117,CH-SC-广义新-10157346551639-新综合频道-生鲜-京喜拉新-剪辑-转化引导-生鲜-20260706-无-625-10,1.98,48,1,0.00,0.00,2.08
2026-07-27,13836019918,CH-SC-低活-10081585918372-超级抢购-纸品-无-剪辑-转化引导-纸品-20260702-无-625-aigc-2,1.97,89,16,1.97,1.00,17.98
2026-07-27,13352560732,CH-SC-低活-10081585918372-超级抢购-家庭清洁纸品-无-剪辑-转化引导-家庭清洁纸品-20260521-无-625-2,1.97,215,80,0.00,0.00,37.21
2026-07-27,13872651421,CH-SC-广义新-10136363822650 -新综合频道-纸品-京喜拉新-剪辑-转化引导-纸品-20260714-无-625-9,1.92,41,0,0.00,0.00,0.00
2026-07-27,13846397120,CH-SC-低活-10112643484929-超级抢购-手机通讯-无-剪辑-转化引导-手机通讯-20260708-无-625-aigc-2,1.90,170,8,0.00,0.00,4.71
2026-07-27,13846312854,CH-SC-低活-10140917922437-超级抢购-家庭清洁-无-剪辑-转化引导-家庭清洁-20260708-无-625-aigc-13,1.89,158,4,0.00,0.00,2.53
2026-07-27,13684856672,CH-SC-广义新-无-新10元话费券-10元话费券-京喜拉新-剪辑-转化引导-10元话费券-20260626-无-625-1,1.86,191,17,1.86,1.00,8.90
2026-07-27,13846311562,CH-SC-低活-10140917922437-超级抢购-家庭清洁-无-剪辑-转化引导-家庭清洁-20260708-无-625-aigc-12,1.81,138,6,0.00,0.00,4.35
2026-07-27,13685269945,CH-SC-低活-10220560400432-超级抢购加补-生活日用-无-剪辑-转化引导-生活日用-20260626-无-625-aigc-13,1.80,243,5,0.00,0.00,2.06
2026-07-27,13873278009,CH-SC-低活-10081585918372-超级抢购-纸品-无-剪辑-转化引导-纸品-20260702-无-625-aigc-16,1.78,127,26,0.00,0.00,20.47
2026-07-27,13916489768,CH-SC-广义新-10040988734451-新10元话费券-无-无-剪辑-转化引导-无-20260715-无-625-11,1.75,106,10,0.00,0.00,9.43
2026-07-27,13835190847,CH-SC-广义新-10109170972947-新综合频道-钟表眼镜-京喜拉新-剪辑-转化引导-钟表眼镜-20260708-无-625-aigc-15,1.75,359,88,0.00,0.00,24.51
2026-07-27,13592311598,CH-SC-广义新-10139440032542-新综合频道-运动户外-京喜拉新-剪辑-转化引导-运动户外-20260616-无-625-aigc-16,1.75,394,3,0.00,0.00,0.76
2026-07-27,13939955038,CH-SC-广义新-10115067968253-新综合频道-家用电器-京喜拉新-剪辑-转化引导-家用电器-20260720-无-625-aigc-23,1.72,260,14,0.00,0.00,5.38
2026-07-27,13603320128,CH-SC-广义新-10118706992345-新综合频道-纸品-无-剪辑-转化引导-纸品-20260617-无-625-aigc-10,1.68,976,19,0.00,0.00,1.95
2026-07-27,13846321758,CH-SC-低活-10140917922437-超级抢购-家庭清洁-无-剪辑-转化引导-家庭清洁-20260708-无-625-aigc-3,1.59,72,4,0.00,0.00,5.56
2026-07-27,13614614062,CH-SC-广义新-10161130444375-新综合频道-农资园艺-京喜拉新-剪辑-转化引导-农资园艺-20260618-反向-625-aigc-5,1.56,354,1,0.00,0.00,0.28
2026-07-27,13846375083,CH-SC-低活-10112643484929-超级抢购-手机通讯-无-剪辑-转化引导-手机通讯-20260708-无-625-aigc-6,1.55,36,1,0.00,0.00,2.78
2026-07-27,13941337060,信息流-小牛-手机支架-三方主体-代运营-新人福利价-0723-10139440032542 -设计自选-625-9,1.49,93,6,0.00,0.00,6.45
2026-07-27,13836023523,CH-SC-低活-10081585918372-超级抢购-纸品-无-剪辑-转化引导-纸品-20260702-无-625-aigc-6,1.49,389,11,0.00,0.00,2.83
2026-07-27,13799927457,CH-SC-广义新-10158258669630-新综合频道-居家布艺-京喜拉新-剪辑-转化引导-居家布艺-20260706-无-625-aigc-2,1.48,824,27,0.00,0.00,3.28
2026-07-27,13846370672,CH-SC-低活-10112643484929-超级抢购-手机通讯-无-剪辑-转化引导-手机通讯-20260708-无-625-aigc-4,1.43,126,3,0.00,0.00,2.38
2026-07-27,13916292781,CH-SC-低活-10130886489325-超级抢购-厨具-无-剪辑-转化引导-厨具-20260715-无-625-10,1.43,886,1,0.00,0.00,0.11
2026-07-27,13846314592,CH-SC-低活-10140917922437-超级抢购-家庭清洁-无-剪辑-转化引导-家庭清洁-20260708-无-625-aigc-15,1.41,105,0,0.00,0.00,0.00
2026-07-27,13916089663,CH-SC-广义新-10184972523548-新综合频道-厨具-京喜拉新-剪辑-转化引导-厨具-20260716-反向-625-aigc-10,1.39,501,7,0.00,0.00,1.40
2026-07-27,13603353487,CH-SC-广义新-10166301474829-新综合频道-厨具-京喜拉新-剪辑-转化引导-厨具-20260617-反向-625-aigc-19,1.38,278,24,0.00,0.00,8.63
2026-07-27,13815443566,CH-PRJ-采销项目-10227170510852-快手-本地生活-无-剪辑-转化引导-本地生活-20260710-无-625-15,1.37,77,59,0.00,0.00,76.62
2026-07-27,13940210122,CH-SC-低活-10200755904098-超级抢购-汽车用品-无-剪辑-转化引导-汽车用品-20260716-无-625-aigc-1,1.34,595,12,0.00,0.00,2.02
2026-07-27,13916401971,CH-SC-低活-10120093290551-超级抢购-纸品-无-剪辑-转化引导-纸品-20260715-无-625-aigc-12,1.32,122,8,0.00,0.00,6.56
2026-07-27,13836018392,CH-SC-低活-10081585918372-超级抢购-纸品-无-剪辑-转化引导-纸品-20260702-无-625-aigc-8,1.31,206,25,1.31,1.00,12.14
2026-07-27,13846346637,CH-SC-低活-10113209119177-超级抢购-电动车-无-剪辑-转化引导-电动车-20260708-无-625-12,1.30,34,0,0.00,0.00,0.00
2026-07-27,13651811864,CH-SC-低活-10081585918372-超级抢购-家庭清洁纸品-无-剪辑-转化引导-家庭清洁纸品-20260623-无-625-aigc-10,1.29,85,32,0.00,0.00,37.65
2026-07-27,13846398501,CH-SC-低活-10112643484929-超级抢购-手机通讯-无-剪辑-转化引导-手机通讯-20260708-无-625-aigc-3,1.27,171,4,0.00,0.00,2.34
2026-07-27,13776519630,CH-SC-广义新-10130866966155-新综合频道-服饰内衣-京喜拉新-剪辑-转化引导-服饰内衣-20260702-无-625-aigc-5,1.25,229,27,0.00,0.00,11.79
2026-07-27,13776532381,CH-SC-广义新-10130866966155-新综合频道-服饰内衣-京喜拉新-剪辑-转化引导-服饰内衣-20260702-无-625-aigc-17,1.23,202,30,0.00,0.00,14.85
2026-07-27,13873207385,CH-SC-低活-10113209119177-超级抢购-电动车-无-剪辑-转化引导-电动车-20260709-无-625-11,1.23,184,28,0.00,0.00,15.22
2026-07-27,13873284948,CH-SC-低活-10081585918372-超级抢购-纸品-无-剪辑-转化引导-纸品-20260702-无-625-aigc-25,1.23,25,14,0.00,0.00,56.00
2026-07-27,13746320691,CH-SC-低活-10139440032542-超级抢购5元-运动户外-无-剪辑-转化引导-运动户外-20260630-无-625-aigc-1,1.19,35,0,0.00,0.00,0.00
2026-07-27,13799913889,CH-SC-广义新-10118706992345-新综合频道-纸品-京喜拉新-剪辑-转化引导-纸品-20260707-无-625-aigc-4,1.18,28,5,0.00,0.00,17.86
2026-07-27,13960084261,信息流-小牛-抽纸-三方主体-代运营-新人福利价-0724-10105196309536 -历史爆品-625-7,1.18,15,3,0.00,0.00,20.00
2026-07-27,13603339171,CH-SC-广义新-10166301474829-新综合频道-厨具-京喜拉新-剪辑-转化引导-厨具-20260617-反向-625-aigc-5,1.17,49,8,0.00,0.00,16.33
2026-07-27,13341768699,CH-SC-广义新-10219841541026-新综合频道-厨具-京喜拉新-剪辑-转化引导-厨具-20260520-反向-625-14,1.13,46,5,0.00,0.00,10.87
2026-07-27,13846316876,CH-SC-低活-10140917922437-超级抢购-家庭清洁-无-剪辑-转化引导-家庭清洁-20260708-无-625-aigc-1,1.11,66,2,0.00,0.00,3.03
2026-07-27,13904991175,CH-SC-广义新-10136363822650-新综合频道-家庭清洁-京喜拉新-剪辑-转化引导-家庭清洁-20260602-反向-625-2,1.11,12,0,0.00,0.00,0.00
2026-07-27,13939911163,CH-SC-广义新-10183880057418 -新综合频道-箱包皮具-京喜拉新-剪辑-转化引导-箱包皮具-20260717-无-625-aigc-1,1.10,182,5,1.10,1.00,2.75
2026-07-27,13776519951,CH-SC-广义新-10130866966155-新综合频道-服饰内衣-京喜拉新-剪辑-转化引导-服饰内衣-20260702-无-625-aigc-7,1.09,325,31,0.00,0.00,9.54
2026-07-27,13940217406,CH-SC-低活-10223570717754-超级抢购-生鲜-无-剪辑-转化引导-生鲜-20260716-无-625-aigc-1,1.08,1041,2,0.00,0.00,0.19
2026-07-27,13800018553,CH-SC-广义新-10040988734451-新10元话费券-无-无-剪辑-转化引导-无-20260629-无-625-2,1.08,149,14,0.00,0.00,9.40
2026-07-27,13397056832,CH-SC-广义新-10219841541026-新综合频道-厨具-京喜拉新-剪辑-转化引导-厨具-20260526-反向-625-aigc-8,1.06,23,0,0.00,0.00,0.00
2026-07-27,13940213927,CH-SC-低活-10223570717754-超级抢购-生鲜-无-剪辑-转化引导-生鲜-20260716-无-625-aigc-8,1.05,41,1,0.00,0.00,2.44
2026-07-27,13960081370,信息流-小牛-抽纸-三方主体-代运营-新人福利价-0724-10105196309536 -历史爆品-625-3,1.04,33,6,0.00,0.00,18.18
2026-07-27,13860580424,CH-SC-广义新-10215307938752-新综合频道-鞋靴-京喜拉新-剪辑-转化引导-鞋靴-20260713-反向-625-aigc-3,1.03,64,11,0.00,0.00,17.19
2026-07-27,13916103586,CH-SC-广义新-10155000015319-新综合频道-厨具-京喜拉新-剪辑-转化引导-厨具-20260716-无-625-aigc-1,1.00,23,0,0.00,0.00,0.00
2026-07-27,13846417634,CH-SC-低活-10220560400432-超级抢购-生活日用-无-剪辑-转化引导-生活日用-20260708-无-625-aigc-4,0.99,83,40,0.00,0.00,48.19
2026-07-27,13940212351,CH-SC-低活-10223570717754-超级抢购-生鲜-无-剪辑-转化引导-生鲜-20260716-无-625-aigc-5,0.99,45,7,0.00,0.00,15.56
2026-07-27,13746347679,CH-SC-低活-10219841541026-超级抢购加补-厨具-无-剪辑-转化引导-厨具-20260630-无-625-aigc-8,0.97,199,21,0.00,0.00,10.55
2026-07-27,13799885673,CH-SC-广义新-10140493395931-新综合频道-厨房卫浴-京喜拉新-剪辑-转化引导-厨房卫浴-20260707-无-625-aigc-9,0.93,201,10,0.00,0.00,4.98
2026-07-27,13881547160,CH-SC-广义新-10102020339908 -新综合频道-数码-京喜拉新-剪辑-转化引导-数码-20260715-无-625-3,0.93,330,30,0.00,0.00,9.09
2026-07-27,13163611387,荣耀-XN-汽车-通用-途虎养车-混剪-260428-625-11,0.90,33,5,0.00,0.00,15.15
2026-07-27,13592315087,CH-SC-广义新-10139440032542-新综合频道-运动户外-京喜拉新-剪辑-转化引导-运动户外-20260616-无-625-aigc-30,0.89,190,1,0.00,0.00,0.53
2026-07-27,13163603963,荣耀-XN-汽车-通用-途虎养车-混剪-260428-625-4,0.89,30,5,0.89,1.00,16.67
2026-07-27,13939931698,CH-SC-广义新-10115067968253-新综合频道-家用电器-京喜拉新-剪辑-转化引导-家用电器-20260720-无-625-aigc-9,0.88,115,8,0.00,0.00,6.96
2026-07-27,13352560095,CH-SC-低活-10081585918372-超级抢购-家庭清洁纸品-无-剪辑-转化引导-家庭清洁纸品-20260521-无-625-36,0.88,838,4,0.00,0.00,0.48
2026-07-27,13651815416,CH-SC-低活-10081585918372-超级抢购-家庭清洁纸品-无-剪辑-转化引导-家庭清洁纸品-20260623-无-625-aigc-16,0.87,40,25,0.00,0.00,62.50
2026-07-27,13872652245,CH-SC-广义新-10136363822650 -新综合频道-纸品-京喜拉新-剪辑-转化引导-纸品-20260714-无-625-11,0.87,75,3,0.00,0.00,4.00
2026-07-27,13397046708,CH-SC-广义新-10215767576641-新综合频道-生鲜-京喜拉新-剪辑-转化引导-生鲜-20260526-反向-625-aigc-4,0.84,119,1,0.00,0.00,0.84
2026-07-27,13916102483,CH-SC-广义新-10184972523548-新综合频道-厨具-京喜拉新-剪辑-转化引导-厨具-20260716-反向-625-aigc-8,0.80,357,3,0.00,0.00,0.84
2026-07-27,13746333921,CH-SC-低活-10139440032542-超级抢购5元-运动户外-无-剪辑-转化引导-运动户外-20260630-无-625-aigc-10,0.79,41,0,0.00,0.00,0.00
2026-07-27,13486890331,CH-SC-广义新-无-新10元话费券-10元话费券-京喜拉新-剪辑-转化引导-10元话费券-20260605-无-625-10,0.79,97,3,0.00,0.00,3.09
2026-07-27,13835197010,CH-SC-广义新-10139440032542-新综合频道-运动户外-京喜拉新-剪辑-转化引导-运动户外-20260708-无-625-aigc-8,0.78,62,3,0.00,0.00,4.84
2026-07-27,13939905194,CH-SC-广义新-10183880057418 -新综合频道-箱包皮具-京喜拉新-剪辑-转化引导-箱包皮具-20260717-无-625-aigc-10,0.78,152,3,0.00,0.00,1.97
2026-07-27,13352554298,CH-SC-低活-10081585918372-超级抢购-家庭清洁纸品-无-剪辑-转化引导-家庭清洁纸品-20260521-无-625-11,0.78,263,3,0.00,0.00,1.14
2026-07-27,13860484585,CH-SC-广义新-10151951361734-新综合频道-箱包皮具-京喜拉新-剪辑-转化引导-箱包皮具-20260713-无-625-aigc-2,0.72,7,0,0.00,0.00,0.00
2026-07-27,13163611477,荣耀-XN-汽车-通用-途虎养车-混剪-260428-625-12,0.71,50,2,0.00,0.00,4.00
2026-07-27,13846400862,CH-SC-低活-10081585918372-超级抢购-家庭清洁纸品-无-剪辑-转化引导-家庭清洁纸品-20260708-无-625-aigc-2,0.70,50,37,0.00,0.00,74.00
2026-07-27,13684894906,CH-SC-低活-10113209119177-超级抢购-摩托车-无-剪辑-转化引导-摩托车-20260626-无-625-aigc-5,0.70,8,0,0.00,0.00,0.00
2026-07-27,13559884894,CH-SC-广义新-10120132288166-新综合频道-运动户外-京喜拉新-剪辑-转化引导-运动户外-20260612-无-625-3,0.67,160,5,0.00,0.00,3.12
2026-07-27,13799945643,CH-SC-广义新-10139440032542-新综合频道-运动户外-京喜拉新-剪辑-转化引导-运动户外-20260703-无-625-aigc-4,0.67,1,1,0.00,0.00,100.00
2026-07-27,13939881696,CH-SC-广义新-10201862878352 -新综合频道-厨具-京喜拉新-剪辑-转化引导-厨具-20260717-无-625-aigc-9,0.65,282,2,0.00,0.00,0.71
2026-07-27,13939904626,CH-SC-广义新-10183880057418 -新综合频道-箱包皮具-京喜拉新-剪辑-转化引导-箱包皮具-20260717-无-625-aigc-9,0.65,56,4,0.00,0.00,7.14
2026-07-27,13916097288,CH-SC-广义新-10147832788047-新综合频道-工业品-京喜拉新-剪辑-转化引导-工业品-20260716-反向-625-10,0.64,6,0,0.00,0.00,0.00
2026-07-27,13559884947,CH-SC-广义新-10120132288166-新综合频道-运动户外-京喜拉新-剪辑-转化引导-运动户外-20260612-无-625-6,0.63,224,0,0.00,0.00,0.00
2026-07-27,13776589156,CH-SC-广义新-10177393646076-新综合频道-灯饰照明-京喜拉新-剪辑-转化引导-灯饰照明-20260702-反向-625-aigc-9,0.63,163,2,0.00,0.00,1.23
2026-07-27,13873198936,CH-SC-低活-10140917922437-超级抢购-家庭清洁-无-剪辑-转化引导-家庭清洁-20260709-无-625-aigc-9,0.63,69,5,0.00,0.00,7.25
2026-07-27,13836054268,CH-SC-低活-10156776256916-超级抢购-珠宝首饰-无-剪辑-转化引导-珠宝首饰-20260703-无-625-aigc-6,0.60,48,3,0.00,0.00,6.25
2026-07-27,13916308362,CH-SC-低活-10215767576641-超级抢购-生鲜-无-剪辑-转化引导-生鲜-20260715-无-625-aigc-6,0.60,7,5,0.00,0.00,71.43
2026-07-27,13873282737,CH-SC-低活-10081585918372-超级抢购-纸品-无-剪辑-转化引导-纸品-20260702-无-625-aigc-23,0.58,46,1,0.00,0.00,2.17
2026-07-27,13873211899,CH-SC-低活-10113209119177-超级抢购-电动车-无-剪辑-转化引导-电动车-20260709-无-625-4,0.55,11,0,0.00,0.00,0.00
2026-07-27,13873209822,CH-SC-低活-10113209119177-超级抢购-电动车-无-剪辑-转化引导-电动车-20260709-无-625-2,0.53,32,2,0.00,0.00,6.25
2026-07-27,13946571473,信息流-小牛-电煮锅-京东主体-代运营-新人福利价-0723-10125368295124-设计自选-625-aigc-2,0.53,63,2,0.00,0.00,3.17
2026-07-27,13922154849,信息流-小牛-抽纸-京东主体-代运营-新人福利价-0721-100281253200-设计自选-625-aigc-9,0.53,19,4,0.00,0.00,21.05
2026-07-27,13799972803,CH-SC-广义新-10139440032542-新综合频道-运动户外-京喜拉新-剪辑-转化引导-运动户外-20260703-无-625-aigc-17,0.52,74,0,0.00,0.00,0.00
2026-07-27,13916489653,CH-SC-广义新-10040988734451-新10元话费券-无-无-剪辑-转化引导-无-20260715-无-625-1,0.51,44,4,0.00,0.00,9.09
2026-07-27,13846012852,CH-SC-广义新-10140917922437-新综合频道-家庭清洁-京喜拉新-剪辑-转化引导-家庭清洁-20260710-无-625-aigc-7,0.49,13,5,0.00,0.00,38.46
2026-07-27,13872650749,CH-SC-广义新-10136363822650 -新综合频道-纸品-京喜拉新-剪辑-转化引导-纸品-20260714-无-625-6,0.49,119,0,0.00,0.00,0.00
2026-07-27,13614680716,CH-SC-低活-10143318867797-超级抢购5元-厨具-无-剪辑-转化引导-厨具-20260618-无-625-aigc-1,0.48,245,5,0.00,0.00,2.04
2026-07-27,13937228064,信息流-小牛-洗衣粉-低活-代运营-福利价-0722-10174693254918-深海货盘-625-13,0.48,28,9,0.00,0.00,32.14
2026-07-27,13163625438,荣耀-XN-汽车-通用-途虎养车-混剪-260428-625-27,0.47,133,1,0.00,0.00,0.75
2026-07-27,13957197513,信息流-小牛-无骨鸡爪-三方主体-代运营-新人福利价-0724-10181243448351-大盘扒改-625-5,0.46,57,3,0.00,0.00,5.26
2026-07-27,13836030665,CH-SC-低活-10223482211866-超级抢购-生活日用-无-剪辑-转化引导-生活日用-20260703-无-625-8,0.45,193,1,0.00,0.00,0.52
2026-07-27,13815434561,CH-PRJ-采销项目-10227170510852-快手-本地生活-无-剪辑-转化引导-本地生活-20260710-无-625-8,0.43,40,29,0.00,0.00,72.50
2026-07-27,13873240631,CH-SC-低活-10118706992345-超级抢购-纸品-无-剪辑-转化引导-纸品-20260710-无-625-aigc-5,0.43,22,9,0.00,0.00,40.91
2026-07-27,13940216644,CH-SC-低活-10223570717754-超级抢购-生鲜-无-剪辑-转化引导-生鲜-20260716-无-625-aigc-4,0.41,28,0,0.00,0.00,0.00
2026-07-27,13799758725,CH-SC-广义新-10157346551639-新综合频道-生鲜-京喜拉新-剪辑-转化引导-生鲜-20260706-无-625-12,0.41,15,1,0.00,0.00,6.67
2026-07-27,13846337923,CH-SC-低活-10113209119177-超级抢购-电动车-无-剪辑-转化引导-电动车-20260708-无-625-5,0.41,19,0,0.00,0.00,0.00
2026-07-27,13746320869,CH-SC-低活-10139440032542-超级抢购5元-运动户外-无-剪辑-转化引导-运动户外-20260630-无-625-aigc-2,0.40,19,0,0.00,0.00,0.00
2026-07-27,13873255943,CH-SC-低活-10081585918372-超级抢购-纸品-无-剪辑-转化引导-纸品-20260702-无-625-aigc-27,0.40,38,24,0.00,0.00,63.16
2026-07-27,13536516554,CH-SC-广义新-10127068425204-新综合频道-收纳用品-京喜拉新-剪辑-转化引导-收纳用品-20260610-无-625-4,0.40,37,2,0.00,0.00,5.41
2026-07-27,13352554865,CH-SC-低活-10081585918372-超级抢购-家庭清洁纸品-无-剪辑-转化引导-家庭清洁纸品-20260521-无-625-14,0.40,136,30,0.00,0.00,22.06
2026-07-27,13846306026,CH-SC-低活-10140917922437-超级抢购-家庭清洁-无-剪辑-转化引导-家庭清洁-20260708-无-625-aigc-7,0.40,27,6,0.00,0.00,22.22
2026-07-27,13916091171,CH-SC-广义新-10184972523548-新综合频道-厨具-京喜拉新-剪辑-转化引导-厨具-20260716-反向-625-aigc-2,0.36,186,6,0.00,0.00,3.23
2026-07-27,13946598338,信息流-小牛-电煮锅-京东主体-代运营-新人福利价-0723-10125368295124-设计自选-625-aigc-1,0.35,42,2,0.00,0.00,4.76
2026-07-27,13916300247,CH-SC-低活-10140917922437-超级抢购-家庭清洁-无-剪辑-转化引导-家庭清洁-20260715-无-625-aigc-6,0.34,183,4,0.00,0.00,2.19
2026-07-27,13836029161,CH-SC-低活-10223482211866-超级抢购-生活日用-无-剪辑-转化引导-生活日用-20260703-无-625-10,0.33,98,0,0.00,0.00,0.00
2026-07-27,13940211488,CH-SC-低活-10223570717754-超级抢购-生鲜-无-剪辑-转化引导-生鲜-20260716-无-625-aigc-3,0.31,29,2,0.00,0.00,6.90
2026-07-27,13860488800,CH-SC-广义新-10151951361734-新综合频道-箱包皮具-京喜拉新-剪辑-转化引导-箱包皮具-20260713-无-625-aigc-6,0.31,2,2,0.00,0.00,100.00
2026-07-27,13957187981,信息流-小牛-拼豆-三方主体-代运营-新人福利价-0724-10191018980880-大盘扒改-625-2,0.30,53,6,0.00,0.00,11.32
2026-07-27,13799908432,CH-SC-广义新-10118706992345-新综合频道-纸品-京喜拉新-剪辑-转化引导-纸品-20260707-无-625-aigc-15,0.30,21,0,0.00,0.00,0.00
2026-07-27,13873259555,CH-SC-低活-10081585918372-超级抢购-纸品-无-剪辑-转化引导-纸品-20260702-无-625-aigc-32,0.30,31,4,0.00,0.00,12.90
2026-07-27,13799931656,CH-SC-广义新-10158258669630-新综合频道-居家布艺-京喜拉新-剪辑-转化引导-居家布艺-20260706-无-625-aigc-7,0.28,106,3,0.00,0.00,2.83
2026-07-27,13845971377,CH-SC-广义新-10156923061370-新综合频道-数码-京喜拉新-剪辑-转化引导-数码-20260710-无-625-4,0.28,179,27,0.00,0.00,15.08
2026-07-27,13916095684,CH-SC-广义新-10147832788047-新综合频道-工业品-京喜拉新-剪辑-转化引导-工业品-20260716-反向-625-6,0.28,8,1,0.00,0.00,12.50
2026-07-27,13873257564,CH-SC-低活-10081585918372-超级抢购-纸品-无-剪辑-转化引导-纸品-20260702-无-625-aigc-31,0.27,18,6,0.00,0.00,33.33
2026-07-27,13846309120,CH-SC-低活-10140917922437-超级抢购-家庭清洁-无-剪辑-转化引导-家庭清洁-20260708-无-625-aigc-10,0.27,3,0,0.00,0.00,0.00
2026-07-27,13836046661,CH-SC-低活-10118706992345-超级抢购-纸品-无-剪辑-转化引导-纸品-20260702-无-625-aigc-7,0.27,22,7,0.00,0.00,31.82
2026-07-27,13872630613,CH-SC-广义新-10155085148227-新综合频道-家用电器-京喜拉新-剪辑-转化引导-家用电器-20260714-无-625-1,0.27,271,0,0.00,0.00,0.00
2026-07-27,13835204958,CH-SC-广义新-10139440032542-新综合频道-运动户外-京喜拉新-剪辑-转化引导-运动户外-20260708-无-625-aigc-6,0.26,24,0,0.00,0.00,0.00
2026-07-27,13941341932,信息流-小牛-手机支架-三方主体-代运营-新人福利价-0723-10139440032542 -设计自选-625-3,0.26,51,3,0.00,0.00,5.88
2026-07-27,13873261096,CH-SC-低活-10081585918372-超级抢购-纸品-无-剪辑-转化引导-纸品-20260702-无-625-aigc-2,0.26,22,8,0.00,0.00,36.36
2026-07-27,13776664970,CH-SC-广义新-10118706992345-新综合频道-纸品-京喜拉新-剪辑-转化引导-纸品-20260702-无-625-aigc-9,0.24,96,0,0.00,0.00,0.00
2026-07-27,13860584358,CH-SC-广义新-10215307938752-新综合频道-鞋靴-京喜拉新-剪辑-转化引导-鞋靴-20260713-反向-625-aigc-6,0.23,47,3,0.00,0.00,6.38
2026-07-27,13872650671,CH-SC-广义新-10136363822650 -新综合频道-纸品-京喜拉新-剪辑-转化引导-纸品-20260714-无-625-5,0.23,66,4,0.00,0.00,6.06
2026-07-27,13916289426,CH-SC-低活-10130886489325-超级抢购-厨具-无-剪辑-转化引导-厨具-20260715-无-625-5,0.23,163,0,0.00,0.00,0.00
2026-07-27,13939906647,CH-SC-广义新-10183880057418 -新综合频道-箱包皮具-京喜拉新-剪辑-转化引导-箱包皮具-20260717-无-625-aigc-5,0.23,88,0,0.00,0.00,0.00
2026-07-27,13846409286,CH-SC-低活-10220560400432-超级抢购-生活日用-无-剪辑-转化引导-生活日用-20260708-无-625-aigc-19,0.22,52,6,0.00,0.00,11.54
2026-07-27,13746337302,CH-SC-低活-10081585918372-超级抢购加补-纸品-无-剪辑-转化引导-纸品-20260630-无-625-aigc-10,0.22,27,18,0.00,0.00,66.67
2026-07-27,13913299159,信息流-小牛-电煮锅-京东主体-代运营-新人福利价-0720-10115067968253-625-设计自选-aigc-1,0.22,6,3,0.00,0.00,50.00
2026-07-27,13939949978,CH-SC-广义新-10115067968253-新综合频道-家用电器-京喜拉新-剪辑-转化引导-家用电器-20260720-无-625-aigc-12,0.21,12,0,0.00,0.00,0.00
2026-07-27,13937232126,信息流-小牛-洗衣粉-低活-代运营-福利价-0722-10174693254918-深海货盘-625-3,0.20,5,5,0.00,0.00,100.00
2026-07-27,13941337263,信息流-小牛-手机支架-三方主体-代运营-新人福利价-0723-10139440032542 -设计自选-625-10,0.20,11,0,0.00,0.00,0.00
2026-07-27,13836034502,CH-SC-低活-10223482211866-超级抢购-生活日用-无-剪辑-转化引导-生活日用-20260703-无-625-3,0.19,70,1,0.00,0.00,1.43
2026-07-27,13835211877,CH-SC-广义新-10153911006548-新综合频道-粮油调味-京喜拉新-剪辑-转化引导-粮油调味-20260708-无-625-aigc-27,0.19,3,0,0.00,0.00,0.00
2026-07-27,13835201908,CH-SC-广义新-10139440032542-新综合频道-运动户外-京喜拉新-剪辑-转化引导-运动户外-20260708-无-625-aigc-14,0.19,24,0,0.00,0.00,0.00
2026-07-27,13746324684,CH-SC-低活-10139440032542-超级抢购5元-运动户外-无-剪辑-转化引导-运动户外-20260630-无-625-aigc-5,0.19,14,1,0.00,0.00,7.14
2026-07-27,13776521547,CH-SC-广义新-10130866966155-新综合频道-服饰内衣-京喜拉新-剪辑-转化引导-服饰内衣-20260702-无-625-aigc-8,0.18,107,0,0.00,0.00,0.00
2026-07-27,13746194241,CH-SC-低活-10154156974144-超级抢购-厨具-无-剪辑-转化引导-厨具-20260701-无-625-aigc-5,0.18,230,3,0.00,0.00,1.30
2026-07-27,13651774640,CH-SC-低活-10081585918372-超级抢购-家庭清洁纸品-无-剪辑-转化引导-家庭清洁纸品-20260623-无-625-aigc-1,0.18,13,7,0.00,0.00,53.85
2026-07-27,13163620656,荣耀-XN-汽车-通用-途虎养车-混剪-260428-625-23,0.17,10,1,0.00,0.00,10.00
2026-07-27,13916115670,CH-SC-广义新-10155000015319-新综合频道-厨具-京喜拉新-剪辑-转化引导-厨具-20260716-无-625-aigc-5,0.17,22,0,0.00,0.00,0.00
2026-07-27,13916098016,CH-SC-广义新-10147832788047-新综合频道-工业品-京喜拉新-剪辑-转化引导-工业品-20260716-反向-625-1,0.17,1,1,0.00,0.00,100.00
2026-07-27,13799916307,CH-SC-广义新-10118706992345-新综合频道-纸品-京喜拉新-剪辑-转化引导-纸品-20260707-无-625-aigc-5,0.17,87,1,0.00,0.00,1.15
2026-07-27,13916117535,CH-SC-广义新-10155000015319-新综合频道-厨具-京喜拉新-剪辑-转化引导-厨具-20260716-无-625-aigc-8,0.16,32,3,0.00,0.00,9.38
2026-07-27,13731660821,CH-SC-广义新-10103971298079-新综合频道-家具-京喜拉新-剪辑-转化引导-家具-20260630-反向-625-5,0.15,31,2,0.00,0.00,6.45
2026-07-27,13846400502,CH-SC-低活-10081585918372-超级抢购-家庭清洁纸品-无-剪辑-转化引导-家庭清洁纸品-20260708-无-625-aigc-23,0.15,4,2,0.00,0.00,50.00
2026-07-27,13873215737,CH-SC-低活-10113209119177-超级抢购-电动车-无-剪辑-转化引导-电动车-20260709-无-625-8,0.15,3,0,0.00,0.00,0.00
2026-07-27,13835203321,CH-SC-广义新-10139440032542-新综合频道-运动户外-京喜拉新-剪辑-转化引导-运动户外-20260708-无-625-aigc-3,0.15,4,0,0.00,0.00,0.00
2026-07-27,13731657139,CH-SC-广义新-10103971298079-新综合频道-家具-京喜拉新-剪辑-转化引导-家具-20260630-反向-625-16,0.15,47,1,0.00,0.00,2.13
2026-07-27,13957181664,信息流-小牛-保温饭盒-三方主体-代运营-新人福利价-0724-10125420247464-大盘扒改-625-3,0.14,14,0,0.00,0.00,0.00
2026-07-27,13651812729,CH-SC-低活-10081585918372-超级抢购-家庭清洁纸品-无-剪辑-转化引导-家庭清洁纸品-20260623-无-625-aigc-12,0.14,36,5,0.00,0.00,13.89
2026-07-27,13352558043,CH-SC-低活-10081585918372-超级抢购-家庭清洁纸品-无-剪辑-转化引导-家庭清洁纸品-20260521-无-625-24,0.14,13,6,0.00,0.00,46.15
2026-07-27,13846310030,CH-SC-低活-10140917922437-超级抢购-家庭清洁-无-剪辑-转化引导-家庭清洁-20260708-无-625-aigc-11,0.14,15,0,0.00,0.00,0.00
2026-07-27,13939936576,CH-SC-广义新-10150604147722-新综合频道-箱包皮具-京喜拉新-剪辑-转化引导-箱包皮具-20260720-反向-625-3,0.14,6,0,0.00,0.00,0.00
2026-07-27,13547603956,CH-SC-低活-10140207411553-超级抢购加补-文教文化用品-无-剪辑-转化引导-文教文化用品-20260611-无-625-1,0.14,139,11,0.00,0.00,7.91
2026-07-27,13960084356,信息流-小牛-抽纸-三方主体-代运营-新人福利价-0724-10105196309536 -历史爆品-625-8,0.13,7,3,0.00,0.00,42.86
2026-07-27,13352559589,CH-SC-低活-10081585918372-超级抢购-家庭清洁纸品-无-剪辑-转化引导-家庭清洁纸品-20260521-无-625-34,0.13,6,6,0.00,0.00,100.00
2026-07-27,13881545653,CH-SC-广义新-10102020339908 -新综合频道-数码-京喜拉新-剪辑-转化引导-数码-20260715-无-625-1,0.13,11,0,0.00,0.00,0.00
2026-07-27,13486890259,CH-SC-广义新-无-新10元话费券-10元话费券-京喜拉新-剪辑-转化引导-10元话费券-20260605-无-625-11,0.13,4,2,0.00,0.00,50.00
2026-07-27,13916296963,CH-SC-低活-10130886489325-超级抢购-厨具-无-剪辑-转化引导-厨具-20260715-无-625-17,0.13,67,0,0.00,0.00,0.00
2026-07-27,13939947724,CH-SC-广义新-10115067968253-新综合频道-家用电器-京喜拉新-剪辑-转化引导-家用电器-20260720-无-625-aigc-15,0.13,9,0,0.00,0.00,0.00
2026-07-27,13873199145,CH-SC-低活-10140917922437-超级抢购-家庭清洁-无-剪辑-转化引导-家庭清洁-20260709-无-625-aigc-8,0.13,66,1,0.00,0.00,1.52
2026-07-27,13846014779,CH-SC-广义新-10140917922437-新综合频道-家庭清洁-京喜拉新-剪辑-转化引导-家庭清洁-20260710-无-625-aigc-9,0.12,26,2,0.00,0.00,7.69
2026-07-27,13939880498,CH-SC-广义新-10201862878352 -新综合频道-厨具-京喜拉新-剪辑-转化引导-厨具-20260717-无-625-aigc-8,0.12,112,0,0.00,0.00,0.00
2026-07-27,13957193263,信息流-小牛-无骨鸡爪-三方主体-代运营-新人福利价-0724-10181243448351-大盘扒改-625-2,0.12,31,2,0.00,0.00,6.45
2026-07-27,13815443598,CH-PRJ-采销项目-10227170510852-快手-本地生活-无-剪辑-转化引导-本地生活-20260710-无-625-2,0.11,8,6,0.00,0.00,75.00
2026-07-27,13957204480,信息流-小牛-无骨鸡爪-三方主体-代运营-新人福利价-0724-10181243448351-大盘扒改-625-12,0.11,27,0,0.00,0.00,0.00
2026-07-27,13916303997,CH-SC-低活-10140917922437-超级抢购-家庭清洁-无-剪辑-转化引导-家庭清洁-20260715-无-625-aigc-15,0.11,9,0,0.00,0.00,0.00
2026-07-27,13845984775,CH-SC-广义新-10120961944861-新综合频道-运动户外 -京喜拉新-剪辑-转化引导-运动户外 -20260710-无-625-aigc-9,0.10,1,1,0.00,0.00,100.00
2026-07-27,13916109369,CH-SC-广义新-10155000015319-新综合频道-厨具-京喜拉新-剪辑-转化引导-厨具-20260716-无-625-aigc-3,0.10,16,1,0.00,0.00,6.25
2026-07-27,13939945592,CH-SC-广义新-10115067968253-新综合频道-家用电器-京喜拉新-剪辑-转化引导-家用电器-20260720-无-625-aigc-6,0.10,9,2,0.00,0.00,22.22
2026-07-27,13940215081,CH-SC-低活-10223570717754-超级抢购-生鲜-无-剪辑-转化引导-生鲜-20260716-无-625-aigc-10,0.10,34,3,0.00,0.00,8.82
2026-07-27,13846321867,CH-SC-低活-10113209119177-超级抢购-电动车-无-剪辑-转化引导-电动车-20260708-无-625-22,0.10,6,0,0.00,0.00,0.00
2026-07-27,13916311123,CH-SC-低活-10215767576641-超级抢购-生鲜-无-剪辑-转化引导-生鲜-20260715-无-625-aigc-1,0.10,8,4,0.00,0.00,50.00
2026-07-27,13941338945,信息流-小牛-手机支架-三方主体-代运营-新人福利价-0723-10139440032542 -设计自选-625-12,0.10,8,0,0.00,0.00,0.00
2026-07-27,13614618075,CH-SC-广义新-10161130444375-新综合频道-农资园艺-京喜拉新-剪辑-转化引导-农资园艺-20260618-反向-625-aigc-10,0.10,17,1,0.00,0.00,5.88
2026-07-27,13913276495,信息流-小牛-电煮锅-京东主体-代运营-新人福利价-0720-10115067968253-625-设计自选-aigc-5,0.10,14,1,0.00,0.00,7.14
2026-07-27,13916488423,CH-SC-广义新-10040988734451-新10元话费券-无-无-剪辑-转化引导-无-20260715-无-625-18,0.09,18,0,0.00,0.00,0.00
2026-07-27,13163605379,荣耀-XN-汽车-通用-途虎养车-混剪-260428-625-6,0.09,2,0,0.00,0.00,0.00
2026-07-27,13835197635,CH-SC-广义新-10139440032542-新综合频道-运动户外-京喜拉新-剪辑-转化引导-运动户外-20260708-无-625-aigc-10,0.09,4,0,0.00,0.00,0.00
2026-07-27,13873214385,CH-SC-低活-10113209119177-超级抢购-电动车-无-剪辑-转化引导-电动车-20260709-无-625-7,0.09,3,0,0.00,0.00,0.00
2026-07-27,13846312909,CH-SC-低活-10140917922437-超级抢购-家庭清洁-无-剪辑-转化引导-家庭清洁-20260708-无-625-aigc-14,0.09,11,0,0.00,0.00,0.00
2026-07-27,13845997471,CH-SC-广义新-10120961944861-新综合频道-运动户外 -京喜拉新-剪辑-转化引导-运动户外 -20260710-无-625-aigc-7,0.09,281,70,0.00,0.00,24.91
2026-07-27,13547603927,CH-SC-低活-10140207411553-超级抢购加补-文教文化用品-无-剪辑-转化引导-文教文化用品-20260611-无-625-2,0.08,194,10,0.00,0.00,5.15
2026-07-27,13939896010,CH-SC-广义新-10183880057418 -新综合频道-箱包皮具-京喜拉新-剪辑-转化引导-箱包皮具-20260717-无-625-aigc-2,0.08,14,0,0.00,0.00,0.00
2026-07-27,13547605549,CH-SC-低活-10140207411553-超级抢购加补-文教文化用品-无-剪辑-转化引导-文教文化用品-20260611-无-625-7,0.08,89,7,0.00,0.00,7.87
2026-07-27,13957199390,信息流-小牛-无骨鸡爪-三方主体-代运营-新人福利价-0724-10181243448351-大盘扒改-625-8,0.08,75,1,0.00,0.00,1.33
2026-07-27,13860586003,CH-SC-广义新-10215307938752-新综合频道-鞋靴-京喜拉新-剪辑-转化引导-鞋靴-20260713-反向-625-aigc-4,0.08,24,5,0.00,0.00,20.83
2026-07-27,13746203094,CH-SC-低活-10154156974144-超级抢购-厨具-无-剪辑-转化引导-厨具-20260701-无-625-aigc-9,0.08,102,0,0.00,0.00,0.00
2026-07-27,13916099751,CH-SC-广义新-10184972523548-新综合频道-厨具-京喜拉新-剪辑-转化引导-厨具-20260716-反向-625-aigc-7,0.08,31,1,0.00,0.00,3.23
2026-07-27,13547605080,CH-SC-低活-10140207411553-超级抢购加补-文教文化用品-无-剪辑-转化引导-文教文化用品-20260611-无-625-6,0.08,114,14,0.00,0.00,12.28
2026-07-27,13397044023,CH-SC-广义新-10215767576641-新综合频道-生鲜-京喜拉新-剪辑-转化引导-生鲜-20260526-反向-625-aigc-8,0.07,28,1,0.00,0.00,3.57
2026-07-27,13846387962,CH-SC-低活-10112643484929-超级抢购-手机通讯-无-剪辑-转化引导-手机通讯-20260708-无-625-aigc-15,0.07,14,0,0.00,0.00,0.00
2026-07-27,13916301057,CH-SC-低活-10140917922437-超级抢购-家庭清洁-无-剪辑-转化引导-家庭清洁-20260715-无-625-aigc-8,0.07,4,0,0.00,0.00,0.00
2026-07-27,13873189462,CH-SC-低活-10140917922437-超级抢购-家庭清洁-无-剪辑-转化引导-家庭清洁-20260709-无-625-aigc-1,0.07,1,0,0.00,0.00,0.00
2026-07-27,13746188907,CH-SC-低活-10154156974144-超级抢购-厨具-无-剪辑-转化引导-厨具-20260701-无-625-aigc-2,0.07,233,3,0.00,0.00,1.29
2026-07-27,13922149943,信息流-小牛-百香果-京东主体-代运营-新人福利价-0721-10161286379662-深海货盘-625-aigc-12,0.07,13,0,0.00,0.00,0.00
2026-07-27,13957196651,信息流-小牛-无骨鸡爪-三方主体-代运营-新人福利价-0724-10181243448351-大盘扒改-625-4,0.07,48,0,0.00,0.00,0.00
2026-07-27,13746355396,CH-SC-低活-10112643484929-超级抢购加补-手机通讯-无-剪辑-转化引导-手机通讯-20260630-无-625-3,0.07,5,0,0.00,0.00,0.00
2026-07-27,13815432816,CH-PRJ-采销项目-10227170510852-快手-本地生活-无-剪辑-转化引导-本地生活-20260710-无-625-4,0.07,9,7,0.00,0.00,77.78
2026-07-27,13957201211,信息流-小牛-无骨鸡爪-三方主体-代运营-新人福利价-0724-10181243448351-大盘扒改-625-10,0.06,21,0,0.00,0.00,0.00
2026-07-27,13846010759,CH-SC-广义新-10140917922437-新综合频道-家庭清洁-京喜拉新-剪辑-转化引导-家庭清洁-20260710-无-625-aigc-2,0.06,2,0,0.00,0.00,0.00
2026-07-27,13731658321,CH-SC-广义新-10103971298079-新综合频道-家具-京喜拉新-剪辑-转化引导-家具-20260630-反向-625-18,0.06,23,1,0.00,0.00,4.35
2026-07-27,13846325426,CH-SC-低活-10113209119177-超级抢购-电动车-无-剪辑-转化引导-电动车-20260708-无-625-25,0.06,13,1,0.00,0.00,7.69
2026-07-27,13939954099,CH-SC-广义新-10115067968253-新综合频道-家用电器-京喜拉新-剪辑-转化引导-家用电器-20260720-无-625-aigc-22,0.06,2,0,0.00,0.00,0.00
2026-07-27,13776646339,CH-SC-广义新-10118706992345-新综合频道-纸品-京喜拉新-剪辑-转化引导-纸品-20260702-无-625-aigc-4,0.06,23,0,0.00,0.00,0.00
2026-07-27,13746134030,CH-SC-低活-10154156974144-超级抢购-厨具-无-剪辑-转化引导-厨具-20260701-无-625-aigc-13,0.06,57,2,0.00,0.00,3.51
2026-07-27,13937237975,信息流-小牛-厨房挂件-京东主体-代运营-新人福利价-0722-10162320955134-本东爆品-625-11,0.06,1,1,0.00,0.00,100.00
2026-07-27,13722927412,CH-SC-低活-10118706992345-超级抢购加补-纸品-无-剪辑-转化引导-纸品-20260629-无-625-aigc-7,0.06,2,0,0.00,0.00,0.00
2026-07-27,13651778751,CH-SC-低活-10081585918372-超级抢购-家庭清洁纸品-无-剪辑-转化引导-家庭清洁纸品-20260623-无-625-aigc-2,0.06,6,0,0.00,0.00,0.00
2026-07-27,13799914282,CH-SC-广义新-10118706992345-新综合频道-纸品-京喜拉新-剪辑-转化引导-纸品-20260707-无-625-aigc-3,0.06,11,0,0.00,0.00,0.00
2026-07-27,13846392308,CH-SC-低活-10112643484929-超级抢购-手机通讯-无-剪辑-转化引导-手机通讯-20260708-无-625-aigc-18,0.06,2,0,0.00,0.00,0.00
2026-07-27,13163608528,荣耀-XN-汽车-通用-途虎养车-混剪-260428-625-9,0.06,9,0,0.00,0.00,0.00
2026-07-27,13776607706,CH-SC-广义新-10177393646076-新综合频道-灯饰照明-京喜拉新-剪辑-转化引导-灯饰照明-20260702-反向-625-aigc-17,0.05,6,0,0.00,0.00,0.00
2026-07-27,13846306405,CH-SC-低活-10140917922437-超级抢购-家庭清洁-无-剪辑-转化引导-家庭清洁-20260708-无-625-aigc-8,0.05,6,0,0.00,0.00,0.00
2026-07-27,13939942906,CH-SC-广义新-10115067968253-新综合频道-家用电器-京喜拉新-剪辑-转化引导-家用电器-20260720-无-625-aigc-10,0.05,1,1,0.00,0.00,100.00
2026-07-27,13673812064,CH-SC-低活-10215767576641-超级抢购-生鲜-无-剪辑-转化引导-生鲜-20260625-无-625-aigc-6,0.05,25,0,0.00,0.00,0.00
2026-07-27,13846427213,CH-SC-低活-10220560400432-超级抢购-生活日用-无-剪辑-转化引导-生活日用-20260708-无-625-aigc-10,0.05,23,2,0.00,0.00,8.70
2026-07-27,13873191576,CH-SC-低活-10140917922437-超级抢购-家庭清洁-无-剪辑-转化引导-家庭清洁-20260709-无-625-aigc-3,0.05,1,0,0.00,0.00,0.00
2026-07-27,13939862856,CH-SC-广义新-10133471421086-新综合频道-箱包皮具-京喜拉新-剪辑-转化引导-箱包皮具-20260716-反向-625-10,0.05,13,1,0.00,0.00,7.69
2026-07-27,13937234453,信息流-小牛-洗衣粉-低活-代运营-福利价-0722-10174693254918-深海货盘-625-6,0.05,1,1,0.00,0.00,100.00
2026-07-27,13486880647,CH-SC-广义新-无-新10元话费券-10元话费券-京喜拉新-剪辑-转化引导-10元话费券-20260605-无-625-21,0.05,7,4,0.00,0.00,57.14
2026-07-27,13916111070,CH-SC-广义新-10155000015319-新综合频道-厨具-京喜拉新-剪辑-转化引导-厨具-20260716-无-625-aigc-4,0.05,13,0,0.00,0.00,0.00
2026-07-27,13939888246,CH-SC-广义新-10201862878352 -新综合频道-厨具-京喜拉新-剪辑-转化引导-厨具-20260717-无-625-aigc-19,0.05,37,0,0.00,0.00,0.00
2026-07-27,13835193701,CH-SC-广义新-10109170972947-新综合频道-钟表眼镜-京喜拉新-剪辑-转化引导-钟表眼镜-20260708-无-625-aigc-6,0.05,5,0,0.00,0.00,0.00
2026-07-27,13873264538,CH-SC-低活-10081585918372-超级抢购-纸品-无-剪辑-转化引导-纸品-20260702-无-625-aigc-5,0.05,10,2,0.00,0.00,20.00
2026-07-27,13940215763,CH-SC-低活-10223570717754-超级抢购-生鲜-无-剪辑-转化引导-生鲜-20260716-无-625-aigc-11,0.05,8,1,0.00,0.00,12.50
2026-07-27,13846430246,CH-SC-低活-10220560400432-超级抢购-生活日用-无-剪辑-转化引导-生活日用-20260708-无-625-aigc-12,0.05,26,0,0.00,0.00,0.00
2026-07-27,13407972249,CH-SC-广义新-10159656246030-新综合频道-电脑-京喜拉新-剪辑-转化引导-电脑-20260527-反向-625-aigc-11,0.05,30,9,0.00,0.00,30.00
2026-07-27,13746319970,CH-SC-低活-10139440032542-超级抢购5元-运动户外-无-剪辑-转化引导-运动户外-20260630-无-625-aigc-12,0.05,3,0,0.00,0.00,0.00
2026-07-27,13746139900,CH-SC-低活-10154156974144-超级抢购-厨具-无-剪辑-转化引导-厨具-20260701-无-625-aigc-15,0.05,145,2,0.00,0.00,1.38
2026-07-27,13799914041,CH-SC-广义新-10118706992345-新综合频道-纸品-京喜拉新-剪辑-转化引导-纸品-20260707-无-625-aigc-1,0.05,18,0,0.00,0.00,0.00
2026-07-27,13937227757,信息流-小牛-洗衣粉-低活-代运营-福利价-0722-10174693254918-深海货盘-625-15,0.05,2,2,0.00,0.00,100.00
2026-07-27,13746135132,CH-SC-低活-10154156974144-超级抢购-厨具-无-剪辑-转化引导-厨具-20260701-无-625-aigc-12,0.05,172,2,0.00,0.00,1.16
2026-07-27,13407977687,CH-SC-广义新-10159656246030-新综合频道-电脑-京喜拉新-剪辑-转化引导-电脑-20260527-反向-625-aigc-6,0.04,79,8,0.00,0.00,10.13
2026-07-27,13846401745,CH-SC-低活-10081585918372-超级抢购-家庭清洁纸品-无-剪辑-转化引导-家庭清洁纸品-20260708-无-625-aigc-3,0.04,7,1,0.00,0.00,14.29
2026-07-27,13939937851,CH-SC-广义新-10150604147722-新综合频道-箱包皮具-京喜拉新-剪辑-转化引导-箱包皮具-20260720-反向-625-7,0.04,5,1,0.00,0.00,20.00
2026-07-27,13913153892,信息流-小牛-刮水器-京东主体-代运营-新人1分钱-0720-10101434066164-历史爆品-625-11,0.04,4,0,0.00,0.00,0.00
2026-07-27,13799925653,CH-SC-广义新-10158258669630-新综合频道-居家布艺-京喜拉新-剪辑-转化引导-居家布艺-20260706-无-625-aigc-11,0.04,5,0,0.00,0.00,0.00
2026-07-27,13957190022,信息流-小牛-独头蒜-三方主体-代运营-新人福利价-0724-10209805116351-大盘扒改-625-4,0.04,1,0,0.00,0.00,0.00
2026-07-27,13815431986,CH-PRJ-采销项目-10227170510852-快手-本地生活-无-剪辑-转化引导-本地生活-20260710-无-625-5,0.04,3,1,0.00,0.00,33.33
2026-07-27,13547603878,CH-SC-低活-10140207411553-超级抢购加补-文教文化用品-无-剪辑-转化引导-文教文化用品-20260611-无-625-14,0.04,45,0,0.00,0.00,0.00
2026-07-27,13776646990,CH-SC-广义新-10118706992345-新综合频道-纸品-京喜拉新-剪辑-转化引导-纸品-20260702-无-625-aigc-5,0.04,21,0,0.00,0.00,0.00
2026-07-27,13836034892,CH-SC-低活-10223482211866-超级抢购-生活日用-无-剪辑-转化引导-生活日用-20260703-无-625-1,0.04,14,0,0.00,0.00,0.00
2026-07-27,13746324829,CH-SC-低活-10139440032542-超级抢购5元-运动户外-无-剪辑-转化引导-运动户外-20260630-无-625-aigc-3,0.04,2,0,0.00,0.00,0.00
2026-07-27,13946593025,信息流-小牛-电煮锅-京东主体-代运营-新人福利价-0723-10125368295124-设计自选-625-aigc-12,0.04,4,1,0.00,0.00,25.00
2026-07-27,13846317793,CH-SC-低活-10140917922437-超级抢购-家庭清洁-无-剪辑-转化引导-家庭清洁-20260708-无-625-aigc-17,0.04,3,0,0.00,0.00,0.00
2026-07-27,13873195263,CH-SC-低活-10140917922437-超级抢购-家庭清洁-无-剪辑-转化引导-家庭清洁-20260709-无-625-aigc-6,0.04,4,3,0.00,0.00,75.00
2026-07-27,13939938577,CH-SC-广义新-10150604147722-新综合频道-箱包皮具-京喜拉新-剪辑-转化引导-箱包皮具-20260720-反向-625-9,0.04,5,1,0.00,0.00,20.00
2026-07-27,13746336127,CH-SC-低活-10081585918372-超级抢购加补-纸品-无-剪辑-转化引导-纸品-20260630-无-625-aigc-8,0.04,5,2,0.00,0.00,40.00
2026-07-27,13559885872,CH-SC-广义新-10120132288166-新综合频道-运动户外-京喜拉新-剪辑-转化引导-运动户外-20260612-无-625-8,0.04,15,0,0.00,0.00,0.00
2026-07-27,13916288347,CH-SC-低活-10130886489325-超级抢购-厨具-无-剪辑-转化引导-厨具-20260715-无-625-4,0.04,28,0,0.00,0.00,0.00
2026-07-27,13941342898,信息流-小牛-手机支架-三方主体-代运营-新人福利价-0723-10139440032542 -设计自选-625-6,0.04,3,0,0.00,0.00,0.00
2026-07-27,13960082328,信息流-小牛-抽纸-三方主体-代运营-新人福利价-0724-10105196309536 -历史爆品-625-4,0.04,5,0,0.00,0.00,0.00
2026-07-27,13946590312,信息流-小牛-电煮锅-京东主体-代运营-新人福利价-0723-10125368295124-设计自选-625-aigc-9,0.04,33,0,0.00,0.00,0.00
2026-07-27,13913296498,信息流-小牛-电煮锅-京东主体-代运营-新人福利价-0720-10115067968253-625-设计自选-aigc-21,0.04,4,1,0.00,0.00,25.00
2026-07-27,13559886877,CH-SC-广义新-10120132288166-新综合频道-运动户外-京喜拉新-剪辑-转化引导-运动户外-20260612-无-625-1,0.03,15,0,0.00,0.00,0.00
2026-07-27,13916495528,CH-SC-广义新-10040988734451-新10元话费券-无-无-剪辑-转化引导-无-20260715-无-625-10,0.03,2,0,0.00,0.00,0.00
2026-07-27,13913280667,信息流-小牛-电煮锅-京东主体-代运营-新人福利价-0720-10115067968253-625-设计自选-aigc-9,0.03,4,0,0.00,0.00,0.00
2026-07-27,13547608214,CH-SC-低活-10140207411553-超级抢购加补-文教文化用品-无-剪辑-转化引导-文教文化用品-20260611-无-625-12,0.03,223,9,0.00,0.00,4.04
2026-07-27,13957194157,信息流-小牛-无骨鸡爪-三方主体-代运营-新人福利价-0724-10181243448351-大盘扒改-625-3,0.03,67,2,0.00,0.00,2.99
2026-07-27,13352561956,CH-SC-低活-10081585918372-超级抢购-家庭清洁纸品-无-剪辑-转化引导-家庭清洁纸品-20260521-无-625-9,0.03,6,1,0.00,0.00,16.67
2026-07-27,13872651072,CH-SC-广义新-10136363822650 -新综合频道-纸品-京喜拉新-剪辑-转化引导-纸品-20260714-无-625-7,0.03,7,0,0.00,0.00,0.00
2026-07-27,13873260691,CH-SC-低活-10081585918372-超级抢购-纸品-无-剪辑-转化引导-纸品-20260702-无-625-aigc-1,0.03,3,0,0.00,0.00,0.00
2026-07-27,13946554762,信息流-小牛-车载支架-京东主体-代运营-新人福利价-0723-10139440032542-设计自选-625-aigc-2,0.03,11,0,0.00,0.00,0.00
2026-07-27,13522274121,CH-SC-广义新-10117891615029-新综合频道-家庭清洁-京喜拉新-剪辑-转化引导-家庭清洁-20260609-无-625-aigc-4,0.03,7,0,0.00,0.00,0.00
2026-07-27,13776504220,CH-SC-广义新-10143318867797-新综合频道-厨具-京喜拉新-剪辑-转化引导-厨具-20260702-反向-625-aigc-6,0.03,1,0,0.00,0.00,0.00
2026-07-27,13860578733,CH-SC-广义新-10215307938752-新综合频道-鞋靴-京喜拉新-剪辑-转化引导-鞋靴-20260713-反向-625-aigc-1,0.03,1,0,0.00,0.00,0.00
2026-07-27,13486882714,CH-SC-广义新-无-新10元话费券-10元话费券-京喜拉新-剪辑-转化引导-10元话费券-20260605-无-625-25,0.03,7,2,0.00,0.00,28.57
2026-07-27,13937234512,信息流-小牛-洗衣粉-低活-代运营-福利价-0722-10174693254918-深海货盘-625-5,0.03,1,1,0.00,0.00,100.00
2026-07-27,13939878634,CH-SC-广义新-10201862878352 -新综合频道-厨具-京喜拉新-剪辑-转化引导-厨具-20260717-无-625-aigc-6,0.03,18,0,0.00,0.00,0.00
2026-07-27,13939871842,CH-SC-广义新-10217878263924 -新综合频道-汽车用品-京喜拉新-剪辑-转化引导-汽车用品-20260717-无-625-12,0.03,13,0,0.00,0.00,0.00
2026-07-27,13916105958,CH-SC-广义新-10184972523548-新综合频道-厨具-京喜拉新-剪辑-转化引导-厨具-20260716-反向-625-aigc-9,0.03,14,0,0.00,0.00,0.00
2026-07-27,13835202290,CH-SC-广义新-10139440032542-新综合频道-运动户外-京喜拉新-剪辑-转化引导-运动户外-20260708-无-625-aigc-2,0.03,10,0,0.00,0.00,0.00
2026-07-27,13835224054,CH-SC-广义新-10153911006548-新综合频道-粮油调味-京喜拉新-剪辑-转化引导-粮油调味-20260708-无-625-aigc-16,0.03,5,0,0.00,0.00,0.00
2026-07-27,13846319643,CH-SC-低活-10140917922437-超级抢购-家庭清洁-无-剪辑-转化引导-家庭清洁-20260708-无-625-aigc-4,0.02,1,0,0.00,0.00,0.00
2026-07-27,13776521705,CH-SC-广义新-10130866966155-新综合频道-服饰内衣-京喜拉新-剪辑-转化引导-服饰内衣-20260702-无-625-aigc-9,0.02,20,0,0.00,0.00,0.00
2026-07-27,13776599474,CH-SC-广义新-10177393646076-新综合频道-灯饰照明-京喜拉新-剪辑-转化引导-灯饰照明-20260702-反向-625-aigc-14,0.02,5,0,0.00,0.00,0.00
2026-07-27,13536545311,CH-SC-低活-10219841541026-超级抢购加补-厨具-无-剪辑-转化引导-厨具-20260610-无-625-aigc-3,0.02,4,0,0.00,0.00,0.00
2026-07-27,13746139217,CH-SC-低活-10154156974144-超级抢购-厨具-无-剪辑-转化引导-厨具-20260701-无-625-aigc-14,0.02,29,0,0.00,0.00,0.00
2026-07-27,13746143935,CH-SC-低活-10154156974144-超级抢购-厨具-无-剪辑-转化引导-厨具-20260701-无-625-aigc-18,0.02,47,0,0.00,0.00,0.00
2026-07-27,13846389536,CH-SC-低活-10112643484929-超级抢购-手机通讯-无-剪辑-转化引导-手机通讯-20260708-无-625-aigc-16,0.02,2,1,0.00,0.00,50.00
2026-07-27,13939872966,CH-SC-广义新-10217878263924 -新综合频道-汽车用品-京喜拉新-剪辑-转化引导-汽车用品-20260717-无-625-16,0.02,8,0,0.00,0.00,0.00
2026-07-27,13860589367,CH-SC-广义新-10215307938752-新综合频道-鞋靴-京喜拉新-剪辑-转化引导-鞋靴-20260713-反向-625-aigc-8,0.02,17,1,0.00,0.00,5.88
2026-07-27,13651876554,CH-SC-广义新-10125368295124-新综合频道-家用电器-京喜拉新-剪辑-转化引导-家用电器-20260623-无-625-7,0.02,26,1,0.00,0.00,3.85
2026-07-27,13592283524,CH-SC-低活-10156925961082-超级抢购加补-家用电器-无-剪辑-转化引导-家用电器-20260616-无-625-aigc-14,0.02,4,0,0.00,0.00,0.00
2026-07-27,13939892050,CH-SC-广义新-10201862878352 -新综合频道-厨具-京喜拉新-剪辑-转化引导-厨具-20260717-无-625-aigc-24,0.02,7,0,0.00,0.00,0.00
2026-07-27,13913276373,信息流-小牛-电煮锅-京东主体-代运营-新人福利价-0720-10115067968253-625-设计自选-aigc-4,0.02,1,0,0.00,0.00,0.00
2026-07-27,13916304807,CH-SC-低活-10140917922437-超级抢购-家庭清洁-无-剪辑-转化引导-家庭清洁-20260715-无-625-aigc-1,0.02,16,0,0.00,0.00,0.00
2026-07-27,13776526368,CH-SC-广义新-10130866966155-新综合频道-服饰内衣-京喜拉新-剪辑-转化引导-服饰内衣-20260702-无-625-aigc-13,0.02,20,0,0.00,0.00,0.00
2026-07-27,13746340384,CH-SC-低活-10081585918372-超级抢购加补-纸品-无-剪辑-转化引导-纸品-20260630-无-625-aigc-2,0.02,14,0,0.00,0.00,0.00
2026-07-27,13881545800,CH-SC-广义新-10102020339908 -新综合频道-数码-京喜拉新-剪辑-转化引导-数码-20260715-无-625-9,0.02,15,1,0.00,0.00,6.67
2026-07-27,13836024992,CH-SC-低活-10118706992345-超级抢购-纸品-无-剪辑-转化引导-纸品-20260702-无-625-aigc-8,0.02,17,0,0.00,0.00,0.00
2026-07-27,13407970309,CH-SC-广义新-10159656246030-新综合频道-电脑-京喜拉新-剪辑-转化引导-电脑-20260527-反向-625-aigc-9,0.02,34,4,0.00,0.00,11.76
2026-07-27,13913285324,信息流-小牛-电煮锅-京东主体-代运营-新人福利价-0720-10115067968253-625-设计自选-aigc-10,0.02,5,0,0.00,0.00,0.00
2026-07-27,13536519326,CH-SC-广义新-10127068425204-新综合频道-收纳用品-京喜拉新-剪辑-转化引导-收纳用品-20260610-无-625-7,0.02,8,0,0.00,0.00,0.00
2026-07-27,13939898143,CH-SC-广义新-10183880057418 -新综合频道-箱包皮具-京喜拉新-剪辑-转化引导-箱包皮具-20260717-无-625-aigc-4,0.02,11,0,0.00,0.00,0.00
2026-07-27,13873197666,CH-SC-低活-10140917922437-超级抢购-家庭清洁-无-剪辑-转化引导-家庭清洁-20260709-无-625-aigc-7,0.02,3,0,0.00,0.00,0.00
2026-07-27,13873247091,CH-SC-低活-10217740550325-超级抢购-箱包皮具-无-剪辑-转化引导-箱包皮具-20260713-无-625-aigc-10,0.02,1,0,0.00,0.00,0.00
2026-07-27,13746193220,CH-SC-低活-10154156974144-超级抢购-厨具-无-剪辑-转化引导-厨具-20260701-无-625-aigc-3,0.02,68,0,0.00,0.00,0.00
2026-07-27,13421929028,CH-SC-广义新-10155085148227-新综合频道-家用电器-京喜拉新-剪辑-转化引导-家用电器-20260528-无-625-10,0.02,3,0,0.00,0.00,0.00
2026-07-27,13746199607,CH-SC-低活-10154156974144-超级抢购-厨具-无-剪辑-转化引导-厨具-20260701-无-625-aigc-7,0.02,38,2,0.00,0.00,5.26
2026-07-27,13776675932,CH-SC-广义新-10118706992345-新综合频道-纸品-京喜拉新-剪辑-转化引导-纸品-20260702-无-625-aigc-1,0.02,7,0,0.00,0.00,0.00
2026-07-27,13873245744,CH-SC-低活-10217740550325-超级抢购-箱包皮具-无-剪辑-转化引导-箱包皮具-20260713-无-625-aigc-8,0.02,4,0,0.00,0.00,0.00
2026-07-27,13873194156,CH-SC-低活-10140917922437-超级抢购-家庭清洁-无-剪辑-转化引导-家庭清洁-20260709-无-625-aigc-5,0.02,8,0,0.00,0.00,0.00
2026-07-27,13835214491,CH-SC-广义新-10153911006548-新综合频道-粮油调味-京喜拉新-剪辑-转化引导-粮油调味-20260708-无-625-aigc-1,0.02,4,0,0.00,0.00,0.00
2026-07-27,13341765349,CH-SC-广义新-10219841541026-新综合频道-厨具-京喜拉新-剪辑-转化引导-厨具-20260520-反向-625-7,0.02,1,0,0.00,0.00,0.00
2026-07-27,13957187571,信息流-小牛-拼豆-三方主体-代运营-新人福利价-0724-10191018980880-大盘扒改-625-1,0.02,8,0,0.00,0.00,0.00
2026-07-27,13939901210,CH-SC-广义新-10183880057418 -新综合频道-箱包皮具-京喜拉新-剪辑-转化引导-箱包皮具-20260717-无-625-aigc-7,0.02,4,1,0.00,0.00,25.00
2026-07-27,13799909221,CH-SC-广义新-10118706992345-新综合频道-纸品-京喜拉新-剪辑-转化引导-纸品-20260707-无-625-aigc-17,0.02,8,0,0.00,0.00,0.00
2026-07-27,13939883991,CH-SC-广义新-10201862878352 -新综合频道-厨具-京喜拉新-剪辑-转化引导-厨具-20260717-无-625-aigc-12,0.02,10,0,0.00,0.00,0.00
2026-07-27,13939877678,CH-SC-广义新-10201862878352 -新综合频道-厨具-京喜拉新-剪辑-转化引导-厨具-20260717-无-625-aigc-4,0.02,8,0,0.00,0.00,0.00
2026-07-27,13916092866,CH-SC-广义新-10184972523548-新综合频道-厨具-京喜拉新-剪辑-转化引导-厨具-20260716-反向-625-aigc-3,0.01,15,0,0.00,0.00,0.00
2026-07-27,13846015115,CH-SC-广义新-10140917922437-新综合频道-家庭清洁-京喜拉新-剪辑-转化引导-家庭清洁-20260710-无-625-aigc-11,0.01,5,0,0.00,0.00,0.00
2026-07-27,13815439536,CH-PRJ-采销项目-10227170510852-快手-本地生活-无-剪辑-转化引导-本地生活-20260710-无-625-12,0.01,1,1,0.00,0.00,100.00
2026-07-27,13845985981,CH-SC-广义新-10120961944861-新综合频道-运动户外 -京喜拉新-剪辑-转化引导-运动户外 -20260710-无-625-aigc-10,0.01,1,0,0.00,0.00,0.00
2026-07-27,13916091946,CH-SC-广义新-10184972523548-新综合频道-厨具-京喜拉新-剪辑-转化引导-厨具-20260716-反向-625-aigc-5,0.01,15,0,0.00,0.00,0.00
2026-07-27,13614653474,CH-SC-低活-10147800266661-超级抢购加补-家庭清洁-无-剪辑-转化引导-家庭清洁-20260618-无-625-aigc-10,0.01,7,2,0.00,0.00,28.57
2026-07-27,13916494785,CH-SC-广义新-10040988734451-新10元话费券-无-无-剪辑-转化引导-无-20260715-无-625-14,0.01,5,0,0.00,0.00,0.00
2026-07-27,13957178306,信息流-小牛-保温饭盒-三方主体-代运营-新人福利价-0724-10125420247464-大盘扒改-625-4,0.01,14,0,0.00,0.00,0.00
2026-07-27,13722927047,CH-SC-低活-10118706992345-超级抢购加补-纸品-无-剪辑-转化引导-纸品-20260629-无-625-aigc-4,0.01,1,0,0.00,0.00,0.00
2026-07-27,13352555432,CH-SC-低活-10081585918372-超级抢购-家庭清洁纸品-无-剪辑-转化引导-家庭清洁纸品-20260521-无-625-18,0.01,1,1,0.00,0.00,100.00
2026-07-27,13559888815,CH-SC-广义新-10139440032542-新综合频道-运动户外-京喜拉新-剪辑-转化引导-运动户外-20260612-无-625-9,0.01,4,0,0.00,0.00,0.00
2026-07-27,13776588223,CH-SC-广义新-10177393646076-新综合频道-灯饰照明-京喜拉新-剪辑-转化引导-灯饰照明-20260702-反向-625-aigc-11,0.01,3,1,0.00,0.00,33.33
2026-07-27,13746354563,CH-SC-低活-10112643484929-超级抢购加补-手机通讯-无-剪辑-转化引导-手机通讯-20260630-无-625-1,0.01,4,0,0.00,0.00,0.00
2026-07-27,13746139362,CH-SC-低活-10154156974144-超级抢购-厨具-无-剪辑-转化引导-厨具-20260701-无-625-aigc-16,0.01,63,0,0.00,0.00,0.00
2026-07-27,13776673362,CH-SC-广义新-10118706992345-新综合频道-纸品-京喜拉新-剪辑-转化引导-纸品-20260702-无-625-aigc-12,0.01,10,0,0.00,0.00,0.00
2026-07-27,13939871506,CH-SC-广义新-10217878263924 -新综合频道-汽车用品-京喜拉新-剪辑-转化引导-汽车用品-20260717-无-625-11,0.01,7,0,0.00,0.00,0.00
2026-07-27,13799919981,CH-SC-广义新-10118706992345-新综合频道-纸品-京喜拉新-剪辑-转化引导-纸品-20260707-无-625-aigc-6,0.01,1,0,0.00,0.00,0.00
2026-07-27,13746193230,CH-SC-低活-10154156974144-超级抢购-厨具-无-剪辑-转化引导-厨具-20260701-无-625-aigc-4,0.01,20,0,0.00,0.00,0.00
2026-07-27,13302406910,CH-SC-广义新-10169142079015-新综合频道-厨具-京喜拉新-剪辑-转化引导-厨具-20260515-无-625-2,0.01,18,1,0.00,0.00,5.56
2026-07-27,13559881095,CH-SC-广义新-10219369508118-新综合频道-生鲜-京喜拉新-剪辑-转化引导-生鲜-20260612-反向-625-22,0.01,0,0,0.00,0.00,0.00
2026-07-27,13835229006,CH-SC-广义新-10211029652151-新综合频道-纸品-京喜拉新-剪辑-转化引导-纸品-20260709-无-625-12,0.01,3,0,0.00,0.00,0.00
2026-07-27,13957199370,信息流-小牛-无骨鸡爪-三方主体-代运营-新人福利价-0724-10181243448351-大盘扒改-625-7,0.01,3,0,0.00,0.00,0.00
2026-07-27,13746151090,CH-SC-低活-10154156974144-超级抢购-厨具-无-剪辑-转化引导-厨具-20260701-无-625-aigc-1,0.01,54,1,0.00,0.00,1.85
2026-07-27,13746207506,CH-SC-低活-10154156974144-超级抢购-厨具-无-剪辑-转化引导-厨具-20260701-无-625-aigc-10,0.01,23,0,0.00,0.00,0.00
2026-07-27,13799911408,CH-SC-广义新-10118706992345-新综合频道-纸品-京喜拉新-剪辑-转化引导-纸品-20260707-无-625-aigc-2,0.01,5,0,0.00,0.00,0.00
2026-07-27,13836051417,CH-SC-低活-10156776256916-超级抢购-珠宝首饰-无-剪辑-转化引导-珠宝首饰-20260703-无-625-aigc-1,0.01,6,0,0.00,0.00,0.00
2026-07-27,13846396417,CH-SC-低活-10112643484929-超级抢购-手机通讯-无-剪辑-转化引导-手机通讯-20260708-无-625-aigc-21,0.01,3,0,0.00,0.00,0.00
2026-07-27,13913294798,信息流-小牛-电煮锅-京东主体-代运营-新人福利价-0720-10115067968253-625-设计自选-aigc-19,0.01,1,0,0.00,0.00,0.00
2026-07-27,13835203418,CH-SC-广义新-10139440032542-新综合频道-运动户外-京喜拉新-剪辑-转化引导-运动户外-20260708-无-625-aigc-5,0.01,4,0,0.00,0.00,0.00
2026-07-27,13916298312,CH-SC-低活-10140917922437-超级抢购-家庭清洁-无-剪辑-转化引导-家庭清洁-20260715-无-625-aigc-2,0.01,1,0,0.00,0.00,0.00
2026-07-27,13916115157,CH-SC-广义新-10155000015319-新综合频道-厨具-京喜拉新-剪辑-转化引导-厨具-20260716-无-625-aigc-7,0.01,1,0,0.00,0.00,0.00
2026-07-27,13960086134,信息流-小牛-抽纸-三方主体-代运营-新人福利价-0724-10105196309536 -历史爆品-625-10,0.01,1,0,0.00,0.00,0.00
2026-07-27,13916100740,CH-SC-广义新-10184972523548-新综合频道-厨具-京喜拉新-剪辑-转化引导-厨具-20260716-反向-625-aigc-6,0.01,21,2,0.00,0.00,9.52
2026-07-27,13746328293,CH-SC-低活-10139440032542-超级抢购5元-运动户外-无-剪辑-转化引导-运动户外-20260630-无-625-aigc-6,0.01,2,0,0.00,0.00,0.00
2026-07-27,13946565376,信息流-小牛-车载支架-京东主体-代运营-新人福利价-0723-10139440032542-设计自选-625-aigc-9,0.01,1,1,0.00,0.00,100.00
2026-07-27,13939884982,CH-SC-广义新-10201862878352 -新综合频道-厨具-京喜拉新-剪辑-转化引导-厨具-20260717-无-625-aigc-14,0.01,14,0,0.00,0.00,0.00
2026-07-27,13939947635,CH-SC-广义新-10115067968253-新综合频道-家用电器-京喜拉新-剪辑-转化引导-家用电器-20260720-无-625-aigc-17,0.01,2,0,0.00,0.00,0.00
2026-07-27,13341769458,CH-SC-广义新-10219841541026-新综合频道-厨具-京喜拉新-剪辑-转化引导-厨具-20260520-反向-625-15,0.01,8,0,0.00,0.00,0.00
2026-07-27,13939873421,CH-SC-广义新-10217878263924 -新综合频道-汽车用品-京喜拉新-剪辑-转化引导-汽车用品-20260717-无-625-17,0.01,7,1,0.00,0.00,14.29
2026-07-27,13407972630,CH-SC-广义新-10159656246030-新综合频道-电脑-京喜拉新-剪辑-转化引导-电脑-20260527-反向-625-aigc-12,0.01,37,12,0.00,0.00,32.43
2026-07-27,13872633922,CH-SC-广义新-10155085148227-新综合频道-家用电器-京喜拉新-剪辑-转化引导-家用电器-20260714-无-625-4,0.01,13,0,0.00,0.00,0.00
2026-07-27,13941342174,信息流-小牛-手机支架-三方主体-代运营-新人福利价-0723-10139440032542 -设计自选-625-5,0.01,1,0,0.00,0.00,0.00
2026-07-27,13916300749,CH-SC-低活-10140917922437-超级抢购-家庭清洁-无-剪辑-转化引导-家庭清洁-20260715-无-625-aigc-7,0.01,1,0,0.00,0.00,0.00
2026-07-27,13163602183,荣耀-XN-汽车-通用-途虎养车-混剪-260428-625-3,0.01,3,2,0.01,1.00,66.67
2026-07-27,13939872806,CH-SC-广义新-10217878263924 -新综合频道-汽车用品-京喜拉新-剪辑-转化引导-汽车用品-20260717-无-625-15,0.01,4,0,0.00,0.00,0.00
2026-07-27,13939874677,CH-SC-广义新-10217878263924 -新综合频道-汽车用品-京喜拉新-剪辑-转化引导-汽车用品-20260717-无-625-1,0.01,11,0,0.00,0.00,0.00
2026-07-27,13873273466,CH-SC-低活-10081585918372-超级抢购-纸品-无-剪辑-转化引导-纸品-20260702-无-625-aigc-12,0.01,8,0,0.00,0.00,0.00
2026-07-27,13916066977,信息流-小牛-打火机-京东主体-代运营-新人福利价-0720-10162692688878-625-设计自选-aigc-6,0.01,1,0,0.00,0.00,0.00
2026-07-27,13559886880,CH-SC-广义新-10120132288166-新综合频道-运动户外-京喜拉新-剪辑-转化引导-运动户外-20260612-无-625-2,0.01,4,0,0.00,0.00,0.00
2026-07-27,13939939621,CH-SC-广义新-10150604147722-新综合频道-箱包皮具-京喜拉新-剪辑-转化引导-箱包皮具-20260720-反向-625-12,0.01,10,0,0.00,0.00,0.00
2026-07-27,13662920826,CH-SC-广义新-10130866966155-新综合频道-服饰内衣-京喜拉新-剪辑-转化引导-服饰内衣-20260624-无-625-9,0.01,6,0,0.00,0.00,0.00
2026-07-27,13799756880,CH-SC-广义新-10157346551639-新综合频道-生鲜-京喜拉新-剪辑-转化引导-生鲜-20260706-无-625-11,0.01,16,0,0.00,0.00,0.00
2026-07-27,13916307253,CH-SC-低活-10215767576641-超级抢购-生鲜-无-剪辑-转化引导-生鲜-20260715-无-625-aigc-4,0.01,1,1,0.00,0.00,100.00
2026-07-27,13873191026,CH-SC-低活-10140917922437-超级抢购-家庭清洁-无-剪辑-转化引导-家庭清洁-20260709-无-625-aigc-2,0.01,2,0,0.00,0.00,0.00
2026-07-27,13957197484,信息流-小牛-无骨鸡爪-三方主体-代运营-新人福利价-0724-10181243448351-大盘扒改-625-6,0.00,10,0,0.00,0.00,0.00
2026-07-27,13913297224,信息流-小牛-电煮锅-京东主体-代运营-新人福利价-0720-10115067968253-625-设计自选-aigc-23,0.00,3,0,0.00,0.00,0.00
2026-07-27,13873203025,CH-SC-低活-10140917922437-超级抢购-家庭清洁-无-剪辑-转化引导-家庭清洁-20260709-无-625-aigc-11,0.00,1,0,0.00,0.00,0.00
2026-07-27,13836049057,CH-SC-低活-10156776256916-超级抢购-珠宝首饰-无-剪辑-转化引导-珠宝首饰-20260703-无-625-aigc-10,0.00,4,0,0.00,0.00,0.00
2026-07-27,13536519469,CH-SC-广义新-10127068425204-新综合频道-收纳用品-京喜拉新-剪辑-转化引导-收纳用品-20260610-无-625-8,0.00,1,0,0.00,0.00,0.00
2026-07-27,13746160729,CH-SC-低活-10100644668875-超级抢购加补-汽车用品-无-剪辑-转化引导-汽车用品-20260701-无-625-aigc-17,0.00,0,0,0.00,0.00,0.00
2026-07-27,13946569358,信息流-小牛-电煮锅-京东主体-代运营-新人福利价-0723-10125368295124-设计自选-625-aigc-3,0.00,10,0,0.00,0.00,0.00
2026-07-27,13939946153,CH-SC-广义新-10150604147722-新综合频道-箱包皮具-京喜拉新-剪辑-转化引导-箱包皮具-20260720-反向-625-10,0.00,5,1,0.00,0.00,20.00
2026-07-27,13836048947,CH-SC-低活-10156776256916-超级抢购-珠宝首饰-无-剪辑-转化引导-珠宝首饰-20260703-无-625-aigc-7,0.00,8,0,0.00,0.00,0.00
2026-07-27,13799958362,CH-SC-广义新-10139440032542-新综合频道-运动户外-京喜拉新-剪辑-转化引导-运动户外-20260703-无-625-aigc-9,0.00,1,0,0.00,0.00,0.00
2026-07-27,13941343514,信息流-小牛-手机支架-三方主体-代运营-新人福利价-0723-10139440032542 -设计自选-625-7,0.00,12,0,0.00,0.00,0.00
