日期,素材ID,素材名,消耗,展示数,点击数,转化成本,转化数,CTR,素材标签,封面链接,预览链接
2026-09-30,13685269854,CH-SC-低活-10233824843150-超级抢购加补-生活日用-无-剪辑-转化引导-生活日用-20260626-无-625-aigc-15,3445.57,141834,2240,63.81,54.00,1.58,平台一组AIGC|心如|快手重复素材|快手非低质素材|福利价|腾讯首发素材,,
2026-09-30,13846015115,CH-SC-广义新-10140917922437-新综合频道-家庭清洁-京喜拉新-剪辑-转化引导-家庭清洁-20260710-无-625-aigc-11,2009.43,122613,12741,27.15,74.00,10.39,平台一组AIGC|广义新头条|心如|快手原创素材|快手非低质素材|无价格|腾讯首发素材,,
2026-09-30,13846375083,CH-SC-低活-10112643484929-超级抢购-手机通讯-无-剪辑-转化引导-手机通讯-20260708-无-625-aigc-6,1492.57,105654,1243,49.75,30.00,1.18,DHX扒起量0706|平台一组AIGC|心如|快手重复素材|快手非低质素材|福利价,,
2026-09-30,13486885202,CH-SC-广义新-无-新10元话费券-10元话费券-京喜拉新-剪辑-转化引导-10元话费券-20260605-无-625-4,1048.47,40874,2888,29.12,36.00,7.07,快手重复素材|快手非低质素材|腾讯首发素材,,
2026-09-30,14422220800,信息流-小牛-小蜜桃-三方主体-代运营-新人福利价-260908-10231541696811 -深海货盘-625-10,1024.11,106448,4149,5.72,179.00,3.90,福利价/无价格|考古加素材混剪,,
2026-09-30,14535550616,信息流-小牛-打火机-三方主体-代运营-新人福利价-260918-10162692688878-内部实时跑量-625-7,899.52,87508,1685,28.11,32.00,1.93,,,
2026-09-30,14422209845,信息流-小牛-小蜜桃-三方主体-代运营-新人福利价-260908-10231541696811 -深海货盘-625-28,679.35,42169,1573,20.59,33.00,3.73,福利价/无价格|考古加素材混剪,,
2026-09-30,14422196886,信息流-小牛-小蜜桃-三方主体-代运营-新人福利价-260908-10231541696811 -深海货盘-625-5,665.44,52517,2842,13.05,51.00,5.41,福利价/无价格|考古加素材混剪,,
2026-09-30,13614624623,CH-SC-广义新-10134479334759-新综合频道-钟表眼镜-京喜拉新-剪辑-转化引导-钟表眼镜-20260618-无-625-aigc-7,630.26,71101,1539,16.59,38.00,2.16,平台一组AIGC|快手重复素材|快手非低质素材|腾讯首发素材,,
2026-09-30,13581450030,CH-SC-广义新-10130866966155-新综合频道-服饰内衣-京喜拉新-剪辑-转化引导-服饰内衣-20260615-反向-625-aigc-1,605.50,116001,114673,0.67,906.00,98.86,不对版！！|平台一组AIGC|广义新头条|快手重复素材|快手非低质素材|腾讯首发素材,,
2026-09-30,14095132360,CH-SC-广义新-10136363822650-新综合频道-纸品-京喜拉新-剪辑-转化引导-纸品-20260804-无-625-13,500.88,41155,4139,125.22,4.00,10.06,平台AI测试/视频/一组智能体|平台一组AIGC|广义新头条|快手重复素材|快手非低质素材|腾讯首发素材,,
2026-09-30,13873191026,CH-SC-低活-10140917922437-超级抢购-家庭清洁-无-剪辑-转化引导-家庭清洁-20260709-无-625-aigc-2,460.39,15916,571,38.37,12.00,3.59,平台一组AIGC|心如|快手重复素材|快手非低质素材|福利价|腾讯首发素材,,
2026-09-30,14029064982,信息流-小牛-折叠椅-三方主体-代运营-新人福利价-0731-10183713190151-大盘扒改-625-1,390.79,42617,709,65.13,6.00,1.66,大盘扒改|福利价/无价格,,
2026-09-30,13145015412,荣耀-XN-影音娱乐-通用-唱歌-混剪-260424-625-7,383.74,16960,11851,0.43,894.00,69.88,,,
2026-09-30,13536549173,CH-SC-低活-10219841541026-超级抢购加补-厨具-无-剪辑-转化引导-厨具-20260610-无-625-aigc-10,360.99,18966,580,20.06,18.00,3.06,平台一组AIGC|心如|快手重复素材|快手非低质素材|福利价|腾讯首发素材,,
2026-09-30,14422210490,信息流-小牛-小蜜桃-三方主体-代运营-新人福利价-260908-10231541696811 -深海货盘-625-27,342.08,25834,993,16.29,21.00,3.84,福利价/无价格|考古加素材混剪,,
2026-09-30,14318965135,CH-PRJ-采销项目-无-快手-无-无-剪辑-转化引导-无-260826-无-625-4,298.21,3211,2484,0.14,2097.00,77.36,快手重复素材|快手非低质素材,,
2026-09-30,14535548298,信息流-小牛-打火机-三方主体-代运营-新人福利价-260918-10162692688878-内部实时跑量-625-9,295.69,23552,549,22.75,13.00,2.33,,,
2026-09-30,14319042692,CH-SC-低活-10140917922437-超级抢购-家庭清洁-无-剪辑-转化引导-家庭清洁-20260820-无-625-aigc-25,287.47,4819,505,28.75,10.00,10.48,平台一组AIGC|心如|快手重复素材|快手非低质素材|福利价|腾讯首发素材,,
2026-09-30,13248257845,荣耀-XN-影音娱乐-通用-风景-混剪-260508-625-5,283.52,11839,8216,0.66,430.00,69.40,,,
2026-09-30,14529789444,信息流-小牛-停车号码牌-三方主体-代运营-新人福利价-260917-10203964359828-内部实时跑量-625-3,217.80,19031,149,19.80,11.00,0.78,,,
2026-09-30,14309304111,信息流-小牛-工具箱-三方主体-代运营-新人福利价-260827-10114015186364-内部实时跑量-625-aigc-38,198.26,16539,322,49.57,4.00,1.95,平台一组AIGC|福利价/无价格|考古加素材混剪,,
2026-09-30,13603383616,CH-SC-低活-10217740550325-超级抢购加补-箱包皮具-无-剪辑-转化引导-箱包皮具-20260617-无-625-aigc-5,194.42,10941,327,32.40,6.00,2.99,加补1分钱|平台一组AIGC|心如|快手重复素材|快手非低质素材|腾讯首发素材,,
2026-09-30,14422196839,信息流-小牛-小蜜桃-三方主体-代运营-新人福利价-260908-10231541696811 -深海货盘-625-50,180.62,19056,445,12.04,15.00,2.34,福利价/无价格|考古加素材混剪,,
2026-09-30,14631527482,CH-SC-低活-10100542418506-超级抢购-生活日用-无-剪辑-转化引导-生活日用-260921-无-625-头条储备-44,180.07,7660,104,90.04,2.00,1.36,,,
2026-09-30,14319047409,CH-SC-低活-10140917922437-超级抢购-家庭清洁-无-剪辑-转化引导-家庭清洁-20260820-无-625-aigc-8,178.36,12942,652,25.48,7.00,5.04,平台一组AIGC|心如|快手原创素材|快手非低质素材|福利价|腾讯首发素材,,
2026-09-30,14422219317,信息流-小牛-小蜜桃-三方主体-代运营-新人福利价-260908-10231541696811 -深海货盘-625-12,162.18,9633,368,81.09,2.00,3.82,福利价/无价格|考古加素材混剪,,
2026-09-30,13559845061,CH-PRJ-采销项目-10204138700158-快手安卓-外卖美食-无-剪辑-转化引导-外卖美食-20260612-无-625-9,156.45,2666,1799,0.16,968.00,67.48,快手重复素材|快手非低质素材,,
2026-09-30,13522213672,CH-SC-低活-10113209119177-超级抢购加补-电动车-无-剪辑-转化引导-电动车-20260609-无-625-aigc-8,154.96,9993,1981,17.22,9.00,19.82,DHX扒起量0608|不对版！！|平台一组AIGC|心如|快手重复素材|快手非低质素材,,
2026-09-30,14086782388,信息流-小牛-陶瓷碗-三方主体-代运营-新人福利价-0806-10129451028601-客户推品-625-4,150.87,13262,188,50.29,3.00,1.42,客供|福利价/无价格,,
2026-09-30,14516402439,CH-SC-低活-10176978592631-超级抢购-家具-无-剪辑-转化引导-家具-260915-无-625-13,145.50,5527,607,0.00,0.00,10.98,心如|福利价,,
2026-09-30,13145024268,荣耀-XN-影音娱乐-通用-萌宠-混剪-260424-625-10,141.29,16685,5141,0.56,251.00,30.81,,,
2026-09-30,13603317054,CH-SC-广义新-10118706992345-新综合频道-纸品-无-剪辑-转化引导-纸品-20260617-无-625-aigc-8,137.55,38628,36360,0.61,225.00,94.13,平台一组AIGC|广义新头条|快手原创素材|快手非低质素材,,
2026-09-30,14516447747,CH-SC-低活-10111392494770-超级抢购-收纳用品-无-剪辑-转化引导-收纳用品-20260911-无-625-4,136.33,6182,106,136.33,1.00,1.71,心如|福利价,,
2026-09-30,14486253331,信息流-小牛-毛毯-三方主体-代运营-新人福利价-260914-10146450179286-商务选品-625-18,135.40,7951,164,19.34,7.00,2.06,快手原创素材|快手非低质素材|福利价/无价格,,
2026-09-30,14516446813,CH-SC-低活-10111392494770-超级抢购-收纳用品-无-剪辑-转化引导-收纳用品-20260911-无-625-5,114.93,12715,252,16.42,7.00,1.98,心如|福利价,,
2026-09-30,14516443244,CH-SC-低活-10111392494770-超级抢购-收纳用品-无-剪辑-转化引导-收纳用品-20260911-无-625-11,113.36,4062,1640,56.68,2.00,40.37,心如|福利价,,
2026-09-30,14535530355,信息流-小牛-打火机-三方主体-代运营-新人福利价-260918-10162692688878-内部实时跑量-625-24,102.75,11200,154,17.13,6.00,1.38,,,
2026-09-30,14516404311,CH-SC-低活-10176978592631-超级抢购-家具-无-剪辑-转化引导-家具-260915-无-625-12,95.40,8846,854,0.00,0.00,9.65,心如|福利价,,
2026-09-30,14422211840,信息流-小牛-小蜜桃-三方主体-代运营-新人福利价-260908-10231541696811 -深海货盘-625-3,89.40,12759,409,6.39,14.00,3.21,福利价/无价格|考古加素材混剪,,
2026-09-30,14033674081,信息流-小牛-折叠椅-京东主体-代运营-新人福利价-0731-10183713190151-设计自选-625-8,87.47,6534,171,43.74,2.00,2.62,福利价/无价格,,
2026-09-30,14535539490,信息流-小牛-打火机-三方主体-代运营-新人福利价-260918-10162692688878-内部实时跑量-625-17,86.58,3084,158,10.82,8.00,5.12,,,
2026-09-30,14487659517,信息流-小牛-毛毯-三方主体-代运营-新人福利价-260914-10146450179286-商务选品-625-43,81.84,5064,163,40.92,2.00,3.22,快手原创素材|快手非低质素材|福利价/无价格,,
2026-09-30,14086782805,信息流-小牛-陶瓷碗-三方主体-代运营-新人福利价-0806-10129451028601-客户推品-625-1,81.67,15340,270,81.67,1.00,1.76,客供|福利价/无价格,,
2026-09-30,13846321758,CH-SC-低活-10140917922437-超级抢购-家庭清洁-无-剪辑-转化引导-家庭清洁-20260708-无-625-aigc-3,74.87,6307,212,24.96,3.00,3.36,平台一组AIGC|心如|快手重复素材|快手非低质素材|福利价|腾讯首发素材,,
2026-09-30,13846397896,CH-SC-低活-10112643484929-超级抢购-手机通讯-无-剪辑-转化引导-手机通讯-20260708-无-625-aigc-1,72.62,2740,63,36.31,2.00,2.30,DHX扒起量0706|平台一组AIGC|心如|快手重复素材|快手非低质素材|福利价|腾讯首发素材,,
2026-09-30,14516516813,CH-SC-低活-10113209119177-超级抢购-电动车-无-剪辑-转化引导-电动车-260907-无-625-13,63.67,17176,280,0.00,0.00,1.63,心如|福利价,,
2026-09-30,14554228899,CH-SC-低活-10140917922437-超级抢购-家庭清洁-无-剪辑-转化引导-家庭清洁-20260918-无-625-aigc-16,63.09,17494,858,0.00,0.00,4.90,,,
2026-09-30,14562134189,CH-PRJ-采销项目-无-快手-无-无-剪辑-转化引导-无-260911-无-625-12,62.78,2079,147,2.09,30.00,7.07,,,
2026-09-30,14422193816,信息流-小牛-小蜜桃-三方主体-代运营-新人福利价-260908-10231541696811 -深海货盘-625-6,61.55,14291,666,10.26,6.00,4.66,福利价/无价格|考古加素材混剪,,
2026-09-30,14422218760,信息流-小牛-小蜜桃-三方主体-代运营-新人福利价-260908-10231541696811 -深海货盘-625-15,58.63,6309,144,29.32,2.00,2.28,福利价/无价格|考古加素材混剪,,
2026-09-30,14631527392,CH-SC-低活-10100542418506-超级抢购-生活日用-无-剪辑-转化引导-生活日用-260921-无-625-头条储备-aigc-14,57.76,3294,64,57.76,1.00,1.94,,,
2026-09-30,13352556383,CH-SC-低活-10081585918372-超级抢购-家庭清洁纸品-无-剪辑-转化引导-家庭清洁纸品-20260521-无-625-17,54.92,40409,280,0.00,0.00,0.69,快手重复素材|快手非低质素材|腾讯首发素材,,
2026-09-30,14238399476,信息流-小牛-雨伞-三方主体-代运营-新人福利价-0820-10130866966155-内部实时跑量-625-17,53.89,1788,84,17.96,3.00,4.70,有米云素材混剪|福利价/无价格|腾讯首发素材,,
2026-09-30,14486255452,信息流-小牛-毛毯-三方主体-代运营-新人福利价-260914-10146450179286-商务选品-625-16,53.78,6330,145,26.89,2.00,2.29,快手原创素材|快手非低质素材|福利价/无价格,,
2026-09-30,14535543360,信息流-小牛-打火机-三方主体-代运营-新人福利价-260918-10162692688878-内部实时跑量-625-14,50.96,1937,95,25.48,2.00,4.90,,,
2026-09-30,14318981628,CH-SC-广义新-10146456039187-新综合频道-纸品-京喜拉新-剪辑-转化引导-纸品-260827-无-625-aigc-6,49.51,1439,209,24.76,2.00,14.52,平台AI测试/视频/一组智能体|平台一组AIGC|快手重复素材|快手非低质素材,,
2026-09-30,14516446475,CH-SC-低活-10111392494770-超级抢购-收纳用品-无-剪辑-转化引导-收纳用品-20260911-无-625-6,48.90,1682,25,0.00,0.00,1.49,心如|福利价,,
2026-09-30,14318983392,CH-SC-广义新-10146456039187-新综合频道-纸品-京喜拉新-剪辑-转化引导-纸品-260827-无-625-aigc-2,47.44,8593,360,0.00,0.00,4.19,平台AI测试/视频/一组智能体|平台一组AIGC|快手重复素材|快手非低质素材,,
2026-09-30,14319046111,CH-SC-低活-10140917922437-超级抢购-家庭清洁-无-剪辑-转化引导-家庭清洁-20260820-无-625-aigc-12,47.27,35036,145,0.00,0.00,0.41,平台AI测试/视频/一组智能体|平台一组AIGC|心如|快手原创素材|快手非低质素材|福利价,,
2026-09-30,14095134373,CH-SC-广义新-10136363822650-新综合频道-纸品-京喜拉新-剪辑-转化引导-纸品-20260804-无-625-16,46.20,4410,428,0.00,0.00,9.71,广义新头条|快手重复素材|快手非低质素材|腾讯首发素材,,
2026-09-30,14488336904,信息流-小牛-大月饼-三方主体-代运营-新人福利价-260914-10163022037983-内部实时跑量-625-14,44.99,6232,117,44.99,1.00,1.88,福利价/无价格|考古加素材混剪,,
2026-09-30,14422271056,信息流-小牛-真空袋-三方主体-代运营-新人福利价-260908-10212584519594-内部实时跑量-625-26,42.75,4397,67,14.25,3.00,1.52,福利价/无价格|考古加素材混剪,,
2026-09-30,14486256691,信息流-小牛-毛毯-三方主体-代运营-新人福利价-260914-10146450179286-商务选品-625-14,42.29,3569,76,21.15,2.00,2.13,快手原创素材|快手非低质素材|福利价/无价格,,
2026-09-30,13846370672,CH-SC-低活-10112643484929-超级抢购-手机通讯-无-剪辑-转化引导-手机通讯-20260708-无-625-aigc-4,41.66,877,15,0.00,0.00,1.71,DHX扒起量0706|平台一组AIGC|心如|快手重复素材|快手非低质素材|福利价|腾讯首发素材,,
2026-09-30,13559844692,CH-PRJ-采销项目-10204138700158-快手安卓-外卖美食-无-剪辑-转化引导-外卖美食-20260612-无-625-7,41.41,918,477,0.14,297.00,51.96,快手重复素材|快手非低质素材,,
2026-09-30,14422270071,信息流-小牛-真空袋-三方主体-代运营-新人福利价-260908-10212584519594-内部实时跑量-625-27,39.24,3876,69,13.08,3.00,1.78,福利价/无价格|考古加素材混剪,,
2026-09-30,13916303997,CH-SC-低活-10140917922437-超级抢购-家庭清洁-无-剪辑-转化引导-家庭清洁-20260715-无-625-aigc-15,39.16,2045,585,0.00,0.00,28.61,平台一组AIGC|心如|快手重复素材|快手非低质素材|无价格|腾讯首发素材,,
2026-09-30,14516403810,CH-SC-低活-10176978592631-超级抢购-家具-无-剪辑-转化引导-家具-260915-无-625-11,38.11,813,41,0.00,0.00,5.04,心如|福利价,,
2026-09-30,14374685119,信息流-小牛-苹果-三方主体-代运营-新人福利价-260903-10186710590960-历史爆品-625-42,37.11,4794,62,12.37,3.00,1.29,原生|福利价/无价格|考古加素材混剪,,
2026-09-30,14422276750,信息流-小牛-真空袋-三方主体-代运营-新人福利价-260908-10212584519594-内部实时跑量-625-2,37.02,4049,80,37.02,1.00,1.98,福利价/无价格|考古加素材混剪,,
2026-09-30,14422195635,信息流-小牛-小蜜桃-三方主体-代运营-新人福利价-260908-10231541696811 -深海货盘-625-49,36.61,2789,76,18.31,2.00,2.72,福利价/无价格|考古加素材混剪,,
2026-09-30,14535554502,信息流-小牛-打火机-三方主体-代运营-新人福利价-260918-10162692688878-内部实时跑量-625-66,35.80,1294,41,0.00,0.00,3.17,,,
2026-09-30,14197477406,CH-SC-低活-10129451028601-超级抢购-厨具-无-剪辑-转化引导-厨具-20260811-无-625-aigc-5,34.30,670,32,17.15,2.00,4.78,平台一组AIGC,,
2026-09-30,14197432726,CH-SC-低活-10199184867564-外卖1分购-外卖美食-无-剪辑-转化引导-外卖美食-20260810-无-625-14,33.28,868,35,0.00,0.00,4.03,心如|福利价,,
2026-09-30,14374704763,信息流-小牛-苹果-三方主体-代运营-新人福利价-260903-10186710590960-历史爆品-625-21,33.08,2180,63,0.00,0.00,2.89,原生|福利价/无价格|考古加素材混剪,,
2026-09-30,14092631035,信息流-小牛-西瓜-三方主体-代运营-新人福利价-0806-10215767576641-历史爆品-625-1,31.39,3107,86,31.39,1.00,2.77,头条/京东标点/有量素材混剪|福利价/无价格,,
2026-09-30,13846396417,CH-SC-低活-10112643484929-超级抢购-手机通讯-无-剪辑-转化引导-手机通讯-20260708-无-625-aigc-21,28.97,2741,272,28.97,1.00,9.92,DHX扒起量0706|平台一组AIGC|心如|快手重复素材|快手非低质素材|福利价,,
2026-09-30,14516513717,CH-SC-低活-10113209119177-超级抢购-电动车-无-剪辑-转化引导-电动车-260907-无-625-22,28.90,2326,221,0.00,0.00,9.50,心如|福利价,,
2026-09-30,14535561616,信息流-小牛-打火机-三方主体-代运营-新人福利价-260918-10162692688878-内部实时跑量-625-62,28.19,3455,42,0.00,0.00,1.22,,,
2026-09-30,14535553937,信息流-小牛-打火机-三方主体-代运营-新人福利价-260918-10162692688878-内部实时跑量-625-3,28.10,755,40,0.00,0.00,5.30,,,
2026-09-30,14238265803,信息流-小牛-打火机-三方主体-代运营-新人福利价-0820-10162692688878-内部实时跑量-625-8,27.74,1891,54,27.74,1.00,2.86,有米云素材混剪|福利价/无价格|腾讯首发素材,,
2026-09-30,14422201343,信息流-小牛-小蜜桃-三方主体-代运营-新人福利价-260908-10231541696811 -深海货盘-625-45,27.48,4663,106,13.74,2.00,2.27,福利价/无价格|考古加素材混剪,,
2026-09-30,14374705382,信息流-小牛-苹果-三方主体-代运营-新人福利价-260903-10186710590960-历史爆品-625-22,26.86,2882,46,0.00,0.00,1.60,原生|福利价/无价格|考古加素材混剪,,
2026-09-30,14516315928,CH-SC-低活-10176978592631-超级抢购-家具-无-剪辑-转化引导-家具-260915-无-625-24,25.98,8460,104,0.00,0.00,1.23,心如|福利价,,
2026-09-30,14318985581,CH-SC-广义新-10146456039187-新综合频道-纸品-京喜拉新-剪辑-转化引导-纸品-260827-无-625-aigc-11,25.96,4445,134,25.96,1.00,3.01,平台一组AIGC|快手重复素材|快手非低质素材,,
2026-09-30,14631526284,CH-SC-低活-10100542418506-超级抢购-生活日用-无-剪辑-转化引导-生活日用-260927-无-625-头条储备-aigc-62,24.39,1060,15,24.39,1.00,1.42,,,
2026-09-30,14535547463,信息流-小牛-打火机-三方主体-代运营-新人福利价-260918-10162692688878-内部实时跑量-625-11,24.00,635,40,0.00,0.00,6.30,,,
2026-09-30,14488233708,信息流-小牛-大月饼-三方主体-代运营-新人福利价-260914-10163022037983-内部实时跑量-625-5,23.72,3911,69,23.72,1.00,1.76,福利价/无价格|考古加素材混剪,,
2026-09-30,14535548396,信息流-小牛-打火机-三方主体-代运营-新人福利价-260918-10162692688878-内部实时跑量-625-8,23.10,1034,37,23.10,1.00,3.58,,,
2026-09-30,14535548647,信息流-小牛-打火机-三方主体-代运营-新人福利价-260918-10162692688878-内部实时跑量-625-10,23.06,785,43,11.53,2.00,5.48,,,
2026-09-30,14369416523,信息流-小牛-菜板-三方主体-代运营-新人福利价-260903-10155000015319-内部实时跑量-625-6,22.88,2342,93,22.88,1.00,3.97,原生|快手原创素材|快手非低质素材|福利价/无价格,,
2026-09-30,13352554298,CH-SC-低活-10081585918372-超级抢购-家庭清洁纸品-无-剪辑-转化引导-家庭清洁纸品-20260521-无-625-11,21.90,15102,60,0.00,0.00,0.40,快手重复素材|快手非低质素材|腾讯首发素材,,
2026-09-30,14033668127,信息流-小牛-折叠椅-京东主体-代运营-新人福利价-0731-10183713190151-设计自选-625-1,21.68,3774,59,10.84,2.00,1.56,福利价/无价格,,
2026-09-30,14299137400,CH-PRJ-采销项目-无-快手-无-无-剪辑-转化引导-无-260825-无-625-5,20.50,187,115,0.21,100.00,61.50,快手重复素材|快手非低质素材,,
2026-09-30,14092632262,信息流-小牛-西瓜-三方主体-代运营-新人福利价-0806-10215767576641-历史爆品-625-2,19.70,1042,35,19.70,1.00,3.36,头条/京东标点/有量素材混剪|福利价/无价格,,
2026-09-30,14535546171,信息流-小牛-打火机-三方主体-代运营-新人福利价-260918-10162692688878-内部实时跑量-625-12,19.43,931,22,0.00,0.00,2.36,,,
2026-09-30,14631526307,CH-SC-低活-10100542418506-超级抢购-生活日用-无-剪辑-转化引导-生活日用-260927-无-625-头条储备-aigc-60,18.73,842,17,0.00,0.00,2.02,,,
2026-09-30,14535540774,信息流-小牛-打火机-三方主体-代运营-新人福利价-260918-10162692688878-内部实时跑量-625-16,18.57,543,23,0.00,0.00,4.24,,,
2026-09-30,14197493764,CH-SC-低活-10081585918372-超级抢购-纸品-无-剪辑-转化引导-纸品-20260803-无-625-aigc-8,18.57,6061,54,0.00,0.00,0.89,平台一组AIGC|心如|快手重复素材|快手非低质素材|福利价|腾讯首发素材,,
2026-09-30,14422258082,信息流-小牛-真空袋-三方主体-代运营-新人福利价-260908-10212584519594-内部实时跑量-625-40,18.37,1506,18,18.37,1.00,1.20,福利价/无价格|考古加素材混剪,,
2026-09-30,14535557016,信息流-小牛-打火机-三方主体-代运营-新人福利价-260918-10162692688878-内部实时跑量-625-65,17.88,1317,48,0.00,0.00,3.64,,,
2026-09-30,14299135646,CH-PRJ-采销项目-无-快手-无-无-剪辑-转化引导-无-260825-无-625-7,17.09,114,56,1.71,10.00,49.12,快手重复素材|快手非低质素材,,
2026-09-30,13614625693,CH-SC-广义新-10134479334759-新综合频道-钟表眼镜-京喜拉新-剪辑-转化引导-钟表眼镜-20260618-无-625-aigc-8,16.33,3802,1366,0.00,0.00,35.93,平台一组AIGC|快手重复素材|快手非低质素材|腾讯首发素材,,
2026-09-30,14516354432,CH-SC-低活-10118706992348-超级抢购加补-纸品-无-剪辑-转化引导-纸品-260914-无-625-56,16.21,491,14,0.00,0.00,2.85,心如,,
2026-09-30,14516362987,CH-SC-低活-10118706992348-超级抢购加补-纸品-无-剪辑-转化引导-纸品-260914-无-625-27,15.65,106,51,15.65,1.00,48.11,心如,,
2026-09-30,14369416848,信息流-小牛-菜板-三方主体-代运营-新人福利价-260903-10155000015319-内部实时跑量-625-10,15.65,2037,66,0.00,0.00,3.24,原生|快手原创素材|快手非低质素材|福利价/无价格,,
2026-09-30,14422248290,信息流-小牛-真空袋-三方主体-代运营-新人福利价-260908-10212584519594-内部实时跑量-625-53,15.46,1612,34,0.00,0.00,2.11,福利价/无价格|考古加素材混剪|腾讯首发素材,,
2026-09-30,14516352026,CH-SC-低活-10118706992348-超级抢购加补-纸品-无-剪辑-转化引导-纸品-260914-无-625-65,15.15,739,12,0.00,0.00,1.62,心如,,
2026-09-30,14535590075,信息流-小牛-打火机-三方主体-代运营-新人福利价-260918-10162692688878-内部实时跑量-625-30,14.62,1109,38,0.00,0.00,3.43,,,
2026-09-30,14238355260,信息流-小牛-打火机-三方主体-代运营-新人福利价-0820-10162692688878-内部实时跑量-625-1,14.30,520,15,0.00,0.00,2.88,有米云素材混剪|福利价/无价格,,
2026-09-30,14319045677,CH-SC-低活-10140917922437-超级抢购-家庭清洁-无-剪辑-转化引导-家庭清洁-20260820-无-625-aigc-16,14.27,8110,50,0.00,0.00,0.62,平台一组AIGC|心如|快手重复素材|快手非低质素材|福利价|腾讯首发素材,,
2026-09-30,14422192784,信息流-小牛-小蜜桃-三方主体-代运营-新人福利价-260908-10231541696811 -深海货盘-625-7,13.92,1061,46,13.92,1.00,4.34,福利价/无价格|考古加素材混剪,,
2026-09-30,14488260041,信息流-小牛-大月饼-三方主体-代运营-新人福利价-260914-10163022037983-内部实时跑量-625-aigc-6,13.76,2088,26,0.00,0.00,1.25,福利价/无价格|考古加素材混剪,,
2026-09-30,14422220976,信息流-小牛-小蜜桃-三方主体-代运营-新人福利价-260908-10231541696811 -深海货盘-625-11,13.70,1187,26,13.70,1.00,2.19,福利价/无价格|考古加素材混剪,,
2026-09-30,14422258109,信息流-小牛-真空袋-三方主体-代运营-新人福利价-260908-10212584519594-内部实时跑量-625-41,13.68,1467,21,0.00,0.00,1.43,福利价/无价格|考古加素材混剪,,
2026-09-30,14631564225,CH-SC-低活-10100542418506-超级抢购-生活日用-无-剪辑-转化引导-生活日用-260921-无-625-头条储备-15,13.55,829,7,0.00,0.00,0.84,,,
2026-09-30,14099191213,信息流-小牛-陶瓷碗-三方主体-代运营-新人福利价-0807-10129451028601-客户推品-625-1,13.51,3285,39,0.00,0.00,1.19,客供|福利价/无价格,,
2026-09-30,14197434465,CH-SC-低活-10199184867564-外卖1分购-外卖美食-无-剪辑-转化引导-外卖美食-20260810-无-625-9,13.18,426,19,13.18,1.00,4.46,心如|福利价,,
2026-09-30,14444475775,信息流-小牛-陶瓷碗-三方主体-代运营-新人1分钱-260910-10129451028601-商务选品-625-56,13.13,830,29,0.00,0.00,3.49,福利价/无价格,,
2026-09-30,14488339974,信息流-小牛-大月饼-三方主体-代运营-新人福利价-260914-10163022037983-内部实时跑量-625-11,12.16,1870,9,12.16,1.00,0.48,福利价/无价格|考古加素材混剪,,
2026-09-30,14554232419,CH-SC-低活-10233824843150-超级抢购-收纳用品-无-剪辑-转化引导-收纳用品-260918-无-625-24,11.48,468,11,0.00,0.00,2.35,,,
2026-09-30,14516454102,CH-SC-低活-10103917299332-超级抢购-厨具-无-剪辑-转化引导-厨具-20260911-无-625-25,11.17,2816,87,0.00,0.00,3.09,心如|福利价,,
2026-09-30,13939939358,CH-SC-广义新-10150604147722-新综合频道-箱包皮具-京喜拉新-剪辑-转化引导-箱包皮具-20260720-反向-625-11,11.13,8758,8544,1.24,9.00,97.56,广义新头条|心如|快手重复素材|快手非低质素材,,
2026-09-30,14422218389,信息流-小牛-小蜜桃-三方主体-代运营-新人福利价-260908-10231541696811 -深海货盘-625-16,10.92,1880,53,5.46,2.00,2.82,福利价/无价格|考古加素材混剪,,
2026-09-30,14488272236,信息流-小牛-大月饼-三方主体-代运营-新人福利价-260914-10163022037983-内部实时跑量-625-aigc-1,10.62,1541,27,10.62,1.00,1.75,福利价/无价格|考古加素材混剪,,
2026-09-30,14516318263,CH-SC-低活-10176978592631-超级抢购-家具-无-剪辑-转化引导-家具-260915-无-625-19,10.52,472,11,0.00,0.00,2.33,心如|福利价,,
2026-09-30,14529783827,信息流-小牛-停车号码牌-三方主体-代运营-新人福利价-260917-10203964359828-内部实时跑量-625-4,10.46,602,10,0.00,0.00,1.66,,,
2026-09-30,14516414038,CH-SC-低活-10233824843150-超级抢购-收纳用品-无-剪辑-转化引导-收纳用品-260915-无-625-21,10.35,697,201,0.00,0.00,28.84,心如|福利价,,
2026-09-30,13776634575,CH-SC-广义新-10177393646076-新综合频道-灯饰照明-京喜拉新-剪辑-转化引导-灯饰照明-20260702-反向-625-aigc-1,10.05,1020,72,0.00,0.00,7.06,平台一组AIGC|快手原创素材|快手非低质素材|无价格|福利价/无价格,,
2026-09-30,14374709639,信息流-小牛-苹果-三方主体-代运营-新人福利价-260903-10186710590960-历史爆品-625-17,10.01,621,14,10.01,1.00,2.25,原生|福利价/无价格|考古加素材混剪,,
2026-09-30,14516515599,CH-SC-低活-10113209119177-超级抢购-电动车-无-剪辑-转化引导-电动车-260907-无-625-16,9.81,448,8,9.81,1.00,1.79,心如|福利价,,
2026-09-30,14372718363,信息流-小牛-旋转支架-三方主体-代运营-新人福利价-260903-10112643484929-内部实时跑量-625-37,9.68,737,18,0.00,0.00,2.44,原生|福利价/无价格|考古加素材混剪,,
2026-09-30,13873198936,CH-SC-低活-10140917922437-超级抢购-家庭清洁-无-剪辑-转化引导-家庭清洁-20260709-无-625-aigc-9,9.31,189,19,9.31,1.00,10.05,平台一组AIGC|心如|快手重复素材|快手非低质素材|福利价|腾讯首发素材,,
2026-09-30,14444502883,信息流-小牛-陶瓷碗-三方主体-代运营-新人1分钱-260910-10129451028601-商务选品-625-43,9.14,945,20,9.14,1.00,2.12,快手原创素材|快手非低质素材|福利价/无价格,,
2026-09-30,14488275783,信息流-小牛-大月饼-三方主体-代运营-新人福利价-260914-10163022037983-内部实时跑量-625-47,9.03,1102,34,0.00,0.00,3.09,福利价/无价格|考古加素材混剪,,
2026-09-30,14422215528,信息流-小牛-小蜜桃-三方主体-代运营-新人福利价-260908-10231541696811 -深海货盘-625-2,8.97,953,18,8.97,1.00,1.89,福利价/无价格|考古加素材混剪,,
2026-09-30,14050217042,CH-SC-广义新-10187000434970-新综合频道-厨具-京喜拉新-剪辑-转化引导-厨具-20260730-无-625-7,8.74,902,176,0.00,0.00,19.51,广义新头条|心如|快手重复素材|快手非低质素材|腾讯首发素材,,
2026-09-30,14422202134,信息流-小牛-小蜜桃-三方主体-代运营-新人福利价-260908-10231541696811 -深海货盘-625-4,8.51,1223,38,0.00,0.00,3.11,福利价/无价格|考古加素材混剪,,
2026-09-30,14422223090,信息流-小牛-小蜜桃-三方主体-代运营-新人福利价-260908-10231541696811 -深海货盘-625-1,8.31,886,21,0.00,0.00,2.37,福利价/无价格|考古加素材混剪,,
2026-09-30,14422246925,信息流-小牛-真空袋-三方主体-代运营-新人福利价-260908-10212584519594-内部实时跑量-625-54,7.95,747,16,7.95,1.00,2.14,福利价/无价格|考古加素材混剪|腾讯首发素材,,
2026-09-30,14535589632,信息流-小牛-打火机-三方主体-代运营-新人福利价-260918-10162692688878-内部实时跑量-625-29,7.90,345,12,0.00,0.00,3.48,,,
2026-09-30,14516515440,CH-SC-低活-10113209119177-超级抢购-电动车-无-剪辑-转化引导-电动车-260907-无-625-17,7.70,775,20,0.00,0.00,2.58,心如|福利价,,
2026-09-30,14422176888,信息流-小牛-骑行支架-三方主体-代运营-新人福利价-260908-10139440032542-历史爆品-625-22,7.70,584,6,0.00,0.00,1.03,福利价/无价格|考古加素材混剪,,
2026-09-30,13352562264,CH-SC-低活-10081585918372-超级抢购-家庭清洁纸品-无-剪辑-转化引导-家庭清洁纸品-20260521-无-625-8,7.60,867,19,0.00,0.00,2.19,快手重复素材|快手非低质素材|腾讯首发素材,,
2026-09-30,13486893253,CH-SC-广义新-无-新10元话费券-10元话费券-京喜拉新-剪辑-转化引导-10元话费券-20260605-无-625-18,7.49,73,23,0.00,0.00,31.51,快手原创素材|快手非低质素材,,
2026-09-30,14535553809,信息流-小牛-打火机-三方主体-代运营-新人福利价-260918-10162692688878-内部实时跑量-625-2,7.27,162,10,0.00,0.00,6.17,,,
2026-09-30,14422273114,信息流-小牛-真空袋-三方主体-代运营-新人福利价-260908-10212584519594-内部实时跑量-625-25,6.73,522,20,3.37,2.00,3.83,福利价/无价格|考古加素材混剪,,
2026-09-30,14631526421,CH-SC-低活-10100542418506-超级抢购-生活日用-无-剪辑-转化引导-生活日用-260927-无-625-头条储备-aigc-56,6.55,229,5,0.00,0.00,2.18,,,
2026-09-30,14422275891,信息流-小牛-真空袋-三方主体-代运营-新人福利价-260908-10212584519594-内部实时跑量-625-24,6.51,654,22,3.26,2.00,3.36,福利价/无价格|考古加素材混剪,,
2026-09-30,13836049057,CH-SC-低活-10156776256916-超级抢购-珠宝首饰-无-剪辑-转化引导-珠宝首饰-20260703-无-625-aigc-10,6.47,194,3,0.00,0.00,1.55,平台一组AIGC|心如|快手重复素材|快手非低质素材|福利价,,
2026-09-30,14631527262,CH-SC-低活-10100542418506-超级抢购-生活日用-无-剪辑-转化引导-生活日用-260921-无-625-头条储备-9,6.46,364,2,0.00,0.00,0.55,,,
2026-09-30,14372742082,信息流-小牛-旋转支架-三方主体-代运营-新人福利价-260903-10112643484929-内部实时跑量-625-9,6.42,444,21,6.42,1.00,4.73,原生|福利价/无价格|考古加素材混剪,,
2026-09-30,14562120429,CH-PRJ-采销项目-无-快手-无-无-剪辑-转化引导-无-260915-无-625-4,6.37,177,105,0.14,46.00,59.32,,,
2026-09-30,14631526006,CH-SC-低活-10100542418506-超级抢购-生活日用-无-剪辑-转化引导-生活日用-260927-无-625-头条储备-aigc-64,6.29,360,4,0.00,0.00,1.11,,,
2026-09-30,14422171762,信息流-小牛-骑行支架-三方主体-代运营-新人福利价-260908-10139440032542-历史爆品-625-24,6.05,402,11,0.00,0.00,2.74,福利价/无价格|考古加素材混剪,,
2026-09-30,14631527043,CH-SC-低活-10100542418506-超级抢购-生活日用-无-剪辑-转化引导-生活日用-260927-无-625-头条储备-aigc-52,5.88,291,4,0.00,0.00,1.37,,,
2026-09-30,14033672307,信息流-小牛-折叠椅-京东主体-代运营-新人福利价-0731-10183713190151-设计自选-625-5,5.78,425,7,0.00,0.00,1.65,福利价/无价格,,
2026-09-30,13125484685,荣耀-XN-金融-通用-壁纸-混剪-纯AIGC-260422-625-13,5.73,154,41,0.96,6.00,26.62,,,
2026-09-30,13846372517,CH-SC-低活-10112643484929-超级抢购-手机通讯-无-剪辑-转化引导-手机通讯-20260708-无-625-aigc-5,5.47,277,11,0.00,0.00,3.97,DHX扒起量0706|平台一组AIGC|心如|快手重复素材|快手非低质素材|福利价,,
2026-09-30,14422208734,信息流-小牛-小蜜桃-三方主体-代运营-新人福利价-260908-10231541696811 -深海货盘-625-30,4.90,462,9,0.00,0.00,1.95,福利价/无价格|考古加素材混剪,,
2026-09-30,14562127091,CH-PRJ-采销项目-无-快手-无-无-剪辑-转化引导-无-260911-无-625-26,4.87,84,24,0.41,12.00,28.57,,,
2026-09-30,14516349065,CH-SC-低活-10111392494770-超级抢购加补-收纳用品-无-剪辑-转化引导-收纳用品-260915-无-625-22,4.85,275,77,0.00,0.00,28.00,心如,,
2026-09-30,14631526002,CH-SC-低活-10100542418506-超级抢购-生活日用-无-剪辑-转化引导-生活日用-260927-无-625-头条储备-aigc-66,4.83,359,4,0.00,0.00,1.11,,,
2026-09-30,14516511074,CH-SC-低活-10113209119177-超级抢购-电动车-无-剪辑-转化引导-电动车-260907-无-625-28,4.81,114,3,0.00,0.00,2.63,心如|福利价,,
2026-09-30,14631526756,CH-SC-低活-10100542418506-超级抢购-生活日用-无-剪辑-转化引导-生活日用-260927-无-625-头条储备-aigc-51,4.76,311,7,0.00,0.00,2.25,,,
2026-09-30,14631526977,CH-SC-低活-10100542418506-超级抢购-生活日用-无-剪辑-转化引导-生活日用-260921-无-625-头条储备-aigc-3,4.70,184,4,0.00,0.00,2.17,,,
2026-09-30,14516509983,CH-SC-低活-10113209119177-超级抢购-电动车-无-剪辑-转化引导-电动车-260907-无-625-6,4.66,100,5,4.66,1.00,5.00,心如|福利价,,
2026-09-30,14516518803,CH-SC-低活-10113209119177-超级抢购-电动车-无-剪辑-转化引导-电动车-260907-无-625-10,4.44,315,7,0.00,0.00,2.22,心如|福利价,,
2026-09-30,14516415648,CH-SC-低活-10233824843150-超级抢购-收纳用品-无-剪辑-转化引导-收纳用品-260915-无-625-22,4.43,477,124,0.00,0.00,26.00,心如|福利价,,
2026-09-30,14631525605,CH-SC-低活-10100542418506-超级抢购-生活日用-无-剪辑-转化引导-生活日用-260927-无-625-头条储备-aigc-69,4.32,241,2,0.00,0.00,0.83,,,
2026-09-30,14554232224,CH-SC-低活-10140917922437-超级抢购-家庭清洁-无-剪辑-转化引导-家庭清洁-20260918-无-625-aigc-11,4.18,306,7,4.18,1.00,2.29,,,
2026-09-30,13163378214,荣耀-XN-金融-通用-鸡汤-混剪-260428-625-31,4.16,39,6,4.16,1.00,15.38,,,
2026-09-30,13651815810,CH-SC-低活-10081585918372-超级抢购-家庭清洁纸品-无-剪辑-转化引导-家庭清洁纸品-20260623-无-625-aigc-15,4.05,63,19,0.00,0.00,30.16,平台一组AIGC|心如|快手重复素材|快手非低质素材|福利价|腾讯首发素材,,
2026-09-30,14033673881,信息流-小牛-折叠椅-京东主体-代运营-新人福利价-0731-10183713190151-设计自选-625-9,3.94,413,8,0.00,0.00,1.94,福利价/无价格,,
2026-09-30,13957181664,信息流-小牛-保温饭盒-三方主体-代运营-新人福利价-0724-10125420247464-大盘扒改-625-3,3.82,259,30,0.00,0.00,11.58,大盘扒改|福利价/无价格,,
2026-09-30,14197502167,CH-SC-低活-10081585918372-超级抢购-纸品-无-剪辑-转化引导-纸品-20260803-无-625-aigc-16,3.73,1441,7,0.00,0.00,0.49,平台一组AIGC|心如|快手重复素材|快手非低质素材|福利价|腾讯首发素材,,
2026-09-30,14535590827,信息流-小牛-打火机-三方主体-代运营-新人福利价-260918-10162692688878-内部实时跑量-625-28,3.70,141,5,0.00,0.00,3.55,,,
2026-09-30,14422200937,信息流-小牛-小蜜桃-三方主体-代运营-新人福利价-260908-10231541696811 -深海货盘-625-44,3.62,676,14,0.00,0.00,2.07,福利价/无价格|考古加素材混剪,,
2026-09-30,14463715652,CH-SC-低活-10223570717754-超级抢购-生鲜-无-剪辑-转化引导-生鲜-260903-无-625-13,3.61,231,9,0.00,0.00,3.90,心如|福利价,,
2026-09-30,13846344785,CH-SC-低活-10113209119177-超级抢购-电动车-无-剪辑-转化引导-电动车-20260708-无-625-11,3.56,120,1,0.00,0.00,0.83,平台一组AIGC|心如|福利价|腾讯首发素材,,
2026-09-30,14422212744,信息流-小牛-小蜜桃-三方主体-代运营-新人福利价-260908-10231541696811 -深海货盘-625-24,3.33,352,4,0.00,0.00,1.14,福利价/无价格|考古加素材混剪,,
2026-09-30,13352560749,CH-SC-低活-10081585918372-超级抢购-家庭清洁纸品-无-剪辑-转化引导-家庭清洁纸品-20260521-无-625-37,3.28,442,5,0.00,0.00,1.13,快手重复素材|快手非低质素材|腾讯首发素材,,
2026-09-30,14033673840,信息流-小牛-折叠椅-京东主体-代运营-新人福利价-0731-10183713190151-设计自选-625-10,3.25,665,16,3.25,1.00,2.41,福利价/无价格,,
2026-09-30,14535556657,信息流-小牛-打火机-三方主体-代运营-新人福利价-260918-10162692688878-内部实时跑量-625-64,3.24,191,9,0.00,0.00,4.71,,,
2026-09-30,14516356407,CH-SC-低活-10118706992348-超级抢购加补-纸品-无-剪辑-转化引导-纸品-260914-无-625-50,3.23,59,37,0.00,0.00,62.71,心如,,
2026-09-30,13836049721,CH-SC-低活-10156776256916-超级抢购-珠宝首饰-无-剪辑-转化引导-珠宝首饰-20260703-无-625-aigc-9,3.23,173,15,0.00,0.00,8.67,平台一组AIGC|心如|快手重复素材|快手非低质素材|福利价,,
2026-09-30,14631527264,CH-SC-低活-10100542418506-超级抢购-生活日用-无-剪辑-转化引导-生活日用-260921-无-625-头条储备-aigc-1,3.11,124,5,0.00,0.00,4.03,,,
2026-09-30,14631528282,CH-SC-低活-10100542418506-超级抢购-生活日用-无-剪辑-转化引导-生活日用-260921-无-625-头条储备-16,3.08,203,6,3.08,1.00,2.96,,,
2026-09-30,14086787831,信息流-小牛-陶瓷碗-三方主体-代运营-新人福利价-0806-10129451028601-客户推品-625-2,2.93,1145,20,0.00,0.00,1.75,客供|福利价/无价格,,
2026-09-30,14516510263,CH-SC-低活-10113209119177-超级抢购-电动车-无-剪辑-转化引导-电动车-260907-无-625-3,2.84,132,3,0.00,0.00,2.27,心如|福利价,,
2026-09-30,14217056294,CH-SC-广义新-10136363822650-新综合频道-纸品-京喜拉新-剪辑-转化引导-纸品-20260813-无-625-aigc-2,2.79,1933,1533,0.93,3.00,79.31,平台一组AIGC|快手重复素材|快手非低质素材|腾讯首发素材,,
2026-09-30,14372733516,信息流-小牛-旋转支架-三方主体-代运营-新人福利价-260903-10112643484929-内部实时跑量-625-27,2.62,221,3,0.00,0.00,1.36,原生|福利价/无价格|考古加素材混剪,,
2026-09-30,14643141673,信息流-小牛-咸鸭蛋-三方主体-代运营-新人福利价-260909-10172188378015-内部实时跑量-625-头条储备-1,2.60,113,6,2.60,1.00,5.31,,,
2026-09-30,14407837180,CH-SC-低活-10233823947947-超级抢购-生活日用-无-剪辑-转化引导-生活日用-260902-无-625-白牌-22,2.54,112,1,0.00,0.00,0.89,0820白牌|福利价,,
2026-09-30,14319048822,CH-SC-广义新-10118706992345-新综合频道-纸品 -京喜拉新-剪辑-转化引导-纸品 -260827-无-625-aigc-8,2.53,412,10,0.00,0.00,2.43,平台AI测试/视频/一组智能体|平台一组AIGC|快手原创素材|快手非低质素材|腾讯首发素材,,
2026-09-30,14374678024,信息流-小牛-苹果-三方主体-代运营-新人福利价-260903-10186710590960-历史爆品-625-48,2.46,500,3,0.00,0.00,0.60,原生|福利价/无价格|考古加素材混剪,,
2026-09-30,14631514190,CH-SC-低活-10217740550325-超级抢购-箱包皮具-无-剪辑-转化引导-箱包皮具-260921-无-625-头条储备-aigc-19,2.46,120,4,0.00,0.00,3.33,,,
2026-09-30,14422208475,信息流-小牛-小蜜桃-三方主体-代运营-新人福利价-260908-10231541696811 -深海货盘-625-33,2.38,508,8,0.00,0.00,1.57,福利价/无价格|考古加素材混剪,,
2026-09-30,14529803168,信息流-小牛-停车号码牌-三方主体-代运营-新人福利价-260917-10203964359828-内部实时跑量-625-12,2.38,284,4,0.00,0.00,1.41,,,
2026-09-30,14488341277,信息流-小牛-大月饼-三方主体-代运营-新人福利价-260914-10163022037983-内部实时跑量-625-10,2.37,423,4,0.00,0.00,0.95,福利价/无价格|考古加素材混剪,,
2026-09-30,14516335185,CH-SC-低活-10111392494770-超级抢购加补-收纳用品-无-剪辑-转化引导-收纳用品-20260911-无-625-30,2.35,222,74,2.35,1.00,33.33,心如,,
2026-09-30,14631515230,CH-SC-低活-10217740550325-超级抢购-箱包皮具-无-剪辑-转化引导-箱包皮具-260921-无-625-头条储备-aigc-140,2.30,110,3,0.00,0.00,2.73,,,
2026-09-30,13352561533,CH-SC-低活-10081585918372-超级抢购-家庭清洁纸品-无-剪辑-转化引导-家庭清洁纸品-20260521-无-625-4,2.30,491,9,0.00,0.00,1.83,快手重复素材|快手非低质素材|腾讯首发素材,,
2026-09-30,13873189462,CH-SC-低活-10140917922437-超级抢购-家庭清洁-无-剪辑-转化引导-家庭清洁-20260709-无-625-aigc-1,2.29,277,19,0.00,0.00,6.86,平台一组AIGC|心如|快手重复素材|快手非低质素材|福利价|腾讯首发素材,,
2026-09-30,13846398501,CH-SC-低活-10112643484929-超级抢购-手机通讯-无-剪辑-转化引导-手机通讯-20260708-无-625-aigc-3,2.25,192,0,0.00,0.00,0.00,DHX扒起量0706|平台一组AIGC|心如|快手重复素材|快手非低质素材|福利价,,
2026-09-30,14088473390,CH-SC-低活-10223570717754-超级抢购-生鲜-无-剪辑-转化引导-生鲜-20260803-无-625-aigc-5,2.20,118,66,0.00,0.00,55.93,平台一组AIGC|心如|福利价|腾讯首发素材,,
2026-09-30,14088471139,CH-SC-低活-10223570717754-超级抢购-生鲜-无-剪辑-转化引导-生鲜-20260803-无-625-aigc-1,2.20,72,1,0.00,0.00,1.39,平台一组AIGC|心如|福利价|腾讯首发素材,,
2026-09-30,14631526349,CH-SC-低活-10100542418506-超级抢购-生活日用-无-剪辑-转化引导-生活日用-260927-无-625-头条储备-aigc-58,2.19,74,2,0.00,0.00,2.70,,,
2026-09-30,14535559347,信息流-小牛-打火机-三方主体-代运营-新人福利价-260918-10162692688878-内部实时跑量-625-61,2.12,276,5,0.00,0.00,1.81,,,
2026-09-30,14631525555,CH-SC-低活-10100542418506-超级抢购-生活日用-无-剪辑-转化引导-生活日用-260927-无-625-头条储备-aigc-70,2.09,95,1,0.00,0.00,1.05,,,
2026-09-30,14631527640,CH-SC-低活-10100542418506-超级抢购-生活日用-无-剪辑-转化引导-生活日用-260921-无-625-头条储备-6,2.08,203,4,0.00,0.00,1.97,,,
2026-09-30,14535581094,信息流-小牛-打火机-三方主体-代运营-新人福利价-260918-10162692688878-内部实时跑量-625-40,2.00,322,18,0.00,0.00,5.59,,,
2026-09-30,14516512211,CH-SC-低活-10113209119177-超级抢购-电动车-无-剪辑-转化引导-电动车-260907-无-625-25,1.99,39,1,0.00,0.00,2.56,心如|福利价,,
2026-09-30,13873209822,CH-SC-低活-10113209119177-超级抢购-电动车-无-剪辑-转化引导-电动车-20260709-无-625-2,1.97,72,1,0.00,0.00,1.39,心如|快手重复素材|快手非低质素材|福利价|腾讯首发素材,,
2026-09-30,14238402122,信息流-小牛-雨伞-三方主体-代运营-新人福利价-0820-10130866966155-内部实时跑量-625-11,1.96,412,4,0.00,0.00,0.97,有米云素材混剪|福利价/无价格,,
2026-09-30,14516404620,CH-SC-低活-10176978592631-超级抢购-家具-无-剪辑-转化引导-家具-260915-无-625-10,1.95,65,1,0.00,0.00,1.54,心如|福利价,,
2026-09-30,14487657915,信息流-小牛-毛毯-三方主体-代运营-新人福利价-260914-10146450179286-商务选品-625-42,1.92,127,4,0.00,0.00,3.15,快手原创素材|快手非低质素材|福利价/无价格,,
2026-09-30,13916301057,CH-SC-低活-10140917922437-超级抢购-家庭清洁-无-剪辑-转化引导-家庭清洁-20260715-无-625-aigc-8,1.89,94,18,0.00,0.00,19.15,平台一组AIGC|心如|快手重复素材|快手非低质素材|无价格|腾讯首发素材,,
2026-09-30,13746328503,CH-SC-低活-10139440032542-超级抢购5元-运动户外-无-剪辑-转化引导-运动户外-20260630-无-625-aigc-7,1.87,22,0,0.00,0.00,0.00,平台一组AIGC|心如|快手重复素材|快手非低质素材|福利价|腾讯首发素材,,
2026-09-30,14369417321,信息流-小牛-菜板-三方主体-代运营-新人福利价-260903-10155000015319-内部实时跑量-625-5,1.86,117,6,0.00,0.00,5.13,原生|快手原创素材|快手非低质素材|福利价/无价格,,
2026-09-30,14631526655,CH-SC-低活-10100542418506-超级抢购-生活日用-无-剪辑-转化引导-生活日用-260927-无-625-头条储备-aigc-54,1.85,64,3,0.00,0.00,4.69,,,
2026-09-30,14422217201,信息流-小牛-小蜜桃-三方主体-代运营-新人福利价-260908-10231541696811 -深海货盘-625-18,1.83,415,6,0.00,0.00,1.45,福利价/无价格|考古加素材混剪,,
2026-09-30,14631525687,CH-SC-低活-10100542418506-超级抢购-生活日用-无-剪辑-转化引导-生活日用-260927-无-625-头条储备-aigc-67,1.82,138,2,0.00,0.00,1.45,,,
2026-09-30,14631527021,CH-SC-低活-10100542418506-超级抢购-生活日用-无-剪辑-转化引导-生活日用-260921-无-625-头条储备-aigc-5,1.80,94,1,0.00,0.00,1.06,,,
2026-09-30,14488317553,信息流-小牛-大月饼-三方主体-代运营-新人福利价-260914-10163022037983-内部实时跑量-625-24,1.76,146,3,0.00,0.00,2.05,福利价/无价格|考古加素材混剪,,
2026-09-30,14516359376,CH-SC-低活-10118706992348-超级抢购加补-纸品-无-剪辑-转化引导-纸品-260914-无-625-40,1.75,28,5,0.00,0.00,17.86,心如,,
2026-09-30,14516511441,CH-SC-低活-10113209119177-超级抢购-电动车-无-剪辑-转化引导-电动车-260907-无-625-27,1.67,34,2,0.00,0.00,5.88,心如|福利价,,
2026-09-30,14422217260,信息流-小牛-小蜜桃-三方主体-代运营-新人福利价-260908-10231541696811 -深海货盘-625-23,1.57,239,2,1.57,1.00,0.84,福利价/无价格|考古加素材混剪,,
2026-09-30,14369373486,信息流-小牛-菜板-三方主体-代运营-新人福利价-260903-10155000015319-内部实时跑量-625-34,1.54,191,5,0.00,0.00,2.62,原生|快手原创素材|快手非低质素材|福利价/无价格,,
2026-09-30,14372738165,信息流-小牛-旋转支架-三方主体-代运营-新人福利价-260903-10112643484929-内部实时跑量-625-13,1.52,215,9,0.00,0.00,4.19,原生|福利价/无价格|考古加素材混剪,,
2026-09-30,14486279638,信息流-小牛-毛毯-三方主体-代运营-新人福利价-260914-10146450179286-商务选品-625-29,1.51,107,1,0.00,0.00,0.93,快手原创素材|快手非低质素材|福利价/无价格,,
2026-09-30,13746266511,CH-SC-广义新-10196323916105-新综合频道-数码-京喜拉新-剪辑-转化引导-数码-20260630-无-625-aigc-7,1.46,93,3,0.00,0.00,3.23,平台一组AIGC|广义新头条|心如|快手原创素材|快手非低质素材,,
2026-09-30,14318962375,CH-PRJ-采销项目-无-快手-无-无-剪辑-转化引导-无-260826-无-625-21,1.36,32,16,0.17,8.00,50.00,快手重复素材|快手非低质素材,,
2026-09-30,14562134727,CH-PRJ-采销项目-无-快手-无-无-剪辑-转化引导-无-260911-无-625-11,1.33,16,2,1.33,1.00,12.50,,,
2026-09-30,14554240556,CH-SC-低活-10111392494770-超级抢购-收纳用品-无-剪辑-转化引导-收纳用品-20260918-无-625-启动-2,1.31,56,2,0.00,0.00,3.57,,,
2026-09-30,14631514454,CH-SC-低活-10217740550325-超级抢购-箱包皮具-无-剪辑-转化引导-箱包皮具-260921-无-625-头条储备-aigc-17,1.31,42,1,0.00,0.00,2.38,,,
2026-09-30,14422177532,信息流-小牛-骑行支架-三方主体-代运营-新人福利价-260908-10139440032542-历史爆品-625-23,1.30,94,1,0.00,0.00,1.06,福利价/无价格|考古加素材混剪,,
2026-09-30,14088470419,CH-SC-低活-10223570717754-超级抢购-生鲜-无-剪辑-转化引导-生鲜-20260803-无-625-aigc-13,1.30,113,1,0.00,0.00,0.88,平台一组AIGC|心如|福利价|腾讯首发素材,,
2026-09-30,14554168487,CH-SC-低活-10096167203452-超级抢购-纸品-大商超-剪辑-转化引导-纸品-260917-无-625-19,1.29,485,428,0.00,0.00,88.25,,,
2026-09-30,14516340742,CH-SC-低活-10111392494770-超级抢购加补-收纳用品-无-剪辑-转化引导-收纳用品-260915-无-625-17,1.27,115,38,0.00,0.00,33.04,心如,,
2026-09-30,14554238127,CH-SC-低活-10233824843150-超级抢购-收纳用品-无-剪辑-转化引导-收纳用品-260918-无-625-42,1.27,465,118,0.00,0.00,25.38,,,
2026-09-30,14247658864,信息流-小牛-旋转手机支架-三方主体-代运营-新人福利价-0821-10112643484929-内部实时跑量-625-3,1.25,222,5,0.00,0.00,2.25,有米云素材混剪|福利价/无价格|腾讯首发素材,,
2026-09-30,14166677299,信息流-小牛-五香花生-三方主体-代运营-新人福利价-0814-10150360358365-大盘实时跑量-625-41,1.24,161,7,0.00,0.00,4.35,福利价/无价格|考古加素材混剪,,
2026-09-30,14516476619,CH-SC-低活-10233824843150-超级抢购-收纳用品-无-剪辑-转化引导-收纳用品-260907-无-625-86,1.23,39,1,0.00,0.00,2.56,心如|福利价,,
2026-09-30,14516343697,CH-SC-低活-10111392494770-超级抢购加补-收纳用品-无-剪辑-转化引导-收纳用品-260915-无-625-5,1.21,49,19,0.00,0.00,38.78,心如,,
2026-09-30,13846337923,CH-SC-低活-10113209119177-超级抢购-电动车-无-剪辑-转化引导-电动车-20260708-无-625-5,1.19,46,1,0.00,0.00,2.17,平台一组AIGC|心如|快手原创素材|快手非低质素材|福利价|腾讯首发素材,,
2026-09-30,14374695332,信息流-小牛-苹果-三方主体-代运营-新人福利价-260903-10186710590960-历史爆品-625-30,1.16,470,5,0.00,0.00,1.06,原生|福利价/无价格|考古加素材混剪,,
2026-09-30,14299138754,CH-PRJ-采销项目-无-快手-无-无-剪辑-转化引导-无-260825-无-625-1,1.14,23,9,0.38,3.00,39.13,快手重复素材|快手非低质素材,,
2026-09-30,14631564997,CH-SC-低活-10100542418506-超级抢购-生活日用-无-剪辑-转化引导-生活日用-260921-无-625-头条储备-12,1.13,49,3,0.00,0.00,6.12,,,
2026-09-30,14247653849,信息流-小牛-旋转手机支架-三方主体-代运营-新人福利价-0821-10112643484929-内部实时跑量-625-7,1.07,275,3,0.00,0.00,1.09,有米云素材混剪|福利价/无价格|腾讯首发素材,,
2026-09-30,13685269945,CH-SC-低活-10233824843150-超级抢购加补-生活日用-无-剪辑-转化引导-生活日用-20260626-无-625-aigc-13,1.07,164,0,0.00,0.00,0.00,平台一组AIGC|心如|快手重复素材|快手非低质素材|福利价|腾讯首发素材,,
2026-09-30,14562132957,CH-PRJ-采销项目-无-快手-无-无-剪辑-转化引导-无-260911-无-625-16,1.07,40,3,1.07,1.00,7.50,,,
2026-09-30,14422209680,信息流-小牛-小蜜桃-三方主体-代运营-新人福利价-260908-10231541696811 -深海货盘-625-29,1.06,167,7,0.00,0.00,4.19,福利价/无价格|考古加素材混剪,,
2026-09-30,14516367754,CH-SC-低活-10118706992348-超级抢购加补-纸品-无-剪辑-转化引导-纸品-260914-无-625-15,0.98,8,2,0.00,0.00,25.00,心如,,
2026-09-30,13916301575,CH-SC-低活-10140917922437-超级抢购-家庭清洁-无-剪辑-转化引导-家庭清洁-20260715-无-625-aigc-9,0.97,122,6,0.00,0.00,4.92,平台一组AIGC|心如|快手重复素材|快手非低质素材|无价格|腾讯首发素材,,
2026-09-30,14535544644,信息流-小牛-打火机-三方主体-代运营-新人福利价-260918-10162692688878-内部实时跑量-625-13,0.97,30,1,0.00,0.00,3.33,,,
2026-09-30,14631527755,CH-SC-低活-10100542418506-超级抢购-生活日用-无-剪辑-转化引导-生活日用-260921-无-625-头条储备-36,0.95,52,1,0.00,0.00,1.92,,,
2026-09-30,14369369285,信息流-小牛-菜板-三方主体-代运营-新人福利价-260903-10155000015319-内部实时跑量-625-36,0.94,370,7,0.00,0.00,1.89,原生|快手原创素材|快手非低质素材|福利价/无价格,,
2026-09-30,14228306994,CH-SC-广义新-10217740550325-新综合频道-箱包皮具-京喜拉新-剪辑-转化引导-箱包皮具-20260818-无-625-aigc-16,0.89,77,1,0.00,0.00,1.30,平台一组AIGC|快手原创素材|快手非低质素材|腾讯首发素材,,
2026-09-30,14516312133,CH-SC-低活-10176978592631-超级抢购-家具-无-剪辑-转化引导-家具-260915-无-625-29,0.88,22,1,0.00,0.00,4.55,心如|福利价,,
2026-09-30,14033672040,信息流-小牛-折叠椅-京东主体-代运营-新人福利价-0731-10183713190151-设计自选-625-7,0.87,365,3,0.00,0.00,0.82,福利价/无价格,,
2026-09-30,14238402782,信息流-小牛-雨伞-三方主体-代运营-新人福利价-0820-10130866966155-内部实时跑量-625-12,0.87,495,4,0.00,0.00,0.81,有米云素材混剪|福利价/无价格|腾讯首发素材,,
2026-09-30,14631564752,CH-SC-低活-10100542418506-超级抢购-生活日用-无-剪辑-转化引导-生活日用-260921-无-625-头条储备-11,0.87,20,1,0.00,0.00,5.00,,,
2026-09-30,13916302351,CH-SC-低活-10140917922437-超级抢购-家庭清洁-无-剪辑-转化引导-家庭清洁-20260715-无-625-aigc-11,0.87,193,9,0.00,0.00,4.66,平台一组AIGC|心如|快手重复素材|快手非低质素材|无价格|腾讯首发素材,,
2026-09-30,14033669726,信息流-小牛-折叠椅-京东主体-代运营-新人福利价-0731-10183713190151-设计自选-625-2,0.86,544,14,0.00,0.00,2.57,福利价/无价格,,
2026-09-30,13873247401,CH-SC-低活-10217740550325-超级抢购-箱包皮具-无-剪辑-转化引导-箱包皮具-20260713-无-625-aigc-1,0.86,19,0,0.00,0.00,0.00,平台一组AIGC|心如|快手重复素材|快手非低质素材|福利价|腾讯首发素材,,
2026-09-30,14516512245,CH-SC-低活-10113209119177-超级抢购-电动车-无-剪辑-转化引导-电动车-260907-无-625-26,0.82,19,0,0.00,0.00,0.00,心如|福利价,,
2026-09-30,14488342221,信息流-小牛-大月饼-三方主体-代运营-新人福利价-260914-10163022037983-内部实时跑量-625-9,0.81,20,1,0.00,0.00,5.00,福利价/无价格|考古加素材混剪,,
2026-09-30,14444501631,信息流-小牛-陶瓷碗-三方主体-代运营-新人1分钱-260910-10129451028601-商务选品-625-44,0.80,50,4,0.00,0.00,8.00,快手原创素材|快手非低质素材|福利价/无价格,,
2026-09-30,14554169814,CH-SC-低活-10096167203452-超级抢购-纸品-大商超-剪辑-转化引导-纸品-260917-无-625-16,0.79,351,201,0.79,1.00,57.26,,,
2026-09-30,13603383686,CH-SC-低活-10217740550325-超级抢购加补-箱包皮具-无-剪辑-转化引导-箱包皮具-20260617-无-625-aigc-6,0.78,26,0,0.00,0.00,0.00,加补1分钱|平台一组AIGC|心如|快手重复素材|快手非低质素材|腾讯首发素材,,
2026-09-30,14369413813,信息流-小牛-菜板-三方主体-代运营-新人福利价-260903-10155000015319-内部实时跑量-625-12,0.75,173,6,0.00,0.00,3.47,原生|快手原创素材|快手非低质素材|福利价/无价格,,
2026-09-30,14299115353,CH-SC-广义新-10118706992345-新综合频道-纸品-京喜拉新-剪辑-转化引导-纸品-260826-无-625-6,0.75,296,55,0.00,0.00,18.58,平台一组AIGC|快手重复素材|快手非低质素材,,
2026-09-30,14562123726,CH-PRJ-采销项目-无-快手-无-无-剪辑-转化引导-无-260915-无-625-9,0.74,25,7,0.19,4.00,28.00,,,
2026-09-30,14422273850,信息流-小牛-真空袋-三方主体-代运营-新人福利价-260908-10212584519594-内部实时跑量-625-21,0.74,147,0,0.00,0.00,0.00,福利价/无价格|考古加素材混剪,,
2026-09-30,14516438448,CH-SC-低活-10111392494770-超级抢购-收纳用品-无-剪辑-转化引导-收纳用品-20260911-无-625-19,0.71,26,6,0.00,0.00,23.08,心如|福利价,,
2026-09-30,14444491999,信息流-小牛-陶瓷碗-三方主体-代运营-新人1分钱-260910-10129451028601-商务选品-625-48,0.69,70,0,0.00,0.00,0.00,快手原创素材|快手非低质素材|福利价/无价格,,
2026-09-30,14516372742,CH-SC-低活-10118706992348-超级抢购加补-纸品-无-剪辑-转化引导-纸品-260914-无-625-5,0.67,58,11,0.00,0.00,18.97,心如,,
2026-09-30,14422196291,信息流-小牛-小蜜桃-三方主体-代运营-新人福利价-260908-10231541696811 -深海货盘-625-48,0.67,97,3,0.00,0.00,3.09,福利价/无价格|考古加素材混剪,,
2026-09-30,14049381598,CH-SC-低活-10178946597305-超级抢购-厨具-无-剪辑-转化引导-厨具-20260728-无-625-aigc-2,0.66,23,0,0.00,0.00,0.00,平台一组AIGC|心如|快手重复素材|快手非低质素材|福利价|腾讯首发素材,,
2026-09-30,13603318244,CH-SC-广义新-10118706992345-新综合频道-纸品-无-剪辑-转化引导-纸品-20260617-无-625-aigc-11,0.66,171,8,0.00,0.00,4.68,平台一组AIGC|广义新头条|快手原创素材|快手非低质素材,,
2026-09-30,14516507372,CH-SC-低活-10233824843150-超级抢购-收纳用品-无-剪辑-转化引导-收纳用品-260907-无-625-8,0.66,31,1,0.00,0.00,3.23,心如|福利价,,
2026-09-30,14516368459,CH-SC-低活-10118706992348-超级抢购加补-纸品-无-剪辑-转化引导-纸品-260914-无-625-11,0.65,9,2,0.00,0.00,22.22,心如,,
2026-09-30,13916303411,CH-SC-低活-10140917922437-超级抢购-家庭清洁-无-剪辑-转化引导-家庭清洁-20260715-无-625-aigc-14,0.64,119,3,0.00,0.00,2.52,平台一组AIGC|心如|快手重复素材|快手非低质素材|无价格|腾讯首发素材,,
2026-09-30,14444498349,信息流-小牛-陶瓷碗-三方主体-代运营-新人1分钱-260910-10129451028601-商务选品-625-45,0.63,51,0,0.00,0.00,0.00,快手原创素材|快手非低质素材|福利价/无价格,,
2026-09-30,13536548377,CH-SC-低活-10219841541026-超级抢购加补-厨具-无-剪辑-转化引导-厨具-20260610-无-625-aigc-9,0.63,28,2,0.00,0.00,7.14,平台一组AIGC|心如|福利价|腾讯首发素材,,
2026-09-30,14529785501,信息流-小牛-停车号码牌-三方主体-代运营-新人福利价-260917-10203964359828-内部实时跑量-625-37,0.62,73,2,0.00,0.00,2.74,,,
2026-09-30,14516516314,CH-SC-低活-10113209119177-超级抢购-电动车-无-剪辑-转化引导-电动车-260907-无-625-14,0.61,42,0,0.00,0.00,0.00,心如|福利价,,
2026-09-30,14631527390,CH-SC-低活-10100542418506-超级抢购-生活日用-无-剪辑-转化引导-生活日用-260921-无-625-头条储备-8,0.61,87,1,0.00,0.00,1.15,,,
2026-09-30,14309742578,信息流-小牛-雨伞-三方主体-代运营-新人福利价-260828-10113643996701-大盘扒改-625-27,0.60,94,4,0.00,0.00,4.26,原生|大盘扒改|平台一组AIGC|福利价/无价格,,
2026-09-30,13957203343,信息流-小牛-无骨鸡爪-三方主体-代运营-新人福利价-0724-10181243448351-大盘扒改-625-11,0.59,31,1,0.00,0.00,3.23,大盘扒改|快手原创素材|快手非低质素材|福利价/无价格,,
2026-09-30,14562126382,CH-PRJ-采销项目-无-快手-无-无-剪辑-转化引导-无-260911-无-625-28,0.59,5,5,0.12,5.00,100.00,,,
2026-09-30,14422162495,信息流-小牛-骑行支架-三方主体-代运营-新人福利价-260908-10139440032542-历史爆品-625-31,0.59,51,0,0.00,0.00,0.00,福利价/无价格|考古加素材混剪,,
2026-09-30,14631526059,CH-SC-低活-10100542418506-超级抢购-生活日用-无-剪辑-转化引导-生活日用-260927-无-625-头条储备-aigc-63,0.59,34,0,0.00,0.00,0.00,,,
2026-09-30,14422213367,信息流-小牛-小蜜桃-三方主体-代运营-新人福利价-260908-10231541696811 -深海货盘-625-26,0.58,150,1,0.00,0.00,0.67,福利价/无价格|考古加素材混剪,,
2026-09-30,14516330543,CH-SC-低活-10111392494770-超级抢购加补-收纳用品-无-剪辑-转化引导-收纳用品-20260911-无-625-43,0.57,36,12,0.00,0.00,33.33,心如,,
2026-09-30,14444505842,信息流-小牛-陶瓷碗-三方主体-代运营-新人1分钱-260910-10129451028601-商务选品-625-42,0.56,59,0,0.00,0.00,0.00,快手原创素材|快手非低质素材|福利价/无价格,,
2026-09-30,14554247510,CH-SC-低活-10140917922437-超级抢购-家庭清洁-无-剪辑-转化引导-家庭清洁-20260918-无-625-aigc-启动-9,0.54,36,1,0.00,0.00,2.78,,,
2026-09-30,14631513973,CH-SC-低活-10217740550325-超级抢购-箱包皮具-无-剪辑-转化引导-箱包皮具-260921-无-625-头条储备-aigc-25,0.52,29,1,0.00,0.00,3.45,,,
2026-09-30,14153374432,信息流-小牛-饭盒-三方主体-代运营-新人福利价-0812-10125420247464-大盘实扒改-625-1,0.51,17,1,0.00,0.00,5.88,大盘扒改|福利价/无价格,,
2026-09-30,14535556841,信息流-小牛-打火机-三方主体-代运营-新人福利价-260918-10162692688878-内部实时跑量-625-1,0.50,124,5,0.00,0.00,4.03,,,
2026-09-30,14422216553,信息流-小牛-小蜜桃-三方主体-代运营-新人福利价-260908-10231541696811 -深海货盘-625-19,0.50,152,5,0.00,0.00,3.29,福利价/无价格|考古加素材混剪,,
2026-09-30,14422200205,信息流-小牛-小蜜桃-三方主体-代运营-新人福利价-260908-10231541696811 -深海货盘-625-41,0.48,64,1,0.00,0.00,1.56,福利价/无价格|考古加素材混剪,,
2026-09-30,14422211712,信息流-小牛-小蜜桃-三方主体-代运营-新人福利价-260908-10231541696811 -深海货盘-625-25,0.48,55,0,0.00,0.00,0.00,福利价/无价格|考古加素材混剪,,
2026-09-30,14033669638,信息流-小牛-折叠椅-京东主体-代运营-新人福利价-0731-10183713190151-设计自选-625-3,0.47,22,0,0.00,0.00,0.00,福利价/无价格,,
2026-09-30,14516370821,CH-SC-低活-10118706992348-超级抢购加补-纸品-无-剪辑-转化引导-纸品-260914-无-625-7,0.46,51,12,0.00,0.00,23.53,心如,,
2026-09-30,14247656476,信息流-小牛-旋转手机支架-三方主体-代运营-新人福利价-0821-10112643484929-内部实时跑量-625-4,0.46,57,3,0.00,0.00,5.26,有米云素材混剪|福利价/无价格|腾讯首发素材,,
2026-09-30,14488324024,信息流-小牛-大月饼-三方主体-代运营-新人福利价-260914-10163022037983-内部实时跑量-625-21,0.46,50,3,0.00,0.00,6.00,福利价/无价格|考古加素材混剪,,
2026-09-30,14529788972,信息流-小牛-停车号码牌-三方主体-代运营-新人福利价-260917-10203964359828-内部实时跑量-625-34,0.46,25,1,0.00,0.00,4.00,,,
2026-09-30,14377813911,信息流-小牛-推车置物架-三方主体-代运营-新人福利价-260903-10095828488136-大盘实时跑量-625-2,0.46,3,0,0.00,0.00,0.00,原生|福利价/无价格,,
2026-09-30,14422181017,信息流-小牛-骑行支架-三方主体-代运营-新人福利价-260908-10139440032542-历史爆品-625-20,0.44,91,0,0.00,0.00,0.00,福利价/无价格|考古加素材混剪,,
2026-09-30,14050213136,CH-SC-广义新-10187000434970-新综合频道-厨具-京喜拉新-剪辑-转化引导-厨具-20260730-无-625-2,0.43,47,5,0.00,0.00,10.64,广义新头条|心如|快手重复素材|快手非低质素材|腾讯首发素材,,
2026-09-30,14486259267,信息流-小牛-毛毯-三方主体-代运营-新人福利价-260914-10146450179286-商务选品-625-15,0.42,40,2,0.00,0.00,5.00,快手原创素材|快手非低质素材|福利价/无价格,,
2026-09-30,14516377207,CH-SC-低活-10111392494770-超级抢购加补-收纳用品-无-剪辑-转化引导-收纳用品-20260911-无-625-12,0.42,28,6,0.00,0.00,21.43,心如,,
2026-09-30,14422274665,信息流-小牛-真空袋-三方主体-代运营-新人福利价-260908-10212584519594-内部实时跑量-625-20,0.42,49,0,0.00,0.00,0.00,福利价/无价格|考古加素材混剪,,
2026-09-30,14488315998,信息流-小牛-大月饼-三方主体-代运营-新人福利价-260914-10163022037983-内部实时跑量-625-26,0.42,35,0,0.00,0.00,0.00,福利价/无价格|考古加素材混剪,,
2026-09-30,14516515890,CH-SC-低活-10113209119177-超级抢购-电动车-无-剪辑-转化引导-电动车-260907-无-625-15,0.42,19,0,0.00,0.00,0.00,心如|福利价,,
2026-09-30,14529799195,信息流-小牛-停车号码牌-三方主体-代运营-新人福利价-260917-10203964359828-内部实时跑量-625-18,0.42,10,0,0.00,0.00,0.00,,,
2026-09-30,13873194156,CH-SC-低活-10140917922437-超级抢购-家庭清洁-无-剪辑-转化引导-家庭清洁-20260709-无-625-aigc-5,0.41,41,3,0.00,0.00,7.32,平台一组AIGC|心如|快手重复素材|快手非低质素材|福利价|腾讯首发素材,,
2026-09-30,14516346540,CH-SC-低活-10111392494770-超级抢购加补-收纳用品-无-剪辑-转化引导-收纳用品-260915-无-625-32,0.41,22,10,0.00,0.00,45.45,心如,,
2026-09-30,14554163462,CH-SC-低活-10096167203452-超级抢购-纸品-大商超-剪辑-转化引导-纸品-260917-无-625-11,0.38,145,96,0.00,0.00,66.21,,,
2026-09-30,13799988444,CH-SC-广义新-10134479334759-新综合频道-钟表眼镜-京喜拉新-剪辑-转化引导-钟表眼镜-20260703-无-625-aigc-4,0.36,80,4,0.00,0.00,5.00,平台一组AIGC|广义新头条|心如|快手重复素材|快手非低质素材|腾讯首发素材,,
2026-09-30,14535566817,信息流-小牛-打火机-三方主体-代运营-新人福利价-260918-10162692688878-内部实时跑量-625-57,0.36,26,2,0.00,0.00,7.69,,,
2026-09-30,13988881818,CH-SC-低活-10217740550325-超级抢购-箱包皮具-无-剪辑-转化引导-箱包皮具-20260720-无-625-aigc-2,0.36,32,3,0.00,0.00,9.38,平台一组AIGC|心如|快手重复素材|快手非低质素材|福利价|腾讯首发素材,,
2026-09-30,13776598531,CH-SC-广义新-10177393646076-新综合频道-灯饰照明-京喜拉新-剪辑-转化引导-灯饰照明-20260702-反向-625-aigc-13,0.35,16,0,0.00,0.00,0.00,平台一组AIGC|快手原创素材|快手非低质素材|无价格|福利价/无价格,,
2026-09-30,14529797677,信息流-小牛-停车号码牌-三方主体-代运营-新人福利价-260917-10203964359828-内部实时跑量-625-19,0.35,73,0,0.00,0.00,0.00,,,
2026-09-30,14562121783,CH-PRJ-采销项目-无-快手-无-无-剪辑-转化引导-无-260915-无-625-10,0.35,15,2,0.18,2.00,13.33,,,
2026-09-30,14488285372,信息流-小牛-大月饼-三方主体-代运营-新人福利价-260914-10163022037983-内部实时跑量-625-41,0.34,26,2,0.00,0.00,7.69,福利价/无价格|考古加素材混剪,,
2026-09-30,14516327267,CH-SC-低活-10111392494770-超级抢购加补-收纳用品-无-剪辑-转化引导-收纳用品-20260911-无-625-50,0.34,22,12,0.00,0.00,54.55,心如,,
2026-09-30,14488318517,信息流-小牛-大月饼-三方主体-代运营-新人福利价-260914-10163022037983-内部实时跑量-625-25,0.34,50,1,0.00,0.00,2.00,福利价/无价格|考古加素材混剪,,
2026-09-30,14422197698,信息流-小牛-小蜜桃-三方主体-代运营-新人福利价-260908-10231541696811 -深海货盘-625-46,0.33,64,3,0.00,0.00,4.69,福利价/无价格|考古加素材混剪,,
2026-09-30,14422218206,信息流-小牛-小蜜桃-三方主体-代运营-新人福利价-260908-10231541696811 -深海货盘-625-17,0.33,48,2,0.00,0.00,4.17,福利价/无价格|考古加素材混剪,,
2026-09-30,13846333890,CH-SC-低活-10113209119177-超级抢购-电动车-无-剪辑-转化引导-电动车-20260708-无-625-3,0.32,12,0,0.00,0.00,0.00,平台一组AIGC|心如|快手重复素材|快手非低质素材|福利价|腾讯首发素材,,
2026-09-30,14488332052,信息流-小牛-大月饼-三方主体-代运营-新人福利价-260914-10163022037983-内部实时跑量-625-16,0.31,83,2,0.00,0.00,2.41,福利价/无价格|考古加素材混剪,,
2026-09-30,14631528535,CH-SC-低活-10100542418506-超级抢购-生活日用-无-剪辑-转化引导-生活日用-260921-无-625-头条储备-20,0.31,8,0,0.00,0.00,0.00,,,
2026-09-30,14197435278,CH-SC-低活-10199184867564-外卖1分购-外卖美食-无-剪辑-转化引导-外卖美食-20260810-无-625-11,0.31,21,1,0.00,0.00,4.76,心如|福利价,,
2026-09-30,14422156348,信息流-小牛-骑行支架-三方主体-代运营-新人福利价-260908-10139440032542-历史爆品-625-36,0.30,2,0,0.00,0.00,0.00,福利价/无价格|考古加素材混剪,,
2026-09-30,14050212256,CH-SC-广义新-10187000434970-新综合频道-厨具-京喜拉新-剪辑-转化引导-厨具-20260730-无-625-3,0.30,9,2,0.00,0.00,22.22,广义新头条|心如|快手重复素材|快手非低质素材|腾讯首发素材,,
2026-09-30,14444507027,信息流-小牛-陶瓷碗-三方主体-代运营-新人1分钱-260910-10129451028601-商务选品-625-41,0.30,13,0,0.00,0.00,0.00,快手原创素材|快手非低质素材|福利价/无价格,,
2026-09-30,14516515061,CH-SC-低活-10113209119177-超级抢购-电动车-无-剪辑-转化引导-电动车-260907-无-625-18,0.29,13,0,0.00,0.00,0.00,心如|福利价,,
2026-09-30,14197433903,CH-SC-低活-10199184867564-外卖1分购-外卖美食-无-剪辑-转化引导-外卖美食-20260810-无-625-10,0.29,10,1,0.00,0.00,10.00,心如|福利价,,
2026-09-30,14529790599,信息流-小牛-停车号码牌-三方主体-代运营-新人福利价-260917-10203964359828-内部实时跑量-625-28,0.29,10,1,0.00,0.00,10.00,,,
2026-09-30,14422179478,信息流-小牛-骑行支架-三方主体-代运营-新人福利价-260908-10139440032542-历史爆品-625-2,0.29,4,0,0.00,0.00,0.00,福利价/无价格|考古加素材混剪,,
2026-09-30,14535540060,信息流-小牛-打火机-三方主体-代运营-新人福利价-260918-10162692688878-内部实时跑量-625-18,0.28,9,0,0.00,0.00,0.00,,,
2026-09-30,14529779876,信息流-小牛-停车号码牌-三方主体-代运营-新人福利价-260917-10203964359828-内部实时跑量-625-45,0.28,2,0,0.00,0.00,0.00,,,
2026-09-30,14516513137,CH-SC-低活-10113209119177-超级抢购-电动车-无-剪辑-转化引导-电动车-260907-无-625-24,0.28,16,0,0.00,0.00,0.00,心如|福利价,,
2026-09-30,14516345598,CH-SC-低活-10111392494770-超级抢购加补-收纳用品-无-剪辑-转化引导-收纳用品-260915-无-625-33,0.28,25,10,0.00,0.00,40.00,心如,,
2026-09-30,14374705055,信息流-小牛-苹果-三方主体-代运营-新人福利价-260903-10186710590960-历史爆品-625-23,0.28,15,0,0.00,0.00,0.00,原生|福利价/无价格|考古加素材混剪,,
2026-09-30,14631512171,CH-SC-低活-10217740550325-超级抢购-箱包皮具-无-剪辑-转化引导-箱包皮具-260921-无-625-头条储备-aigc-47,0.27,15,0,0.00,0.00,0.00,,,
2026-09-30,14554166837,CH-SC-低活-10096167203452-超级抢购-纸品-大商超-剪辑-转化引导-纸品-260917-无-625-18,0.27,77,66,0.00,0.00,85.71,,,
2026-09-30,14631528042,CH-SC-低活-10100542418506-超级抢购-生活日用-无-剪辑-转化引导-生活日用-260921-无-625-头条储备-31,0.27,24,1,0.00,0.00,4.17,,,
2026-09-30,14554235160,CH-SC-低活-10233824843150-超级抢购-收纳用品-无-剪辑-转化引导-收纳用品-260918-无-625-5,0.27,11,0,0.00,0.00,0.00,,,
2026-09-30,13957201211,信息流-小牛-无骨鸡爪-三方主体-代运营-新人福利价-0724-10181243448351-大盘扒改-625-10,0.26,12,0,0.00,0.00,0.00,大盘扒改|快手重复素材|快手非低质素材|福利价/无价格,,
2026-09-30,14197435000,CH-SC-低活-10199184867564-外卖1分购-外卖美食-无-剪辑-转化引导-外卖美食-20260810-无-625-8,0.25,8,0,0.00,0.00,0.00,心如|福利价|腾讯首发素材,,
2026-09-30,14631564909,CH-SC-低活-10100542418506-超级抢购-生活日用-无-剪辑-转化引导-生活日用-260921-无-625-头条储备-14,0.25,11,0,0.00,0.00,0.00,,,
2026-09-30,14463284742,CH-SC-广义新-10233824843150-新综合频道-收纳用品-京喜拉新-剪辑-转化引导-收纳用品-260908-反向-625-bdb-6,0.25,10,0,0.00,0.00,0.00,心如|无价格,,
2026-09-30,14049376624,CH-SC-低活-10178946597305-超级抢购-厨具-无-剪辑-转化引导-厨具-20260728-无-625-aigc-12,0.24,9,0,0.00,0.00,0.00,平台一组AIGC|心如|快手重复素材|快手非低质素材|福利价|腾讯首发素材,,
2026-09-30,14554237544,CH-SC-低活-10233824843150-超级抢购-收纳用品-无-剪辑-转化引导-收纳用品-260918-无-625-29,0.24,9,0,0.00,0.00,0.00,,,
2026-09-30,14562130949,CH-PRJ-采销项目-无-快手-无-无-剪辑-转化引导-无-260911-无-625-20,0.24,15,12,0.08,3.00,80.00,,,
2026-09-30,14529796870,信息流-小牛-停车号码牌-三方主体-代运营-新人福利价-260917-10203964359828-内部实时跑量-625-20,0.24,24,2,0.00,0.00,8.33,,,
2026-09-30,13860551989,CH-SC-广义新-10162692688878-新综合频道-家用电器-京喜拉新-剪辑-转化引导-家用电器-20260713-无-625-aigc-6,0.23,25,5,0.00,0.00,20.00,平台一组AIGC|广义新头条|快手重复素材|快手非低质素材|无价格|腾讯首发素材,,
2026-09-30,14516378775,CH-SC-低活-10111392494770-超级抢购加补-收纳用品-无-剪辑-转化引导-收纳用品-20260911-无-625-4,0.23,17,8,0.00,0.00,47.06,心如,,
2026-09-30,14299137656,CH-PRJ-采销项目-无-快手-无-无-剪辑-转化引导-无-260825-无-625-2,0.22,8,1,0.22,1.00,12.50,快手重复素材|快手非低质素材,,
2026-09-30,14516342095,CH-SC-低活-10111392494770-超级抢购加补-收纳用品-无-剪辑-转化引导-收纳用品-260915-无-625-9,0.22,6,2,0.00,0.00,33.33,心如,,
2026-09-30,14488240838,信息流-小牛-大月饼-三方主体-代运营-新人福利价-260914-10163022037983-内部实时跑量-625-1,0.21,33,1,0.00,0.00,3.03,福利价/无价格|考古加素材混剪,,
2026-09-30,13746328293,CH-SC-低活-10139440032542-超级抢购5元-运动户外-无-剪辑-转化引导-运动户外-20260630-无-625-aigc-6,0.21,10,0,0.00,0.00,0.00,平台一组AIGC|心如|快手重复素材|快手非低质素材|福利价|腾讯首发素材,,
2026-09-30,14422201284,信息流-小牛-小蜜桃-三方主体-代运营-新人福利价-260908-10231541696811 -深海货盘-625-40,0.21,38,1,0.00,0.00,2.63,福利价/无价格|考古加素材混剪,,
2026-09-30,14377794670,信息流-小牛-推车置物架-三方主体-代运营-新人福利价-260903-10095828488136-大盘实时跑量-625-20,0.21,1,0,0.00,0.00,0.00,原生|福利价/无价格,,
2026-09-30,14516508976,CH-SC-低活-10113209119177-超级抢购-电动车-无-剪辑-转化引导-电动车-260907-无-625-5,0.21,9,0,0.00,0.00,0.00,心如|福利价,,
2026-09-30,13522214489,CH-SC-低活-10113209119177-超级抢购加补-电动车-无-剪辑-转化引导-电动车-20260609-无-625-aigc-1,0.20,12,6,0.00,0.00,50.00,DHX扒起量0608|不对版！！|平台一组AIGC|心如|快手重复素材|快手非低质素材|腾讯首发素材,,
2026-09-30,13846312909,CH-SC-低活-10140917922437-超级抢购-家庭清洁-无-剪辑-转化引导-家庭清洁-20260708-无-625-aigc-14,0.20,10,0,0.00,0.00,0.00,平台一组AIGC|心如|快手重复素材|快手非低质素材|福利价|腾讯首发素材,,
2026-09-30,14319041746,CH-SC-低活-10140917922437-超级抢购-家庭清洁-无-剪辑-转化引导-家庭清洁-20260820-无-625-aigc-4,0.20,9,1,0.00,0.00,11.11,平台AI测试/视频/一组智能体|平台一组AIGC|心如|快手原创素材|快手非低质素材|福利价,,
2026-09-30,14529785267,信息流-小牛-停车号码牌-三方主体-代运营-新人福利价-260917-10203964359828-内部实时跑量-625-38,0.20,23,0,0.00,0.00,0.00,,,
2026-09-30,14631526505,CH-SC-低活-10100542418506-超级抢购-生活日用-无-剪辑-转化引导-生活日用-260927-无-625-头条储备-aigc-57,0.19,7,0,0.00,0.00,0.00,,,
2026-09-30,14516362549,CH-SC-低活-10118706992348-超级抢购加补-纸品-无-剪辑-转化引导-纸品-260914-无-625-29,0.19,33,4,0.00,0.00,12.12,心如,,
2026-09-30,14631528096,CH-SC-低活-10100542418506-超级抢购-生活日用-无-剪辑-转化引导-生活日用-260921-无-625-头条储备-19,0.19,18,0,0.00,0.00,0.00,,,
2026-09-30,14554226841,CH-SC-低活-10140917922437-超级抢购-家庭清洁-无-剪辑-转化引导-家庭清洁-20260918-无-625-aigc-6,0.19,4,3,0.00,0.00,75.00,,,
2026-09-30,14562133139,CH-PRJ-采销项目-无-快手-无-无-剪辑-转化引导-无-260911-无-625-15,0.18,4,1,0.18,1.00,25.00,,,
2026-09-30,14631513710,CH-SC-低活-10217740550325-超级抢购-箱包皮具-无-剪辑-转化引导-箱包皮具-260921-无-625-头条储备-aigc-23,0.18,13,0,0.00,0.00,0.00,,,
2026-09-30,14309323307,信息流-小牛-工具箱-三方主体-代运营-新人福利价-260827-10114015186364-内部实时跑量-625-aigc-23,0.18,2,0,0.00,0.00,0.00,平台一组AIGC|福利价/无价格|考古加素材混剪,,
2026-09-30,14516368261,CH-SC-低活-10118706992348-超级抢购加补-纸品-无-剪辑-转化引导-纸品-260914-无-625-14,0.18,10,5,0.00,0.00,50.00,心如,,
2026-09-30,14488248561,信息流-小牛-大月饼-三方主体-代运营-新人福利价-260914-10163022037983-内部实时跑量-625-aigc-11,0.18,27,1,0.00,0.00,3.70,福利价/无价格|考古加素材混剪,,
2026-09-30,13522207947,CH-SC-低活-10113209119177-超级抢购加补-电动车-无-剪辑-转化引导-电动车-20260609-无-625-aigc-3,0.18,3,0,0.00,0.00,0.00,DHX扒起量0608|不对版！！|平台一组AIGC|心如|快手重复素材|快手非低质素材|腾讯首发素材,,
2026-09-30,14554244189,CH-SC-低活-10111392494770-超级抢购-收纳用品-无-剪辑-转化引导-收纳用品-20260918-无-625-启动-8,0.18,4,1,0.00,0.00,25.00,,,
2026-09-30,14050220381,CH-SC-广义新-10187000434970-新综合频道-厨具-京喜拉新-剪辑-转化引导-厨具-20260730-无-625-12,0.18,20,0,0.00,0.00,0.00,广义新头条|心如|快手重复素材|快手非低质素材|腾讯首发素材,,
2026-09-30,14516376828,CH-SC-低活-10111392494770-超级抢购加补-收纳用品-无-剪辑-转化引导-收纳用品-20260911-无-625-11,0.18,4,3,0.00,0.00,75.00,心如,,
2026-09-30,13916488487,CH-SC-广义新-10040988734451-新10元话费券-无-无-剪辑-转化引导-无-20260715-无-625-23,0.18,113,7,0.00,0.00,6.19,快手原创素材|快手非低质素材|腾讯首发素材,,
2026-09-30,14369420506,信息流-小牛-菜板-三方主体-代运营-新人福利价-260903-10155000015319-内部实时跑量-625-4,0.17,36,2,0.00,0.00,5.56,原生|快手原创素材|快手非低质素材|福利价/无价格,,
2026-09-30,14562127880,CH-PRJ-采销项目-无-快手-无-无-剪辑-转化引导-无-260911-无-625-25,0.17,29,0,0.00,0.00,0.00,,,
2026-09-30,14516510742,CH-SC-低活-10113209119177-超级抢购-电动车-无-剪辑-转化引导-电动车-260907-无-625-2,0.17,9,0,0.00,0.00,0.00,心如|福利价,,
2026-09-30,14631528018,CH-SC-低活-10100542418506-超级抢购-生活日用-无-剪辑-转化引导-生活日用-260921-无-625-头条储备-22,0.16,10,1,0.00,0.00,10.00,,,
2026-09-30,14487656613,信息流-小牛-毛毯-三方主体-代运营-新人福利价-260914-10146450179286-商务选品-625-41,0.16,35,2,0.00,0.00,5.71,快手原创素材|快手非低质素材|福利价/无价格,,
2026-09-30,14535568614,信息流-小牛-打火机-三方主体-代运营-新人福利价-260918-10162692688878-内部实时跑量-625-56,0.16,7,0,0.00,0.00,0.00,,,
2026-09-30,14488228055,信息流-小牛-大月饼-三方主体-代运营-新人福利价-260914-10163022037983-内部实时跑量-625-6,0.16,24,0,0.00,0.00,0.00,福利价/无价格|考古加素材混剪,,
2026-09-30,14516518345,CH-SC-低活-10113209119177-超级抢购-电动车-无-剪辑-转化引导-电动车-260907-无-625-8,0.16,8,0,0.00,0.00,0.00,心如|福利价,,
2026-09-30,14247816775,CH-SC-低活-10120514417084-超级抢购-生鲜-无-剪辑-转化引导-生鲜-20260818-无-625-aigc-7,0.16,99,0,0.00,0.00,0.00,平台一组AIGC|腾讯首发素材,,
2026-09-30,14554165694,CH-SC-低活-10096167203452-超级抢购-纸品-大商超-剪辑-转化引导-纸品-260917-无-625-110,0.16,76,41,0.00,0.00,53.95,,,
2026-09-30,14516502500,CH-SC-低活-10233824843150-超级抢购-收纳用品-无-剪辑-转化引导-收纳用品-260907-无-625-17,0.15,7,0,0.00,0.00,0.00,心如|福利价,,
2026-09-30,14422196927,信息流-小牛-小蜜桃-三方主体-代运营-新人福利价-260908-10231541696811 -深海货盘-625-47,0.15,28,0,0.00,0.00,0.00,福利价/无价格|考古加素材混剪,,
2026-09-30,13916302821,CH-SC-低活-10140917922437-超级抢购-家庭清洁-无-剪辑-转化引导-家庭清洁-20260715-无-625-aigc-12,0.15,22,0,0.00,0.00,0.00,平台一组AIGC|心如|快手重复素材|快手非低质素材|无价格|腾讯首发素材,,
2026-09-30,14488288795,信息流-小牛-大月饼-三方主体-代运营-新人福利价-260914-10163022037983-内部实时跑量-625-39,0.15,21,1,0.00,0.00,4.76,福利价/无价格|考古加素材混剪,,
2026-09-30,14365976623,CH-SC-低活-10207774889664-超级抢购-家庭清洁-无-剪辑-转化引导-家庭清洁-20260828-无-625-白牌-5,0.15,6,0,0.00,0.00,0.00,0820白牌|快手原创素材|快手非低质素材|福利价|腾讯首发素材,,
2026-09-30,13836044901,CH-SC-低活-10118706992345-超级抢购-纸品-无-剪辑-转化引导-纸品-20260702-无-625-aigc-5,0.15,21,3,0.00,0.00,14.29,平台一组AIGC|心如|快手重复素材|快手非低质素材|福利价|腾讯首发素材,,
2026-09-30,14372718762,信息流-小牛-旋转支架-三方主体-代运营-新人福利价-260903-10112643484929-内部实时跑量-625-35,0.15,2,0,0.00,0.00,0.00,原生|福利价/无价格|考古加素材混剪,,
2026-09-30,14422199457,信息流-小牛-小蜜桃-三方主体-代运营-新人福利价-260908-10231541696811 -深海货盘-625-42,0.15,19,1,0.00,0.00,5.26,福利价/无价格|考古加素材混剪,,
2026-09-30,14631527855,CH-SC-低活-10100542418506-超级抢购-生活日用-无-剪辑-转化引导-生活日用-260921-无-625-头条储备-40,0.15,19,0,0.00,0.00,0.00,,,
2026-09-30,14488322684,信息流-小牛-大月饼-三方主体-代运营-新人福利价-260914-10163022037983-内部实时跑量-625-23,0.14,18,0,0.00,0.00,0.00,福利价/无价格|考古加素材混剪,,
2026-09-30,14422192441,信息流-小牛-小蜜桃-三方主体-代运营-新人福利价-260908-10231541696811 -深海货盘-625-9,0.14,21,0,0.00,0.00,0.00,福利价/无价格|考古加素材混剪,,
2026-09-30,14319050231,CH-SC-广义新-10128848312108-新综合频道-厨具-京喜拉新-剪辑-转化引导-厨具-260827-无-625-aigc-3,0.14,10,0,0.00,0.00,0.00,平台一组AIGC|无价格,,
2026-09-30,14516432487,CH-SC-低活-10111392494770-超级抢购-收纳用品-无-剪辑-转化引导-收纳用品-20260911-无-625-27,0.14,15,6,0.00,0.00,40.00,心如|福利价,,
2026-09-30,14535585200,信息流-小牛-打火机-三方主体-代运营-新人福利价-260918-10162692688878-内部实时跑量-625-37,0.14,210,1,0.00,0.00,0.48,,,
2026-09-30,13846397120,CH-SC-低活-10112643484929-超级抢购-手机通讯-无-剪辑-转化引导-手机通讯-20260708-无-625-aigc-2,0.14,54,1,0.00,0.00,1.85,DHX扒起量0706|平台一组AIGC|心如|快手重复素材|快手非低质素材|福利价|腾讯首发素材,,
2026-09-30,14516366705,CH-SC-低活-10118706992348-超级抢购加补-纸品-无-剪辑-转化引导-纸品-260914-无-625-23,0.13,25,8,0.00,0.00,32.00,心如,,
2026-09-30,14422218979,信息流-小牛-小蜜桃-三方主体-代运营-新人福利价-260908-10231541696811 -深海货盘-625-14,0.13,34,1,0.00,0.00,2.94,福利价/无价格|考古加素材混剪,,
2026-09-30,14309350700,信息流-小牛-工具箱-三方主体-代运营-新人福利价-260827-10114015186364-内部实时跑量-625-aigc-3,0.13,8,0,0.00,0.00,0.00,平台一组AIGC|福利价/无价格|考古加素材混剪,,
2026-09-30,14319044187,CH-SC-低活-10140917922437-超级抢购-家庭清洁-无-剪辑-转化引导-家庭清洁-20260820-无-625-aigc-28,0.13,1,0,0.00,0.00,0.00,平台一组AIGC|心如|快手重复素材|快手非低质素材|福利价|腾讯首发素材,,
2026-09-30,14516454233,CH-SC-低活-10103917299332-超级抢购-厨具-无-剪辑-转化引导-厨具-20260911-无-625-23,0.13,26,1,0.00,0.00,3.85,心如|福利价,,
2026-09-30,14631518290,CH-SC-低活-10217740550325-超级抢购-箱包皮具-无-剪辑-转化引导-箱包皮具-260921-无-625-头条储备-aigc-105,0.13,5,0,0.00,0.00,0.00,,,
2026-09-30,14562126024,CH-PRJ-采销项目-无-快手-无-无-剪辑-转化引导-无-260911-无-625-3,0.13,3,1,0.13,1.00,33.33,,,
2026-09-30,14197030149,信息流-小牛-电脑支架-三方主体-代运营-新人福利价-0817-10191489644462-大盘扒改-625-2,0.13,3,0,0.00,0.00,0.00,大盘扒改|福利价/无价格,,
2026-09-30,14488327968,信息流-小牛-大月饼-三方主体-代运营-新人福利价-260914-10163022037983-内部实时跑量-625-19,0.13,17,0,0.00,0.00,0.00,福利价/无价格|考古加素材混剪,,
2026-09-30,14422280048,信息流-小牛-真空袋-三方主体-代运营-新人福利价-260908-10212584519594-内部实时跑量-625-1,0.12,47,2,0.00,0.00,4.26,福利价/无价格|考古加素材混剪,,
2026-09-30,14516363380,CH-SC-低活-10118706992348-超级抢购加补-纸品-无-剪辑-转化引导-纸品-260914-无-625-32,0.12,5,3,0.00,0.00,60.00,心如,,
2026-09-30,14487659251,信息流-小牛-毛毯-三方主体-代运营-新人福利价-260914-10146450179286-商务选品-625-40,0.12,15,1,0.00,0.00,6.67,快手原创素材|快手非低质素材|福利价/无价格,,
2026-09-30,14319046045,CH-SC-低活-10140917922437-超级抢购-家庭清洁-无-剪辑-转化引导-家庭清洁-20260820-无-625-aigc-13,0.12,4,0,0.00,0.00,0.00,平台AI测试/视频/一组智能体|平台一组AIGC|心如|快手重复素材|快手非低质素材|福利价|腾讯首发素材,,
2026-09-30,14422267021,信息流-小牛-真空袋-三方主体-代运营-新人福利价-260908-10212584519594-内部实时跑量-625-36,0.12,56,1,0.00,0.00,1.79,福利价/无价格|考古加素材混剪,,
2026-09-30,14516363675,CH-SC-低活-10118706992348-超级抢购加补-纸品-无-剪辑-转化引导-纸品-260914-无-625-25,0.12,9,2,0.00,0.00,22.22,心如,,
2026-09-30,14516518956,CH-SC-低活-10113209119177-超级抢购-电动车-无-剪辑-转化引导-电动车-260907-无-625-11,0.11,39,1,0.00,0.00,2.56,心如|福利价,,
2026-09-30,14516487010,CH-SC-低活-10233824843150-超级抢购-收纳用品-无-剪辑-转化引导-收纳用品-260907-无-625-57,0.11,1,1,0.00,0.00,100.00,心如|福利价,,
2026-09-30,14444477090,信息流-小牛-陶瓷碗-三方主体-代运营-新人1分钱-260910-10129451028601-商务选品-625-55,0.11,7,0,0.00,0.00,0.00,福利价/无价格,,
2026-09-30,14516363446,CH-SC-低活-10118706992348-超级抢购加补-纸品-无-剪辑-转化引导-纸品-260914-无-625-26,0.11,19,1,0.00,0.00,5.26,心如,,
2026-09-30,14516360502,CH-SC-低活-10118706992348-超级抢购加补-纸品-无-剪辑-转化引导-纸品-260914-无-625-36,0.10,3,2,0.00,0.00,66.67,心如,,
2026-09-30,14009876900,信息流-小牛-李子-京东主体-代运营-新人福利价-0729-10223570717754-设计自选-625-aigc-12,0.10,10,0,0.00,0.00,0.00,平台一组AIGC,,
2026-09-30,14422192671,信息流-小牛-小蜜桃-三方主体-代运营-新人福利价-260908-10231541696811 -深海货盘-625-8,0.10,48,2,0.00,0.00,4.17,福利价/无价格|考古加素材混剪,,
2026-09-30,13341768699,CH-SC-广义新-10219841541026-新综合频道-厨具-京喜拉新-剪辑-转化引导-厨具-20260520-反向-625-14,0.10,5,0,0.00,0.00,0.00,广义新头条|心如|快手重复素材|快手非低质素材|搬运打压素材|无价格|腾讯首发素材,,
2026-09-30,13922151320,信息流-小牛-抽纸-京东主体-代运营-新人福利价-0721-100281253200-设计自选-625-aigc-3,0.10,49,11,0.00,0.00,22.45,平台一组AIGC|腾讯首发素材,,
2026-09-30,14516352320,CH-SC-低活-10118706992348-超级抢购加补-纸品-无-剪辑-转化引导-纸品-260914-无-625-64,0.09,2,0,0.00,0.00,0.00,心如,,
2026-09-30,14309315147,信息流-小牛-工具箱-三方主体-代运营-新人福利价-260827-10114015186364-内部实时跑量-625-aigc-27,0.09,8,0,0.00,0.00,0.00,平台一组AIGC|福利价/无价格|考古加素材混剪,,
2026-09-30,14422204758,信息流-小牛-小蜜桃-三方主体-代运营-新人福利价-260908-10231541696811 -深海货盘-625-35,0.09,12,0,0.00,0.00,0.00,福利价/无价格|考古加素材混剪,,
2026-09-30,14049453611,CH-SC-低活-10203314269223-超级抢购-生鲜-无-剪辑-转化引导-生鲜-20260730-无-625-aigc-1,0.09,5,0,0.00,0.00,0.00,平台一组AIGC|心如|福利价|腾讯首发素材,,
2026-09-30,14516372424,CH-SC-低活-10118706992348-超级抢购加补-纸品-无-剪辑-转化引导-纸品-260914-无-625-3,0.09,15,4,0.00,0.00,26.67,心如,,
2026-09-30,14444473820,信息流-小牛-陶瓷碗-三方主体-代运营-新人1分钱-260910-10129451028601-商务选品-625-57,0.09,12,0,0.00,0.00,0.00,福利价/无价格,,
2026-09-30,14422198418,信息流-小牛-小蜜桃-三方主体-代运营-新人福利价-260908-10231541696811 -深海货盘-625-43,0.09,14,1,0.00,0.00,7.14,福利价/无价格|考古加素材混剪,,
2026-09-30,14033670730,信息流-小牛-折叠椅-京东主体-代运营-新人福利价-0731-10183713190151-设计自选-625-4,0.09,18,0,0.00,0.00,0.00,福利价/无价格,,
2026-09-30,14529767215,信息流-小牛-停车号码牌-三方主体-代运营-新人福利价-260917-10203964359828-内部实时跑量-625-7,0.09,4,1,0.00,0.00,25.00,,,
2026-09-30,14516383216,CH-SC-低活-10103917299332-超级抢购加补-厨具-无-剪辑-转化引导-厨具-20260911-无-625-24,0.09,1,0,0.00,0.00,0.00,心如,,
2026-09-30,14516330266,CH-SC-低活-10111392494770-超级抢购加补-收纳用品-无-剪辑-转化引导-收纳用品-20260911-无-625-42,0.09,9,4,0.00,0.00,44.44,心如,,
2026-09-30,14554229651,CH-SC-低活-10140917922437-超级抢购-家庭清洁-无-剪辑-转化引导-家庭清洁-20260918-无-625-aigc-3,0.09,6,0,0.00,0.00,0.00,,,
2026-09-30,14516514356,CH-SC-低活-10113209119177-超级抢购-电动车-无-剪辑-转化引导-电动车-260907-无-625-20,0.09,4,0,0.00,0.00,0.00,心如|福利价,,
2026-09-30,13957196651,信息流-小牛-无骨鸡爪-三方主体-代运营-新人福利价-0724-10181243448351-大盘扒改-625-4,0.08,62,2,0.00,0.00,3.23,大盘扒改|快手重复素材|快手非低质素材|福利价/无价格,,
2026-09-30,14161859149,信息流-小牛-围裙-三方主体-代运营-新人福利价-0813-10117891615029-大盘实时跑量-625-3,0.08,8,0,0.00,0.00,0.00,福利价/无价格|考古加素材混剪,,
2026-09-30,14535578075,信息流-小牛-打火机-三方主体-代运营-新人福利价-260918-10162692688878-内部实时跑量-625-47,0.08,37,0,0.00,0.00,0.00,,,
2026-09-30,14488288936,信息流-小牛-大月饼-三方主体-代运营-新人福利价-260914-10163022037983-内部实时跑量-625-40,0.08,11,0,0.00,0.00,0.00,福利价/无价格|考古加素材混剪,,
2026-09-30,13916109786,CH-SC-广义新-10155000015319-新综合频道-厨具-京喜拉新-剪辑-转化引导-厨具-20260716-无-625-aigc-2,0.08,7,0,0.00,0.00,0.00,平台一组AIGC|广义新头条|心如|无价格|腾讯首发素材,,
2026-09-30,14554232714,CH-SC-低活-10233824843150-超级抢购-收纳用品-无-剪辑-转化引导-收纳用品-260918-无-625-23,0.08,6,0,0.00,0.00,0.00,,,
2026-09-30,14319048430,CH-SC-广义新-10128848312108-新综合频道-厨具-京喜拉新-剪辑-转化引导-厨具-260827-无-625-aigc-9,0.08,6,0,0.00,0.00,0.00,平台一组AIGC|无价格,,
2026-09-30,14529767101,信息流-小牛-停车号码牌-三方主体-代运营-新人福利价-260917-10203964359828-内部实时跑量-625-8,0.08,3,0,0.00,0.00,0.00,,,
2026-09-30,14529802963,信息流-小牛-停车号码牌-三方主体-代运营-新人福利价-260917-10203964359828-内部实时跑量-625-11,0.08,12,0,0.00,0.00,0.00,,,
2026-09-30,14318976227,CH-SC-广义新-10128848312108-新综合频道-厨具-京喜拉新-剪辑-转化引导-厨具-260827-无-625-aigc-18,0.07,2,0,0.00,0.00,0.00,平台一组AIGC|无价格,,
2026-09-30,13881551454,CH-SC-广义新-10177393646076-新综合频道-灯饰照明-京喜拉新-剪辑-转化引导-灯饰照明-20260715-无-625-9,0.07,4,2,0.00,0.00,50.00,广义新头条|快手重复素材|快手非低质素材|腾讯首发素材,,
2026-09-30,14422151865,信息流-小牛-骑行支架-三方主体-代运营-新人福利价-260908-10139440032542-历史爆品-625-41,0.07,49,3,0.00,0.00,6.12,福利价/无价格|考古加素材混剪,,
2026-09-30,14463699574,CH-SC-低活-10223570717754-超级抢购-生鲜-无-剪辑-转化引导-生鲜-260903-无-625-3,0.07,8,0,0.00,0.00,0.00,心如|福利价|腾讯首发素材,,
2026-09-30,14529774970,信息流-小牛-停车号码牌-三方主体-代运营-新人福利价-260917-10203964359828-内部实时跑量-625-55,0.07,1,0,0.00,0.00,0.00,,,
2026-09-30,14516312097,CH-SC-低活-10176978592631-超级抢购-家具-无-剪辑-转化引导-家具-260915-无-625-28,0.07,1,0,0.00,0.00,0.00,心如|福利价,,
2026-09-30,14422247951,信息流-小牛-真空袋-三方主体-代运营-新人福利价-260908-10212584519594-内部实时跑量-625-56,0.07,3,0,0.00,0.00,0.00,福利价/无价格|考古加素材混剪,,
2026-09-30,12993032111,荣耀-XN-影音-通用-音乐-混剪-260403-625-1,0.07,24,3,0.07,1.00,12.50,,,
2026-09-30,14631515148,CH-SC-低活-10217740550325-超级抢购-箱包皮具-无-剪辑-转化引导-箱包皮具-260921-无-625-头条储备-aigc-145,0.07,8,0,0.00,0.00,0.00,,,
2026-09-30,14516484092,CH-SC-低活-10233824843150-超级抢购-收纳用品-无-剪辑-转化引导-收纳用品-260907-无-625-67,0.07,4,0,0.00,0.00,0.00,心如|福利价,,
2026-09-30,14516431734,CH-SC-低活-10111392494770-超级抢购-收纳用品-无-剪辑-转化引导-收纳用品-20260911-无-625-30,0.07,6,2,0.00,0.00,33.33,心如|福利价,,
2026-09-30,14299137269,CH-PRJ-采销项目-无-快手-无-无-剪辑-转化引导-无-260825-无-625-3,0.07,5,3,0.00,0.00,60.00,快手重复素材|快手非低质素材,,
2026-09-30,14422214727,信息流-小牛-小蜜桃-三方主体-代运营-新人福利价-260908-10231541696811 -深海货盘-625-21,0.07,12,0,0.00,0.00,0.00,福利价/无价格|考古加素材混剪,,
2026-09-30,14197433343,CH-SC-低活-10199184867564-外卖1分购-外卖美食-无-剪辑-转化引导-外卖美食-20260810-无-625-12,0.07,5,0,0.00,0.00,0.00,心如|福利价,,
2026-09-30,14463319138,CH-SC-广义新-10233824843150-新综合频道-收纳用品-京喜拉新-剪辑-转化引导-收纳用品-260908-反向-625-3,0.06,19,1,0.00,0.00,5.26,心如|无价格,,
2026-09-30,14488259984,信息流-小牛-大月饼-三方主体-代运营-新人福利价-260914-10163022037983-内部实时跑量-625-aigc-7,0.06,6,0,0.00,0.00,0.00,福利价/无价格|考古加素材混剪,,
2026-09-30,14516314494,CH-SC-低活-10176978592631-超级抢购-家具-无-剪辑-转化引导-家具-260915-无-625-25,0.06,2,0,0.00,0.00,0.00,心如|福利价,,
2026-09-30,14463886227,CH-SC-低活-10223570717754-超级抢购-生鲜-无-剪辑-转化引导-生鲜-260903-无-625-11,0.06,13,0,0.00,0.00,0.00,心如|福利价|腾讯首发素材,,
2026-09-30,14319041988,CH-SC-低活-10140917922437-超级抢购-家庭清洁-无-剪辑-转化引导-家庭清洁-20260820-无-625-aigc-2,0.06,6,0,0.00,0.00,0.00,平台AI测试/视频/一组智能体|平台一组AIGC|心如|快手原创素材|快手非低质素材|福利价,,
2026-09-30,14309300951,信息流-小牛-工具箱-三方主体-代运营-新人福利价-260827-10114015186364-内部实时跑量-625-aigc-39,0.06,32,0,0.00,0.00,0.00,平台一组AIGC|福利价/无价格|考古加素材混剪,,
2026-09-30,14422203143,信息流-小牛-小蜜桃-三方主体-代运营-新人福利价-260908-10231541696811 -深海货盘-625-37,0.06,12,0,0.00,0.00,0.00,福利价/无价格|考古加素材混剪,,
2026-09-30,14554244175,CH-SC-低活-10111392494770-超级抢购-收纳用品-无-剪辑-转化引导-收纳用品-20260918-无-625-启动-10,0.06,2,0,0.00,0.00,0.00,,,
2026-09-30,14516341552,CH-SC-低活-10111392494770-超级抢购加补-收纳用品-无-剪辑-转化引导-收纳用品-260915-无-625-13,0.06,16,1,0.00,0.00,6.25,心如,,
2026-09-30,14516334182,CH-SC-低活-10111392494770-超级抢购加补-收纳用品-无-剪辑-转化引导-收纳用品-20260911-无-625-32,0.06,8,4,0.00,0.00,50.00,心如,,
2026-09-30,13522212297,CH-SC-低活-10113209119177-超级抢购加补-电动车-无-剪辑-转化引导-电动车-20260609-无-625-aigc-7,0.06,7,1,0.00,0.00,14.29,DHX扒起量0608|不对版！！|平台一组AIGC|心如|快手重复素材|快手非低质素材|腾讯首发素材,,
2026-09-30,14319049515,CH-SC-广义新-10128848312108-新综合频道-厨具-京喜拉新-剪辑-转化引导-厨具-260827-无-625-aigc-7,0.06,6,0,0.00,0.00,0.00,平台一组AIGC|无价格,,
2026-09-30,14309443729,信息流-小牛-飘逸杯-三方主体-代运营-新人福利价-260827-10110757613709-内部实时跑量-625-aigc-34,0.06,46,0,0.00,0.00,0.00,平台一组AIGC,,
2026-09-30,14562128959,CH-PRJ-采销项目-无-快手-无-无-剪辑-转化引导-无-260911-无-625-23,0.06,6,0,0.00,0.00,0.00,,,
2026-09-30,14197436465,CH-SC-低活-10199184867564-外卖1分购-外卖美食-无-剪辑-转化引导-外卖美食-20260810-无-625-5,0.06,4,0,0.00,0.00,0.00,心如|福利价|腾讯首发素材,,
2026-09-30,14516357059,CH-SC-低活-10118706992348-超级抢购加补-纸品-无-剪辑-转化引导-纸品-260914-无-625-47,0.06,5,0,0.00,0.00,0.00,心如,,
2026-09-30,13846319643,CH-SC-低活-10140917922437-超级抢购-家庭清洁-无-剪辑-转化引导-家庭清洁-20260708-无-625-aigc-4,0.06,4,0,0.00,0.00,0.00,平台一组AIGC|心如|快手重复素材|快手非低质素材|福利价|腾讯首发素材,,
2026-09-30,14488235285,信息流-小牛-大月饼-三方主体-代运营-新人福利价-260914-10163022037983-内部实时跑量-625-4,0.06,7,1,0.00,0.00,14.29,福利价/无价格|考古加素材混剪,,
2026-09-30,14422205041,信息流-小牛-小蜜桃-三方主体-代运营-新人福利价-260908-10231541696811 -深海货盘-625-34,0.05,20,1,0.00,0.00,5.00,福利价/无价格|考古加素材混剪,,
2026-09-30,14238406931,信息流-小牛-花洒支架-三方主体-代运营-新人福利价-0820-10116091800772-内部实时跑量-625-40,0.05,2,1,0.00,0.00,50.00,有米云素材混剪|福利价/无价格|腾讯首发素材,,
2026-09-30,14422223087,信息流-小牛-小蜜桃-三方主体-代运营-新人福利价-260908-10231541696811 -深海货盘-625-13,0.05,22,0,0.00,0.00,0.00,福利价/无价格|考古加素材混剪,,
2026-09-30,14516314341,CH-SC-低活-10176978592631-超级抢购-家具-无-剪辑-转化引导-家具-260915-无-625-26,0.05,1,0,0.00,0.00,0.00,心如|福利价,,
2026-09-30,14516333152,CH-SC-低活-10111392494770-超级抢购加补-收纳用品-无-剪辑-转化引导-收纳用品-20260911-无-625-37,0.05,2,1,0.00,0.00,50.00,心如,,
2026-09-30,13882945535,CH-SC-低活-10162692688878-超级抢购-家用电器-无-剪辑-转化引导-家用电器-20260714-无-625-aigc-13,0.05,11,0,0.00,0.00,0.00,平台一组AIGC|心如|快手原创素材|快手非低质素材|福利价|腾讯首发素材,,
2026-09-30,14166680810,信息流-小牛-五香花生-三方主体-代运营-新人福利价-0814-10150360358365-大盘实时跑量-625-28,0.05,10,0,0.00,0.00,0.00,福利价/无价格|考古加素材混剪,,
2026-09-30,14516435893,CH-SC-低活-10111392494770-超级抢购-收纳用品-无-剪辑-转化引导-收纳用品-20260911-无-625-22,0.05,4,1,0.00,0.00,25.00,心如|福利价,,
2026-09-30,14049375748,CH-SC-低活-10178946597305-超级抢购-厨具-无-剪辑-转化引导-厨具-20260728-无-625-aigc-7,0.05,3,0,0.00,0.00,0.00,平台一组AIGC|心如|快手重复素材|快手非低质素材|福利价|腾讯首发素材,,
2026-09-30,14488326502,信息流-小牛-大月饼-三方主体-代运营-新人福利价-260914-10163022037983-内部实时跑量-625-20,0.05,21,2,0.00,0.00,9.52,福利价/无价格|考古加素材混剪,,
2026-09-30,14049380620,CH-SC-低活-10178946597305-超级抢购-厨具-无-剪辑-转化引导-厨具-20260728-无-625-aigc-5,0.05,6,0,0.00,0.00,0.00,平台一组AIGC|心如|快手重复素材|快手非低质素材|福利价|腾讯首发素材,,
2026-09-30,14516347861,CH-SC-低活-10111392494770-超级抢购加补-收纳用品-无-剪辑-转化引导-收纳用品-260915-无-625-29,0.05,6,4,0.00,0.00,66.67,心如,,
2026-09-30,14516440626,CH-SC-低活-10111392494770-超级抢购-收纳用品-无-剪辑-转化引导-收纳用品-20260911-无-625-15,0.05,2,2,0.00,0.00,100.00,心如|福利价,,
2026-09-30,14365974664,CH-SC-低活-10207774889664-超级抢购-家庭清洁-无-剪辑-转化引导-家庭清洁-20260828-无-625-白牌-15,0.04,1,0,0.00,0.00,0.00,0820白牌|快手原创素材|快手非低质素材|福利价|腾讯首发素材,,
2026-09-30,14535550854,信息流-小牛-打火机-三方主体-代运营-新人福利价-260918-10162692688878-内部实时跑量-625-5,0.04,1,0,0.00,0.00,0.00,,,
2026-09-30,14631527661,CH-SC-低活-10100542418506-超级抢购-生活日用-无-剪辑-转化引导-生活日用-260921-无-625-头条储备-39,0.04,3,0,0.00,0.00,0.00,,,
2026-09-30,14247653929,信息流-小牛-旋转手机支架-三方主体-代运营-新人福利价-0821-10112643484929-内部实时跑量-625-8,0.04,2,0,0.00,0.00,0.00,有米云素材混剪|福利价/无价格,,
2026-09-30,14422161460,信息流-小牛-骑行支架-三方主体-代运营-新人福利价-260908-10139440032542-历史爆品-625-3,0.04,4,1,0.00,0.00,25.00,头条优质素材|福利价/无价格|考古加素材混剪,,
2026-09-30,14554235247,CH-SC-低活-10233824843150-超级抢购-收纳用品-无-剪辑-转化引导-收纳用品-260918-无-625-14,0.04,34,4,0.00,0.00,11.76,,,
2026-09-30,14488296749,信息流-小牛-大月饼-三方主体-代运营-新人福利价-260914-10163022037983-内部实时跑量-625-35,0.04,1,0,0.00,0.00,0.00,福利价/无价格|考古加素材混剪,,
2026-09-30,13799992857,CH-SC-广义新-10134479334759-新综合频道-钟表眼镜-京喜拉新-剪辑-转化引导-钟表眼镜-20260703-无-625-aigc-6,0.04,7,2,0.00,0.00,28.57,平台一组AIGC|广义新头条|心如|快手重复素材|快手非低质素材|腾讯首发素材,,
2026-09-30,14166706097,信息流-小牛-五香花生-三方主体-代运营-新人福利价-0814-10150360358365-大盘实时跑量-625-2,0.04,6,0,0.00,0.00,0.00,福利价/无价格|考古加素材混剪,,
2026-09-30,13776625183,CH-SC-广义新-10177393646076-新综合频道-灯饰照明-京喜拉新-剪辑-转化引导-灯饰照明-20260702-反向-625-aigc-22,0.04,7,0,0.00,0.00,0.00,平台一组AIGC|快手原创素材|快手非低质素材|无价格|福利价/无价格,,
2026-09-30,14631513843,CH-SC-低活-10217740550325-超级抢购-箱包皮具-无-剪辑-转化引导-箱包皮具-260921-无-625-头条储备-aigc-32,0.04,6,0,0.00,0.00,0.00,,,
2026-09-30,14554233388,CH-SC-低活-10233824843150-超级抢购-收纳用品-无-剪辑-转化引导-收纳用品-260918-无-625-15,0.04,2,0,0.00,0.00,0.00,,,
2026-09-30,14516334982,CH-SC-低活-10111392494770-超级抢购加补-收纳用品-无-剪辑-转化引导-收纳用品-20260911-无-625-34,0.04,2,0,0.00,0.00,0.00,心如,,
2026-09-30,14422213377,信息流-小牛-小蜜桃-三方主体-代运营-新人福利价-260908-10231541696811 -深海货盘-625-22,0.04,4,0,0.00,0.00,0.00,福利价/无价格|考古加素材混剪,,
2026-09-30,14319041553,CH-SC-低活-10140917922437-超级抢购-家庭清洁-无-剪辑-转化引导-家庭清洁-20260820-无-625-aigc-5,0.04,5,0,0.00,0.00,0.00,平台一组AIGC|心如|快手重复素材|快手非低质素材|福利价,,
2026-09-30,14488266120,信息流-小牛-大月饼-三方主体-代运营-新人福利价-260914-10163022037983-内部实时跑量-625-aigc-5,0.04,3,0,0.00,0.00,0.00,福利价/无价格|考古加素材混剪,,
2026-09-30,13746334314,CH-SC-低活-10139440032542-超级抢购5元-运动户外-无-剪辑-转化引导-运动户外-20260630-无-625-aigc-11,0.04,2,0,0.00,0.00,0.00,平台一组AIGC|心如|快手重复素材|快手非低质素材|福利价|腾讯首发素材,,
2026-09-30,14516366352,CH-SC-低活-10118706992348-超级抢购加补-纸品-无-剪辑-转化引导-纸品-260914-无-625-17,0.04,2,2,0.00,0.00,100.00,心如,,
2026-09-30,14247752216,CH-SC-广义新-1073108-新综合频道-水饮冲调-大商超-剪辑-转化引导-水饮冲调-20260820-无-625-aigc-12,0.04,8,0,0.00,0.00,0.00,平台一组AIGC|快手重复素材|快手非低质素材|腾讯首发素材,,
2026-09-30,14369413170,信息流-小牛-菜板-三方主体-代运营-新人福利价-260903-10155000015319-内部实时跑量-625-11,0.04,10,1,0.00,0.00,10.00,原生|快手原创素材|快手非低质素材|福利价/无价格,,
2026-09-30,14562120754,CH-PRJ-采销项目-无-快手-无-无-剪辑-转化引导-无-260915-无-625-2,0.04,4,1,0.01,3.00,25.00,,,
2026-09-30,14631514432,CH-SC-低活-10217740550325-超级抢购-箱包皮具-无-剪辑-转化引导-箱包皮具-260921-无-625-头条储备-aigc-154,0.04,5,0,0.00,0.00,0.00,,,
2026-09-30,14049462509,CH-SC-低活-10154095391500-超级抢购-手机通讯-无-剪辑-转化引导-手机通讯-20260730-无-625-8,0.04,3,0,0.00,0.00,0.00,心如|快手重复素材|快手非低质素材|福利价|腾讯首发素材,,
2026-09-30,14516513035,CH-SC-低活-10113209119177-超级抢购-电动车-无-剪辑-转化引导-电动车-260907-无-625-23,0.04,4,1,0.00,0.00,25.00,心如|福利价,,
2026-09-30,14318978964,CH-SC-广义新-10128848312108-新综合频道-厨具-京喜拉新-剪辑-转化引导-厨具-260827-无-625-aigc-13,0.04,2,0,0.00,0.00,0.00,平台一组AIGC|无价格,,
2026-09-30,14554245357,CH-SC-低活-10111392494770-超级抢购-收纳用品-无-剪辑-转化引导-收纳用品-20260918-无-625-启动-6,0.03,2,0,0.00,0.00,0.00,,,
2026-09-30,13916494785,CH-SC-广义新-10040988734451-新10元话费券-无-无-剪辑-转化引导-无-20260715-无-625-14,0.03,5,0,0.00,0.00,0.00,快手原创素材|快手非低质素材,,
2026-09-30,14488243167,信息流-小牛-大月饼-三方主体-代运营-新人福利价-260914-10163022037983-内部实时跑量-625-aigc-13,0.03,6,0,0.00,0.00,0.00,福利价/无价格|考古加素材混剪,,
2026-09-30,13846344239,CH-SC-低活-10113209119177-超级抢购-电动车-无-剪辑-转化引导-电动车-20260708-无-625-13,0.03,1,0,0.00,0.00,0.00,平台一组AIGC|心如|福利价|腾讯首发素材,,
2026-09-30,14631517441,CH-SC-低活-10217740550325-超级抢购-箱包皮具-无-剪辑-转化引导-箱包皮具-260921-无-625-头条储备-aigc-111,0.03,5,0,0.00,0.00,0.00,,,
2026-09-30,14516316186,CH-SC-低活-10176978592631-超级抢购-家具-无-剪辑-转化引导-家具-260915-无-625-22,0.03,1,0,0.00,0.00,0.00,心如|福利价,,
2026-09-30,14554237846,CH-SC-低活-10233824843150-超级抢购-收纳用品-无-剪辑-转化引导-收纳用品-260918-无-625-41,0.03,2,0,0.00,0.00,0.00,,,
2026-09-30,14319046743,CH-SC-低活-10140917922437-超级抢购-家庭清洁-无-剪辑-转化引导-家庭清洁-20260820-无-625-aigc-11,0.03,6,0,0.00,0.00,0.00,平台AI测试/视频/一组智能体|平台一组AIGC|心如|快手重复素材|快手非低质素材|福利价,,
2026-09-30,14369364164,信息流-小牛-菜板-三方主体-代运营-新人福利价-260903-10155000015319-内部实时跑量-625-38,0.03,18,0,0.00,0.00,0.00,原生|快手原创素材|快手非低质素材|福利价/无价格,,
2026-09-30,14319048789,CH-SC-广义新-10128848312108-新综合频道-厨具-京喜拉新-剪辑-转化引导-厨具-260827-无-625-aigc-8,0.03,1,0,0.00,0.00,0.00,平台一组AIGC|无价格,,
2026-09-30,14422180540,信息流-小牛-骑行支架-三方主体-代运营-新人福利价-260908-10139440032542-历史爆品-625-21,0.03,3,0,0.00,0.00,0.00,福利价/无价格|考古加素材混剪,,
2026-09-30,14422256343,信息流-小牛-真空袋-三方主体-代运营-新人福利价-260908-10212584519594-内部实时跑量-625-42,0.03,5,0,0.00,0.00,0.00,福利价/无价格|考古加素材混剪,,
2026-09-30,14516449997,CH-SC-低活-10103917299332-超级抢购-厨具-无-剪辑-转化引导-厨具-20260911-无-625-40,0.03,1,0,0.00,0.00,0.00,心如|福利价,,
2026-09-30,14309586346,信息流-小牛-围裙-三方主体-代运营-新人福利价-260827-10117891615029-设计自选-625-8,0.03,1,0,0.00,0.00,0.00,平台一组AIGC|福利价/无价格|考古加素材混剪,,
2026-09-30,14120552086,CH-SC-低活-10118706992348-超级抢购-纸品-无-剪辑-转化引导-纸品-20260805-无-625-aigc-4,0.03,4,1,0.00,0.00,25.00,平台一组AIGC|快手重复素材|快手非低质素材|福利价|腾讯首发素材,,
2026-09-30,13846011708,CH-SC-广义新-10140917922437-新综合频道-家庭清洁-京喜拉新-剪辑-转化引导-家庭清洁-20260710-无-625-aigc-4,0.03,4,0,0.00,0.00,0.00,平台一组AIGC|广义新头条|心如|快手重复素材|快手非低质素材|无价格|腾讯首发素材,,
2026-09-30,14516370601,CH-SC-低活-10118706992348-超级抢购加补-纸品-无-剪辑-转化引导-纸品-260914-无-625-9,0.03,4,1,0.00,0.00,25.00,心如,,
2026-09-30,13746324048,CH-SC-低活-10139440032542-超级抢购5元-运动户外-无-剪辑-转化引导-运动户外-20260630-无-625-aigc-4,0.03,4,0,0.00,0.00,0.00,平台一组AIGC|心如|快手重复素材|快手非低质素材|福利价|腾讯首发素材,,
2026-09-30,14374718939,信息流-小牛-苹果-三方主体-代运营-新人福利价-260903-10186710590960-历史爆品-625-8,0.03,5,0,0.00,0.00,0.00,原生|福利价/无价格|考古加素材混剪,,
2026-09-30,14529777583,信息流-小牛-停车号码牌-三方主体-代运营-新人福利价-260917-10203964359828-内部实时跑量-625-49,0.03,4,0,0.00,0.00,0.00,,,
2026-09-30,13746324829,CH-SC-低活-10139440032542-超级抢购5元-运动户外-无-剪辑-转化引导-运动户外-20260630-无-625-aigc-3,0.03,2,0,0.00,0.00,0.00,平台一组AIGC|心如|快手原创素材|快手非低质素材|福利价|腾讯首发素材,,
2026-09-30,14631516639,CH-SC-低活-10217740550325-超级抢购-箱包皮具-无-剪辑-转化引导-箱包皮具-260921-无-625-头条储备-aigc-120,0.03,6,0,0.00,0.00,0.00,,,
2026-09-30,14529802744,信息流-小牛-停车号码牌-三方主体-代运营-新人福利价-260917-10203964359828-内部实时跑量-625-13,0.03,2,0,0.00,0.00,0.00,,,
2026-09-30,14516514607,CH-SC-低活-10113209119177-超级抢购-电动车-无-剪辑-转化引导-电动车-260907-无-625-19,0.03,2,0,0.00,0.00,0.00,心如|福利价,,
2026-09-30,14049376504,CH-SC-低活-10178946597305-超级抢购-厨具-无-剪辑-转化引导-厨具-20260728-无-625-aigc-9,0.03,3,0,0.00,0.00,0.00,平台一组AIGC|心如|快手原创素材|快手非低质素材|福利价|腾讯首发素材,,
2026-09-30,14516346406,CH-SC-低活-10111392494770-超级抢购加补-收纳用品-无-剪辑-转化引导-收纳用品-260915-无-625-28,0.03,1,0,0.00,0.00,0.00,心如,,
2026-09-30,14463327759,CH-SC-广义新-10233824843150-新综合频道-收纳用品-京喜拉新-剪辑-转化引导-收纳用品-260908-反向-625-16,0.03,1,1,0.00,0.00,100.00,心如|无价格,,
2026-09-30,14529783411,信息流-小牛-停车号码牌-三方主体-代运营-新人福利价-260917-10203964359828-内部实时跑量-625-41,0.03,3,0,0.00,0.00,0.00,,,
2026-09-30,13846341238,CH-SC-低活-10113209119177-超级抢购-电动车-无-剪辑-转化引导-电动车-20260708-无-625-9,0.03,1,0,0.00,0.00,0.00,平台一组AIGC|心如|快手重复素材|快手非低质素材|福利价|腾讯首发素材,,
2026-09-30,14631515912,CH-SC-低活-10217740550325-超级抢购-箱包皮具-无-剪辑-转化引导-箱包皮具-260921-无-625-头条储备-aigc-131,0.03,4,0,0.00,0.00,0.00,,,
2026-09-30,14086780491,信息流-小牛-陶瓷碗-三方主体-代运营-新人福利价-0806-10129451028601-客户推品-625-3,0.02,16,0,0.00,0.00,0.00,客供|福利价/无价格,,
2026-09-30,14516329738,CH-SC-低活-10111392494770-超级抢购加补-收纳用品-无-剪辑-转化引导-收纳用品-20260911-无-625-44,0.02,2,0,0.00,0.00,0.00,心如,,
2026-09-30,14516500212,CH-SC-低活-10233824843150-超级抢购-收纳用品-无-剪辑-转化引导-收纳用品-260907-无-625-22,0.02,1,0,0.00,0.00,0.00,心如|福利价,,
2026-09-30,14319007856,CH-SC-广义新-10118706992345-新综合频道-纸品 -京喜拉新-剪辑-转化引导-纸品 -260827-无-625-aigc-13,0.02,8,1,0.00,0.00,12.50,平台一组AIGC|快手重复素材|快手非低质素材|腾讯首发素材,,
2026-09-30,14033672272,信息流-小牛-折叠椅-京东主体-代运营-新人福利价-0731-10183713190151-设计自选-625-6,0.02,6,0,0.00,0.00,0.00,福利价/无价格,,
2026-09-30,14535553882,信息流-小牛-打火机-三方主体-代运营-新人福利价-260918-10162692688878-内部实时跑量-625-4,0.02,4,0,0.00,0.00,0.00,,,
2026-09-30,14631517733,CH-SC-低活-10217740550325-超级抢购-箱包皮具-无-剪辑-转化引导-箱包皮具-260921-无-625-头条储备-aigc-106,0.02,3,0,0.00,0.00,0.00,,,
2026-09-30,14318963321,CH-PRJ-采销项目-无-快手-无-无-剪辑-转化引导-无-260826-无-625-16,0.02,2,0,0.00,0.00,0.00,快手重复素材|快手非低质素材,,
2026-09-30,14516492831,CH-SC-低活-10233824843150-超级抢购-收纳用品-无-剪辑-转化引导-收纳用品-260907-无-625-39,0.02,1,1,0.00,0.00,100.00,心如|福利价,,
2026-09-30,14554133189,CH-SC-低活-10215783938762-超级抢购加补-生鲜-无-剪辑-转化引导-生鲜-260911-无-625-24,0.02,3,0,0.00,0.00,0.00,,,
2026-09-30,13125482881,荣耀-XN-金融-通用-壁纸-混剪-纯AIGC-260422-625-4,0.02,1,0,0.00,0.00,0.00,,,
2026-09-30,14516491535,CH-SC-低活-10233824843150-超级抢购-收纳用品-无-剪辑-转化引导-收纳用品-260907-无-625-43,0.02,1,0,0.00,0.00,0.00,心如|福利价,,
2026-09-30,14422156514,信息流-小牛-骑行支架-三方主体-代运营-新人福利价-260908-10139440032542-历史爆品-625-37,0.02,19,0,0.00,0.00,0.00,福利价/无价格|考古加素材混剪,,
2026-09-30,14365974192,CH-SC-低活-10207774889664-超级抢购-家庭清洁-无-剪辑-转化引导-家庭清洁-20260828-无-625-白牌-17,0.02,4,1,0.00,0.00,25.00,0820白牌|快手原创素材|快手非低质素材|福利价|腾讯首发素材,,
2026-09-30,14554168778,CH-SC-低活-10096167203452-超级抢购-纸品-大商超-剪辑-转化引导-纸品-260917-无-625-15,0.02,6,6,0.00,0.00,100.00,,,
2026-09-30,14463300466,CH-SC-广义新-10233824843150-新综合频道-收纳用品-京喜拉新-剪辑-转化引导-收纳用品-260908-反向-625-6,0.02,20,0,0.00,0.00,0.00,心如|无价格,,
2026-09-30,14516316097,CH-SC-低活-10176978592631-超级抢购-家具-无-剪辑-转化引导-家具-260915-无-625-23,0.02,1,0,0.00,0.00,0.00,心如|福利价,,
2026-09-30,14299136746,CH-PRJ-采销项目-无-快手-无-无-剪辑-转化引导-无-260825-无-625-6,0.02,1,0,0.00,0.00,0.00,快手重复素材|快手非低质素材,,
2026-09-30,13179733873,荣耀-XN-金融-通用-壁纸-混剪-纯AIGC-26030-625-33,0.02,6,0,0.00,0.00,0.00,,,
2026-09-30,14488237983,信息流-小牛-大月饼-三方主体-代运营-新人福利价-260914-10163022037983-内部实时跑量-625-2,0.02,6,0,0.00,0.00,0.00,福利价/无价格|考古加素材混剪,,
2026-09-30,14050207975,CH-SC-广义新-10177393646075 -新综合频道-灯饰照明-京喜拉新-剪辑-转化引导-灯饰照明-20260729-无-625-1,0.02,1,0,0.00,0.00,0.00,广义新头条|心如|快手原创素材|快手非低质素材,,
2026-09-30,14554246596,CH-SC-低活-10111392494770-超级抢购-收纳用品-无-剪辑-转化引导-收纳用品-20260918-无-625-启动-5,0.02,3,0,0.00,0.00,0.00,,,
2026-09-30,14238389344,信息流-小牛-雨伞-三方主体-代运营-新人福利价-0820-10130866966155-内部实时跑量-625-38,0.02,2,0,0.00,0.00,0.00,有米云素材混剪|福利价/无价格|腾讯首发素材,,
2026-09-30,14463303620,CH-SC-广义新-10233824843150-新综合频道-收纳用品-京喜拉新-剪辑-转化引导-收纳用品-260908-反向-625-40,0.02,9,1,0.00,0.00,11.11,心如|无价格,,
2026-09-30,14488311102,信息流-小牛-大月饼-三方主体-代运营-新人福利价-260914-10163022037983-内部实时跑量-625-28,0.02,17,1,0.00,0.00,5.88,福利价/无价格|考古加素材混剪,,
2026-09-30,14319046606,CH-SC-低活-10140917922437-超级抢购-家庭清洁-无-剪辑-转化引导-家庭清洁-20260820-无-625-aigc-9,0.02,4,0,0.00,0.00,0.00,平台AI测试/视频/一组智能体|平台一组AIGC|心如|快手原创素材|快手非低质素材|福利价|腾讯首发素材,,
2026-09-30,14529799542,信息流-小牛-停车号码牌-三方主体-代运营-新人福利价-260917-10203964359828-内部实时跑量-625-17,0.02,3,0,0.00,0.00,0.00,,,
2026-09-30,13922152192,信息流-小牛-抽纸-京东主体-代运营-新人福利价-0721-100281253200-设计自选-625-aigc-5,0.02,6,2,0.00,0.00,33.33,平台一组AIGC|腾讯首发素材,,
2026-09-30,14309327456,信息流-小牛-工具箱-三方主体-代运营-新人福利价-260827-10114015186364-内部实时跑量-625-aigc-20,0.02,8,0,0.00,0.00,0.00,平台一组AIGC|福利价/无价格|考古加素材混剪,,
2026-09-30,14529791493,信息流-小牛-停车号码牌-三方主体-代运营-新人福利价-260917-10203964359828-内部实时跑量-625-29,0.02,4,0,0.00,0.00,0.00,,,
2026-09-30,14319049863,CH-SC-广义新-10128848312108-新综合频道-厨具-京喜拉新-剪辑-转化引导-厨具-260827-无-625-aigc-5,0.02,1,0,0.00,0.00,0.00,平台一组AIGC|无价格,,
2026-09-30,14309443403,信息流-小牛-飘逸杯-三方主体-代运营-新人福利价-260827-10110757613709-内部实时跑量-625-aigc-35,0.02,8,0,0.00,0.00,0.00,平台一组AIGC,,
2026-09-30,14516357654,CH-SC-低活-10118706992348-超级抢购加补-纸品-无-剪辑-转化引导-纸品-260914-无-625-45,0.02,4,0,0.00,0.00,0.00,心如,,
2026-09-30,14516513909,CH-SC-低活-10113209119177-超级抢购-电动车-无-剪辑-转化引导-电动车-260907-无-625-1,0.02,2,0,0.00,0.00,0.00,心如|福利价,,
2026-09-30,13776589156,CH-SC-广义新-10177393646076-新综合频道-灯饰照明-京喜拉新-剪辑-转化引导-灯饰照明-20260702-反向-625-aigc-9,0.02,3,0,0.00,0.00,0.00,平台一组AIGC|快手原创素材|快手非低质素材|无价格|福利价/无价格,,
2026-09-30,14516354849,CH-SC-低活-10118706992348-超级抢购加补-纸品-无-剪辑-转化引导-纸品-260914-无-625-53,0.02,5,2,0.00,0.00,40.00,心如,,
2026-09-30,14463375860,CH-SC-广义新-10233824843150-新综合频道-收纳用品-京喜拉新-剪辑-转化引导-收纳用品-260908-反向-625-bdb-28,0.02,8,0,0.00,0.00,0.00,心如|无价格,,
2026-09-30,14631514335,CH-SC-低活-10217740550325-超级抢购-箱包皮具-无-剪辑-转化引导-箱包皮具-260921-无-625-头条储备-aigc-155,0.02,1,0,0.00,0.00,0.00,,,
2026-09-30,14422159149,信息流-小牛-骑行支架-三方主体-代运营-新人福利价-260908-10139440032542-历史爆品-625-32,0.02,1,0,0.00,0.00,0.00,福利价/无价格|考古加素材混剪,,
2026-09-30,14309750869,信息流-小牛-雨伞-三方主体-代运营-新人福利价-260828-10113643996701-大盘扒改-625-17,0.02,10,0,0.00,0.00,0.00,原生|大盘扒改|平台一组AIGC|福利价/无价格,,
2026-09-30,14422203874,信息流-小牛-小蜜桃-三方主体-代运营-新人福利价-260908-10231541696811 -深海货盘-625-38,0.02,5,0,0.00,0.00,0.00,福利价/无价格|考古加素材混剪,,
2026-09-30,14554113842,CH-SC-低活-10215783938762-超级抢购加补-生鲜-无-剪辑-转化引导-生鲜-260911-无-625-42,0.01,1,0,0.00,0.00,0.00,,,
2026-09-30,14516358188,CH-SC-低活-10118706992348-超级抢购加补-纸品-无-剪辑-转化引导-纸品-260914-无-625-42,0.01,3,0,0.00,0.00,0.00,心如,,
2026-09-30,14050221336,CH-SC-广义新-10187000434970-新综合频道-厨具-京喜拉新-剪辑-转化引导-厨具-20260730-无-625-13,0.01,1,0,0.00,0.00,0.00,广义新头条|心如|快手重复素材|快手非低质素材|腾讯首发素材,,
2026-09-30,14486260276,信息流-小牛-毛毯-三方主体-代运营-新人福利价-260914-10146450179286-商务选品-625-11,0.01,16,0,0.00,0.00,0.00,快手原创素材|快手非低质素材|福利价/无价格,,
2026-09-30,14554250851,CH-SC-低活-10140917922437-超级抢购-家庭清洁-无-剪辑-转化引导-家庭清洁-20260918-无-625-aigc-启动-10,0.01,2,0,0.00,0.00,0.00,,,
2026-09-30,14050221887,CH-SC-广义新-10187000434970-新综合频道-厨具-京喜拉新-剪辑-转化引导-厨具-20260730-无-625-14,0.01,1,0,0.00,0.00,0.00,广义新头条|心如|快手重复素材|快手非低质素材|腾讯首发素材,,
2026-09-30,13846325426,CH-SC-低活-10113209119177-超级抢购-电动车-无-剪辑-转化引导-电动车-20260708-无-625-25,0.01,1,0,0.00,0.00,0.00,平台一组AIGC|心如|福利价|腾讯首发素材,,
2026-09-30,14516508291,CH-SC-低活-10233824843150-超级抢购-收纳用品-无-剪辑-转化引导-收纳用品-260907-无-625-5,0.01,3,0,0.00,0.00,0.00,心如|福利价,,
2026-09-30,14516374064,CH-SC-低活-10111392494770-超级抢购加补-收纳用品-无-剪辑-转化引导-收纳用品-20260911-无-625-19,0.01,1,0,0.00,0.00,0.00,心如,,
2026-09-30,14631517527,CH-SC-低活-10217740550325-超级抢购-箱包皮具-无-剪辑-转化引导-箱包皮具-260921-无-625-头条储备-aigc-11,0.01,2,0,0.00,0.00,0.00,,,
2026-09-30,14516390925,CH-SC-低活-10103917299332-超级抢购加补-厨具-无-剪辑-转化引导-厨具-20260911-无-625-5,0.01,1,0,0.00,0.00,0.00,心如,,
2026-09-30,14309678755,信息流-小牛-围裙-三方主体-代运营-新人福利价-260827-10117891615029-设计自选-625-59,0.01,2,0,0.00,0.00,0.00,平台一组AIGC|福利价/无价格|考古加素材混剪,,
2026-09-30,14631528232,CH-SC-低活-10100542418506-超级抢购-生活日用-无-剪辑-转化引导-生活日用-260921-无-625-头条储备-18,0.01,1,0,0.00,0.00,0.00,,,
2026-09-30,14554164772,CH-SC-低活-10096167203452-超级抢购-纸品-大商超-剪辑-转化引导-纸品-260917-无-625-12,0.01,6,6,0.00,0.00,100.00,,,
2026-09-30,14516311392,CH-SC-低活-10111392494770-超级抢购-收纳用品-无-剪辑-转化引导-收纳用品-20260911-无-625-26,0.01,2,0,0.00,0.00,0.00,心如|福利价,,
2026-09-30,14631512993,CH-SC-低活-10217740550325-超级抢购-箱包皮具-无-剪辑-转化引导-箱包皮具-260921-无-625-头条储备-aigc-41,0.01,1,0,0.00,0.00,0.00,,,
2026-09-30,14309416979,信息流-小牛-飘逸杯-三方主体-代运营-新人福利价-260827-10110757613709-内部实时跑量-625-aigc-44,0.01,17,1,0.00,0.00,5.88,平台一组AIGC,,
2026-09-30,14166682153,信息流-小牛-五香花生-三方主体-代运营-新人福利价-0814-10150360358365-大盘实时跑量-625-23,0.01,3,0,0.00,0.00,0.00,福利价/无价格|考古加素材混剪|腾讯首发素材,,
2026-09-30,13536548555,CH-SC-低活-10219841541026-超级抢购加补-厨具-无-剪辑-转化引导-厨具-20260610-无-625-aigc-8,0.01,1,0,0.00,0.00,0.00,平台一组AIGC|心如|福利价|腾讯首发素材,,
2026-09-30,14309355419,信息流-小牛-工具箱-三方主体-代运营-新人福利价-260827-10114015186364-内部实时跑量-625-aigc-1,0.01,17,0,0.00,0.00,0.00,平台一组AIGC|福利价/无价格|考古加素材混剪,,
2026-09-30,14516456146,CH-SC-低活-10103917299332-超级抢购-厨具-无-剪辑-转化引导-厨具-20260911-无-625-19,0.01,1,0,0.00,0.00,0.00,心如|福利价,,
2026-09-30,14516333394,CH-SC-低活-10111392494770-超级抢购加补-收纳用品-无-剪辑-转化引导-收纳用品-20260911-无-625-36,0.01,1,0,0.00,0.00,0.00,心如,,
2026-09-30,14516360990,CH-SC-低活-10118706992348-超级抢购加补-纸品-无-剪辑-转化引导-纸品-260914-无-625-34,0.01,3,0,0.00,0.00,0.00,心如,,
2026-09-30,14309315594,信息流-小牛-工具箱-三方主体-代运营-新人福利价-260827-10114015186364-内部实时跑量-625-aigc-28,0.01,1,0,0.00,0.00,0.00,平台一组AIGC|福利价/无价格|考古加素材混剪,,
2026-09-30,14197435441,CH-SC-低活-10199184867564-外卖1分购-外卖美食-无-剪辑-转化引导-外卖美食-20260810-无-625-7,0.01,3,0,0.00,0.00,0.00,心如|搬运打压素材|福利价,,
2026-09-30,14516341873,CH-SC-低活-10111392494770-超级抢购加补-收纳用品-无-剪辑-转化引导-收纳用品-260915-无-625-11,0.01,1,0,0.00,0.00,0.00,心如,,
2026-09-30,13776617021,CH-SC-广义新-10177393646076-新综合频道-灯饰照明-京喜拉新-剪辑-转化引导-灯饰照明-20260702-反向-625-aigc-19,0.01,1,0,0.00,0.00,0.00,平台一组AIGC|快手原创素材|快手非低质素材|无价格|福利价/无价格,,
2026-09-30,14216989856,CH-SC-低活-10163212681383-超级抢购-水饮冲调-无-剪辑-转化引导-水饮冲调-20260812-无-625-aigc-18,0.01,1,0,0.00,0.00,0.00,平台一组AIGC|福利价,,
2026-09-30,14422241895,信息流-小牛-真空袋-三方主体-代运营-新人福利价-260908-10212584519594-内部实时跑量-625-9,0.01,3,0,0.00,0.00,0.00,福利价/无价格|考古加素材混剪,,
2026-09-30,13873207385,CH-SC-低活-10113209119177-超级抢购-电动车-无-剪辑-转化引导-电动车-20260709-无-625-11,0.01,1,0,0.00,0.00,0.00,心如|快手原创素材|快手非低质素材|福利价,,
2026-09-30,14238393567,信息流-小牛-雨伞-三方主体-代运营-新人福利价-0820-10130866966155-内部实时跑量-625-33,0.01,2,0,0.00,0.00,0.00,有米云素材混剪|福利价/无价格|腾讯首发素材,,
2026-09-30,14535536280,信息流-小牛-打火机-三方主体-代运营-新人福利价-260918-10162692688878-内部实时跑量-625-27,0.01,3,0,0.00,0.00,0.00,,,
2026-09-30,14554238092,CH-SC-低活-10233824843150-超级抢购-收纳用品-无-剪辑-转化引导-收纳用品-260918-无-625-26,0.01,9,6,0.00,0.00,66.67,,,
2026-09-30,14295232879,信息流-小牛-拼豆-三方主体-代运营-新人福利价-260826-10198153252023-商务选品-625-19,0.01,1,0,0.00,0.00,0.00,--,,
2026-09-30,13684905307,CH-SC-低活-10113209119177-超级抢购-摩托车-无-剪辑-转化引导-摩托车-20260626-无-625-aigc-17,0.01,1,0,0.00,0.00,0.00,平台一组AIGC|心如|快手重复素材|快手非低质素材|福利价|腾讯首发素材,,
2026-09-30,13603362074,CH-SC-低活-10139440032542-超级抢购加补-运动户外-无-剪辑-转化引导-运动户外-20260617-无-625-aigc-10,0.01,1,0,0.00,0.00,0.00,加补1分钱|平台一组AIGC|心如,,
2026-09-30,13846334300,CH-SC-低活-10113209119177-超级抢购-电动车-无-剪辑-转化引导-电动车-20260708-无-625-4,0.01,3,0,0.00,0.00,0.00,平台一组AIGC|心如|快手重复素材|快手非低质素材|福利价|腾讯首发素材,,
2026-09-30,14463890473,CH-SC-低活-10223570717754-超级抢购-生鲜-无-剪辑-转化引导-生鲜-260903-无-625-10,0.01,12,0,0.00,0.00,0.00,心如|福利价|腾讯首发素材,,
2026-09-30,14516501405,CH-SC-低活-10233824843150-超级抢购-收纳用品-无-剪辑-转化引导-收纳用品-260907-无-625-20,0.01,5,1,0.00,0.00,20.00,心如|福利价,,
2026-09-30,14131167625,CH-SC-广义新-10138594878445 -新综合频道-电动车-京喜拉新-剪辑-转化引导-电动车-20260807-反选-625-5,0.01,32,1,0.00,0.00,3.12,无价格,,
2026-09-30,14197473065,CH-SC-低活-10166301474829-超级抢购-厨具-无-剪辑-转化引导-厨具-20260811-无-625-aigc-8,0.01,1,0,0.00,0.00,0.00,平台一组AIGC|心如|福利价|腾讯首发素材,,
2026-09-30,14422244640,信息流-小牛-真空袋-三方主体-代运营-新人福利价-260908-10212584519594-内部实时跑量-625-6,0.01,2,0,0.00,0.00,0.00,福利价/无价格|考古加素材混剪,,
2026-09-30,13614629156,CH-SC-广义新-10134479334759-新综合频道-钟表眼镜-京喜拉新-剪辑-转化引导-钟表眼镜-20260618-无-625-aigc-16,0.01,4,0,0.00,0.00,0.00,平台一组AIGC|快手重复素材|快手非低质素材|腾讯首发素材,,
2026-09-30,14529786914,信息流-小牛-停车号码牌-三方主体-代运营-新人福利价-260917-10203964359828-内部实时跑量-625-33,0.01,2,0,0.00,0.00,0.00,,,
2026-09-30,14488299649,信息流-小牛-大月饼-三方主体-代运营-新人福利价-260914-10163022037983-内部实时跑量-625-34,0.01,2,1,0.00,0.00,50.00,福利价/无价格|考古加素材混剪,,
2026-09-30,14516480514,CH-SC-低活-10233824843150-超级抢购-收纳用品-无-剪辑-转化引导-收纳用品-260907-无-625-82,0.01,1,0,0.00,0.00,0.00,心如|福利价,,
2026-09-30,14444443145,信息流-小牛-陶瓷碗-三方主体-代运营-新人1分钱-260910-10129451028601-商务选品-625-21,0.01,13,0,0.00,0.00,0.00,福利价/无价格,,
2026-09-30,14516485677,CH-SC-低活-10233824843150-超级抢购-收纳用品-无-剪辑-转化引导-收纳用品-260907-无-625-61,0.01,1,0,0.00,0.00,0.00,心如|福利价,,
2026-09-30,14444494583,信息流-小牛-陶瓷碗-三方主体-代运营-新人1分钱-260910-10129451028601-商务选品-625-47,0.01,1,0,0.00,0.00,0.00,快手原创素材|快手非低质素材|福利价/无价格,,
2026-09-30,14050219598,CH-SC-广义新-10187000434970-新综合频道-厨具-京喜拉新-剪辑-转化引导-厨具-20260730-无-625-9,0.01,0,0,0.00,0.00,0.00,广义新头条|心如|快手重复素材|快手非低质素材,,
2026-09-30,14422189950,信息流-小牛-骑行支架-三方主体-代运营-新人福利价-260908-10139440032542-历史爆品-625-1,0.01,4,0,0.00,0.00,0.00,福利价/无价格|考古加素材混剪,,
2026-09-30,14050215407,CH-SC-广义新-10187000434970-新综合频道-厨具-京喜拉新-剪辑-转化引导-厨具-20260730-无-625-4,0.01,1,0,0.00,0.00,0.00,广义新头条|心如|快手重复素材|快手非低质素材|腾讯首发素材,,
2026-09-30,13846316876,CH-SC-低活-10140917922437-超级抢购-家庭清洁-无-剪辑-转化引导-家庭清洁-20260708-无-625-aigc-1,0.01,44,0,0.00,0.00,0.00,平台一组AIGC|心如|快手重复素材|快手非低质素材|福利价|腾讯首发素材,,
2026-09-30,14516355727,CH-SC-低活-10118706992348-超级抢购加补-纸品-无-剪辑-转化引导-纸品-260914-无-625-54,0.01,1,0,0.00,0.00,0.00,心如,,
2026-09-30,14408014421,CH-SC-广义新-10129955889557-新综合频道-厨具-京喜拉新-剪辑-转化引导-厨具-260904-反向-625-7,0.01,4,1,0.00,0.00,25.00,无价格,,
2026-09-30,14554242771,CH-SC-低活-10111392494770-超级抢购-收纳用品-无-剪辑-转化引导-收纳用品-20260918-无-625-启动-9,0.01,2,1,0.00,0.00,50.00,,,
2026-09-30,14374689955,信息流-小牛-苹果-三方主体-代运营-新人福利价-260903-10186710590960-历史爆品-625-38,0.01,4,0,0.00,0.00,0.00,原生|福利价/无价格|考古加素材混剪,,
2026-09-30,14369358732,信息流-小牛-菜板-三方主体-代运营-新人福利价-260903-10155000015319-内部实时跑量-625-41,0.01,11,0,0.00,0.00,0.00,原生|快手原创素材|快手非低质素材|福利价/无价格,,
2026-09-30,14516351849,CH-SC-低活-10118706992348-超级抢购加补-纸品-无-剪辑-转化引导-纸品-260914-无-625-67,0.01,1,0,0.00,0.00,0.00,心如,,
2026-09-30,14516494704,CH-SC-低活-10233824843150-超级抢购-收纳用品-无-剪辑-转化引导-收纳用品-260907-无-625-34,0.01,2,0,0.00,0.00,0.00,心如|福利价,,
2026-09-30,14516331930,CH-SC-低活-10111392494770-超级抢购加补-收纳用品-无-剪辑-转化引导-收纳用品-20260911-无-625-39,0.01,1,0,0.00,0.00,0.00,心如,,
2026-09-30,14516505212,CH-SC-低活-10233824843150-超级抢购-收纳用品-无-剪辑-转化引导-收纳用品-260907-无-625-21,0.01,1,0,0.00,0.00,0.00,心如|福利价,,
2026-09-30,14516344262,CH-SC-低活-10111392494770-超级抢购加补-收纳用品-无-剪辑-转化引导-收纳用品-260915-无-625-3,0.01,4,0,0.00,0.00,0.00,心如,,
2026-09-30,14516344522,CH-SC-低活-10111392494770-超级抢购加补-收纳用品-无-剪辑-转化引导-收纳用品-260915-无-625-2,0.01,2,1,0.00,0.00,50.00,心如,,
2026-09-30,14631519819,CH-SC-低活-10139440032542-超级抢购-运动户外-无-剪辑-转化引导-运动户外-260927-无-625-头条储备-74,0.01,1,0,0.00,0.00,0.00,,,
2026-09-30,14318978579,CH-SC-广义新-10128848312108-新综合频道-厨具-京喜拉新-剪辑-转化引导-厨具-260827-无-625-aigc-14,0.01,1,0,0.00,0.00,0.00,平台一组AIGC|无价格,,
2026-09-30,14463298101,CH-SC-广义新-10233824843150-新综合频道-收纳用品-京喜拉新-剪辑-转化引导-收纳用品-260908-反向-625-7,0.01,3,0,0.00,0.00,0.00,心如|无价格,,
2026-09-30,14631514625,CH-SC-低活-10217740550325-超级抢购-箱包皮具-无-剪辑-转化引导-箱包皮具-260921-无-625-头条储备-aigc-157,0.01,1,0,0.00,0.00,0.00,,,
2026-09-30,14516426948,CH-SC-低活-10111392494770-超级抢购-收纳用品-无-剪辑-转化引导-收纳用品-20260911-无-625-45,0.01,1,0,0.00,0.00,0.00,心如|福利价,,
2026-09-30,14488267955,信息流-小牛-大月饼-三方主体-代运营-新人福利价-260914-10163022037983-内部实时跑量-625-aigc-3,0.01,1,0,0.00,0.00,0.00,福利价/无价格|考古加素材混剪,,
2026-09-30,13873174582,CH-SC-低活-10162692688878-超级抢购-家用电器-无-剪辑-转化引导-家用电器-20260709-无-625-aigc-15,0.00,1,0,0.00,0.00,0.00,平台一组AIGC|心如|快手原创素材|快手非低质素材|福利价|腾讯首发素材,,
2026-09-30,14284743146,信息流-小牛-雨伞-三方主体-代运营-新人福利价-260825-10113643996701-大盘扒改-625-10,0.00,1,0,0.00,0.00,0.00,大盘扒改|福利价/无价格,,
2026-09-30,14554167690,CH-SC-低活-10096167203452-超级抢购-纸品-大商超-剪辑-转化引导-纸品-260917-无-625-17,0.00,0,0,0.00,0.00,0.00,,,
2026-09-30,13684852267,CH-SC-广义新-无-新10元话费券-10元话费券-京喜拉新-剪辑-转化引导-10元话费券-20260626-无-625-12,0.00,0,0,0.00,0.00,0.00,快手重复素材|快手非低质素材|腾讯首发素材,,
2026-09-30,14516357974,CH-SC-低活-10118706992348-超级抢购加补-纸品-无-剪辑-转化引导-纸品-260914-无-625-49,0.00,1,0,0.00,0.00,0.00,心如,,
2026-09-30,13916490717,CH-SC-广义新-10040988734451-新10元话费券-无-无-剪辑-转化引导-无-20260715-无-625-6,0.00,0,0,0.00,0.00,0.00,快手原创素材|快手非低质素材|腾讯首发素材,,
2026-09-30,14488295031,信息流-小牛-大月饼-三方主体-代运营-新人福利价-260914-10163022037983-内部实时跑量-625-37,0.00,1,0,0.00,0.00,0.00,福利价/无价格|考古加素材混剪,,
2026-09-30,14516496459,CH-SC-低活-10233824843150-超级抢购-收纳用品-无-剪辑-转化引导-收纳用品-260907-无-625-29,0.00,4,0,0.00,0.00,0.00,心如|福利价,,
2026-09-30,14631515948,CH-SC-低活-10217740550325-超级抢购-箱包皮具-无-剪辑-转化引导-箱包皮具-260921-无-625-头条储备-aigc-132,0.00,1,0,0.00,0.00,0.00,,,
2026-09-30,14516423680,CH-SC-低活-10233824843150-超级抢购-收纳用品-无-剪辑-转化引导-收纳用品-260915-无-625-4,0.00,1,0,0.00,0.00,0.00,心如|福利价,,
2026-09-30,14319043280,CH-SC-低活-10140917922437-超级抢购-家庭清洁-无-剪辑-转化引导-家庭清洁-20260820-无-625-aigc-23,0.00,1,0,0.00,0.00,0.00,平台一组AIGC|心如|快手原创素材|快手非低质素材|福利价|腾讯首发素材,,
2026-09-30,14529792996,信息流-小牛-停车号码牌-三方主体-代运营-新人福利价-260917-10203964359828-内部实时跑量-625-25,0.00,1,0,0.00,0.00,0.00,,,
2026-09-30,13846301649,CH-SC-低活-10162692688878-超级抢购-家用电器-无-剪辑-转化引导-家用电器-20260708-无-625-aigc-16,0.00,6,0,0.00,0.00,0.00,平台一组AIGC|心如|快手重复素材|快手非低质素材|福利价|腾讯首发素材,,
2026-09-30,14631517588,CH-SC-低活-10217740550325-超级抢购-箱包皮具-无-剪辑-转化引导-箱包皮具-260921-无-625-头条储备-aigc-112,0.00,1,0,0.00,0.00,0.00,,,
2026-09-30,13096014135,荣耀-XN-影音娱乐-通用-唱歌-混剪-260417-625-4,0.00,4,0,0.00,0.00,0.00,,,
2026-09-30,14516420374,CH-SC-低活-10233824843150-超级抢购-收纳用品-无-剪辑-转化引导-收纳用品-260915-无-625-11,0.00,2,0,0.00,0.00,0.00,心如|福利价,,
2026-09-30,14516504837,CH-SC-低活-10233824843150-超级抢购-收纳用品-无-剪辑-转化引导-收纳用品-260907-无-625-13,0.00,0,1,0.00,0.00,0.00,心如|福利价,,
2026-09-30,14050168072,CH-SC-广义新-10136363822650-新综合频道-纸品-京喜拉新-剪辑-转化引导-纸品-20260728-无-625-10,0.00,0,0,0.00,0.00,0.00,广义新头条|心如|快手重复素材|快手非低质素材,,
2026-09-30,14319045774,CH-SC-低活-10140917922437-超级抢购-家庭清洁-无-剪辑-转化引导-家庭清洁-20260820-无-625-aigc-15,0.00,5,0,0.00,0.00,0.00,平台一组AIGC|心如|快手原创素材|快手非低质素材|福利价|腾讯首发素材,,
2026-09-30,14131169842,CH-SC-广义新-10138594878445 -新综合频道-电动车-京喜拉新-剪辑-转化引导-电动车-20260807-反选-625-1,0.00,1,0,0.00,0.00,0.00,快手重复素材|快手非低质素材|无价格,,
2026-09-30,14463299988,CH-SC-广义新-10233824843150-新综合频道-收纳用品-京喜拉新-剪辑-转化引导-收纳用品-260908-反向-625-44,0.00,2,0,0.00,0.00,0.00,心如|无价格,,
2026-09-30,14516422926,CH-SC-低活-10233824843150-超级抢购-收纳用品-无-剪辑-转化引导-收纳用品-260915-无-625-5,0.00,2,0,0.00,0.00,0.00,心如|福利价,,
2026-09-30,14049377003,CH-SC-低活-10178946597305-超级抢购-厨具-无-剪辑-转化引导-厨具-20260728-无-625-aigc-10,0.00,2,1,0.00,0.00,50.00,平台一组AIGC|心如|快手重复素材|快手非低质素材|福利价|腾讯首发素材,,
2026-09-30,14092640976,信息流-小牛-维达纸巾-三方主体-代运营-新人福利价-0806-100166352003-大盘实时跑量-625-33,0.00,1,0,0.00,0.00,0.00,头条/京东标点/有量素材混剪|福利价/无价格,,
2026-09-30,14463703187,CH-SC-低活-10223570717754-超级抢购-生鲜-无-剪辑-转化引导-生鲜-260903-无-625-20,0.00,1,0,0.00,0.00,0.00,心如|福利价,,
2026-09-30,14631548191,CH-SC-广义新-10139440032542-新综合频道-运动户外-京喜拉新-剪辑-转化引导-运动户外-20260927-无-625-50,0.00,0,0,0.00,0.00,0.00,,,
2026-09-30,13776633875,CH-SC-广义新-10177393646076-新综合频道-灯饰照明-京喜拉新-剪辑-转化引导-灯饰照明-20260702-反向-625-aigc-3,0.00,3,0,0.00,0.00,0.00,平台一组AIGC|快手原创素材|快手非低质素材|无价格|福利价/无价格,,
2026-09-30,14274420886,CH-SC-广义新-10136363822650-新综合频道-纸品-京喜拉新-剪辑-转化引导-纸品-20260804-无-625-aigc-24,0.00,0,0,0.00,0.00,0.00,平台一组AIGC|快手重复素材|快手非低质素材|腾讯首发素材,,
2026-09-30,13471070287,CH-SC-广义新-10136363822650-新综合频道-家庭清洁-京喜拉新-剪辑-转化引导-家庭清洁-20260602-反向-625-3,0.00,0,0,0.00,0.00,0.00,广义新头条|快手重复素材|快手非低质素材|腾讯首发素材,,
2026-09-30,14422217596,信息流-小牛-小蜜桃-三方主体-代运营-新人福利价-260908-10231541696811 -深海货盘-625-20,0.00,3,0,0.00,0.00,0.00,福利价/无价格|考古加素材混剪,,
2026-09-30,13096015983,荣耀-XN-影音娱乐-通用-风景-混剪-260417-625-4,0.00,2,0,0.00,0.00,0.00,,,
2026-09-30,14374703523,信息流-小牛-苹果-三方主体-代运营-新人福利价-260903-10186710590960-历史爆品-625-24,0.00,1,0,0.00,0.00,0.00,原生|福利价/无价格|考古加素材混剪,,
2026-09-30,14516425994,CH-SC-低活-10111392494770-超级抢购-收纳用品-无-剪辑-转化引导-收纳用品-20260911-无-625-48,0.00,1,0,0.00,0.00,0.00,心如|福利价,,
2026-09-30,13860541958,CH-SC-广义新-10162692688878-新综合频道-家用电器-京喜拉新-剪辑-转化引导-家用电器-20260713-无-625-aigc-1,0.00,2,0,0.00,0.00,0.00,平台一组AIGC|广义新头条|快手原创素材|快手非低质素材|无价格,,
2026-09-30,14516416945,CH-SC-低活-10233824843150-超级抢购-收纳用品-无-剪辑-转化引导-收纳用品-260915-无-625-15,0.00,4,0,0.00,0.00,0.00,心如|福利价,,
2026-09-30,14238399863,信息流-小牛-雨伞-三方主体-代运营-新人福利价-0820-10130866966155-内部实时跑量-625-16,0.00,1,0,0.00,0.00,0.00,有米云素材混剪|福利价/无价格|腾讯首发素材,,
2026-09-30,14562129851,CH-PRJ-采销项目-无-快手-无-无-剪辑-转化引导-无-260911-无-625-21,0.00,0,0,0.00,0.00,0.00,,,
2026-09-30,14516364017,CH-SC-低活-10118706992348-超级抢购加补-纸品-无-剪辑-转化引导-纸品-260914-无-625-24,0.00,4,3,0.00,0.00,75.00,心如,,
2026-09-30,14463698116,CH-SC-低活-10223570717754-超级抢购-生鲜-无-剪辑-转化引导-生鲜-260903-无-625-4,0.00,1,0,0.00,0.00,0.00,心如|福利价|腾讯首发素材,,
2026-09-30,14529793899,信息流-小牛-停车号码牌-三方主体-代运营-新人福利价-260917-10203964359828-内部实时跑量-625-27,0.00,2,0,0.00,0.00,0.00,,,
2026-09-30,13860481613,CH-SC-广义新-10151951361734-新综合频道-箱包皮具-京喜拉新-剪辑-转化引导-箱包皮具-20260713-无-625-aigc-1,0.00,1,0,0.00,0.00,0.00,平台一组AIGC|广义新头条|心如|快手重复素材|快手非低质素材|搬运打压素材,,
2026-09-30,14050213984,CH-SC-广义新-10187000434970-新综合频道-厨具-京喜拉新-剪辑-转化引导-厨具-20260730-无-625-5,0.00,0,0,0.00,0.00,0.00,广义新头条|心如|快手重复素材|快手非低质素材,,
2026-09-30,14463306167,CH-SC-广义新-10233824843150-新综合频道-收纳用品-京喜拉新-剪辑-转化引导-收纳用品-260908-反向-625-42,0.00,2,0,0.00,0.00,0.00,心如|无价格,,
2026-09-30,14631517962,CH-SC-低活-10217740550325-超级抢购-箱包皮具-无-剪辑-转化引导-箱包皮具-260921-无-625-头条储备-aigc-102,0.00,1,0,0.00,0.00,0.00,,,
2026-09-30,13179799967,荣耀-XN-影音娱乐-通用-风景-混剪-260429-625-14,0.00,2,0,0.00,0.00,0.00,,,
2026-09-30,14535563001,信息流-小牛-打火机-三方主体-代运营-新人福利价-260918-10162692688878-内部实时跑量-625-59,0.00,1,0,0.00,0.00,0.00,,,
2026-09-30,14516344338,CH-SC-低活-10111392494770-超级抢购加补-收纳用品-无-剪辑-转化引导-收纳用品-260915-无-625-10,0.00,1,1,0.00,0.00,100.00,心如,,
2026-09-30,14131190026,CH-SC-广义新-10138594878445 -新综合频道-电动车-京喜拉新-剪辑-转化引导-电动车-20260807-反选-625-6,0.00,1,0,0.00,0.00,0.00,快手原创素材|快手非低质素材|无价格,,
2026-09-30,14529779694,信息流-小牛-停车号码牌-三方主体-代运营-新人福利价-260917-10203964359828-内部实时跑量-625-50,0.00,0,0,0.00,0.00,0.00,,,
2026-09-30,14238396039,信息流-小牛-雨伞-三方主体-代运营-新人福利价-0820-10130866966155-内部实时跑量-625-30,0.00,1,0,0.00,0.00,0.00,有米云素材混剪|福利价/无价格|腾讯首发素材,,
2026-09-30,14309206319,信息流-小牛-飘逸杯-三方主体-代运营-新人福利价-260827-10110757613709-内部实时跑量-625-aigc-30,0.00,1,0,0.00,0.00,0.00,原生|平台一组AIGC|福利价/无价格,,
2026-09-30,13957199390,信息流-小牛-无骨鸡爪-三方主体-代运营-新人福利价-0724-10181243448351-大盘扒改-625-8,0.00,2,0,0.00,0.00,0.00,大盘扒改|快手重复素材|快手非低质素材|福利价/无价格,,
2026-09-30,14049384630,CH-SC-低活-10142433952187-超级抢购-厨具-无-剪辑-转化引导-厨具-20260727-无-625-aigc-5,0.00,0,0,0.00,0.00,0.00,平台一组AIGC|心如|快手原创素材|快手非低质素材,,
2026-09-30,14444470046,信息流-小牛-陶瓷碗-三方主体-代运营-新人1分钱-260910-10129451028601-商务选品-625-4,0.00,9,0,0.00,0.00,0.00,头条首发素材|福利价/无价格,,
2026-09-30,14131179211,CH-SC-广义新-10138594878445 -新综合频道-电动车-京喜拉新-剪辑-转化引导-电动车-20260807-反选-625-16,0.00,1,0,0.00,0.00,0.00,快手重复素材|快手非低质素材|无价格,,
2026-09-30,14309767971,信息流-小牛-雨伞-三方主体-代运营-新人福利价-260828-10113643996701-大盘扒改-625-77,0.00,0,0,0.00,0.00,0.00,原生|大盘扒改|平台一组AIGC|福利价/无价格,,
2026-09-30,14318977002,CH-SC-广义新-10128848312108-新综合频道-厨具-京喜拉新-剪辑-转化引导-厨具-260827-无-625-aigc-16,0.00,1,0,0.00,0.00,0.00,平台一组AIGC|无价格,,
2026-09-30,14554162476,CH-SC-低活-10096167203452-超级抢购-纸品-大商超-剪辑-转化引导-纸品-260917-无-625-14,0.00,0,0,0.00,0.00,0.00,,,
2026-09-30,13873215737,CH-SC-低活-10113209119177-超级抢购-电动车-无-剪辑-转化引导-电动车-20260709-无-625-8,0.00,1,0,0.00,0.00,0.00,心如|快手原创素材|快手非低质素材|福利价|腾讯首发素材,,
2026-09-30,14554164472,CH-SC-低活-10096167203452-超级抢购-纸品-大商超-剪辑-转化引导-纸品-260917-无-625-112,0.00,1,1,0.00,0.00,100.00,,,
2026-09-30,14516438494,CH-SC-低活-10111392494770-超级抢购-收纳用品-无-剪辑-转化引导-收纳用品-20260911-无-625-20,0.00,3,1,0.00,0.00,33.33,心如|福利价,,
2026-09-30,14131182501,CH-SC-广义新-10138594878445 -新综合频道-电动车-京喜拉新-剪辑-转化引导-电动车-20260807-反选-625-14,0.00,3,0,0.00,0.00,0.00,快手原创素材|快手非低质素材|无价格,,
2026-09-30,13486880647,CH-SC-广义新-无-新10元话费券-10元话费券-京喜拉新-剪辑-转化引导-10元话费券-20260605-无-625-21,0.00,9,1,0.00,0.00,11.11,快手原创素材|快手非低质素材,,
2026-09-30,14313076249,信息流-小牛-红薯-京东主体-代运营-福利价-260828-10120514417084-设计自选-625-7,0.00,0,0,0.00,0.00,0.00,平台一组AIGC|福利价/无价格,,
2026-09-30,14377778495,信息流-小牛-推车置物架-三方主体-代运营-新人福利价-260903-10095828488136-大盘实时跑量-625-35,0.00,1,0,0.00,0.00,0.00,原生|福利价/无价格,,
2026-09-30,14365977482,CH-SC-低活-10207774889664-超级抢购-家庭清洁-无-剪辑-转化引导-家庭清洁-20260828-无-625-白牌-8,0.00,2,0,0.00,0.00,0.00,0820白牌|快手原创素材|快手非低质素材|福利价|腾讯首发素材,,
2026-09-30,13846319941,CH-SC-低活-10140917922437-超级抢购-家庭清洁-无-剪辑-转化引导-家庭清洁-20260708-无-625-aigc-2,0.00,5,0,0.00,0.00,0.00,平台一组AIGC|心如|快手重复素材|快手非低质素材|福利价|腾讯首发素材,,
2026-09-30,14631517945,CH-SC-低活-10217740550325-超级抢购-箱包皮具-无-剪辑-转化引导-箱包皮具-260921-无-625-头条储备-aigc-104,0.00,1,0,0.00,0.00,0.00,,,
2026-09-30,13471070035,CH-SC-广义新-10136363822650-新综合频道-家庭清洁-京喜拉新-剪辑-转化引导-家庭清洁-20260602-反向-625-1,0.00,0,0,0.00,0.00,0.00,广义新头条|快手重复素材|快手非低质素材|腾讯首发素材,,
2026-09-30,14488294813,信息流-小牛-大月饼-三方主体-代运营-新人福利价-260914-10163022037983-内部实时跑量-625-36,0.00,1,0,0.00,0.00,0.00,福利价/无价格|考古加素材混剪,,
2026-09-30,14131188827,CH-SC-广义新-10138594878445 -新综合频道-电动车-京喜拉新-剪辑-转化引导-电动车-20260807-反选-625-7,0.00,3,0,0.00,0.00,0.00,快手重复素材|快手非低质素材|无价格,,
2026-09-30,14050217412,CH-SC-广义新-10187000434970-新综合频道-厨具-京喜拉新-剪辑-转化引导-厨具-20260730-无-625-8,0.00,1,0,0.00,0.00,0.00,广义新头条|心如|快手重复素材|快手非低质素材|腾讯首发素材,,
2026-09-30,14516430594,CH-SC-低活-10111392494770-超级抢购-收纳用品-无-剪辑-转化引导-收纳用品-20260911-无-625-36,0.00,2,1,0.00,0.00,50.00,心如|福利价,,
2026-09-30,14422269152,信息流-小牛-真空袋-三方主体-代运营-新人福利价-260908-10212584519594-内部实时跑量-625-3,0.00,0,0,0.00,0.00,0.00,福利价/无价格|考古加素材混剪,,
2026-09-30,14309672531,信息流-小牛-电脑支架-三方主体-代运营-新人福利价-260827-10191489644462-大盘实扒改-625-4,0.00,2,0,0.00,0.00,0.00,平台一组AIGC|福利价/无价格|考古加素材混剪,,
2026-09-30,14372738418,信息流-小牛-旋转支架-三方主体-代运营-新人福利价-260903-10112643484929-内部实时跑量-625-14,0.00,2,0,0.00,0.00,0.00,原生|福利价/无价格|考古加素材混剪,,
2026-09-30,14318984455,CH-SC-广义新-10146456039187-新综合频道-纸品-京喜拉新-剪辑-转化引导-纸品-260827-无-625-aigc-16,0.00,0,0,0.00,0.00,0.00,平台AI测试/视频/一组智能体|平台一组AIGC|快手重复素材|快手非低质素材,,
2026-09-30,14372715475,信息流-小牛-旋转支架-三方主体-代运营-新人福利价-260903-10112643484929-内部实时跑量-625-41,0.00,3,0,0.00,0.00,0.00,原生|福利价/无价格|考古加素材混剪,,
2026-09-30,13776626389,CH-SC-广义新-10177393646076-新综合频道-灯饰照明-京喜拉新-剪辑-转化引导-灯饰照明-20260702-反向-625-aigc-23,0.00,1,0,0.00,0.00,0.00,平台一组AIGC|快手原创素材|快手非低质素材|无价格|福利价/无价格,,
2026-09-30,13860544273,CH-SC-广义新-10162692688878-新综合频道-家用电器-京喜拉新-剪辑-转化引导-家用电器-20260713-无-625-aigc-2,0.00,1,0,0.00,0.00,0.00,平台一组AIGC|广义新头条|快手原创素材|快手非低质素材|无价格|腾讯首发素材,,
2026-09-30,13776599474,CH-SC-广义新-10177393646076-新综合频道-灯饰照明-京喜拉新-剪辑-转化引导-灯饰照明-20260702-反向-625-aigc-14,0.00,1,0,0.00,0.00,0.00,平台一组AIGC|快手原创素材|快手非低质素材|无价格|福利价/无价格,,
2026-09-30,14562124719,CH-PRJ-采销项目-无-快手-无-无-剪辑-转化引导-无-260911-无-625-6,0.00,0,0,0.00,0.00,0.00,,,
2026-09-30,14422159087,信息流-小牛-骑行支架-三方主体-代运营-新人福利价-260908-10139440032542-历史爆品-625-34,0.00,1,0,0.00,0.00,0.00,福利价/无价格|考古加素材混剪,,
2026-09-30,14309673245,信息流-小牛-电脑支架-三方主体-代运营-新人福利价-260827-10191489644462-大盘实扒改-625-2,0.00,1,0,0.00,0.00,0.00,平台一组AIGC|福利价/无价格|考古加素材混剪,,
2026-09-30,13873175081,CH-SC-低活-10162692688878-超级抢购-家用电器-无-剪辑-转化引导-家用电器-20260709-无-625-aigc-16,0.00,1,0,0.00,0.00,0.00,平台一组AIGC|心如|快手原创素材|快手非低质素材|福利价|腾讯首发素材,,
2026-09-30,14516365289,CH-SC-低活-10118706992348-超级抢购加补-纸品-无-剪辑-转化引导-纸品-260914-无-625-19,0.00,2,2,0.00,0.00,100.00,心如,,
2026-09-30,14554163485,CH-SC-低活-10096167203452-超级抢购-纸品-大商超-剪辑-转化引导-纸品-260917-无-625-13,0.00,1,1,0.00,0.00,100.00,,,
2026-09-30,13776607706,CH-SC-广义新-10177393646076-新综合频道-灯饰照明-京喜拉新-剪辑-转化引导-灯饰照明-20260702-反向-625-aigc-17,0.00,1,0,0.00,0.00,0.00,平台一组AIGC|快手原创素材|快手非低质素材|无价格|福利价/无价格,,
2026-09-30,14516345800,CH-SC-低活-10111392494770-超级抢购加补-收纳用品-无-剪辑-转化引导-收纳用品-260915-无-625-30,0.00,1,0,0.00,0.00,0.00,心如,,
2026-09-30,14516486009,CH-SC-低活-10233824843150-超级抢购-收纳用品-无-剪辑-转化引导-收纳用品-260907-无-625-60,0.00,3,0,0.00,0.00,0.00,心如|福利价,,
2026-09-30,14095138936,CH-SC-广义新-10136363822650-新综合频道-纸品-京喜拉新-剪辑-转化引导-纸品-20260804-无-625-21,0.00,0,0,0.00,0.00,0.00,平台一组AIGC|广义新头条|快手重复素材|快手非低质素材|腾讯首发素材,,
2026-09-30,14131166223,CH-SC-广义新-100182842255-新综合频道-休闲食品-大商超-剪辑-转化引导-休闲食品-20260806-反向-625-9,0.00,4,0,0.00,0.00,0.00,无价格|腾讯首发素材,,
2026-09-30,14516504290,CH-SC-低活-10233824843150-超级抢购-收纳用品-无-剪辑-转化引导-收纳用品-260907-无-625-15,0.00,1,0,0.00,0.00,0.00,心如|福利价,,
2026-09-30,14516517003,CH-SC-低活-10113209119177-超级抢购-电动车-无-剪辑-转化引导-电动车-260907-无-625-12,0.00,1,0,0.00,0.00,0.00,心如|福利价,,
2026-09-30,14050222435,CH-SC-广义新-10187000434970-新综合频道-厨具-京喜拉新-剪辑-转化引导-厨具-20260730-无-625-15,0.00,3,0,0.00,0.00,0.00,广义新头条|心如|快手重复素材|快手非低质素材|腾讯首发素材,,
2026-09-30,14444472118,信息流-小牛-陶瓷碗-三方主体-代运营-新人1分钱-260910-10129451028601-商务选品-625-1,0.00,0,0,0.00,0.00,0.00,福利价/无价格,,
2026-09-30,14463284798,CH-SC-广义新-10233824843150-新综合频道-收纳用品-京喜拉新-剪辑-转化引导-收纳用品-260908-反向-625-bdb-9,0.00,1,0,0.00,0.00,0.00,心如|无价格,,
2026-09-30,14516493690,CH-SC-低活-10233824843150-超级抢购-收纳用品-无-剪辑-转化引导-收纳用品-260907-无-625-37,0.00,6,1,0.00,0.00,16.67,心如|福利价,,
2026-09-30,14516366677,CH-SC-低活-10118706992348-超级抢购加补-纸品-无-剪辑-转化引导-纸品-260914-无-625-18,0.00,1,0,0.00,0.00,0.00,心如,,
2026-09-30,14463887262,CH-SC-低活-10223570717754-超级抢购-生鲜-无-剪辑-转化引导-生鲜-260903-无-625-9,0.00,1,0,0.00,0.00,0.00,心如|福利价|腾讯首发素材,,
2026-09-30,14238395409,信息流-小牛-雨伞-三方主体-代运营-新人福利价-0820-10130866966155-内部实时跑量-625-28,0.00,1,0,0.00,0.00,0.00,有米云素材混剪|福利价/无价格|腾讯首发素材,,
2026-09-30,14631516640,CH-SC-低活-10217740550325-超级抢购-箱包皮具-无-剪辑-转化引导-箱包皮具-260921-无-625-头条储备-aigc-119,0.00,1,0,0.00,0.00,0.00,,,
2026-09-30,14529781287,信息流-小牛-停车号码牌-三方主体-代运营-新人福利价-260917-10203964359828-内部实时跑量-625-46,0.00,1,0,0.00,0.00,0.00,,,
2026-09-30,13776610816,CH-SC-广义新-10177393646076-新综合频道-灯饰照明-京喜拉新-剪辑-转化引导-灯饰照明-20260702-反向-625-aigc-18,0.00,2,0,0.00,0.00,0.00,平台一组AIGC|快手原创素材|快手非低质素材|无价格|福利价/无价格,,
2026-09-30,14309199329,信息流-小牛-飘逸杯-三方主体-代运营-新人福利价-260827-10110757613709-内部实时跑量-625-aigc-43,0.00,1,0,0.00,0.00,0.00,原生|平台一组AIGC|福利价/无价格,,
2026-09-30,14516361485,CH-SC-低活-10118706992348-超级抢购加补-纸品-无-剪辑-转化引导-纸品-260914-无-625-33,0.00,2,0,0.00,0.00,0.00,心如,,
2026-09-30,14631543649,CH-SC-广义新-10139440032542-新综合频道-运动户外-京喜拉新-剪辑-转化引导-运动户外-20260927-无-625-75,0.00,0,0,0.00,0.00,0.00,,,
2026-09-30,14377815668,信息流-小牛-推车置物架-三方主体-代运营-新人福利价-260903-10095828488136-大盘实时跑量-625-1,0.00,3,0,0.00,0.00,0.00,原生|福利价/无价格,,
2026-09-30,14516488243,CH-SC-低活-10233824843150-超级抢购-收纳用品-无-剪辑-转化引导-收纳用品-260907-无-625-52,0.00,1,0,0.00,0.00,0.00,心如|福利价,,
2026-09-30,14554234561,CH-SC-低活-10233824843150-超级抢购-收纳用品-无-剪辑-转化引导-收纳用品-260918-无-625-12,0.00,1,1,0.00,0.00,100.00,,,
2026-09-30,14422261609,信息流-小牛-真空袋-三方主体-代运营-新人福利价-260908-10212584519594-内部实时跑量-625-37,0.00,1,0,0.00,0.00,0.00,福利价/无价格|考古加素材混剪,,
2026-09-30,14197050993,信息流-小牛-湿厕纸-三方主体-代运营-新人福利价-0817-100145357782-大盘扒改-625-,0.00,2,0,0.00,0.00,0.00,大盘扒改|福利价/无价格,,
2026-09-30,14516480504,CH-SC-低活-10233824843150-超级抢购-收纳用品-无-剪辑-转化引导-收纳用品-260907-无-625-75,0.00,1,0,0.00,0.00,0.00,心如|福利价,,
2026-09-30,14463368112,CH-SC-广义新-10233824843150-新综合频道-收纳用品-京喜拉新-剪辑-转化引导-收纳用品-260908-反向-625-bdb-34,0.00,1,0,0.00,0.00,0.00,心如|无价格,,
2026-09-30,14050219049,CH-SC-广义新-10187000434970-新综合频道-厨具-京喜拉新-剪辑-转化引导-厨具-20260730-无-625-10,0.00,0,0,0.00,0.00,0.00,广义新头条|心如|快手重复素材|快手非低质素材|腾讯首发素材,,
2026-09-30,14488250783,信息流-小牛-大月饼-三方主体-代运营-新人福利价-260914-10163022037983-内部实时跑量-625-aigc-10,0.00,1,0,0.00,0.00,0.00,福利价/无价格|考古加素材混剪,,
2026-09-30,14274405845,CH-SC-广义新-10136363822650-新综合频道-纸品-京喜拉新-剪辑-转化引导-纸品-20260804-无-625-aigc-29,0.00,1,0,0.00,0.00,0.00,平台AI测试/视频/一组智能体|平台一组AIGC|快手重复素材|快手非低质素材,,
2026-09-30,14131180304,CH-SC-广义新-10138594878445 -新综合频道-电动车-京喜拉新-剪辑-转化引导-电动车-20260807-反选-625-15,0.00,1,0,0.00,0.00,0.00,快手重复素材|快手非低质素材|无价格,,
2026-09-30,14309351876,信息流-小牛-工具箱-三方主体-代运营-新人福利价-260827-10114015186364-内部实时跑量-625-aigc-2,0.00,7,2,0.00,0.00,28.57,平台一组AIGC|福利价/无价格|考古加素材混剪,,
2026-09-30,13846309120,CH-SC-低活-10140917922437-超级抢购-家庭清洁-无-剪辑-转化引导-家庭清洁-20260708-无-625-aigc-10,0.00,0,0,0.00,0.00,0.00,平台一组AIGC|心如|快手重复素材|快手非低质素材|福利价|腾讯首发素材,,
2026-09-30,14631527575,CH-SC-低活-10100542418506-超级抢购-生活日用-无-剪辑-转化引导-生活日用-260921-无-625-头条储备-4,0.00,0,0,0.00,0.00,0.00,,,
2026-09-30,13860493028,CH-SC-广义新-10151951361734-新综合频道-箱包皮具-京喜拉新-剪辑-转化引导-箱包皮具-20260713-无-625-aigc-9,0.00,8,3,0.00,0.00,37.50,头条首发素材|平台一组AIGC|广义新头条|心如|快手重复素材|快手非低质素材,,
2026-09-30,13846294839,CH-SC-低活-10162692688878-超级抢购-家用电器-无-剪辑-转化引导-家用电器-20260708-无-625-aigc-20,0.00,3,0,0.00,0.00,0.00,平台一组AIGC|心如|快手重复素材|快手非低质素材|福利价|腾讯首发素材,,
2026-09-30,14131169016,CH-SC-广义新-10138594878445 -新综合频道-电动车-京喜拉新-剪辑-转化引导-电动车-20260807-反选-625-2,0.00,4,0,0.00,0.00,0.00,快手重复素材|快手非低质素材|无价格,,
2026-09-30,14309792648,信息流-小牛-雨伞-三方主体-代运营-新人福利价-260828-10113643996701-大盘扒改-625-58,0.00,1,0,0.00,0.00,0.00,原生|大盘扒改|平台一组AIGC|福利价/无价格,,
2026-09-30,14486253022,信息流-小牛-毛毯-三方主体-代运营-新人福利价-260914-10146450179286-商务选品-625-19,0.00,1,0,0.00,0.00,0.00,快手原创素材|快手非低质素材|福利价/无价格,,
2026-09-30,14444445282,信息流-小牛-陶瓷碗-三方主体-代运营-新人1分钱-260910-10129451028601-商务选品-625-20,0.00,1,0,0.00,0.00,0.00,福利价/无价格,,
2026-09-30,14120555389,CH-SC-低活-10118706992348-超级抢购-纸品-无-剪辑-转化引导-纸品-20260805-无-625-aigc-10,0.00,1,1,0.00,0.00,100.00,平台一组AIGC|快手重复素材|快手非低质素材|福利价,,
2026-09-30,14422262012,信息流-小牛-真空袋-三方主体-代运营-新人福利价-260908-10212584519594-内部实时跑量-625-39,0.00,3,0,0.00,0.00,0.00,福利价/无价格|考古加素材混剪,,
2026-09-30,14498569635,CH-SC-低活-10161130444375-超级抢购-农资园艺-无-剪辑-转化引导-农资园艺-260908-无-625-48,0.00,0,0,0.00,0.00,0.00,心如|福利价,,
2026-09-30,13116763955,XN-OPPO浏览器-视频-文案类-视频混剪-竖-625-cjj-纯新AIGC-20260423-54,0.00,0,0,0.00,0.00,0.00,头条优质素材|头条首发素材,,
2026-09-30,13860487513,CH-SC-广义新-10151951361734-新综合频道-箱包皮具-京喜拉新-剪辑-转化引导-箱包皮具-20260713-无-625-aigc-5,0.00,0,0,0.00,0.00,0.00,平台一组AIGC|广义新头条|心如|快手重复素材|快手非低质素材|搬运打压素材,,
2026-09-30,14197616096,CH-SC-广义新-10122344039578-新综合频道-粮油调味-京喜拉新-剪辑-转化引导-粮油调味-20260812-无-625-13,0.00,0,0,0.00,0.00,0.00,--,,
2026-09-30,14247818057,CH-SC-低活-10120514417084-超级抢购-生鲜-无-剪辑-转化引导-生鲜-20260818-无-625-aigc-3,0.00,5,0,0.00,0.00,0.00,平台一组AIGC,,
2026-09-30,14631517035,CH-SC-低活-10217740550325-超级抢购-箱包皮具-无-剪辑-转化引导-箱包皮具-260921-无-625-头条储备-aigc-117,0.00,1,0,0.00,0.00,0.00,,,
2026-09-30,14516484646,CH-SC-低活-10233824843150-超级抢购-收纳用品-无-剪辑-转化引导-收纳用品-260907-无-625-65,0.00,1,0,0.00,0.00,0.00,心如|福利价,,
2026-09-30,13960084356,信息流-小牛-抽纸-三方主体-代运营-新人福利价-0724-10105196309536 -历史爆品-625-8,0.00,1,0,0.00,0.00,0.00,福利价/无价格|腾讯首发素材,,
2026-10-01,14422220800,信息流-小牛-小蜜桃-三方主体-代运营-新人福利价-260908-10231541696811 -深海货盘-625-10,2703.01,177191,7779,6.58,411.00,4.39,福利价/无价格|考古加素材混剪,,
2026-10-01,14095132360,CH-SC-广义新-10136363822650-新综合频道-纸品-京喜拉新-剪辑-转化引导-纸品-20260804-无-625-13,2132.12,103620,9064,54.67,39.00,8.75,平台AI测试/视频/一组智能体|平台一组AIGC|广义新头条|快手重复素材|快手非低质素材|腾讯首发素材,,
2026-10-01,14422193816,信息流-小牛-小蜜桃-三方主体-代运营-新人福利价-260908-10231541696811 -深海货盘-625-6,1368.34,137817,8142,4.90,279.00,5.91,福利价/无价格|考古加素材混剪,,
2026-10-01,13486885202,CH-SC-广义新-无-新10元话费券-10元话费券-京喜拉新-剪辑-转化引导-10元话费券-20260605-无-625-4,1206.37,43883,2817,25.67,47.00,6.42,快手重复素材|快手非低质素材|腾讯首发素材,,
2026-10-01,14422211840,信息流-小牛-小蜜桃-三方主体-代运营-新人福利价-260908-10231541696811 -深海货盘-625-3,1112.74,157193,4685,6.83,163.00,2.98,福利价/无价格|考古加素材混剪,,
2026-10-01,14535550616,信息流-小牛-打火机-三方主体-代运营-新人福利价-260918-10162692688878-内部实时跑量-625-7,1012.36,85141,1663,21.09,48.00,1.95,,,
2026-10-01,14422195635,信息流-小牛-小蜜桃-三方主体-代运营-新人福利价-260908-10231541696811 -深海货盘-625-49,1010.05,111742,3673,5.29,191.00,3.29,福利价/无价格|考古加素材混剪,,
2026-10-01,13846375083,CH-SC-低活-10112643484929-超级抢购-手机通讯-无-剪辑-转化引导-手机通讯-20260708-无-625-aigc-6,1003.31,51686,480,59.02,17.00,0.93,DHX扒起量0706|平台一组AIGC|心如|快手重复素材|快手非低质素材|福利价,,
2026-10-01,14029064982,信息流-小牛-折叠椅-三方主体-代运营-新人福利价-0731-10183713190151-大盘扒改-625-1,971.08,100723,1595,37.35,26.00,1.58,大盘扒改|福利价/无价格,,
2026-10-01,13685269854,CH-SC-低活-10233824843150-超级抢购加补-生活日用-无-剪辑-转化引导-生活日用-20260626-无-625-aigc-15,969.30,61291,1515,16.71,58.00,2.47,平台一组AIGC|心如|快手重复素材|快手非低质素材|福利价|腾讯首发素材,,
2026-10-01,14422196886,信息流-小牛-小蜜桃-三方主体-代运营-新人福利价-260908-10231541696811 -深海货盘-625-5,868.89,70023,5058,6.90,126.00,7.22,福利价/无价格|考古加素材混剪,,
2026-10-01,13873191026,CH-SC-低活-10140917922437-超级抢购-家庭清洁-无-剪辑-转化引导-家庭清洁-20260709-无-625-aigc-2,864.82,20860,802,36.03,24.00,3.84,平台一组AIGC|心如|快手重复素材|快手非低质素材|福利价|腾讯首发素材,,
2026-10-01,13846015115,CH-SC-广义新-10140917922437-新综合频道-家庭清洁-京喜拉新-剪辑-转化引导-家庭清洁-20260710-无-625-aigc-11,721.42,31344,5236,26.72,27.00,16.70,平台一组AIGC|广义新头条|心如|快手原创素材|快手非低质素材|无价格|腾讯首发素材,,
2026-10-01,14033674081,信息流-小牛-折叠椅-京东主体-代运营-新人福利价-0731-10183713190151-设计自选-625-8,550.80,39090,1016,45.90,12.00,2.60,福利价/无价格,,
2026-10-01,14422209845,信息流-小牛-小蜜桃-三方主体-代运营-新人福利价-260908-10231541696811 -深海货盘-625-28,545.24,32731,1673,13.98,39.00,5.11,福利价/无价格|考古加素材混剪,,
2026-10-01,13603383616,CH-SC-低活-10217740550325-超级抢购加补-箱包皮具-无-剪辑-转化引导-箱包皮具-20260617-无-625-aigc-5,518.86,24772,742,37.06,14.00,3.00,加补1分钱|平台一组AIGC|心如|快手重复素材|快手非低质素材|腾讯首发素材,,
2026-10-01,14535548396,信息流-小牛-打火机-三方主体-代运营-新人福利价-260918-10162692688878-内部实时跑量-625-8,466.15,28153,616,21.19,22.00,2.19,,,
2026-10-01,13603317054,CH-SC-广义新-10118706992345-新综合频道-纸品-无-剪辑-转化引导-纸品-20260617-无-625-aigc-8,445.64,107550,102951,0.67,670.00,95.72,平台一组AIGC|广义新头条|快手原创素材|快手非低质素材,,
2026-10-01,14486253331,信息流-小牛-毛毯-三方主体-代运营-新人福利价-260914-10146450179286-商务选品-625-18,429.65,24524,446,35.80,12.00,1.82,快手原创素材|快手非低质素材|福利价/无价格,,
2026-10-01,14422248290,信息流-小牛-真空袋-三方主体-代运营-新人福利价-260908-10212584519594-内部实时跑量-625-53,313.84,48720,1117,13.65,23.00,2.29,福利价/无价格|考古加素材混剪|腾讯首发素材,,
2026-10-01,13581450030,CH-SC-广义新-10130866966155-新综合频道-服饰内衣-京喜拉新-剪辑-转化引导-服饰内衣-20260615-反向-625-aigc-1,313.69,52952,51574,0.68,464.00,97.40,不对版！！|平台一组AIGC|广义新头条|快手重复素材|快手非低质素材|腾讯首发素材,,
2026-10-01,14422270071,信息流-小牛-真空袋-三方主体-代运营-新人福利价-260908-10212584519594-内部实时跑量-625-27,275.29,24467,522,17.21,16.00,2.13,福利价/无价格|考古加素材混剪,,
2026-10-01,14535539490,信息流-小牛-打火机-三方主体-代运营-新人福利价-260918-10162692688878-内部实时跑量-625-17,272.08,11912,399,19.43,14.00,3.35,,,
2026-10-01,14422219317,信息流-小牛-小蜜桃-三方主体-代运营-新人福利价-260908-10231541696811 -深海货盘-625-12,266.35,27293,831,9.86,27.00,3.04,福利价/无价格|考古加素材混剪,,
2026-10-01,14422210490,信息流-小牛-小蜜桃-三方主体-代运营-新人福利价-260908-10231541696811 -深海货盘-625-27,243.02,20283,607,22.09,11.00,2.99,福利价/无价格|考古加素材混剪,,
2026-10-01,14422271056,信息流-小牛-真空袋-三方主体-代运营-新人福利价-260908-10212584519594-内部实时跑量-625-26,242.38,23635,426,24.24,10.00,1.80,福利价/无价格|考古加素材混剪,,
2026-10-01,14535556657,信息流-小牛-打火机-三方主体-代运营-新人福利价-260918-10162692688878-内部实时跑量-625-64,233.30,15740,374,29.16,8.00,2.38,,,
2026-10-01,13536549173,CH-SC-低活-10219841541026-超级抢购加补-厨具-无-剪辑-转化引导-厨具-20260610-无-625-aigc-10,217.82,8965,260,31.12,7.00,2.90,平台一组AIGC|心如|快手重复素材|快手非低质素材|福利价|腾讯首发素材,,
2026-10-01,14309304111,信息流-小牛-工具箱-三方主体-代运营-新人福利价-260827-10114015186364-内部实时跑量-625-aigc-38,215.92,15494,350,71.97,3.00,2.26,平台一组AIGC|福利价/无价格|考古加素材混剪,,
2026-10-01,14086782388,信息流-小牛-陶瓷碗-三方主体-代运营-新人福利价-0806-10129451028601-客户推品-625-4,193.86,50170,450,19.39,10.00,0.90,客供|福利价/无价格,,
2026-10-01,14535548298,信息流-小牛-打火机-三方主体-代运营-新人福利价-260918-10162692688878-内部实时跑量-625-9,170.05,8847,272,24.29,7.00,3.07,,,
2026-10-01,13846397896,CH-SC-低活-10112643484929-超级抢购-手机通讯-无-剪辑-转化引导-手机通讯-20260708-无-625-aigc-1,169.92,5945,79,33.98,5.00,1.33,DHX扒起量0706|平台一组AIGC|心如|快手重复素材|快手非低质素材|福利价|腾讯首发素材,,
2026-10-01,14319042692,CH-SC-低活-10140917922437-超级抢购-家庭清洁-无-剪辑-转化引导-家庭清洁-20260820-无-625-aigc-25,152.27,3882,261,76.14,2.00,6.72,平台一组AIGC|心如|快手重复素材|快手非低质素材|福利价|腾讯首发素材,,
2026-10-01,14422196839,信息流-小牛-小蜜桃-三方主体-代运营-新人福利价-260908-10231541696811 -深海货盘-625-50,142.81,17591,619,10.99,13.00,3.52,福利价/无价格|考古加素材混剪,,
2026-10-01,14516402439,CH-SC-低活-10176978592631-超级抢购-家具-无-剪辑-转化引导-家具-260915-无-625-13,138.15,3933,432,69.08,2.00,10.98,心如|福利价,,
2026-10-01,13145024268,荣耀-XN-影音娱乐-通用-萌宠-混剪-260424-625-10,137.46,18376,6224,1.13,122.00,33.87,,,
2026-10-01,14535547463,信息流-小牛-打火机-三方主体-代运营-新人福利价-260918-10162692688878-内部实时跑量-625-11,134.89,5362,181,33.72,4.00,3.38,,,
2026-10-01,14319047409,CH-SC-低活-10140917922437-超级抢购-家庭清洁-无-剪辑-转化引导-家庭清洁-20260820-无-625-aigc-8,134.35,15228,721,44.78,3.00,4.73,平台一组AIGC|心如|快手原创素材|快手非低质素材|福利价|腾讯首发素材,,
2026-10-01,14488323904,信息流-小牛-大月饼-三方主体-代运营-新人福利价-260914-10163022037983-内部实时跑量-625-22,132.27,12400,197,44.09,3.00,1.59,福利价/无价格|考古加素材混剪,,
2026-10-01,14535530355,信息流-小牛-打火机-三方主体-代运营-新人福利价-260918-10162692688878-内部实时跑量-625-24,131.21,4291,178,65.61,2.00,4.15,,,
2026-10-01,14554228899,CH-SC-低活-10140917922437-超级抢购-家庭清洁-无-剪辑-转化引导-家庭清洁-20260918-无-625-aigc-16,127.70,22401,2442,31.93,4.00,10.90,,,
2026-10-01,14318965135,CH-PRJ-采销项目-无-快手-无-无-剪辑-转化引导-无-260826-无-625-4,121.66,1148,969,0.14,876.00,84.41,快手重复素材|快手非低质素材,,
2026-10-01,14422274665,信息流-小牛-真空袋-三方主体-代运营-新人福利价-260908-10212584519594-内部实时跑量-625-20,120.11,4768,169,30.03,4.00,3.54,福利价/无价格|考古加素材混剪,,
2026-10-01,14422276750,信息流-小牛-真空袋-三方主体-代运营-新人福利价-260908-10212584519594-内部实时跑量-625-2,119.49,16113,257,19.92,6.00,1.59,福利价/无价格|考古加素材混剪,,
2026-10-01,14374704763,信息流-小牛-苹果-三方主体-代运营-新人福利价-260903-10186710590960-历史爆品-625-21,119.27,8332,160,39.76,3.00,1.92,原生|福利价/无价格|考古加素材混剪,,
2026-10-01,14535543360,信息流-小牛-打火机-三方主体-代运营-新人福利价-260918-10162692688878-内部实时跑量-625-14,118.87,4069,168,39.62,3.00,4.13,,,
2026-10-01,14092631035,信息流-小牛-西瓜-三方主体-代运营-新人福利价-0806-10215767576641-历史爆品-625-1,100.04,11343,203,50.02,2.00,1.79,头条/京东标点/有量素材混剪|福利价/无价格,,
2026-10-01,14486255452,信息流-小牛-毛毯-三方主体-代运营-新人福利价-260914-10146450179286-商务选品-625-16,94.09,9720,198,94.09,1.00,2.04,快手原创素材|快手非低质素材|福利价/无价格,,
2026-10-01,14086782805,信息流-小牛-陶瓷碗-三方主体-代运营-新人福利价-0806-10129451028601-客户推品-625-1,90.04,13644,270,90.04,1.00,1.98,客供|福利价/无价格,,
2026-10-01,14529783827,信息流-小牛-停车号码牌-三方主体-代运营-新人福利价-260917-10203964359828-内部实时跑量-625-4,80.97,10121,117,26.99,3.00,1.16,,,
2026-10-01,14516516813,CH-SC-低活-10113209119177-超级抢购-电动车-无-剪辑-转化引导-电动车-260907-无-625-13,70.47,15460,207,0.00,0.00,1.34,心如|福利价,,
2026-10-01,14487659517,信息流-小牛-毛毯-三方主体-代运营-新人福利价-260914-10146450179286-商务选品-625-43,69.94,2954,111,34.97,2.00,3.76,快手原创素材|快手非低质素材|福利价/无价格,,
2026-10-01,13352556383,CH-SC-低活-10081585918372-超级抢购-家庭清洁纸品-无-剪辑-转化引导-家庭清洁纸品-20260521-无-625-17,64.56,48677,240,0.00,0.00,0.49,快手重复素材|快手非低质素材|腾讯首发素材,,
2026-10-01,13486893253,CH-SC-广义新-无-新10元话费券-10元话费券-京喜拉新-剪辑-转化引导-10元话费券-20260605-无-625-18,63.54,1338,477,21.18,3.00,35.65,快手原创素材|快手非低质素材,,
2026-10-01,14095134373,CH-SC-广义新-10136363822650-新综合频道-纸品-京喜拉新-剪辑-转化引导-纸品-20260804-无-625-16,61.48,10742,1942,30.74,2.00,18.08,广义新头条|快手重复素材|快手非低质素材|腾讯首发素材,,
2026-10-01,14238399476,信息流-小牛-雨伞-三方主体-代运营-新人福利价-0820-10130866966155-内部实时跑量-625-17,60.67,2091,74,30.34,2.00,3.54,有米云素材混剪|福利价/无价格|腾讯首发素材,,
2026-10-01,14444502883,信息流-小牛-陶瓷碗-三方主体-代运营-新人1分钱-260910-10129451028601-商务选品-625-43,59.05,7079,113,19.68,3.00,1.60,快手原创素材|快手非低质素材|福利价/无价格,,
2026-10-01,14516447747,CH-SC-低活-10111392494770-超级抢购-收纳用品-无-剪辑-转化引导-收纳用品-20260911-无-625-4,56.94,1819,40,0.00,0.00,2.20,心如|福利价,,
2026-10-01,14535557016,信息流-小牛-打火机-三方主体-代运营-新人福利价-260918-10162692688878-内部实时跑量-625-65,56.18,3234,74,56.18,1.00,2.29,,,
2026-10-01,14516318263,CH-SC-低活-10176978592631-超级抢购-家具-无-剪辑-转化引导-家具-260915-无-625-19,54.78,3640,87,27.39,2.00,2.39,心如|福利价,,
2026-10-01,14488233708,信息流-小牛-大月饼-三方主体-代运营-新人福利价-260914-10163022037983-内部实时跑量-625-5,54.07,8108,143,0.00,0.00,1.76,福利价/无价格|考古加素材混剪,,
2026-10-01,13145015412,荣耀-XN-影音娱乐-通用-唱歌-混剪-260424-625-7,51.78,3890,2994,0.26,202.00,76.97,,,
2026-10-01,14631527482,CH-SC-低活-10100542418506-超级抢购-生活日用-无-剪辑-转化引导-生活日用-260921-无-625-头条储备-44,50.71,2362,27,25.36,2.00,1.14,,,
2026-10-01,14488266120,信息流-小牛-大月饼-三方主体-代运营-新人福利价-260914-10163022037983-内部实时跑量-625-aigc-5,47.67,4553,80,47.67,1.00,1.76,福利价/无价格|考古加素材混剪,,
2026-10-01,14197434465,CH-SC-低活-10199184867564-外卖1分购-外卖美食-无-剪辑-转化引导-外卖美食-20260810-无-625-9,45.44,1463,55,45.44,1.00,3.76,心如|福利价,,
2026-10-01,14535548647,信息流-小牛-打火机-三方主体-代运营-新人福利价-260918-10162692688878-内部实时跑量-625-10,44.86,2586,80,44.86,1.00,3.09,,,
2026-10-01,14422215528,信息流-小牛-小蜜桃-三方主体-代运营-新人福利价-260908-10231541696811 -深海货盘-625-2,44.55,9467,153,22.28,2.00,1.62,福利价/无价格|考古加素材混剪,,
2026-10-01,13846370672,CH-SC-低活-10112643484929-超级抢购-手机通讯-无-剪辑-转化引导-手机通讯-20260708-无-625-aigc-4,42.20,1636,24,0.00,0.00,1.47,DHX扒起量0706|平台一组AIGC|心如|快手重复素材|快手非低质素材|福利价|腾讯首发素材,,
2026-10-01,14535590075,信息流-小牛-打火机-三方主体-代运营-新人福利价-260918-10162692688878-内部实时跑量-625-30,41.55,3368,82,13.85,3.00,2.43,,,
2026-10-01,13248257845,荣耀-XN-影音娱乐-通用-风景-混剪-260508-625-5,40.40,2967,1708,0.56,72.00,57.57,,,
2026-10-01,14516446475,CH-SC-低活-10111392494770-超级抢购-收纳用品-无-剪辑-转化引导-收纳用品-20260911-无-625-6,38.88,1753,24,38.88,1.00,1.37,心如|福利价,,
2026-10-01,14033668127,信息流-小牛-折叠椅-京东主体-代运营-新人福利价-0731-10183713190151-设计自选-625-1,38.85,5978,75,0.00,0.00,1.25,福利价/无价格,,
2026-10-01,14516404311,CH-SC-低活-10176978592631-超级抢购-家具-无-剪辑-转化引导-家具-260915-无-625-12,38.68,1239,141,0.00,0.00,11.38,心如|福利价,,
2026-10-01,13776634575,CH-SC-广义新-10177393646076-新综合频道-灯饰照明-京喜拉新-剪辑-转化引导-灯饰照明-20260702-反向-625-aigc-1,38.26,2817,320,38.26,1.00,11.36,平台一组AIGC|快手原创素材|快手非低质素材|无价格|福利价/无价格,,
2026-10-01,14422273114,信息流-小牛-真空袋-三方主体-代运营-新人福利价-260908-10212584519594-内部实时跑量-625-25,37.45,2868,90,6.24,6.00,3.14,福利价/无价格|考古加素材混剪,,
2026-10-01,13846396417,CH-SC-低活-10112643484929-超级抢购-手机通讯-无-剪辑-转化引导-手机通讯-20260708-无-625-aigc-21,36.80,2586,320,0.00,0.00,12.37,DHX扒起量0706|平台一组AIGC|心如|快手重复素材|快手非低质素材|福利价,,
2026-10-01,13614624623,CH-SC-广义新-10134479334759-新综合频道-钟表眼镜-京喜拉新-剪辑-转化引导-钟表眼镜-20260618-无-625-aigc-7,36.20,3782,130,18.10,2.00,3.44,平台一组AIGC|快手重复素材|快手非低质素材|腾讯首发素材,,
2026-10-01,14033673840,信息流-小牛-折叠椅-京东主体-代运营-新人福利价-0731-10183713190151-设计自选-625-10,33.62,4964,171,33.62,1.00,3.44,福利价/无价格,,
2026-10-01,14516454233,CH-SC-低活-10103917299332-超级抢购-厨具-无-剪辑-转化引导-厨具-20260911-无-625-23,32.92,2628,17,32.92,1.00,0.65,心如|福利价,,
2026-10-01,14422223090,信息流-小牛-小蜜桃-三方主体-代运营-新人福利价-260908-10231541696811 -深海货盘-625-1,31.71,6239,122,0.00,0.00,1.96,福利价/无价格|考古加素材混剪,,
2026-10-01,14422246925,信息流-小牛-真空袋-三方主体-代运营-新人福利价-260908-10212584519594-内部实时跑量-625-54,29.79,8054,137,14.90,2.00,1.70,福利价/无价格|考古加素材混剪|腾讯首发素材,,
2026-10-01,14374705382,信息流-小牛-苹果-三方主体-代运营-新人福利价-260903-10186710590960-历史爆品-625-22,26.10,2371,26,0.00,0.00,1.10,原生|福利价/无价格|考古加素材混剪,,
2026-10-01,14488237983,信息流-小牛-大月饼-三方主体-代运营-新人福利价-260914-10163022037983-内部实时跑量-625-2,25.37,3034,52,25.37,1.00,1.71,福利价/无价格|考古加素材混剪,,
2026-10-01,14099191213,信息流-小牛-陶瓷碗-三方主体-代运营-新人福利价-0807-10129451028601-客户推品-625-1,25.11,8846,109,25.11,1.00,1.23,客供|福利价/无价格,,
2026-10-01,14535553937,信息流-小牛-打火机-三方主体-代运营-新人福利价-260918-10162692688878-内部实时跑量-625-3,24.32,1632,44,24.32,1.00,2.70,,,
2026-10-01,13352554298,CH-SC-低活-10081585918372-超级抢购-家庭清洁纸品-无-剪辑-转化引导-家庭清洁纸品-20260521-无-625-11,24.01,16712,66,0.00,0.00,0.39,快手重复素材|快手非低质素材|腾讯首发素材,,
2026-10-01,14516362987,CH-SC-低活-10118706992348-超级抢购加补-纸品-无-剪辑-转化引导-纸品-260914-无-625-27,23.35,268,105,0.00,0.00,39.18,心如,,
2026-10-01,14050217042,CH-SC-广义新-10187000434970-新综合频道-厨具-京喜拉新-剪辑-转化引导-厨具-20260730-无-625-7,22.80,2624,448,22.80,1.00,17.07,广义新头条|心如|快手重复素材|快手非低质素材|腾讯首发素材,,
2026-10-01,13559845061,CH-PRJ-采销项目-10204138700158-快手安卓-外卖美食-无-剪辑-转化引导-外卖美食-20260612-无-625-9,22.58,416,264,0.15,152.00,63.46,快手重复素材|快手非低质素材,,
2026-10-01,14488315998,信息流-小牛-大月饼-三方主体-代运营-新人福利价-260914-10163022037983-内部实时跑量-625-26,22.43,1571,43,11.22,2.00,2.74,福利价/无价格|考古加素材混剪,,
2026-10-01,14092632262,信息流-小牛-西瓜-三方主体-代运营-新人福利价-0806-10215767576641-历史爆品-625-2,21.50,1472,48,21.50,1.00,3.26,头条/京东标点/有量素材混剪|福利价/无价格,,
2026-10-01,14535544644,信息流-小牛-打火机-三方主体-代运营-新人福利价-260918-10162692688878-内部实时跑量-625-13,20.91,596,35,20.91,1.00,5.87,,,
2026-10-01,14488285372,信息流-小牛-大月饼-三方主体-代运营-新人福利价-260914-10163022037983-内部实时跑量-625-41,19.59,2474,40,0.00,0.00,1.62,福利价/无价格|考古加素材混剪,,
2026-10-01,14374685119,信息流-小牛-苹果-三方主体-代运营-新人福利价-260903-10186710590960-历史爆品-625-42,19.52,3109,28,0.00,0.00,0.90,原生|福利价/无价格|考古加素材混剪,,
2026-10-01,14535554502,信息流-小牛-打火机-三方主体-代运营-新人福利价-260918-10162692688878-内部实时跑量-625-66,19.39,584,31,0.00,0.00,5.31,,,
2026-10-01,14516352026,CH-SC-低活-10118706992348-超级抢购加补-纸品-无-剪辑-转化引导-纸品-260914-无-625-65,19.13,436,12,19.13,1.00,2.75,心如,,
2026-10-01,14535589632,信息流-小牛-打火机-三方主体-代运营-新人福利价-260918-10162692688878-内部实时跑量-625-29,18.88,1083,37,0.00,0.00,3.42,,,
2026-10-01,14516404620,CH-SC-低活-10176978592631-超级抢购-家具-无-剪辑-转化引导-家具-260915-无-625-10,18.87,477,26,18.87,1.00,5.45,心如|福利价,,
2026-10-01,14319046111,CH-SC-低活-10140917922437-超级抢购-家庭清洁-无-剪辑-转化引导-家庭清洁-20260820-无-625-aigc-12,18.19,13988,115,0.00,0.00,0.82,平台AI测试/视频/一组智能体|平台一组AIGC|心如|快手原创素材|快手非低质素材|福利价,,
2026-10-01,14050220381,CH-SC-广义新-10187000434970-新综合频道-厨具-京喜拉新-剪辑-转化引导-厨具-20260730-无-625-12,17.32,87,47,0.00,0.00,54.02,广义新头条|心如|快手重复素材|快手非低质素材|腾讯首发素材,,
2026-10-01,14516315928,CH-SC-低活-10176978592631-超级抢购-家具-无-剪辑-转化引导-家具-260915-无-625-24,17.25,5110,74,0.00,0.00,1.45,心如|福利价,,
2026-10-01,14486256691,信息流-小牛-毛毯-三方主体-代运营-新人福利价-260914-10146450179286-商务选品-625-14,17.20,1072,22,0.00,0.00,2.05,快手原创素材|快手非低质素材|福利价/无价格,,
2026-10-01,14488341277,信息流-小牛-大月饼-三方主体-代运营-新人福利价-260914-10163022037983-内部实时跑量-625-10,16.97,2628,40,0.00,0.00,1.52,福利价/无价格|考古加素材混剪,,
2026-10-01,14535546171,信息流-小牛-打火机-三方主体-代运营-新人福利价-260918-10162692688878-内部实时跑量-625-12,16.45,731,27,0.00,0.00,3.69,,,
2026-10-01,14422218760,信息流-小牛-小蜜桃-三方主体-代运营-新人福利价-260908-10231541696811 -深海货盘-625-15,16.22,1740,43,0.00,0.00,2.47,福利价/无价格|考古加素材混剪,,
2026-10-01,14422258109,信息流-小牛-真空袋-三方主体-代运营-新人福利价-260908-10212584519594-内部实时跑量-625-41,16.12,1785,36,8.06,2.00,2.02,福利价/无价格|考古加素材混剪,,
2026-10-01,14033673881,信息流-小牛-折叠椅-京东主体-代运营-新人福利价-0731-10183713190151-设计自选-625-9,14.84,1833,36,0.00,0.00,1.96,福利价/无价格,,
2026-10-01,13939939358,CH-SC-广义新-10150604147722-新综合频道-箱包皮具-京喜拉新-剪辑-转化引导-箱包皮具-20260720-反向-625-11,13.66,10186,10018,2.73,5.00,98.35,广义新头条|心如|快手重复素材|快手非低质素材,,
2026-10-01,14488342221,信息流-小牛-大月饼-三方主体-代运营-新人福利价-260914-10163022037983-内部实时跑量-625-9,13.54,1091,36,0.00,0.00,3.30,福利价/无价格|考古加素材混剪,,
2026-10-01,14422203143,信息流-小牛-小蜜桃-三方主体-代运营-新人福利价-260908-10231541696811 -深海货盘-625-37,13.44,1869,44,4.48,3.00,2.35,福利价/无价格|考古加素材混剪,,
2026-10-01,14529789444,信息流-小牛-停车号码牌-三方主体-代运营-新人福利价-260917-10203964359828-内部实时跑量-625-3,13.32,1464,9,0.00,0.00,0.61,,,
2026-10-01,14516446813,CH-SC-低活-10111392494770-超级抢购-收纳用品-无-剪辑-转化引导-收纳用品-20260911-无-625-5,13.23,776,8,0.00,0.00,1.03,心如|福利价,,
2026-10-01,14535540774,信息流-小牛-打火机-三方主体-代运营-新人福利价-260918-10162692688878-内部实时跑量-625-16,13.03,652,16,0.00,0.00,2.45,,,
2026-10-01,14562127091,CH-PRJ-采销项目-无-快手-无-无-剪辑-转化引导-无-260911-无-625-26,12.58,155,69,0.25,51.00,44.52,,,
2026-10-01,14631526977,CH-SC-低活-10100542418506-超级抢购-生活日用-无-剪辑-转化引导-生活日用-260921-无-625-头条储备-aigc-3,11.89,328,5,0.00,0.00,1.52,,,
2026-10-01,14033669726,信息流-小牛-折叠椅-京东主体-代运营-新人福利价-0731-10183713190151-设计自选-625-2,11.84,7222,144,0.00,0.00,1.99,福利价/无价格,,
2026-10-01,14488250135,信息流-小牛-大月饼-三方主体-代运营-新人福利价-260914-10163022037983-内部实时跑量-625-aigc-9,11.62,1823,32,11.62,1.00,1.76,福利价/无价格|考古加素材混剪,,
2026-10-01,14444475775,信息流-小牛-陶瓷碗-三方主体-代运营-新人1分钱-260910-10129451028601-商务选品-625-56,11.52,677,14,0.00,0.00,2.07,福利价/无价格,,
2026-10-01,14372742082,信息流-小牛-旋转支架-三方主体-代运营-新人福利价-260903-10112643484929-内部实时跑量-625-9,11.46,583,21,11.46,1.00,3.60,原生|福利价/无价格|考古加素材混剪,,
2026-10-01,14372738165,信息流-小牛-旋转支架-三方主体-代运营-新人福利价-260903-10112643484929-内部实时跑量-625-13,11.33,844,22,0.00,0.00,2.61,原生|福利价/无价格|考古加素材混剪,,
2026-10-01,14488318517,信息流-小牛-大月饼-三方主体-代运营-新人福利价-260914-10163022037983-内部实时跑量-625-25,11.21,1105,23,11.21,1.00,2.08,福利价/无价格|考古加素材混剪,,
2026-10-01,13179783246,荣耀-XN-社交-通用-聊天券-混剪-260429-625-5,11.14,1932,102,1.86,6.00,5.28,,,
2026-10-01,14516403810,CH-SC-低活-10176978592631-超级抢购-家具-无-剪辑-转化引导-家具-260915-无-625-11,10.99,457,22,0.00,0.00,4.81,心如|福利价,,
2026-10-01,14631525687,CH-SC-低活-10100542418506-超级抢购-生活日用-无-剪辑-转化引导-生活日用-260927-无-625-头条储备-aigc-67,10.77,474,5,0.00,0.00,1.05,,,
2026-10-01,14369416848,信息流-小牛-菜板-三方主体-代运营-新人福利价-260903-10155000015319-内部实时跑量-625-10,10.75,2520,56,0.00,0.00,2.22,原生|快手原创素材|快手非低质素材|福利价/无价格,,
2026-10-01,14535561616,信息流-小牛-打火机-三方主体-代运营-新人福利价-260918-10162692688878-内部实时跑量-625-62,10.66,1563,27,0.00,0.00,1.73,,,
2026-10-01,14319045677,CH-SC-低活-10140917922437-超级抢购-家庭清洁-无-剪辑-转化引导-家庭清洁-20260820-无-625-aigc-16,10.57,5938,32,0.00,0.00,0.54,平台一组AIGC|心如|快手重复素材|快手非低质素材|福利价|腾讯首发素材,,
2026-10-01,14535553809,信息流-小牛-打火机-三方主体-代运营-新人福利价-260918-10162692688878-内部实时跑量-625-2,10.52,472,14,0.00,0.00,2.97,,,
2026-10-01,14422201343,信息流-小牛-小蜜桃-三方主体-代运营-新人福利价-260908-10231541696811 -深海货盘-625-45,10.42,2666,38,10.42,1.00,1.43,福利价/无价格|考古加素材混剪,,
2026-10-01,13846398501,CH-SC-低活-10112643484929-超级抢购-手机通讯-无-剪辑-转化引导-手机通讯-20260708-无-625-aigc-3,9.95,500,6,0.00,0.00,1.20,DHX扒起量0706|平台一组AIGC|心如|快手重复素材|快手非低质素材|福利价,,
2026-10-01,14374709639,信息流-小牛-苹果-三方主体-代运营-新人福利价-260903-10186710590960-历史爆品-625-17,9.78,681,16,0.00,0.00,2.35,原生|福利价/无价格|考古加素材混剪,,
2026-10-01,13559844692,CH-PRJ-采销项目-10204138700158-快手安卓-外卖美食-无-剪辑-转化引导-外卖美食-20260612-无-625-7,9.70,209,119,0.13,75.00,56.94,快手重复素材|快手非低质素材,,
2026-10-01,14529779694,信息流-小牛-停车号码牌-三方主体-代运营-新人福利价-260917-10203964359828-内部实时跑量-625-50,9.61,470,17,9.61,1.00,3.62,,,
2026-10-01,13603318244,CH-SC-广义新-10118706992345-新综合频道-纸品-无-剪辑-转化引导-纸品-20260617-无-625-aigc-11,9.25,1533,42,0.00,0.00,2.74,平台一组AIGC|广义新头条|快手原创素材|快手非低质素材,,
2026-10-01,14516513717,CH-SC-低活-10113209119177-超级抢购-电动车-无-剪辑-转化引导-电动车-260907-无-625-22,9.23,363,30,0.00,0.00,8.26,心如|福利价,,
2026-10-01,14422202134,信息流-小牛-小蜜桃-三方主体-代运营-新人福利价-260908-10231541696811 -深海货盘-625-4,9.07,1933,102,4.54,2.00,5.28,福利价/无价格|考古加素材混剪,,
2026-10-01,14535590827,信息流-小牛-打火机-三方主体-代运营-新人福利价-260918-10162692688878-内部实时跑量-625-28,8.94,559,15,0.00,0.00,2.68,,,
2026-10-01,14422220976,信息流-小牛-小蜜桃-三方主体-代运营-新人福利价-260908-10231541696811 -深海货盘-625-11,8.91,1757,17,0.00,0.00,0.97,福利价/无价格|考古加素材混剪,,
2026-10-01,14299135646,CH-PRJ-采销项目-无-快手-无-无-剪辑-转化引导-无-260825-无-625-7,8.85,96,36,0.00,0.00,37.50,快手重复素材|快手非低质素材,,
2026-10-01,14529767215,信息流-小牛-停车号码牌-三方主体-代运营-新人福利价-260917-10203964359828-内部实时跑量-625-7,8.78,437,12,0.00,0.00,2.75,,,
2026-10-01,14369416523,信息流-小牛-菜板-三方主体-代运营-新人福利价-260903-10155000015319-内部实时跑量-625-6,8.73,1100,48,0.00,0.00,4.36,原生|快手原创素材|快手非低质素材|福利价/无价格,,
2026-10-01,14562134189,CH-PRJ-采销项目-无-快手-无-无-剪辑-转化引导-无-260911-无-625-12,8.65,116,62,0.16,54.00,53.45,,,
2026-10-01,14318981628,CH-SC-广义新-10146456039187-新综合频道-纸品-京喜拉新-剪辑-转化引导-纸品-260827-无-625-aigc-6,8.52,451,63,0.00,0.00,13.97,平台AI测试/视频/一组智能体|平台一组AIGC|快手重复素材|快手非低质素材,,
2026-10-01,14422218389,信息流-小牛-小蜜桃-三方主体-代运营-新人福利价-260908-10231541696811 -深海货盘-625-16,8.35,2297,48,0.00,0.00,2.09,福利价/无价格|考古加素材混剪,,
2026-10-01,14050213136,CH-SC-广义新-10187000434970-新综合频道-厨具-京喜拉新-剪辑-转化引导-厨具-20260730-无-625-2,8.32,532,23,0.00,0.00,4.32,广义新头条|心如|快手重复素材|快手非低质素材|腾讯首发素材,,
2026-10-01,14516354432,CH-SC-低活-10118706992348-超级抢购加补-纸品-无-剪辑-转化引导-纸品-260914-无-625-56,8.30,240,10,0.00,0.00,4.17,心如,,
2026-10-01,14422275891,信息流-小牛-真空袋-三方主体-代运营-新人福利价-260908-10212584519594-内部实时跑量-625-24,7.87,737,19,0.00,0.00,2.58,福利价/无价格|考古加素材混剪,,
2026-10-01,14197493764,CH-SC-低活-10081585918372-超级抢购-纸品-无-剪辑-转化引导-纸品-20260803-无-625-aigc-8,7.46,1027,26,0.00,0.00,2.53,平台一组AIGC|心如|快手重复素材|快手非低质素材|福利价|腾讯首发素材,,
2026-10-01,14488283013,信息流-小牛-大月饼-三方主体-代运营-新人福利价-260914-10163022037983-内部实时跑量-625-42,7.26,817,22,0.00,0.00,2.69,福利价/无价格|考古加素材混剪,,
2026-10-01,14422192784,信息流-小牛-小蜜桃-三方主体-代运营-新人福利价-260908-10231541696811 -深海货盘-625-7,7.25,492,39,7.25,1.00,7.93,福利价/无价格|考古加素材混剪,,
2026-10-01,14422208734,信息流-小牛-小蜜桃-三方主体-代运营-新人福利价-260908-10231541696811 -深海货盘-625-30,7.00,1693,77,0.00,0.00,4.55,福利价/无价格|考古加素材混剪,,
2026-10-01,14488339974,信息流-小牛-大月饼-三方主体-代运营-新人福利价-260914-10163022037983-内部实时跑量-625-11,6.89,814,2,0.00,0.00,0.25,福利价/无价格|考古加素材混剪,,
2026-10-01,14529777583,信息流-小牛-停车号码牌-三方主体-代运营-新人福利价-260917-10203964359828-内部实时跑量-625-49,6.78,334,5,6.78,1.00,1.50,,,
2026-10-01,14488336904,信息流-小牛-大月饼-三方主体-代运营-新人福利价-260914-10163022037983-内部实时跑量-625-14,6.78,696,12,0.00,0.00,1.72,福利价/无价格|考古加素材混剪,,
2026-10-01,13873189462,CH-SC-低活-10140917922437-超级抢购-家庭清洁-无-剪辑-转化引导-家庭清洁-20260709-无-625-aigc-1,6.77,1163,52,0.00,0.00,4.47,平台一组AIGC|心如|快手重复素材|快手非低质素材|福利价|腾讯首发素材,,
2026-10-01,14631527392,CH-SC-低活-10100542418506-超级抢购-生活日用-无-剪辑-转化引导-生活日用-260921-无-625-头条储备-aigc-14,6.71,230,11,0.00,0.00,4.78,,,
2026-10-01,14631526284,CH-SC-低活-10100542418506-超级抢购-生活日用-无-剪辑-转化引导-生活日用-260927-无-625-头条储备-aigc-62,6.68,144,3,0.00,0.00,2.08,,,
2026-10-01,14631526307,CH-SC-低活-10100542418506-超级抢购-生活日用-无-剪辑-转化引导-生活日用-260927-无-625-头条储备-aigc-60,6.62,174,7,0.00,0.00,4.02,,,
2026-10-01,14086787831,信息流-小牛-陶瓷碗-三方主体-代运营-新人福利价-0806-10129451028601-客户推品-625-2,6.56,1944,27,0.00,0.00,1.39,客供|福利价/无价格,,
2026-10-01,13125484685,荣耀-XN-金融-通用-壁纸-混剪-纯AIGC-260422-625-13,6.48,169,45,3.24,2.00,26.63,,,
2026-10-01,14554168487,CH-SC-低活-10096167203452-超级抢购-纸品-大商超-剪辑-转化引导-纸品-260917-无-625-19,6.44,1922,1884,0.54,12.00,98.02,,,
2026-10-01,14318985581,CH-SC-广义新-10146456039187-新综合频道-纸品-京喜拉新-剪辑-转化引导-纸品-260827-无-625-aigc-11,6.32,761,137,0.00,0.00,18.00,平台一组AIGC|快手重复素材|快手非低质素材,,
2026-10-01,14529785267,信息流-小牛-停车号码牌-三方主体-代运营-新人福利价-260917-10203964359828-内部实时跑量-625-38,5.99,529,6,0.00,0.00,1.13,,,
2026-10-01,14631526756,CH-SC-低活-10100542418506-超级抢购-生活日用-无-剪辑-转化引导-生活日用-260927-无-625-头条储备-aigc-51,5.98,167,5,0.00,0.00,2.99,,,
2026-10-01,14486259267,信息流-小牛-毛毯-三方主体-代运营-新人福利价-260914-10146450179286-商务选品-625-15,5.81,205,6,0.00,0.00,2.93,快手原创素材|快手非低质素材|福利价/无价格,,
2026-10-01,13873198936,CH-SC-低活-10140917922437-超级抢购-家庭清洁-无-剪辑-转化引导-家庭清洁-20260709-无-625-aigc-9,5.72,116,11,0.00,0.00,9.48,平台一组AIGC|心如|快手重复素材|快手非低质素材|福利价|腾讯首发素材,,
2026-10-01,13352562264,CH-SC-低活-10081585918372-超级抢购-家庭清洁纸品-无-剪辑-转化引导-家庭清洁纸品-20260521-无-625-8,5.57,825,14,0.00,0.00,1.70,快手重复素材|快手非低质素材|腾讯首发素材,,
2026-10-01,14422217201,信息流-小牛-小蜜桃-三方主体-代运营-新人福利价-260908-10231541696811 -深海货盘-625-18,5.43,1024,28,0.00,0.00,2.73,福利价/无价格|考古加素材混剪,,
2026-10-01,13352561533,CH-SC-低活-10081585918372-超级抢购-家庭清洁纸品-无-剪辑-转化引导-家庭清洁纸品-20260521-无-625-4,5.31,1001,21,0.00,0.00,2.10,快手重复素材|快手非低质素材|腾讯首发素材,,
2026-10-01,14488324024,信息流-小牛-大月饼-三方主体-代运营-新人福利价-260914-10163022037983-内部实时跑量-625-21,5.25,730,19,2.63,2.00,2.60,福利价/无价格|考古加素材混剪,,
2026-10-01,14033672307,信息流-小牛-折叠椅-京东主体-代运营-新人福利价-0731-10183713190151-设计自选-625-5,5.22,256,7,0.00,0.00,2.73,福利价/无价格,,
2026-10-01,14631526522,CH-SC-低活-10100542418506-超级抢购-生活日用-无-剪辑-转化引导-生活日用-260927-无-625-头条储备-aigc-55,4.75,142,3,0.00,0.00,2.11,,,
2026-10-01,13846372517,CH-SC-低活-10112643484929-超级抢购-手机通讯-无-剪辑-转化引导-手机通讯-20260708-无-625-aigc-5,4.66,177,4,0.00,0.00,2.26,DHX扒起量0706|平台一组AIGC|心如|快手重复素材|快手非低质素材|福利价,,
2026-10-01,14529783411,信息流-小牛-停车号码牌-三方主体-代运营-新人福利价-260917-10203964359828-内部实时跑量-625-41,4.55,213,5,0.00,0.00,2.35,,,
2026-10-01,14562126024,CH-PRJ-采销项目-无-快手-无-无-剪辑-转化引导-无-260911-无-625-3,4.43,58,38,0.20,22.00,65.52,,,
2026-10-01,14161859149,信息流-小牛-围裙-三方主体-代运营-新人福利价-0813-10117891615029-大盘实时跑量-625-3,4.41,261,8,0.00,0.00,3.07,福利价/无价格|考古加素材混剪,,
2026-10-01,14319048822,CH-SC-广义新-10118706992345-新综合频道-纸品 -京喜拉新-剪辑-转化引导-纸品 -260827-无-625-aigc-8,4.33,255,19,0.00,0.00,7.45,平台AI测试/视频/一组智能体|平台一组AIGC|快手原创素材|快手非低质素材|腾讯首发素材,,
2026-10-01,14488260041,信息流-小牛-大月饼-三方主体-代运营-新人福利价-260914-10163022037983-内部实时跑量-625-aigc-6,4.31,382,10,0.00,0.00,2.62,福利价/无价格|考古加素材混剪,,
2026-10-01,14516511074,CH-SC-低活-10113209119177-超级抢购-电动车-无-剪辑-转化引导-电动车-260907-无-625-28,4.26,76,4,0.00,0.00,5.26,心如|福利价,,
2026-10-01,14299137400,CH-PRJ-采销项目-无-快手-无-无-剪辑-转化引导-无-260825-无-625-5,4.19,61,27,0.16,26.00,44.26,快手重复素材|快手非低质素材,,
2026-10-01,14516368459,CH-SC-低活-10118706992348-超级抢购加补-纸品-无-剪辑-转化引导-纸品-260914-无-625-11,4.13,20,11,0.00,0.00,55.00,心如,,
2026-10-01,14631527021,CH-SC-低活-10100542418506-超级抢购-生活日用-无-剪辑-转化引导-生活日用-260921-无-625-头条储备-aigc-5,4.03,82,5,0.00,0.00,6.10,,,
2026-10-01,13957181664,信息流-小牛-保温饭盒-三方主体-代运营-新人福利价-0724-10125420247464-大盘扒改-625-3,3.98,172,21,0.00,0.00,12.21,大盘扒改|福利价/无价格,,
2026-10-01,14643141673,信息流-小牛-咸鸭蛋-三方主体-代运营-新人福利价-260909-10172188378015-内部实时跑量-625-头条储备-1,3.85,171,5,0.00,0.00,2.92,,,
2026-10-01,14535559347,信息流-小牛-打火机-三方主体-代运营-新人福利价-260918-10162692688878-内部实时跑量-625-61,3.83,251,3,0.00,0.00,1.20,,,
2026-10-01,14631527264,CH-SC-低活-10100542418506-超级抢购-生活日用-无-剪辑-转化引导-生活日用-260921-无-625-头条储备-aigc-1,3.81,144,3,0.00,0.00,2.08,,,
2026-10-01,14369373486,信息流-小牛-菜板-三方主体-代运营-新人福利价-260903-10155000015319-内部实时跑量-625-34,3.63,793,29,0.00,0.00,3.66,原生|快手原创素材|快手非低质素材|福利价/无价格,,
2026-10-01,14562132957,CH-PRJ-采销项目-无-快手-无-无-剪辑-转化引导-无-260911-无-625-16,3.58,173,62,0.13,28.00,35.84,,,
2026-10-01,14516356407,CH-SC-低活-10118706992348-超级抢购加补-纸品-无-剪辑-转化引导-纸品-260914-无-625-50,3.56,42,25,0.00,0.00,59.52,心如,,
2026-10-01,13125483830,荣耀-XN-金融-通用-壁纸-混剪-纯AIGC-260422-625-9,3.52,37,22,3.52,1.00,59.46,,,
2026-10-01,14488272236,信息流-小牛-大月饼-三方主体-代运营-新人福利价-260914-10163022037983-内部实时跑量-625-aigc-1,3.48,234,5,0.00,0.00,2.14,福利价/无价格|考古加素材混剪,,
2026-10-01,14247653929,信息流-小牛-旋转手机支架-三方主体-代运营-新人福利价-0821-10112643484929-内部实时跑量-625-8,3.42,252,8,0.00,0.00,3.17,有米云素材混剪|福利价/无价格,,
2026-10-01,14422258082,信息流-小牛-真空袋-三方主体-代运营-新人福利价-260908-10212584519594-内部实时跑量-625-40,3.39,357,10,0.00,0.00,2.80,福利价/无价格|考古加素材混剪,,
2026-10-01,14631526421,CH-SC-低活-10100542418506-超级抢购-生活日用-无-剪辑-转化引导-生活日用-260927-无-625-头条储备-aigc-56,3.38,63,1,0.00,0.00,1.59,,,
2026-10-01,13352560749,CH-SC-低活-10081585918372-超级抢购-家庭清洁纸品-无-剪辑-转化引导-家庭清洁纸品-20260521-无-625-37,3.37,507,18,0.00,0.00,3.55,快手重复素材|快手非低质素材|腾讯首发素材,,
2026-10-01,14562134727,CH-PRJ-采销项目-无-快手-无-无-剪辑-转化引导-无-260911-无-625-11,3.11,28,9,3.11,1.00,32.14,,,
2026-10-01,14562126382,CH-PRJ-采销项目-无-快手-无-无-剪辑-转化引导-无-260911-无-625-28,3.11,18,17,0.21,15.00,94.44,,,
2026-10-01,14488275783,信息流-小牛-大月饼-三方主体-代运营-新人福利价-260914-10163022037983-内部实时跑量-625-47,3.07,336,13,0.00,0.00,3.87,福利价/无价格|考古加素材混剪,,
2026-10-01,14238265803,信息流-小牛-打火机-三方主体-代运营-新人福利价-0820-10162692688878-内部实时跑量-625-8,3.05,278,7,0.00,0.00,2.52,有米云素材混剪|福利价/无价格|腾讯首发素材,,
2026-10-01,14422153971,信息流-小牛-骑行支架-三方主体-代运营-新人福利价-260908-10139440032542-历史爆品-625-38,3.05,331,5,0.00,0.00,1.51,福利价/无价格|考古加素材混剪,,
2026-10-01,14488337273,信息流-小牛-大月饼-三方主体-代运营-新人福利价-260914-10163022037983-内部实时跑量-625-12,3.02,521,4,0.00,0.00,0.77,福利价/无价格|考古加素材混剪,,
2026-10-01,14463887262,CH-SC-低活-10223570717754-超级抢购-生鲜-无-剪辑-转化引导-生鲜-260903-无-625-9,2.88,297,7,0.00,0.00,2.36,心如|福利价|腾讯首发素材,,
2026-10-01,14088471139,CH-SC-低活-10223570717754-超级抢购-生鲜-无-剪辑-转化引导-生鲜-20260803-无-625-aigc-1,2.82,61,2,0.00,0.00,3.28,平台一组AIGC|心如|福利价|腾讯首发素材,,
2026-10-01,14422200205,信息流-小牛-小蜜桃-三方主体-代运营-新人福利价-260908-10231541696811 -深海货盘-625-41,2.82,573,16,2.82,1.00,2.79,福利价/无价格|考古加素材混剪,,
2026-10-01,14422177532,信息流-小牛-骑行支架-三方主体-代运营-新人福利价-260908-10139440032542-历史爆品-625-23,2.77,332,5,0.00,0.00,1.51,福利价/无价格|考古加素材混剪,,
2026-10-01,14372718363,信息流-小牛-旋转支架-三方主体-代运营-新人福利价-260903-10112643484929-内部实时跑量-625-37,2.74,364,5,2.74,1.00,1.37,原生|福利价/无价格|考古加素材混剪,,
2026-10-01,14374705055,信息流-小牛-苹果-三方主体-代运营-新人福利价-260903-10186710590960-历史爆品-625-23,2.73,267,6,0.00,0.00,2.25,原生|福利价/无价格|考古加素材混剪,,
2026-10-01,14529785501,信息流-小牛-停车号码牌-三方主体-代运营-新人福利价-260917-10203964359828-内部实时跑量-625-37,2.69,230,1,0.00,0.00,0.43,,,
2026-10-01,14444505842,信息流-小牛-陶瓷碗-三方主体-代运营-新人1分钱-260910-10129451028601-商务选品-625-42,2.56,184,4,0.00,0.00,2.17,快手原创素材|快手非低质素材|福利价/无价格,,
2026-10-01,14535556841,信息流-小牛-打火机-三方主体-代运营-新人福利价-260918-10162692688878-内部实时跑量-625-1,2.54,160,6,0.00,0.00,3.75,,,
2026-10-01,14516438408,CH-SC-低活-10111392494770-超级抢购-收纳用品-无-剪辑-转化引导-收纳用品-20260911-无-625-18,2.53,155,41,0.00,0.00,26.45,心如|福利价,,
2026-10-01,14372733516,信息流-小牛-旋转支架-三方主体-代运营-新人福利价-260903-10112643484929-内部实时跑量-625-27,2.39,141,7,2.39,1.00,4.96,原生|福利价/无价格|考古加素材混剪,,
2026-10-01,14197432726,CH-SC-低活-10199184867564-外卖1分购-外卖美食-无-剪辑-转化引导-外卖美食-20260810-无-625-14,2.37,44,2,2.37,1.00,4.55,心如|福利价,,
2026-10-01,14050212256,CH-SC-广义新-10187000434970-新综合频道-厨具-京喜拉新-剪辑-转化引导-厨具-20260730-无-625-3,2.36,84,15,0.00,0.00,17.86,广义新头条|心如|快手重复素材|快手非低质素材|腾讯首发素材,,
2026-10-01,14228306994,CH-SC-广义新-10217740550325-新综合频道-箱包皮具-京喜拉新-剪辑-转化引导-箱包皮具-20260818-无-625-aigc-16,2.30,182,2,0.00,0.00,1.10,平台一组AIGC|快手原创素材|快手非低质素材|腾讯首发素材,,
2026-10-01,14631564225,CH-SC-低活-10100542418506-超级抢购-生活日用-无-剪辑-转化引导-生活日用-260921-无-625-头条储备-15,2.23,68,1,0.00,0.00,1.47,,,
2026-10-01,14422200937,信息流-小牛-小蜜桃-三方主体-代运营-新人福利价-260908-10231541696811 -深海货盘-625-44,2.23,1621,34,0.00,0.00,2.10,福利价/无价格|考古加素材混剪,,
2026-10-01,14631526059,CH-SC-低活-10100542418506-超级抢购-生活日用-无-剪辑-转化引导-生活日用-260927-无-625-头条储备-aigc-63,2.21,109,1,0.00,0.00,0.92,,,
2026-10-01,14516515440,CH-SC-低活-10113209119177-超级抢购-电动车-无-剪辑-转化引导-电动车-260907-无-625-17,2.21,504,11,0.00,0.00,2.18,心如|福利价,,
2026-10-01,14631525904,CH-SC-低活-10100542418506-超级抢购-生活日用-无-剪辑-转化引导-生活日用-260927-无-625-头条储备-aigc-65,2.20,51,1,0.00,0.00,1.96,,,
2026-10-01,14372718225,信息流-小牛-旋转支架-三方主体-代运营-新人福利价-260903-10112643484929-内部实时跑量-625-38,2.03,91,3,0.00,0.00,3.30,原生|福利价/无价格|考古加素材混剪,,
2026-10-01,14631527832,CH-SC-低活-10100542418506-超级抢购-生活日用-无-剪辑-转化引导-生活日用-260921-无-625-头条储备-23,2.03,131,4,0.00,0.00,3.05,,,
2026-10-01,14422171762,信息流-小牛-骑行支架-三方主体-代运营-新人福利价-260908-10139440032542-历史爆品-625-24,2.03,104,3,0.00,0.00,2.88,福利价/无价格|考古加素材混剪,,
2026-10-01,13746266511,CH-SC-广义新-10196323916105-新综合频道-数码-京喜拉新-剪辑-转化引导-数码-20260630-无-625-aigc-7,2.02,85,3,0.00,0.00,3.53,平台一组AIGC|广义新头条|心如|快手原创素材|快手非低质素材,,
2026-10-01,14092640964,信息流-小牛-维达纸巾-三方主体-代运营-新人福利价-0806-100166352003-大盘实时跑量-625-32,1.93,838,10,0.00,0.00,1.19,头条/京东标点/有量素材混剪|福利价/无价格,,
2026-10-01,14562120429,CH-PRJ-采销项目-无-快手-无-无-剪辑-转化引导-无-260915-无-625-4,1.91,32,25,0.08,25.00,78.12,,,
2026-10-01,14516509983,CH-SC-低活-10113209119177-超级抢购-电动车-无-剪辑-转化引导-电动车-260907-无-625-6,1.91,59,4,0.00,0.00,6.78,心如|福利价,,
2026-10-01,14422209680,信息流-小牛-小蜜桃-三方主体-代运营-新人福利价-260908-10231541696811 -深海货盘-625-29,1.87,295,15,0.00,0.00,5.08,福利价/无价格|考古加素材混剪,,
2026-10-01,14488267955,信息流-小牛-大月饼-三方主体-代运营-新人福利价-260914-10163022037983-内部实时跑量-625-aigc-3,1.85,256,2,0.00,0.00,0.78,福利价/无价格|考古加素材混剪,,
2026-10-01,14516415648,CH-SC-低活-10233824843150-超级抢购-收纳用品-无-剪辑-转化引导-收纳用品-260915-无-625-22,1.79,102,2,0.00,0.00,1.96,心如|福利价,,
2026-10-01,14554113842,CH-SC-低活-10215783938762-超级抢购加补-生鲜-无-剪辑-转化引导-生鲜-260911-无-625-42,1.76,43,1,0.00,0.00,2.33,,,
2026-10-01,14631564909,CH-SC-低活-10100542418506-超级抢购-生活日用-无-剪辑-转化引导-生活日用-260921-无-625-头条储备-14,1.75,61,0,0.00,0.00,0.00,,,
2026-10-01,14486279638,信息流-小牛-毛毯-三方主体-代运营-新人福利价-260914-10146450179286-商务选品-625-29,1.75,105,3,0.00,0.00,2.86,快手原创素材|快手非低质素材|福利价/无价格,,
2026-10-01,14033672040,信息流-小牛-折叠椅-京东主体-代运营-新人福利价-0731-10183713190151-设计自选-625-7,1.63,440,8,0.00,0.00,1.82,福利价/无价格,,
2026-10-01,14488317553,信息流-小牛-大月饼-三方主体-代运营-新人福利价-260914-10163022037983-内部实时跑量-625-24,1.61,110,2,0.00,0.00,1.82,福利价/无价格|考古加素材混剪,,
2026-10-01,14631525555,CH-SC-低活-10100542418506-超级抢购-生活日用-无-剪辑-转化引导-生活日用-260927-无-625-头条储备-aigc-70,1.60,85,1,0.00,0.00,1.18,,,
2026-10-01,14631527409,CH-SC-低活-10100542418506-超级抢购-生活日用-无-剪辑-转化引导-生活日用-260921-无-625-头条储备-7,1.60,37,2,0.00,0.00,5.41,,,
2026-10-01,13685269945,CH-SC-低活-10233824843150-超级抢购加补-生活日用-无-剪辑-转化引导-生活日用-20260626-无-625-aigc-13,1.55,81,3,0.00,0.00,3.70,平台一组AIGC|心如|快手重复素材|快手非低质素材|福利价|腾讯首发素材,,
2026-10-01,14422208475,信息流-小牛-小蜜桃-三方主体-代运营-新人福利价-260908-10231541696811 -深海货盘-625-33,1.53,346,10,0.00,0.00,2.89,福利价/无价格|考古加素材混剪,,
2026-10-01,14422197698,信息流-小牛-小蜜桃-三方主体-代运营-新人福利价-260908-10231541696811 -深海货盘-625-46,1.52,354,7,0.00,0.00,1.98,福利价/无价格|考古加素材混剪,,
2026-10-01,14247656476,信息流-小牛-旋转手机支架-三方主体-代运营-新人福利价-0821-10112643484929-内部实时跑量-625-4,1.49,159,5,0.00,0.00,3.14,有米云素材混剪|福利价/无价格|腾讯首发素材,,
2026-10-01,14535543604,信息流-小牛-打火机-三方主体-代运营-新人福利价-260918-10162692688878-内部实时跑量-625-15,1.45,104,6,0.00,0.00,5.77,,,
2026-10-01,14631526505,CH-SC-低活-10100542418506-超级抢购-生活日用-无-剪辑-转化引导-生活日用-260927-无-625-头条储备-aigc-57,1.44,38,1,0.00,0.00,2.63,,,
2026-10-01,14372738418,信息流-小牛-旋转支架-三方主体-代运营-新人福利价-260903-10112643484929-内部实时跑量-625-14,1.43,167,5,0.00,0.00,2.99,原生|福利价/无价格|考古加素材混剪,,
2026-10-01,14217056294,CH-SC-广义新-10136363822650-新综合频道-纸品-京喜拉新-剪辑-转化引导-纸品-20260813-无-625-aigc-2,1.42,1047,845,0.71,2.00,80.71,平台一组AIGC|快手重复素材|快手非低质素材|腾讯首发素材,,
2026-10-01,14247653849,信息流-小牛-旋转手机支架-三方主体-代运营-新人福利价-0821-10112643484929-内部实时跑量-625-7,1.42,223,3,1.42,1.00,1.35,有米云素材混剪|福利价/无价格|腾讯首发素材,,
2026-10-01,14372711560,信息流-小牛-旋转支架-三方主体-代运营-新人福利价-260903-10112643484929-内部实时跑量-625-43,1.41,48,2,0.00,0.00,4.17,原生|福利价/无价格|考古加素材混剪|腾讯首发素材,,
2026-10-01,14374689955,信息流-小牛-苹果-三方主体-代运营-新人福利价-260903-10186710590960-历史爆品-625-38,1.40,157,3,0.00,0.00,1.91,原生|福利价/无价格|考古加素材混剪,,
2026-10-01,14318983392,CH-SC-广义新-10146456039187-新综合频道-纸品-京喜拉新-剪辑-转化引导-纸品-260827-无-625-aigc-2,1.37,18,1,0.00,0.00,5.56,平台AI测试/视频/一组智能体|平台一组AIGC|快手重复素材|快手非低质素材,,
2026-10-01,14554232419,CH-SC-低活-10233824843150-超级抢购-收纳用品-无-剪辑-转化引导-收纳用品-260918-无-625-24,1.35,85,7,1.35,1.00,8.24,,,
2026-10-01,13116773380,XN-OPPO浏览器-视频-文案类-视频混剪-竖-625-cjj-纯新AIGC-20260423-31,1.32,4,2,0.00,0.00,50.00,头条优质素材|头条首发素材,,
2026-10-01,13836049057,CH-SC-低活-10156776256916-超级抢购-珠宝首饰-无-剪辑-转化引导-珠宝首饰-20260703-无-625-aigc-10,1.32,41,4,0.00,0.00,9.76,平台一组AIGC|心如|快手重复素材|快手非低质素材|福利价,,
2026-10-01,14238402782,信息流-小牛-雨伞-三方主体-代运营-新人福利价-0820-10130866966155-内部实时跑量-625-12,1.32,438,8,0.00,0.00,1.83,有米云素材混剪|福利价/无价格|腾讯首发素材,,
2026-10-01,14247654426,信息流-小牛-旋转手机支架-三方主体-代运营-新人福利价-0821-10112643484929-内部实时跑量-625-5,1.30,91,7,0.00,0.00,7.69,有米云素材混剪|福利价/无价格|腾讯首发素材,,
2026-10-01,14631525434,CH-SC-低活-10100542418506-超级抢购-生活日用-无-剪辑-转化引导-生活日用-260927-无-625-头条储备-aigc-72,1.28,63,1,0.00,0.00,1.59,,,
2026-10-01,14535553882,信息流-小牛-打火机-三方主体-代运营-新人福利价-260918-10162692688878-内部实时跑量-625-4,1.27,99,7,0.00,0.00,7.07,,,
2026-10-01,14631526655,CH-SC-低活-10100542418506-超级抢购-生活日用-无-剪辑-转化引导-生活日用-260927-无-625-头条储备-aigc-54,1.27,13,0,0.00,0.00,0.00,,,
2026-10-01,14197477406,CH-SC-低活-10129451028601-超级抢购-厨具-无-剪辑-转化引导-厨具-20260811-无-625-aigc-5,1.24,32,1,0.00,0.00,3.12,平台一组AIGC,,
2026-10-01,14033669638,信息流-小牛-折叠椅-京东主体-代运营-新人福利价-0731-10183713190151-设计自选-625-3,1.24,156,2,0.00,0.00,1.28,福利价/无价格,,
2026-10-01,14487657915,信息流-小牛-毛毯-三方主体-代运营-新人福利价-260914-10146450179286-商务选品-625-42,1.23,49,2,0.00,0.00,4.08,快手原创素材|快手非低质素材|福利价/无价格,,
2026-10-01,14422162495,信息流-小牛-骑行支架-三方主体-代运营-新人福利价-260908-10139440032542-历史爆品-625-31,1.22,70,0,0.00,0.00,0.00,福利价/无价格|考古加素材混剪,,
2026-10-01,14554247510,CH-SC-低活-10140917922437-超级抢购-家庭清洁-无-剪辑-转化引导-家庭清洁-20260918-无-625-aigc-启动-9,1.22,77,1,0.00,0.00,1.30,,,
2026-10-01,14369356351,信息流-小牛-菜板-三方主体-代运营-新人福利价-260903-10155000015319-内部实时跑量-625-42,1.19,585,5,0.00,0.00,0.85,原生|快手原创素材|快手非低质素材|福利价/无价格,,
2026-10-01,14529796870,信息流-小牛-停车号码牌-三方主体-代运营-新人福利价-260917-10203964359828-内部实时跑量-625-20,1.18,139,0,0.00,0.00,0.00,,,
2026-10-01,13916300749,CH-SC-低活-10140917922437-超级抢购-家庭清洁-无-剪辑-转化引导-家庭清洁-20260715-无-625-aigc-7,1.17,70,0,0.00,0.00,0.00,平台一组AIGC|心如|快手重复素材|快手非低质素材|无价格|腾讯首发素材,,
2026-10-01,14422216553,信息流-小牛-小蜜桃-三方主体-代运营-新人福利价-260908-10231541696811 -深海货盘-625-19,1.16,295,2,0.00,0.00,0.68,福利价/无价格|考古加素材混剪,,
2026-10-01,14197502167,CH-SC-低活-10081585918372-超级抢购-纸品-无-剪辑-转化引导-纸品-20260803-无-625-aigc-16,1.15,260,2,0.00,0.00,0.77,平台一组AIGC|心如|快手重复素材|快手非低质素材|福利价|腾讯首发素材,,
2026-10-01,14631526588,CH-SC-低活-10100542418506-超级抢购-生活日用-无-剪辑-转化引导-生活日用-260927-无-625-头条储备-aigc-61,1.14,79,1,0.00,0.00,1.27,,,
2026-10-01,13522213672,CH-SC-低活-10113209119177-超级抢购加补-电动车-无-剪辑-转化引导-电动车-20260609-无-625-aigc-8,1.13,70,3,0.00,0.00,4.29,DHX扒起量0608|不对版！！|平台一组AIGC|心如|快手重复素材|快手非低质素材,,
2026-10-01,13614629156,CH-SC-广义新-10134479334759-新综合频道-钟表眼镜-京喜拉新-剪辑-转化引导-钟表眼镜-20260618-无-625-aigc-16,1.13,86,5,0.00,0.00,5.81,平台一组AIGC|快手重复素材|快手非低质素材|腾讯首发素材,,
2026-10-01,14444501631,信息流-小牛-陶瓷碗-三方主体-代运营-新人1分钱-260910-10129451028601-商务选品-625-44,1.12,145,10,0.00,0.00,6.90,快手原创素材|快手非低质素材|福利价/无价格,,
2026-10-01,13536548377,CH-SC-低活-10219841541026-超级抢购加补-厨具-无-剪辑-转化引导-厨具-20260610-无-625-aigc-9,1.12,49,2,0.00,0.00,4.08,平台一组AIGC|心如|福利价|腾讯首发素材,,
2026-10-01,14247658864,信息流-小牛-旋转手机支架-三方主体-代运营-新人福利价-0821-10112643484929-内部实时跑量-625-3,1.07,57,1,0.00,0.00,1.75,有米云素材混剪|福利价/无价格|腾讯首发素材,,
2026-10-01,14631527043,CH-SC-低活-10100542418506-超级抢购-生活日用-无-剪辑-转化引导-生活日用-260927-无-625-头条储备-aigc-52,1.06,14,3,0.00,0.00,21.43,,,
2026-10-01,14369369285,信息流-小牛-菜板-三方主体-代运营-新人福利价-260903-10155000015319-内部实时跑量-625-36,1.03,306,8,0.00,0.00,2.61,原生|快手原创素材|快手非低质素材|福利价/无价格,,
2026-10-01,14369417321,信息流-小牛-菜板-三方主体-代运营-新人福利价-260903-10155000015319-内部实时跑量-625-5,1.01,70,3,0.00,0.00,4.29,原生|快手原创素材|快手非低质素材|福利价/无价格,,
2026-10-01,13651815810,CH-SC-低活-10081585918372-超级抢购-家庭清洁纸品-无-剪辑-转化引导-家庭清洁纸品-20260623-无-625-aigc-15,1.00,49,3,0.00,0.00,6.12,平台一组AIGC|心如|快手重复素材|快手非低质素材|福利价|腾讯首发素材,,
2026-10-01,14631564997,CH-SC-低活-10100542418506-超级抢购-生活日用-无-剪辑-转化引导-生活日用-260921-无-625-头条储备-12,1.00,72,3,0.00,0.00,4.17,,,
2026-10-01,14086780491,信息流-小牛-陶瓷碗-三方主体-代运营-新人福利价-0806-10129451028601-客户推品-625-3,0.98,397,10,0.00,0.00,2.52,客供|福利价/无价格,,
2026-10-01,14631564752,CH-SC-低活-10100542418506-超级抢购-生活日用-无-剪辑-转化引导-生活日用-260921-无-625-头条储备-11,0.92,43,1,0.00,0.00,2.33,,,
2026-10-01,13922152192,信息流-小牛-抽纸-京东主体-代运营-新人福利价-0721-100281253200-设计自选-625-aigc-5,0.90,53,26,0.00,0.00,49.06,平台一组AIGC|腾讯首发素材,,
2026-10-01,14422223087,信息流-小牛-小蜜桃-三方主体-代运营-新人福利价-260908-10231541696811 -深海货盘-625-13,0.88,209,4,0.88,1.00,1.91,福利价/无价格|考古加素材混剪,,
2026-10-01,14088470419,CH-SC-低活-10223570717754-超级抢购-生鲜-无-剪辑-转化引导-生鲜-20260803-无-625-aigc-13,0.87,86,2,0.00,0.00,2.33,平台一组AIGC|心如|福利价|腾讯首发素材,,
2026-10-01,14516454102,CH-SC-低活-10103917299332-超级抢购-厨具-无-剪辑-转化引导-厨具-20260911-无-625-25,0.87,444,1,0.00,0.00,0.23,心如|福利价,,
2026-10-01,13559888815,CH-SC-广义新-10139440032542-新综合频道-运动户外-京喜拉新-剪辑-转化引导-运动户外-20260612-无-625-9,0.86,100,3,0.00,0.00,3.00,不对版！！|快手重复素材|快手非低质素材|腾讯首发素材,,
2026-10-01,14050213984,CH-SC-广义新-10187000434970-新综合频道-厨具-京喜拉新-剪辑-转化引导-厨具-20260730-无-625-5,0.85,9,5,0.00,0.00,55.56,广义新头条|心如|快手重复素材|快手非低质素材,,
2026-10-01,13916109786,CH-SC-广义新-10155000015319-新综合频道-厨具-京喜拉新-剪辑-转化引导-厨具-20260716-无-625-aigc-2,0.83,46,0,0.00,0.00,0.00,平台一组AIGC|广义新头条|心如|无价格|腾讯首发素材,,
2026-10-01,14631528018,CH-SC-低活-10100542418506-超级抢购-生活日用-无-剪辑-转化引导-生活日用-260921-无-625-头条储备-22,0.81,33,0,0.00,0.00,0.00,,,
2026-10-01,14463715652,CH-SC-低活-10223570717754-超级抢购-生鲜-无-剪辑-转化引导-生鲜-260903-无-625-13,0.81,40,3,0.00,0.00,7.50,心如|福利价,,
2026-10-01,14488228055,信息流-小牛-大月饼-三方主体-代运营-新人福利价-260914-10163022037983-内部实时跑量-625-6,0.80,58,1,0.00,0.00,1.72,福利价/无价格|考古加素材混剪,,
2026-10-01,14422212744,信息流-小牛-小蜜桃-三方主体-代运营-新人福利价-260908-10231541696811 -深海货盘-625-24,0.80,216,1,0.00,0.00,0.46,福利价/无价格|考古加素材混剪,,
2026-10-01,14444477090,信息流-小牛-陶瓷碗-三方主体-代运营-新人1分钱-260910-10129451028601-商务选品-625-55,0.80,54,0,0.00,0.00,0.00,福利价/无价格,,
2026-10-01,14516503592,CH-SC-低活-10233824843150-超级抢购-收纳用品-无-剪辑-转化引导-收纳用品-260907-无-625-16,0.79,45,11,0.00,0.00,24.44,心如|福利价,,
2026-10-01,14631513973,CH-SC-低活-10217740550325-超级抢购-箱包皮具-无-剪辑-转化引导-箱包皮具-260921-无-625-头条储备-aigc-25,0.79,11,0,0.00,0.00,0.00,,,
2026-10-01,14554238127,CH-SC-低活-10233824843150-超级抢购-收纳用品-无-剪辑-转化引导-收纳用品-260918-无-625-42,0.78,222,87,0.00,0.00,39.19,,,
2026-10-01,14631528282,CH-SC-低活-10100542418506-超级抢购-生活日用-无-剪辑-转化引导-生活日用-260921-无-625-头条储备-16,0.77,15,1,0.00,0.00,6.67,,,
2026-10-01,13603383686,CH-SC-低活-10217740550325-超级抢购加补-箱包皮具-无-剪辑-转化引导-箱包皮具-20260617-无-625-aigc-6,0.77,81,2,0.00,0.00,2.47,加补1分钱|平台一组AIGC|心如|快手重复素材|快手非低质素材|腾讯首发素材,,
2026-10-01,14299115353,CH-SC-广义新-10118706992345-新综合频道-纸品-京喜拉新-剪辑-转化引导-纸品-260826-无-625-6,0.76,278,53,0.00,0.00,19.06,平台一组AIGC|快手重复素材|快手非低质素材,,
2026-10-01,14631527390,CH-SC-低活-10100542418506-超级抢购-生活日用-无-剪辑-转化引导-生活日用-260921-无-625-头条储备-8,0.76,20,1,0.00,0.00,5.00,,,
2026-10-01,14407837180,CH-SC-低活-10233823947947-超级抢购-生活日用-无-剪辑-转化引导-生活日用-260902-无-625-白牌-22,0.74,48,0,0.00,0.00,0.00,0820白牌|福利价,,
2026-10-01,14631526349,CH-SC-低活-10100542418506-超级抢购-生活日用-无-剪辑-转化引导-生活日用-260927-无-625-头条储备-aigc-58,0.73,14,1,0.00,0.00,7.14,,,
2026-10-01,14488259984,信息流-小牛-大月饼-三方主体-代运营-新人福利价-260914-10163022037983-内部实时跑量-625-aigc-7,0.70,59,6,0.00,0.00,10.17,福利价/无价格|考古加素材混剪,,
2026-10-01,14529803168,信息流-小牛-停车号码牌-三方主体-代运营-新人福利价-260917-10203964359828-内部实时跑量-625-12,0.70,101,0,0.00,0.00,0.00,,,
2026-10-01,14422196291,信息流-小牛-小蜜桃-三方主体-代运营-新人福利价-260908-10231541696811 -深海货盘-625-48,0.69,220,3,0.00,0.00,1.36,福利价/无价格|考古加素材混剪,,
2026-10-01,14529783183,信息流-小牛-停车号码牌-三方主体-代运营-新人福利价-260917-10203964359828-内部实时跑量-625-42,0.68,45,1,0.00,0.00,2.22,,,
2026-10-01,14554163462,CH-SC-低活-10096167203452-超级抢购-纸品-大商超-剪辑-转化引导-纸品-260917-无-625-11,0.67,208,194,0.67,1.00,93.27,,,
2026-10-01,14369413813,信息流-小牛-菜板-三方主体-代运营-新人福利价-260903-10155000015319-内部实时跑量-625-12,0.66,116,1,0.00,0.00,0.86,原生|快手原创素材|快手非低质素材|福利价/无价格,,
2026-10-01,14295232879,信息流-小牛-拼豆-三方主体-代运营-新人福利价-260826-10198153252023-商务选品-625-19,0.66,20,2,0.00,0.00,10.00,--,,
2026-10-01,14516515599,CH-SC-低活-10113209119177-超级抢购-电动车-无-剪辑-转化引导-电动车-260907-无-625-16,0.65,20,1,0.00,0.00,5.00,心如|福利价,,
2026-10-01,14120552086,CH-SC-低活-10118706992348-超级抢购-纸品-无-剪辑-转化引导-纸品-20260805-无-625-aigc-4,0.65,8,1,0.00,0.00,12.50,平台一组AIGC|快手重复素材|快手非低质素材|福利价|腾讯首发素材,,
2026-10-01,14631527575,CH-SC-低活-10100542418506-超级抢购-生活日用-无-剪辑-转化引导-生活日用-260921-无-625-头条储备-4,0.64,40,0,0.00,0.00,0.00,,,
2026-10-01,14631525605,CH-SC-低活-10100542418506-超级抢购-生活日用-无-剪辑-转化引导-生活日用-260927-无-625-头条储备-aigc-69,0.62,24,0,0.00,0.00,0.00,,,
2026-10-01,14516359376,CH-SC-低活-10118706992348-超级抢购加补-纸品-无-剪辑-转化引导-纸品-260914-无-625-40,0.61,5,1,0.00,0.00,20.00,心如,,
2026-10-01,14092641967,信息流-小牛-维达纸巾-三方主体-代运营-新人福利价-0806-100166352003-大盘实时跑量-625-38,0.61,13,1,0.00,0.00,7.69,头条/京东标点/有量素材混剪|福利价/无价格,,
2026-10-01,14631527640,CH-SC-低活-10100542418506-超级抢购-生活日用-无-剪辑-转化引导-生活日用-260921-无-625-头条储备-6,0.60,23,0,0.00,0.00,0.00,,,
2026-10-01,13746328503,CH-SC-低活-10139440032542-超级抢购5元-运动户外-无-剪辑-转化引导-运动户外-20260630-无-625-aigc-7,0.60,9,0,0.00,0.00,0.00,平台一组AIGC|心如|快手重复素材|快手非低质素材|福利价|腾讯首发素材,,
2026-10-01,13916488487,CH-SC-广义新-10040988734451-新10元话费券-无-无-剪辑-转化引导-无-20260715-无-625-23,0.60,417,7,0.00,0.00,1.68,快手原创素材|快手非低质素材|腾讯首发素材,,
2026-10-01,14318962375,CH-PRJ-采销项目-无-快手-无-无-剪辑-转化引导-无-260826-无-625-21,0.59,20,6,0.20,3.00,30.00,快手重复素材|快手非低质素材,,
2026-10-01,14516511441,CH-SC-低活-10113209119177-超级抢购-电动车-无-剪辑-转化引导-电动车-260907-无-625-27,0.59,12,2,0.59,1.00,16.67,心如|福利价,,
2026-10-01,13846333890,CH-SC-低活-10113209119177-超级抢购-电动车-无-剪辑-转化引导-电动车-20260708-无-625-3,0.57,8,0,0.00,0.00,0.00,平台一组AIGC|心如|快手重复素材|快手非低质素材|福利价|腾讯首发素材,,
2026-10-01,14535540060,信息流-小牛-打火机-三方主体-代运营-新人福利价-260918-10162692688878-内部实时跑量-625-18,0.56,31,0,0.00,0.00,0.00,,,
2026-10-01,13522200278,CH-SC-低活-10113209119177-超级抢购加补-电动车-无-剪辑-转化引导-电动车-20260609-无-625-aigc-2,0.56,21,0,0.00,0.00,0.00,DHX扒起量0608|不对版！！|平台一组AIGC|心如|快手重复素材|快手非低质素材|腾讯首发素材,,
2026-10-01,14562124719,CH-PRJ-采销项目-无-快手-无-无-剪辑-转化引导-无-260911-无-625-6,0.55,11,4,0.28,2.00,36.36,,,
2026-10-01,14554169814,CH-SC-低活-10096167203452-超级抢购-纸品-大商超-剪辑-转化引导-纸品-260917-无-625-16,0.55,205,162,0.00,0.00,79.02,,,
2026-10-01,14444473820,信息流-小牛-陶瓷碗-三方主体-代运营-新人1分钱-260910-10129451028601-商务选品-625-57,0.54,40,1,0.00,0.00,2.50,福利价/无价格,,
2026-10-01,14444507027,信息流-小牛-陶瓷碗-三方主体-代运营-新人1分钱-260910-10129451028601-商务选品-625-41,0.53,98,1,0.00,0.00,1.02,快手原创素材|快手非低质素材|福利价/无价格,,
2026-10-01,14372718762,信息流-小牛-旋转支架-三方主体-代运营-新人福利价-260903-10112643484929-内部实时跑量-625-35,0.52,71,1,0.00,0.00,1.41,原生|福利价/无价格|考古加素材混剪,,
2026-10-01,14372715462,信息流-小牛-旋转支架-三方主体-代运营-新人福利价-260903-10112643484929-内部实时跑量-625-40,0.50,40,0,0.00,0.00,0.00,原生|福利价/无价格|考古加素材混剪,,
2026-10-01,14631526006,CH-SC-低活-10100542418506-超级抢购-生活日用-无-剪辑-转化引导-生活日用-260927-无-625-头条储备-aigc-64,0.49,10,0,0.00,0.00,0.00,,,
2026-10-01,14238406931,信息流-小牛-花洒支架-三方主体-代运营-新人福利价-0820-10116091800772-内部实时跑量-625-40,0.49,4,0,0.00,0.00,0.00,有米云素材混剪|福利价/无价格|腾讯首发素材,,
2026-10-01,14197050993,信息流-小牛-湿厕纸-三方主体-代运营-新人福利价-0817-100145357782-大盘扒改-625-,0.49,92,0,0.00,0.00,0.00,大盘扒改|福利价/无价格,,
2026-10-01,14529790599,信息流-小牛-停车号码牌-三方主体-代运营-新人福利价-260917-10203964359828-内部实时跑量-625-28,0.48,33,3,0.00,0.00,9.09,,,
2026-10-01,14088473390,CH-SC-低活-10223570717754-超级抢购-生鲜-无-剪辑-转化引导-生鲜-20260803-无-625-aigc-5,0.48,41,16,0.00,0.00,39.02,平台一组AIGC|心如|福利价|腾讯首发素材,,
2026-10-01,14535550854,信息流-小牛-打火机-三方主体-代运营-新人福利价-260918-10162692688878-内部实时跑量-625-5,0.47,26,3,0.00,0.00,11.54,,,
2026-10-01,14247816775,CH-SC-低活-10120514417084-超级抢购-生鲜-无-剪辑-转化引导-生鲜-20260818-无-625-aigc-7,0.46,209,3,0.00,0.00,1.44,平台一组AIGC|腾讯首发素材,,
2026-10-01,13836049721,CH-SC-低活-10156776256916-超级抢购-珠宝首饰-无-剪辑-转化引导-珠宝首饰-20260703-无-625-aigc-9,0.45,18,1,0.00,0.00,5.56,平台一组AIGC|心如|快手重复素材|快手非低质素材|福利价,,
2026-10-01,14488336990,信息流-小牛-大月饼-三方主体-代运营-新人福利价-260914-10163022037983-内部实时跑量-625-13,0.45,116,0,0.00,0.00,0.00,福利价/无价格|考古加素材混剪,,
2026-10-01,14238355260,信息流-小牛-打火机-三方主体-代运营-新人福利价-0820-10162692688878-内部实时跑量-625-1,0.44,16,0,0.00,0.00,0.00,有米云素材混剪|福利价/无价格,,
2026-10-01,14422201284,信息流-小牛-小蜜桃-三方主体-代运营-新人福利价-260908-10231541696811 -深海货盘-625-40,0.43,65,0,0.00,0.00,0.00,福利价/无价格|考古加素材混剪,,
2026-10-01,14422181017,信息流-小牛-骑行支架-三方主体-代运营-新人福利价-260908-10139440032542-历史爆品-625-20,0.43,54,2,0.00,0.00,3.70,福利价/无价格|考古加素材混剪,,
2026-10-01,14422159149,信息流-小牛-骑行支架-三方主体-代运营-新人福利价-260908-10139440032542-历史爆品-625-32,0.41,34,0,0.00,0.00,0.00,福利价/无价格|考古加素材混剪,,
2026-10-01,14372715475,信息流-小牛-旋转支架-三方主体-代运营-新人福利价-260903-10112643484929-内部实时跑量-625-41,0.41,76,2,0.00,0.00,2.63,原生|福利价/无价格|考古加素材混剪,,
2026-10-01,14309673245,信息流-小牛-电脑支架-三方主体-代运营-新人福利价-260827-10191489644462-大盘实扒改-625-2,0.41,10,1,0.41,1.00,10.00,平台一组AIGC|福利价/无价格|考古加素材混剪,,
2026-10-01,14463699574,CH-SC-低活-10223570717754-超级抢购-生鲜-无-剪辑-转化引导-生鲜-260903-无-625-3,0.40,47,0,0.00,0.00,0.00,心如|福利价|腾讯首发素材,,
2026-10-01,14422262012,信息流-小牛-真空袋-三方主体-代运营-新人福利价-260908-10212584519594-内部实时跑量-625-39,0.40,101,2,0.00,0.00,1.98,福利价/无价格|考古加素材混剪,,
2026-10-01,14554165694,CH-SC-低活-10096167203452-超级抢购-纸品-大商超-剪辑-转化引导-纸品-260917-无-625-110,0.40,98,89,0.00,0.00,90.82,,,
2026-10-01,14444491999,信息流-小牛-陶瓷碗-三方主体-代运营-新人1分钱-260910-10129451028601-商务选品-625-48,0.39,31,2,0.39,1.00,6.45,快手原创素材|快手非低质素材|福利价/无价格,,
2026-10-01,14372742341,信息流-小牛-旋转支架-三方主体-代运营-新人福利价-260903-10112643484929-内部实时跑量-625-10,0.38,35,2,0.00,0.00,5.71,原生|福利价/无价格|考古加素材混剪,,
2026-10-01,14631528042,CH-SC-低活-10100542418506-超级抢购-生活日用-无-剪辑-转化引导-生活日用-260921-无-625-头条储备-31,0.38,26,0,0.00,0.00,0.00,,,
2026-10-01,14369413170,信息流-小牛-菜板-三方主体-代运营-新人福利价-260903-10155000015319-内部实时跑量-625-11,0.37,109,2,0.00,0.00,1.83,原生|快手原创素材|快手非低质素材|福利价/无价格,,
2026-10-01,14422145671,信息流-小牛-骑行支架-三方主体-代运营-新人福利价-260908-10139440032542-历史爆品-625-52,0.36,73,1,0.00,0.00,1.37,福利价/无价格|考古加素材混剪,,
2026-10-01,14422176888,信息流-小牛-骑行支架-三方主体-代运营-新人福利价-260908-10139440032542-历史爆品-625-22,0.35,34,2,0.00,0.00,5.88,福利价/无价格|考古加素材混剪,,
2026-10-01,13916301057,CH-SC-低活-10140917922437-超级抢购-家庭清洁-无-剪辑-转化引导-家庭清洁-20260715-无-625-aigc-8,0.34,21,1,0.00,0.00,4.76,平台一组AIGC|心如|快手重复素材|快手非低质素材|无价格|腾讯首发素材,,
2026-10-01,14631528535,CH-SC-低活-10100542418506-超级抢购-生活日用-无-剪辑-转化引导-生活日用-260921-无-625-头条储备-20,0.33,11,0,0.00,0.00,0.00,,,
2026-10-01,14369420506,信息流-小牛-菜板-三方主体-代运营-新人福利价-260903-10155000015319-内部实时跑量-625-4,0.33,54,2,0.00,0.00,3.70,原生|快手原创素材|快手非低质素材|福利价/无价格,,
2026-10-01,14488288795,信息流-小牛-大月饼-三方主体-代运营-新人福利价-260914-10163022037983-内部实时跑量-625-39,0.32,60,1,0.00,0.00,1.67,福利价/无价格|考古加素材混剪,,
2026-10-01,14422192671,信息流-小牛-小蜜桃-三方主体-代运营-新人福利价-260908-10231541696811 -深海货盘-625-8,0.31,103,2,0.00,0.00,1.94,福利价/无价格|考古加素材混剪,,
2026-10-01,14529779876,信息流-小牛-停车号码牌-三方主体-代运营-新人福利价-260917-10203964359828-内部实时跑量-625-45,0.31,7,0,0.00,0.00,0.00,,,
2026-10-01,14554244175,CH-SC-低活-10111392494770-超级抢购-收纳用品-无-剪辑-转化引导-收纳用品-20260918-无-625-启动-10,0.31,8,0,0.00,0.00,0.00,,,
2026-10-01,14197473065,CH-SC-低活-10166301474829-超级抢购-厨具-无-剪辑-转化引导-厨具-20260811-无-625-aigc-8,0.30,9,0,0.00,0.00,0.00,平台一组AIGC|心如|福利价|腾讯首发素材,,
2026-10-01,14631513710,CH-SC-低活-10217740550325-超级抢购-箱包皮具-无-剪辑-转化引导-箱包皮具-260921-无-625-头条储备-aigc-23,0.30,7,2,0.00,0.00,28.57,,,
2026-10-01,14516504290,CH-SC-低活-10233824843150-超级抢购-收纳用品-无-剪辑-转化引导-收纳用品-260907-无-625-15,0.29,29,14,0.00,0.00,48.28,心如|福利价,,
2026-10-01,14529786914,信息流-小牛-停车号码牌-三方主体-代运营-新人福利价-260917-10203964359828-内部实时跑量-625-33,0.28,5,1,0.00,0.00,20.00,,,
2026-10-01,14554237846,CH-SC-低活-10233824843150-超级抢购-收纳用品-无-剪辑-转化引导-收纳用品-260918-无-625-41,0.28,19,8,0.00,0.00,42.11,,,
2026-10-01,14562130949,CH-PRJ-采销项目-无-快手-无-无-剪辑-转化引导-无-260911-无-625-20,0.28,4,4,0.07,4.00,100.00,,,
2026-10-01,14309670559,信息流-小牛-电脑支架-三方主体-代运营-新人福利价-260827-10191489644462-大盘实扒改-625-5,0.27,8,0,0.00,0.00,0.00,平台一组AIGC|福利价/无价格|考古加素材混剪,,
2026-10-01,14050219049,CH-SC-广义新-10187000434970-新综合频道-厨具-京喜拉新-剪辑-转化引导-厨具-20260730-无-625-10,0.27,7,1,0.00,0.00,14.29,广义新头条|心如|快手重复素材|快手非低质素材|腾讯首发素材,,
2026-10-01,14372713690,信息流-小牛-旋转支架-三方主体-代运营-新人福利价-260903-10112643484929-内部实时跑量-625-42,0.27,23,2,0.00,0.00,8.70,原生|福利价/无价格|考古加素材混剪,,
2026-10-01,14238399156,信息流-小牛-雨伞-三方主体-代运营-新人福利价-0820-10130866966155-内部实时跑量-625-18,0.26,6,0,0.00,0.00,0.00,有米云素材混剪|福利价/无价格|腾讯首发素材,,
2026-10-01,13614625693,CH-SC-广义新-10134479334759-新综合频道-钟表眼镜-京喜拉新-剪辑-转化引导-钟表眼镜-20260618-无-625-aigc-8,0.26,44,17,0.00,0.00,38.64,平台一组AIGC|快手重复素材|快手非低质素材|腾讯首发素材,,
2026-10-01,14631516979,CH-SC-低活-10217740550325-超级抢购-箱包皮具-无-剪辑-转化引导-箱包皮具-260921-无-625-头条储备-aigc-116,0.26,3,0,0.00,0.00,0.00,,,
2026-10-01,14009876900,信息流-小牛-李子-京东主体-代运营-新人福利价-0729-10223570717754-设计自选-625-aigc-12,0.26,16,0,0.00,0.00,0.00,平台一组AIGC,,
2026-10-01,14422217260,信息流-小牛-小蜜桃-三方主体-代运营-新人福利价-260908-10231541696811 -深海货盘-625-23,0.25,61,1,0.00,0.00,1.64,福利价/无价格|考古加素材混剪,,
2026-10-01,14631527262,CH-SC-低活-10100542418506-超级抢购-生活日用-无-剪辑-转化引导-生活日用-260921-无-625-头条储备-9,0.25,16,0,0.00,0.00,0.00,,,
2026-10-01,14372729671,信息流-小牛-旋转支架-三方主体-代运营-新人福利价-260903-10112643484929-内部实时跑量-625-28,0.25,8,0,0.00,0.00,0.00,原生|福利价/无价格|考古加素材混剪,,
2026-10-01,14631525501,CH-SC-低活-10100542418506-超级抢购-生活日用-无-剪辑-转化引导-生活日用-260927-无-625-头条储备-aigc-71,0.24,7,0,0.00,0.00,0.00,,,
2026-10-01,14516516314,CH-SC-低活-10113209119177-超级抢购-电动车-无-剪辑-转化引导-电动车-260907-无-625-14,0.24,14,0,0.00,0.00,0.00,心如|福利价,,
2026-10-01,14238402122,信息流-小牛-雨伞-三方主体-代运营-新人福利价-0820-10130866966155-内部实时跑量-625-11,0.24,61,0,0.00,0.00,0.00,有米云素材混剪|福利价/无价格,,
2026-10-01,14309676636,信息流-小牛-电脑支架-三方主体-代运营-新人福利价-260827-10191489644462-大盘实扒改-625-1,0.24,11,1,0.00,0.00,9.09,平台一组AIGC|福利价/无价格|考古加素材混剪,,
2026-10-01,14422151865,信息流-小牛-骑行支架-三方主体-代运营-新人福利价-260908-10139440032542-历史爆品-625-41,0.24,163,2,0.24,1.00,1.23,福利价/无价格|考古加素材混剪,,
2026-10-01,14422149663,信息流-小牛-骑行支架-三方主体-代运营-新人福利价-260908-10139440032542-历史爆品-625-42,0.23,70,0,0.00,0.00,0.00,头条优质素材|福利价/无价格|考古加素材混剪,,
2026-10-01,14554232714,CH-SC-低活-10233824843150-超级抢购-收纳用品-无-剪辑-转化引导-收纳用品-260918-无-625-23,0.23,11,0,0.00,0.00,0.00,,,
2026-10-01,14033670730,信息流-小牛-折叠椅-京东主体-代运营-新人福利价-0731-10183713190151-设计自选-625-4,0.23,33,0,0.00,0.00,0.00,福利价/无价格,,
2026-10-01,14422241895,信息流-小牛-真空袋-三方主体-代运营-新人福利价-260908-10212584519594-内部实时跑量-625-9,0.22,21,1,0.00,0.00,4.76,福利价/无价格|考古加素材混剪,,
2026-10-01,14516512211,CH-SC-低活-10113209119177-超级抢购-电动车-无-剪辑-转化引导-电动车-260907-无-625-25,0.22,6,0,0.00,0.00,0.00,心如|福利价,,
2026-10-01,14631512171,CH-SC-低活-10217740550325-超级抢购-箱包皮具-无-剪辑-转化引导-箱包皮具-260921-无-625-头条储备-aigc-47,0.22,5,0,0.00,0.00,0.00,,,
2026-10-01,13846316876,CH-SC-低活-10140917922437-超级抢购-家庭清洁-无-剪辑-转化引导-家庭清洁-20260708-无-625-aigc-1,0.21,237,2,0.00,0.00,0.84,平台一组AIGC|心如|快手重复素材|快手非低质素材|福利价|腾讯首发素材,,
2026-10-01,13614628614,CH-SC-广义新-10134479334759-新综合频道-钟表眼镜-京喜拉新-剪辑-转化引导-钟表眼镜-20260618-无-625-aigc-15,0.21,22,1,0.00,0.00,4.55,平台一组AIGC|快手重复素材|快手非低质素材|腾讯首发素材,,
2026-10-01,13922151320,信息流-小牛-抽纸-京东主体-代运营-新人福利价-0721-100281253200-设计自选-625-aigc-3,0.21,38,12,0.00,0.00,31.58,平台一组AIGC|腾讯首发素材,,
2026-10-01,14247816351,CH-SC-低活-10120514417084-超级抢购-生鲜-无-剪辑-转化引导-生鲜-20260818-无-625-aigc-9,0.21,34,0,0.00,0.00,0.00,平台一组AIGC|腾讯首发素材,,
2026-10-01,14463284742,CH-SC-广义新-10233824843150-新综合频道-收纳用品-京喜拉新-剪辑-转化引导-收纳用品-260908-反向-625-bdb-6,0.20,7,0,0.00,0.00,0.00,心如|无价格,,
2026-10-01,13916303997,CH-SC-低活-10140917922437-超级抢购-家庭清洁-无-剪辑-转化引导-家庭清洁-20260715-无-625-aigc-15,0.20,5,1,0.00,0.00,20.00,平台一组AIGC|心如|快手重复素材|快手非低质素材|无价格|腾讯首发素材,,
2026-10-01,14643140701,信息流-小牛-咸鸭蛋-三方主体-代运营-新人福利价-260909-10172188378015-内部实时跑量-625-头条储备-2,0.19,2,0,0.00,0.00,0.00,,,
2026-10-01,14516512245,CH-SC-低活-10113209119177-超级抢购-电动车-无-剪辑-转化引导-电动车-260907-无-625-26,0.19,8,0,0.00,0.00,0.00,心如|福利价,,
2026-10-01,14488240838,信息流-小牛-大月饼-三方主体-代运营-新人福利价-260914-10163022037983-内部实时跑量-625-1,0.19,52,0,0.00,0.00,0.00,福利价/无价格|考古加素材混剪,,
2026-10-01,14498054937,CH-SC-广义新-10158982883823-新综合频道-生活日用-京喜拉新-剪辑-转化引导-生活日用-260910-反向-625-11,0.19,9,0,0.00,0.00,0.00,无价格,,
2026-10-01,14422203925,信息流-小牛-小蜜桃-三方主体-代运营-新人福利价-260908-10231541696811 -深海货盘-625-36,0.19,16,2,0.00,0.00,12.50,福利价/无价格|考古加素材混剪,,
2026-10-01,14516518803,CH-SC-低活-10113209119177-超级抢购-电动车-无-剪辑-转化引导-电动车-260907-无-625-10,0.19,15,1,0.00,0.00,6.67,心如|福利价,,
2026-10-01,14309315594,信息流-小牛-工具箱-三方主体-代运营-新人福利价-260827-10114015186364-内部实时跑量-625-aigc-28,0.19,23,1,0.00,0.00,4.35,平台一组AIGC|福利价/无价格|考古加素材混剪,,
2026-10-01,13603329865,CH-SC-广义新-10139440032542-新综合频道-运动户外-京喜拉新-剪辑-转化引导-运动户外-20260617-无-625-aigc10,0.19,36,1,0.00,0.00,2.78,平台一组AIGC|快手原创素材|快手非低质素材,,
2026-10-01,14516514607,CH-SC-低活-10113209119177-超级抢购-电动车-无-剪辑-转化引导-电动车-260907-无-625-19,0.18,6,0,0.00,0.00,0.00,心如|福利价,,
2026-10-01,13846319643,CH-SC-低活-10140917922437-超级抢购-家庭清洁-无-剪辑-转化引导-家庭清洁-20260708-无-625-aigc-4,0.18,9,1,0.00,0.00,11.11,平台一组AIGC|心如|快手重复素材|快手非低质素材|福利价|腾讯首发素材,,
2026-10-01,14529797677,信息流-小牛-停车号码牌-三方主体-代运营-新人福利价-260917-10203964359828-内部实时跑量-625-19,0.18,35,0,0.00,0.00,0.00,,,
2026-10-01,14554232224,CH-SC-低活-10140917922437-超级抢购-家庭清洁-无-剪辑-转化引导-家庭清洁-20260918-无-625-aigc-11,0.18,28,0,0.00,0.00,0.00,,,
2026-10-01,14422273850,信息流-小牛-真空袋-三方主体-代运营-新人福利价-260908-10212584519594-内部实时跑量-625-21,0.18,119,1,0.00,0.00,0.84,福利价/无价格|考古加素材混剪,,
2026-10-01,13776598531,CH-SC-广义新-10177393646076-新综合频道-灯饰照明-京喜拉新-剪辑-转化引导-灯饰照明-20260702-反向-625-aigc-13,0.17,12,1,0.00,0.00,8.33,平台一组AIGC|快手原创素材|快手非低质素材|无价格|福利价/无价格,,
2026-10-01,14049381598,CH-SC-低活-10178946597305-超级抢购-厨具-无-剪辑-转化引导-厨具-20260728-无-625-aigc-2,0.17,5,0,0.00,0.00,0.00,平台一组AIGC|心如|快手重复素材|快手非低质素材|福利价|腾讯首发素材,,
2026-10-01,14049375748,CH-SC-低活-10178946597305-超级抢购-厨具-无-剪辑-转化引导-厨具-20260728-无-625-aigc-7,0.17,9,1,0.00,0.00,11.11,平台一组AIGC|心如|快手重复素材|快手非低质素材|福利价|腾讯首发素材,,
2026-10-01,14535566817,信息流-小牛-打火机-三方主体-代运营-新人福利价-260918-10162692688878-内部实时跑量-625-57,0.17,36,1,0.00,0.00,2.78,,,
2026-10-01,14631526002,CH-SC-低活-10100542418506-超级抢购-生活日用-无-剪辑-转化引导-生活日用-260927-无-625-头条储备-aigc-66,0.17,15,0,0.00,0.00,0.00,,,
2026-10-01,13522207947,CH-SC-低活-10113209119177-超级抢购加补-电动车-无-剪辑-转化引导-电动车-20260609-无-625-aigc-3,0.16,4,0,0.00,0.00,0.00,DHX扒起量0608|不对版！！|平台一组AIGC|心如|快手重复素材|快手非低质素材|腾讯首发素材,,
2026-10-01,14529802963,信息流-小牛-停车号码牌-三方主体-代运营-新人福利价-260917-10203964359828-内部实时跑量-625-11,0.16,21,0,0.00,0.00,0.00,,,
2026-10-01,14554240556,CH-SC-低活-10111392494770-超级抢购-收纳用品-无-剪辑-转化引导-收纳用品-20260918-无-625-启动-2,0.16,8,0,0.00,0.00,0.00,,,
2026-10-01,14554245357,CH-SC-低活-10111392494770-超级抢购-收纳用品-无-剪辑-转化引导-收纳用品-20260918-无-625-启动-6,0.16,10,0,0.00,0.00,0.00,,,
2026-10-01,14120553703,CH-SC-低活-10118706992348-超级抢购-纸品-无-剪辑-转化引导-纸品-20260805-无-625-aigc-7,0.16,3,0,0.00,0.00,0.00,平台一组AIGC|快手重复素材|快手非低质素材|福利价,,
2026-10-01,14631527755,CH-SC-低活-10100542418506-超级抢购-生活日用-无-剪辑-转化引导-生活日用-260921-无-625-头条储备-36,0.16,3,0,0.00,0.00,0.00,,,
2026-10-01,13346176049,CH-SC-低活-10219841541027-好价清单-厨具-无-剪辑-转化引导-厨具-20260521-无-625-2,0.15,9,0,0.00,0.00,0.00,心如|福利价,,
2026-10-01,14422205041,信息流-小牛-小蜜桃-三方主体-代运营-新人福利价-260908-10231541696811 -深海货盘-625-34,0.15,21,1,0.00,0.00,4.76,福利价/无价格|考古加素材混剪,,
2026-10-01,13873194156,CH-SC-低活-10140917922437-超级抢购-家庭清洁-无-剪辑-转化引导-家庭清洁-20260709-无-625-aigc-5,0.15,9,1,0.00,0.00,11.11,平台一组AIGC|心如|快手重复素材|快手非低质素材|福利价|腾讯首发素材,,
2026-10-01,14498061058,CH-SC-广义新-10158982883823-新综合频道-生活日用-京喜拉新-剪辑-转化引导-生活日用-260910-反向-625-9,0.15,4,0,0.00,0.00,0.00,无价格,,
2026-10-01,14238356477,信息流-小牛-雨伞-三方主体-代运营-新人福利价-0820-10130866966155-内部实时跑量-625-8,0.14,16,1,0.00,0.00,6.25,有米云素材混剪|福利价/无价格|腾讯首发素材,,
2026-10-01,14374712151,信息流-小牛-苹果-三方主体-代运营-新人福利价-260903-10186710590960-历史爆品-625-14,0.14,4,1,0.00,0.00,25.00,原生|福利价/无价格|考古加素材混剪,,
2026-10-01,14049462509,CH-SC-低活-10154095391500-超级抢购-手机通讯-无-剪辑-转化引导-手机通讯-20260730-无-625-8,0.14,3,0,0.00,0.00,0.00,心如|快手重复素材|快手非低质素材|福利价|腾讯首发素材,,
2026-10-01,14562121783,CH-PRJ-采销项目-无-快手-无-无-剪辑-转化引导-无-260915-无-625-10,0.14,5,4,0.07,2.00,80.00,,,
2026-10-01,14161866879,信息流-小牛-围裙-三方主体-代运营-新人福利价-0813-10117891615029-大盘实时跑量-625-1,0.14,13,0,0.00,0.00,0.00,福利价/无价格|考古加素材混剪,,
2026-10-01,14535563513,信息流-小牛-打火机-三方主体-代运营-新人福利价-260918-10162692688878-内部实时跑量-625-60,0.14,13,0,0.00,0.00,0.00,,,
2026-10-01,14631517962,CH-SC-低活-10217740550325-超级抢购-箱包皮具-无-剪辑-转化引导-箱包皮具-260921-无-625-头条储备-aigc-102,0.14,7,0,0.00,0.00,0.00,,,
2026-10-01,14554164772,CH-SC-低活-10096167203452-超级抢购-纸品-大商超-剪辑-转化引导-纸品-260917-无-625-12,0.14,65,63,0.00,0.00,96.92,,,
2026-10-01,13957178306,信息流-小牛-保温饭盒-三方主体-代运营-新人福利价-0724-10125420247464-大盘扒改-625-4,0.13,13,1,0.00,0.00,7.69,大盘扒改|福利价/无价格,,
2026-10-01,13179733873,荣耀-XN-金融-通用-壁纸-混剪-纯AIGC-26030-625-33,0.13,33,12,0.00,0.00,36.36,,,
2026-10-01,14049376624,CH-SC-低活-10178946597305-超级抢购-厨具-无-剪辑-转化引导-厨具-20260728-无-625-aigc-12,0.13,4,0,0.00,0.00,0.00,平台一组AIGC|心如|快手重复素材|快手非低质素材|福利价|腾讯首发素材,,
2026-10-01,14120555092,CH-SC-低活-10118706992348-超级抢购-纸品-无-剪辑-转化引导-纸品-20260805-无-625-aigc-9,0.12,4,1,0.00,0.00,25.00,平台一组AIGC|快手重复素材|快手非低质素材|福利价,,
2026-10-01,14516513137,CH-SC-低活-10113209119177-超级抢购-电动车-无-剪辑-转化引导-电动车-260907-无-625-24,0.12,5,0,0.00,0.00,0.00,心如|福利价,,
2026-10-01,14422256343,信息流-小牛-真空袋-三方主体-代运营-新人福利价-260908-10212584519594-内部实时跑量-625-42,0.12,170,0,0.00,0.00,0.00,福利价/无价格|考古加素材混剪,,
2026-10-01,13614629036,CH-SC-广义新-10134479334759-新综合频道-钟表眼镜-京喜拉新-剪辑-转化引导-钟表眼镜-20260618-无-625-aigc-13,0.12,17,0,0.00,0.00,0.00,平台一组AIGC|快手重复素材|快手非低质素材|腾讯首发素材,,
2026-10-01,14463716522,CH-SC-低活-10223570717754-超级抢购-生鲜-无-剪辑-转化引导-生鲜-260903-无-625-14,0.12,82,0,0.00,0.00,0.00,心如|福利价|腾讯首发素材,,
2026-10-01,14372715845,信息流-小牛-旋转支架-三方主体-代运营-新人福利价-260903-10112643484929-内部实时跑量-625-39,0.12,14,0,0.00,0.00,0.00,原生|福利价/无价格|考古加素材混剪,,
2026-10-01,14422218206,信息流-小牛-小蜜桃-三方主体-代运营-新人福利价-260908-10231541696811 -深海货盘-625-17,0.12,35,0,0.00,0.00,0.00,福利价/无价格|考古加素材混剪,,
2026-10-01,14422198418,信息流-小牛-小蜜桃-三方主体-代运营-新人福利价-260908-10231541696811 -深海货盘-625-43,0.12,32,0,0.00,0.00,0.00,福利价/无价格|考古加素材混剪,,
2026-10-01,14516456173,CH-SC-低活-10103917299332-超级抢购-厨具-无-剪辑-转化引导-厨具-20260911-无-625-24,0.12,7,0,0.00,0.00,0.00,心如|福利价,,
2026-10-01,14516431734,CH-SC-低活-10111392494770-超级抢购-收纳用品-无-剪辑-转化引导-收纳用品-20260911-无-625-30,0.12,19,3,0.00,0.00,15.79,心如|福利价,,
2026-10-01,14488288936,信息流-小牛-大月饼-三方主体-代运营-新人福利价-260914-10163022037983-内部实时跑量-625-40,0.11,20,1,0.00,0.00,5.00,福利价/无价格|考古加素材混剪,,
2026-10-01,13614628051,CH-SC-广义新-10134479334759-新综合频道-钟表眼镜-京喜拉新-剪辑-转化引导-钟表眼镜-20260618-无-625-aigc-14,0.11,15,0,0.00,0.00,0.00,平台一组AIGC|快手重复素材|快手非低质素材|腾讯首发素材,,
2026-10-01,14488248561,信息流-小牛-大月饼-三方主体-代运营-新人福利价-260914-10163022037983-内部实时跑量-625-aigc-11,0.11,13,2,0.00,0.00,15.38,福利价/无价格|考古加素材混剪,,
2026-10-01,14444498349,信息流-小牛-陶瓷碗-三方主体-代运营-新人1分钱-260910-10129451028601-商务选品-625-45,0.10,10,0,0.00,0.00,0.00,快手原创素材|快手非低质素材|福利价/无价格,,
2026-10-01,14309585942,信息流-小牛-围裙-三方主体-代运营-新人福利价-260827-10117891615029-设计自选-625-9,0.10,11,0,0.00,0.00,0.00,平台一组AIGC|福利价/无价格|考古加素材混剪,,
2026-10-01,14554166837,CH-SC-低活-10096167203452-超级抢购-纸品-大商超-剪辑-转化引导-纸品-260917-无-625-18,0.10,29,28,0.00,0.00,96.55,,,
2026-10-01,14631520893,CH-SC-低活-10139440032542-超级抢购-运动户外-无-剪辑-转化引导-运动户外-260927-无-625-头条储备-60,0.10,3,0,0.00,0.00,0.00,,,
2026-10-01,13916494785,CH-SC-广义新-10040988734451-新10元话费券-无-无-剪辑-转化引导-无-20260715-无-625-14,0.10,10,0,0.00,0.00,0.00,快手原创素材|快手非低质素材,,
2026-10-01,14562128959,CH-PRJ-采销项目-无-快手-无-无-剪辑-转化引导-无-260911-无-625-23,0.10,6,1,0.00,0.00,16.67,,,
2026-10-01,14562127880,CH-PRJ-采销项目-无-快手-无-无-剪辑-转化引导-无-260911-无-625-25,0.09,12,1,0.00,0.00,8.33,,,
2026-10-01,13846344785,CH-SC-低活-10113209119177-超级抢购-电动车-无-剪辑-转化引导-电动车-20260708-无-625-11,0.09,6,0,0.00,0.00,0.00,平台一组AIGC|心如|福利价|腾讯首发素材,,
2026-10-01,13846397120,CH-SC-低活-10112643484929-超级抢购-手机通讯-无-剪辑-转化引导-手机通讯-20260708-无-625-aigc-2,0.09,40,0,0.00,0.00,0.00,DHX扒起量0706|平台一组AIGC|心如|快手重复素材|快手非低质素材|福利价|腾讯首发素材,,
2026-10-01,14516515890,CH-SC-低活-10113209119177-超级抢购-电动车-无-剪辑-转化引导-电动车-260907-无-625-15,0.09,7,0,0.00,0.00,0.00,心如|福利价,,
2026-10-01,14422156514,信息流-小牛-骑行支架-三方主体-代运营-新人福利价-260908-10139440032542-历史爆品-625-37,0.09,12,0,0.00,0.00,0.00,福利价/无价格|考古加素材混剪,,
2026-10-01,14516346406,CH-SC-低活-10111392494770-超级抢购加补-收纳用品-无-剪辑-转化引导-收纳用品-260915-无-625-28,0.09,10,0,0.00,0.00,0.00,心如,,
2026-10-01,14488299649,信息流-小牛-大月饼-三方主体-代运营-新人福利价-260914-10163022037983-内部实时跑量-625-34,0.09,7,0,0.00,0.00,0.00,福利价/无价格|考古加素材混剪,,
2026-10-01,14197030149,信息流-小牛-电脑支架-三方主体-代运营-新人福利价-0817-10191489644462-大盘扒改-625-2,0.08,2,0,0.00,0.00,0.00,大盘扒改|福利价/无价格,,
2026-10-01,14516518345,CH-SC-低活-10113209119177-超级抢购-电动车-无-剪辑-转化引导-电动车-260907-无-625-8,0.08,4,0,0.00,0.00,0.00,心如|福利价,,
2026-10-01,14422156348,信息流-小牛-骑行支架-三方主体-代运营-新人福利价-260908-10139440032542-历史爆品-625-36,0.08,2,0,0.00,0.00,0.00,福利价/无价格|考古加素材混剪,,
2026-10-01,13846321758,CH-SC-低活-10140917922437-超级抢购-家庭清洁-无-剪辑-转化引导-家庭清洁-20260708-无-625-aigc-3,0.08,24,0,0.00,0.00,0.00,平台一组AIGC|心如|快手重复素材|快手非低质素材|福利价|腾讯首发素材,,
2026-10-01,14488311102,信息流-小牛-大月饼-三方主体-代运营-新人福利价-260914-10163022037983-内部实时跑量-625-28,0.08,8,0,0.00,0.00,0.00,福利价/无价格|考古加素材混剪,,
2026-10-01,13846011708,CH-SC-广义新-10140917922437-新综合频道-家庭清洁-京喜拉新-剪辑-转化引导-家庭清洁-20260710-无-625-aigc-4,0.08,6,0,0.00,0.00,0.00,平台一组AIGC|广义新头条|心如|快手重复素材|快手非低质素材|无价格|腾讯首发素材,,
2026-10-01,14631514190,CH-SC-低活-10217740550325-超级抢购-箱包皮具-无-剪辑-转化引导-箱包皮具-260921-无-625-头条储备-aigc-19,0.08,4,0,0.00,0.00,0.00,,,
2026-10-01,13746328293,CH-SC-低活-10139440032542-超级抢购5元-运动户外-无-剪辑-转化引导-运动户外-20260630-无-625-aigc-6,0.08,3,0,0.00,0.00,0.00,平台一组AIGC|心如|快手重复素材|快手非低质素材|福利价|腾讯首发素材,,
2026-10-01,14529799195,信息流-小牛-停车号码牌-三方主体-代运营-新人福利价-260917-10203964359828-内部实时跑量-625-18,0.07,3,0,0.00,0.00,0.00,,,
2026-10-01,14516510263,CH-SC-低活-10113209119177-超级抢购-电动车-无-剪辑-转化引导-电动车-260907-无-625-3,0.07,6,0,0.00,0.00,0.00,心如|福利价,,
2026-10-01,14516515061,CH-SC-低活-10113209119177-超级抢购-电动车-无-剪辑-转化引导-电动车-260907-无-625-18,0.07,3,1,0.00,0.00,33.33,心如|福利价,,
2026-10-01,14197028224,信息流-小牛-酱牛肉-三方主体-代运营-新人福利价-0817-10163955893408-大盘扒改-625-,0.07,9,0,0.00,0.00,0.00,大盘扒改|福利价/无价格,,
2026-10-01,14365974664,CH-SC-低活-10207774889664-超级抢购-家庭清洁-无-剪辑-转化引导-家庭清洁-20260828-无-625-白牌-15,0.07,2,0,0.00,0.00,0.00,0820白牌|快手原创素材|快手非低质素材|福利价|腾讯首发素材,,
2026-10-01,13163378214,荣耀-XN-金融-通用-鸡汤-混剪-260428-625-31,0.07,10,0,0.00,0.00,0.00,,,
2026-10-01,14422180540,信息流-小牛-骑行支架-三方主体-代运营-新人福利价-260908-10139440032542-历史爆品-625-21,0.07,8,1,0.00,0.00,12.50,福利价/无价格|考古加素材混剪,,
2026-10-01,14374723695,信息流-小牛-苹果-三方主体-代运营-新人福利价-260903-10186710590960-历史爆品-625-4,0.07,9,0,0.00,0.00,0.00,原生|福利价/无价格|考古加素材混剪,,
2026-10-01,14535575876,信息流-小牛-打火机-三方主体-代运营-新人福利价-260918-10162692688878-内部实时跑量-625-49,0.07,3,0,0.00,0.00,0.00,,,
2026-10-01,14374718939,信息流-小牛-苹果-三方主体-代运营-新人福利价-260903-10186710590960-历史爆品-625-8,0.07,8,0,0.00,0.00,0.00,原生|福利价/无价格|考古加素材混剪,,
2026-10-01,14631516640,CH-SC-低活-10217740550325-超级抢购-箱包皮具-无-剪辑-转化引导-箱包皮具-260921-无-625-头条储备-aigc-119,0.07,2,0,0.00,0.00,0.00,,,
2026-10-01,14488235285,信息流-小牛-大月饼-三方主体-代运营-新人福利价-260914-10163022037983-内部实时跑量-625-4,0.07,5,0,0.00,0.00,0.00,福利价/无价格|考古加素材混剪,,
2026-10-01,14374695332,信息流-小牛-苹果-三方主体-代运营-新人福利价-260903-10186710590960-历史爆品-625-30,0.07,9,0,0.00,0.00,0.00,原生|福利价/无价格|考古加素材混剪,,
2026-10-01,13835197635,CH-SC-广义新-10139440032542-新综合频道-运动户外-京喜拉新-剪辑-转化引导-运动户外-20260708-无-625-aigc-10,0.07,13,0,0.00,0.00,0.00,平台一组AIGC|广义新头条|快手重复素材|快手非低质素材|无价格|腾讯首发素材,,
2026-10-01,14161857718,信息流-小牛-围裙-三方主体-代运营-新人福利价-0813-10117891615029-大盘实时跑量-625-4,0.07,8,0,0.00,0.00,0.00,福利价/无价格|考古加素材混剪,,
2026-10-01,14422189950,信息流-小牛-骑行支架-三方主体-代运营-新人福利价-260908-10139440032542-历史爆品-625-1,0.07,14,0,0.00,0.00,0.00,福利价/无价格|考古加素材混剪,,
2026-10-01,13873207385,CH-SC-低活-10113209119177-超级抢购-电动车-无-剪辑-转化引导-电动车-20260709-无-625-11,0.07,2,0,0.00,0.00,0.00,心如|快手原创素材|快手非低质素材|福利价,,
2026-10-01,13989050044,CH-SC-广义新-10209805116351-新综合频道-生鲜-京喜拉新-剪辑-转化引导-生鲜-20260722-无-625-5,0.06,35,1,0.00,0.00,2.86,广义新头条|腾讯首发素材,,
2026-10-01,14516500212,CH-SC-低活-10233824843150-超级抢购-收纳用品-无-剪辑-转化引导-收纳用品-260907-无-625-22,0.06,25,2,0.00,0.00,8.00,心如|福利价,,
2026-10-01,14309327456,信息流-小牛-工具箱-三方主体-代运营-新人福利价-260827-10114015186364-内部实时跑量-625-aigc-20,0.06,4,0,0.00,0.00,0.00,平台一组AIGC|福利价/无价格|考古加素材混剪,,
2026-10-01,14319046045,CH-SC-低活-10140917922437-超级抢购-家庭清洁-无-剪辑-转化引导-家庭清洁-20260820-无-625-aigc-13,0.06,1,0,0.00,0.00,0.00,平台AI测试/视频/一组智能体|平台一组AIGC|心如|快手重复素材|快手非低质素材|福利价|腾讯首发素材,,
2026-10-01,14319041746,CH-SC-低活-10140917922437-超级抢购-家庭清洁-无-剪辑-转化引导-家庭清洁-20260820-无-625-aigc-4,0.06,4,0,0.00,0.00,0.00,平台AI测试/视频/一组智能体|平台一组AIGC|心如|快手原创素材|快手非低质素材|福利价,,
2026-10-01,14535536280,信息流-小牛-打火机-三方主体-代运营-新人福利价-260918-10162692688878-内部实时跑量-625-27,0.06,2,0,0.00,0.00,0.00,,,
2026-10-01,14516518956,CH-SC-低活-10113209119177-超级抢购-电动车-无-剪辑-转化引导-电动车-260907-无-625-11,0.06,1,0,0.00,0.00,0.00,心如|福利价,,
2026-10-01,14553579027,CH-SC-广义新-10118706992345-新综合频道-纸品 -京喜拉新-剪辑-转化引导-纸品 -260918-无-625-aigc-启动-6,0.06,1,0,0.00,0.00,0.00,,,
2026-10-01,14319050231,CH-SC-广义新-10128848312108-新综合频道-厨具-京喜拉新-剪辑-转化引导-厨具-260827-无-625-aigc-3,0.06,3,0,0.00,0.00,0.00,平台一组AIGC|无价格,,
2026-10-01,14488326502,信息流-小牛-大月饼-三方主体-代运营-新人福利价-260914-10163022037983-内部实时跑量-625-20,0.06,12,0,0.00,0.00,0.00,福利价/无价格|考古加素材混剪,,
2026-10-01,14197435278,CH-SC-低活-10199184867564-外卖1分购-外卖美食-无-剪辑-转化引导-外卖美食-20260810-无-625-11,0.06,6,0,0.00,0.00,0.00,心如|福利价,,
2026-10-01,14217109528,CH-SC-广义新-10140917922437-新综合频道-家庭清洁-京喜拉新-剪辑-转化引导-家庭清洁-20260813-无-625-aigc-22,0.05,15,2,0.00,0.00,13.33,平台一组AIGC|快手原创素材|快手非低质素材|无价格,,
2026-10-01,14529781287,信息流-小牛-停车号码牌-三方主体-代运营-新人福利价-260917-10203964359828-内部实时跑量-625-46,0.05,2,0,0.00,0.00,0.00,,,
2026-10-01,14535572537,信息流-小牛-打火机-三方主体-代运营-新人福利价-260918-10162692688878-内部实时跑量-625-52,0.05,1,0,0.00,0.00,0.00,,,
2026-10-01,14319048430,CH-SC-广义新-10128848312108-新综合频道-厨具-京喜拉新-剪辑-转化引导-厨具-260827-无-625-aigc-9,0.05,5,0,0.00,0.00,0.00,平台一组AIGC|无价格,,
2026-10-01,14488311392,信息流-小牛-大月饼-三方主体-代运营-新人福利价-260914-10163022037983-内部实时跑量-625-27,0.05,9,0,0.00,0.00,0.00,福利价/无价格|考古加素材混剪,,
2026-10-01,13486890331,CH-SC-广义新-无-新10元话费券-10元话费券-京喜拉新-剪辑-转化引导-10元话费券-20260605-无-625-10,0.05,1,1,0.00,0.00,100.00,快手重复素材|快手非低质素材|腾讯首发素材,,
2026-10-01,14080115003,信息流-小牛-维达纸巾-三方主体-代运营-新人福利价-0804-100166352003-实时爆品表-625-1,0.05,3,0,0.00,0.00,0.00,福利价/无价格,,
2026-10-01,14487659251,信息流-小牛-毛毯-三方主体-代运营-新人福利价-260914-10146450179286-商务选品-625-40,0.05,2,0,0.00,0.00,0.00,快手原创素材|快手非低质素材|福利价/无价格,,
2026-10-01,14313076249,信息流-小牛-红薯-京东主体-代运营-福利价-260828-10120514417084-设计自选-625-7,0.05,2,0,0.00,0.00,0.00,平台一组AIGC|福利价/无价格,,
2026-10-01,14197436465,CH-SC-低活-10199184867564-外卖1分购-外卖美食-无-剪辑-转化引导-外卖美食-20260810-无-625-5,0.05,2,0,0.00,0.00,0.00,心如|福利价|腾讯首发素材,,
2026-10-01,14422213367,信息流-小牛-小蜜桃-三方主体-代运营-新人福利价-260908-10231541696811 -深海货盘-625-26,0.05,16,1,0.00,0.00,6.25,福利价/无价格|考古加素材混剪,,
2026-10-01,14631528232,CH-SC-低活-10100542418506-超级抢购-生活日用-无-剪辑-转化引导-生活日用-260921-无-625-头条储备-18,0.05,4,0,0.00,0.00,0.00,,,
2026-10-01,14166677299,信息流-小牛-五香花生-三方主体-代运营-新人福利价-0814-10150360358365-大盘实时跑量-625-41,0.04,12,0,0.00,0.00,0.00,福利价/无价格|考古加素材混剪,,
2026-10-01,14422192441,信息流-小牛-小蜜桃-三方主体-代运营-新人福利价-260908-10231541696811 -深海货盘-625-9,0.04,5,0,0.00,0.00,0.00,福利价/无价格|考古加素材混剪,,
2026-10-01,14529793899,信息流-小牛-停车号码牌-三方主体-代运营-新人福利价-260917-10203964359828-内部实时跑量-625-27,0.04,5,0,0.00,0.00,0.00,,,
2026-10-01,14319047167,CH-SC-低活-10140917922437-超级抢购-家庭清洁-无-剪辑-转化引导-家庭清洁-20260820-无-625-aigc-10,0.04,1,0,0.00,0.00,0.00,平台一组AIGC|心如|快手原创素材|快手非低质素材|福利价|腾讯首发素材,,
2026-10-01,14516517824,CH-SC-低活-10113209119177-超级抢购-电动车-无-剪辑-转化引导-电动车-260907-无-625-9,0.04,2,0,0.00,0.00,0.00,心如|福利价,,
2026-10-01,13776599474,CH-SC-广义新-10177393646076-新综合频道-灯饰照明-京喜拉新-剪辑-转化引导-灯饰照明-20260702-反向-625-aigc-14,0.04,2,0,0.00,0.00,0.00,平台一组AIGC|快手原创素材|快手非低质素材|无价格|福利价/无价格,,
2026-10-01,14166708210,信息流-小牛-五香花生-三方主体-代运营-新人福利价-0814-10150360358365-大盘实时跑量-625-6,0.04,1,1,0.00,0.00,100.00,福利价/无价格|考古加素材混剪,,
2026-10-01,14422179478,信息流-小牛-骑行支架-三方主体-代运营-新人福利价-260908-10139440032542-历史爆品-625-2,0.04,12,0,0.00,0.00,0.00,福利价/无价格|考古加素材混剪,,
2026-10-01,13776589156,CH-SC-广义新-10177393646076-新综合频道-灯饰照明-京喜拉新-剪辑-转化引导-灯饰照明-20260702-反向-625-aigc-9,0.04,4,0,0.00,0.00,0.00,平台一组AIGC|快手原创素材|快手非低质素材|无价格|福利价/无价格,,
2026-10-01,14516445639,CH-SC-低活-10111392494770-超级抢购-收纳用品-无-剪辑-转化引导-收纳用品-20260911-无-625-7,0.04,2,0,0.00,0.00,0.00,心如|福利价,,
2026-10-01,14516502500,CH-SC-低活-10233824843150-超级抢购-收纳用品-无-剪辑-转化引导-收纳用品-260907-无-625-17,0.04,3,0,0.00,0.00,0.00,心如|福利价,,
2026-10-01,14197433903,CH-SC-低活-10199184867564-外卖1分购-外卖美食-无-剪辑-转化引导-外卖美食-20260810-无-625-10,0.04,1,0,0.00,0.00,0.00,心如|福利价,,
2026-10-01,14309742578,信息流-小牛-雨伞-三方主体-代运营-新人福利价-260828-10113643996701-大盘扒改-625-27,0.04,6,0,0.00,0.00,0.00,原生|大盘扒改|平台一组AIGC|福利价/无价格,,
2026-10-01,14498626608,CH-SC-低活-10161130444375-超级抢购-农资园艺-无-剪辑-转化引导-农资园艺-260908-无-625-8,0.04,1,0,0.00,0.00,0.00,心如|福利价,,
2026-10-01,14033672272,信息流-小牛-折叠椅-京东主体-代运营-新人福利价-0731-10183713190151-设计自选-625-6,0.04,47,1,0.00,0.00,2.13,福利价/无价格,,
2026-10-01,14197433343,CH-SC-低活-10199184867564-外卖1分购-外卖美食-无-剪辑-转化引导-外卖美食-20260810-无-625-12,0.04,3,0,0.00,0.00,0.00,心如|福利价,,
2026-10-01,14153374451,信息流-小牛-饭盒-三方主体-代运营-新人福利价-0812-10125420247464-大盘实扒改-625-2,0.04,9,0,0.00,0.00,0.00,大盘扒改|福利价/无价格,,
2026-10-01,14422214727,信息流-小牛-小蜜桃-三方主体-代运营-新人福利价-260908-10231541696811 -深海货盘-625-21,0.04,4,0,0.00,0.00,0.00,福利价/无价格|考古加素材混剪,,
2026-10-01,14562123726,CH-PRJ-采销项目-无-快手-无-无-剪辑-转化引导-无-260915-无-625-9,0.04,1,0,0.00,0.00,0.00,,,
2026-10-01,14463703187,CH-SC-低活-10223570717754-超级抢购-生鲜-无-剪辑-转化引导-生鲜-260903-无-625-20,0.03,4,0,0.00,0.00,0.00,心如|福利价,,
2026-10-01,13957187182,信息流-小牛-独头蒜-三方主体-代运营-新人福利价-0724-10209805116351-大盘扒改-625-2,0.03,2,0,0.00,0.00,0.00,大盘扒改|福利价/无价格,,
2026-10-01,14422211712,信息流-小牛-小蜜桃-三方主体-代运营-新人福利价-260908-10231541696811 -深海货盘-625-25,0.03,8,0,0.00,0.00,0.00,福利价/无价格|考古加素材混剪,,
2026-10-01,13776633875,CH-SC-广义新-10177393646076-新综合频道-灯饰照明-京喜拉新-剪辑-转化引导-灯饰照明-20260702-反向-625-aigc-3,0.03,2,0,0.00,0.00,0.00,平台一组AIGC|快手原创素材|快手非低质素材|无价格|福利价/无价格,,
2026-10-01,14535582944,信息流-小牛-打火机-三方主体-代运营-新人福利价-260918-10162692688878-内部实时跑量-625-39,0.03,2,0,0.00,0.00,0.00,,,
2026-10-01,14372717604,信息流-小牛-旋转支架-三方主体-代运营-新人福利价-260903-10112643484929-内部实时跑量-625-36,0.03,12,0,0.00,0.00,0.00,原生|福利价/无价格|考古加素材混剪,,
2026-10-01,14372711601,信息流-小牛-旋转支架-三方主体-代运营-新人福利价-260903-10112643484929-内部实时跑量-625-44,0.03,1,0,0.00,0.00,0.00,原生|福利价/无价格|考古加素材混剪,,
2026-10-01,14309678755,信息流-小牛-围裙-三方主体-代运营-新人福利价-260827-10117891615029-设计自选-625-59,0.03,1,0,0.00,0.00,0.00,平台一组AIGC|福利价/无价格|考古加素材混剪,,
2026-10-01,14631520852,CH-SC-低活-10139440032542-超级抢购-运动户外-无-剪辑-转化引导-运动户外-260927-无-625-头条储备-62,0.03,1,0,0.00,0.00,0.00,,,
2026-10-01,13904992394,CH-SC-广义新-10136363822650-新综合频道-家庭清洁-京喜拉新-剪辑-转化引导-家庭清洁-20260717-反向-625-1,0.03,2,2,0.00,0.00,100.00,广义新头条|心如|快手重复素材|快手非低质素材|腾讯首发素材,,
2026-10-01,13846312909,CH-SC-低活-10140917922437-超级抢购-家庭清洁-无-剪辑-转化引导-家庭清洁-20260708-无-625-aigc-14,0.03,5,0,0.00,0.00,0.00,平台一组AIGC|心如|快手重复素材|快手非低质素材|福利价|腾讯首发素材,,
2026-10-01,14318978964,CH-SC-广义新-10128848312108-新综合频道-厨具-京喜拉新-剪辑-转化引导-厨具-260827-无-625-aigc-13,0.03,2,0,0.00,0.00,0.00,平台一组AIGC|无价格,,
2026-10-01,13916303411,CH-SC-低活-10140917922437-超级抢购-家庭清洁-无-剪辑-转化引导-家庭清洁-20260715-无-625-aigc-14,0.03,11,0,0.00,0.00,0.00,平台一组AIGC|心如|快手重复素材|快手非低质素材|无价格|腾讯首发素材,,
2026-10-01,14488327968,信息流-小牛-大月饼-三方主体-代运营-新人福利价-260914-10163022037983-内部实时跑量-625-19,0.03,4,0,0.00,0.00,0.00,福利价/无价格|考古加素材混剪,,
2026-10-01,14422267021,信息流-小牛-真空袋-三方主体-代运营-新人福利价-260908-10212584519594-内部实时跑量-625-36,0.03,21,0,0.00,0.00,0.00,福利价/无价格|考古加素材混剪,,
2026-10-01,14247664117,信息流-小牛-旋转手机支架-三方主体-代运营-新人福利价-0821-10112643484929-内部实时跑量-625-21,0.03,1,0,0.00,0.00,0.00,有米云素材混剪|福利价/无价格|腾讯首发素材,,
2026-10-01,14554246596,CH-SC-低活-10111392494770-超级抢购-收纳用品-无-剪辑-转化引导-收纳用品-20260918-无-625-启动-5,0.03,2,0,0.00,0.00,0.00,,,
2026-10-01,14299137269,CH-PRJ-采销项目-无-快手-无-无-剪辑-转化引导-无-260825-无-625-3,0.03,2,0,0.00,0.00,0.00,快手重复素材|快手非低质素材,,
2026-10-01,14516510742,CH-SC-低活-10113209119177-超级抢购-电动车-无-剪辑-转化引导-电动车-260907-无-625-2,0.03,6,0,0.00,0.00,0.00,心如|福利价,,
2026-10-01,14299137656,CH-PRJ-采销项目-无-快手-无-无-剪辑-转化引导-无-260825-无-625-2,0.03,4,2,0.02,2.00,50.00,快手重复素材|快手非低质素材,,
2026-10-01,14535563001,信息流-小牛-打火机-三方主体-代运营-新人福利价-260918-10162692688878-内部实时跑量-625-59,0.03,3,0,0.00,0.00,0.00,,,
2026-10-01,13957201211,信息流-小牛-无骨鸡爪-三方主体-代运营-新人福利价-0724-10181243448351-大盘扒改-625-10,0.03,1,0,0.00,0.00,0.00,大盘扒改|快手重复素材|快手非低质素材|福利价/无价格,,
2026-10-01,14319046606,CH-SC-低活-10140917922437-超级抢购-家庭清洁-无-剪辑-转化引导-家庭清洁-20260820-无-625-aigc-9,0.03,2,0,0.00,0.00,0.00,平台AI测试/视频/一组智能体|平台一组AIGC|心如|快手原创素材|快手非低质素材|福利价|腾讯首发素材,,
2026-10-01,14153381020,信息流-小牛-烤盘-三方主体-代运营-新人福利价-0812-10178946597305-大盘实扒改-625-1,0.03,4,0,0.00,0.00,0.00,大盘扒改|福利价/无价格,,
2026-10-01,14631528096,CH-SC-低活-10100542418506-超级抢购-生活日用-无-剪辑-转化引导-生活日用-260921-无-625-头条储备-19,0.03,3,0,0.00,0.00,0.00,,,
2026-10-01,14309679637,信息流-小牛-围裙-三方主体-代运营-新人福利价-260827-10117891615029-设计自选-625-58,0.03,6,1,0.00,0.00,16.67,平台一组AIGC|福利价/无价格|考古加素材混剪,,
2026-10-01,14488289135,信息流-小牛-大月饼-三方主体-代运营-新人福利价-260914-10163022037983-内部实时跑量-625-38,0.03,6,0,0.00,0.00,0.00,福利价/无价格|考古加素材混剪,,
2026-10-01,14299138754,CH-PRJ-采销项目-无-快手-无-无-剪辑-转化引导-无-260825-无-625-1,0.03,1,1,0.00,0.00,100.00,快手重复素材|快手非低质素材,,
2026-10-01,14422196927,信息流-小牛-小蜜桃-三方主体-代运营-新人福利价-260908-10231541696811 -深海货盘-625-47,0.03,7,0,0.00,0.00,0.00,福利价/无价格|考古加素材混剪,,
2026-10-01,14050221887,CH-SC-广义新-10187000434970-新综合频道-厨具-京喜拉新-剪辑-转化引导-厨具-20260730-无-625-14,0.02,4,1,0.00,0.00,25.00,广义新头条|心如|快手重复素材|快手非低质素材|腾讯首发素材,,
2026-10-01,14247752216,CH-SC-广义新-1073108-新综合频道-水饮冲调-大商超-剪辑-转化引导-水饮冲调-20260820-无-625-aigc-12,0.02,7,0,0.00,0.00,0.00,平台一组AIGC|快手重复素材|快手非低质素材|腾讯首发素材,,
2026-10-01,14444496607,信息流-小牛-陶瓷碗-三方主体-代运营-新人1分钱-260910-10129451028601-商务选品-625-46,0.02,6,0,0.00,0.00,0.00,快手原创素材|快手非低质素材|福利价/无价格,,
2026-10-01,14631515912,CH-SC-低活-10217740550325-超级抢购-箱包皮具-无-剪辑-转化引导-箱包皮具-260921-无-625-头条储备-aigc-131,0.02,1,0,0.00,0.00,0.00,,,
2026-10-01,14319044187,CH-SC-低活-10140917922437-超级抢购-家庭清洁-无-剪辑-转化引导-家庭清洁-20260820-无-625-aigc-28,0.02,1,0,0.00,0.00,0.00,平台一组AIGC|心如|快手重复素材|快手非低质素材|福利价|腾讯首发素材,,
2026-10-01,14444485901,信息流-小牛-陶瓷碗-三方主体-代运营-新人1分钱-260910-10129451028601-商务选品-625-51,0.02,0,0,0.00,0.00,0.00,快手原创素材|快手非低质素材|福利价/无价格,,
2026-10-01,14529802744,信息流-小牛-停车号码牌-三方主体-代运营-新人福利价-260917-10203964359828-内部实时跑量-625-13,0.02,9,0,0.00,0.00,0.00,,,
2026-10-01,14562120754,CH-PRJ-采销项目-无-快手-无-无-剪辑-转化引导-无-260915-无-625-2,0.02,1,0,0.00,0.00,0.00,,,
2026-10-01,14238352803,信息流-小牛-打火机-三方主体-代运营-新人福利价-0820-10162692688878-内部实时跑量-625-11,0.02,7,0,0.00,0.00,0.00,有米云素材混剪|福利价/无价格|腾讯首发素材,,
2026-10-01,14377815668,信息流-小牛-推车置物架-三方主体-代运营-新人福利价-260903-10095828488136-大盘实时跑量-625-1,0.02,3,0,0.00,0.00,0.00,原生|福利价/无价格,,
2026-10-01,14049380620,CH-SC-低活-10178946597305-超级抢购-厨具-无-剪辑-转化引导-厨具-20260728-无-625-aigc-5,0.02,2,0,0.00,0.00,0.00,平台一组AIGC|心如|快手重复素材|快手非低质素材|福利价|腾讯首发素材,,
2026-10-01,14488332399,信息流-小牛-大月饼-三方主体-代运营-新人福利价-260914-10163022037983-内部实时跑量-625-15,0.02,1,0,0.00,0.00,0.00,福利价/无价格|考古加素材混剪,,
2026-10-01,14631517588,CH-SC-低活-10217740550325-超级抢购-箱包皮具-无-剪辑-转化引导-箱包皮具-260921-无-625-头条储备-aigc-112,0.02,3,0,0.00,0.00,0.00,,,
2026-10-01,14309300951,信息流-小牛-工具箱-三方主体-代运营-新人福利价-260827-10114015186364-内部实时跑量-625-aigc-39,0.02,20,1,0.00,0.00,5.00,平台一组AIGC|福利价/无价格|考古加素材混剪,,
2026-10-01,13836044901,CH-SC-低活-10118706992345-超级抢购-纸品-无-剪辑-转化引导-纸品-20260702-无-625-aigc-5,0.02,4,0,0.00,0.00,0.00,平台一组AIGC|心如|快手重复素材|快手非低质素材|福利价|腾讯首发素材,,
2026-10-01,13341768699,CH-SC-广义新-10219841541026-新综合频道-厨具-京喜拉新-剪辑-转化引导-厨具-20260520-反向-625-14,0.02,0,0,0.00,0.00,0.00,广义新头条|心如|快手重复素材|快手非低质素材|搬运打压素材|无价格|腾讯首发素材,,
2026-10-01,14463713213,CH-SC-低活-10223570717754-超级抢购-生鲜-无-剪辑-转化引导-生鲜-260903-无-625-15,0.02,23,0,0.00,0.00,0.00,心如|福利价|腾讯首发素材,,
2026-10-01,13799988444,CH-SC-广义新-10134479334759-新综合频道-钟表眼镜-京喜拉新-剪辑-转化引导-钟表眼镜-20260703-无-625-aigc-4,0.02,11,3,0.00,0.00,27.27,平台一组AIGC|广义新头条|心如|快手重复素材|快手非低质素材|腾讯首发素材,,
2026-10-01,14299136746,CH-PRJ-采销项目-无-快手-无-无-剪辑-转化引导-无-260825-无-625-6,0.02,1,0,0.00,0.00,0.00,快手重复素材|快手非低质素材,,
2026-10-01,14050219598,CH-SC-广义新-10187000434970-新综合频道-厨具-京喜拉新-剪辑-转化引导-厨具-20260730-无-625-9,0.02,5,0,0.00,0.00,0.00,广义新头条|心如|快手重复素材|快手非低质素材,,
2026-10-01,13916302351,CH-SC-低活-10140917922437-超级抢购-家庭清洁-无-剪辑-转化引导-家庭清洁-20260715-无-625-aigc-11,0.02,10,0,0.00,0.00,0.00,平台一组AIGC|心如|快手重复素材|快手非低质素材|无价格|腾讯首发素材,,
2026-10-01,14529774970,信息流-小牛-停车号码牌-三方主体-代运营-新人福利价-260917-10203964359828-内部实时跑量-625-55,0.02,2,0,0.00,0.00,0.00,,,
2026-10-01,14050221336,CH-SC-广义新-10187000434970-新综合频道-厨具-京喜拉新-剪辑-转化引导-厨具-20260730-无-625-13,0.01,0,0,0.00,0.00,0.00,广义新头条|心如|快手重复素材|快手非低质素材|腾讯首发素材,,
2026-10-01,14166682153,信息流-小牛-五香花生-三方主体-代运营-新人福利价-0814-10150360358365-大盘实时跑量-625-23,0.01,1,0,0.00,0.00,0.00,福利价/无价格|考古加素材混剪|腾讯首发素材,,
2026-10-01,13341766059,CH-SC-广义新-10219841541026-新综合频道-厨具-京喜拉新-剪辑-转化引导-厨具-20260520-反向-625-8,0.01,2,1,0.00,0.00,50.00,广义新头条|心如|快手重复素材|快手非低质素材|无价格|腾讯首发素材,,
2026-10-01,14369409778,信息流-小牛-菜板-三方主体-代运营-新人福利价-260903-10155000015319-内部实时跑量-625-14,0.01,0,0,0.00,0.00,0.00,原生|快手原创素材|快手非低质素材|福利价/无价格,,
2026-10-01,13799992070,CH-SC-广义新-10134479334759-新综合频道-钟表眼镜-京喜拉新-剪辑-转化引导-钟表眼镜-20260703-无-625-aigc-5,0.01,7,0,0.00,0.00,0.00,平台一组AIGC|广义新头条|心如|快手重复素材|快手非低质素材,,
2026-10-01,14486283956,信息流-小牛-毛毯-三方主体-代运营-新人福利价-260914-10146450179286-商务选品-625-24,0.01,1,0,0.00,0.00,0.00,快手原创素材|快手非低质素材|福利价/无价格,,
2026-10-01,14318976227,CH-SC-广义新-10128848312108-新综合频道-厨具-京喜拉新-剪辑-转化引导-厨具-260827-无-625-aigc-18,0.01,1,0,0.00,0.00,0.00,平台一组AIGC|无价格,,
2026-10-01,14486260276,信息流-小牛-毛毯-三方主体-代运营-新人福利价-260914-10146450179286-商务选品-625-11,0.01,2,0,0.00,0.00,0.00,快手原创素材|快手非低质素材|福利价/无价格,,
2026-10-01,14535568039,信息流-小牛-打火机-三方主体-代运营-新人福利价-260918-10162692688878-内部实时跑量-625-58,0.01,1,0,0.00,0.00,0.00,,,
2026-10-01,14529767101,信息流-小牛-停车号码牌-三方主体-代运营-新人福利价-260917-10203964359828-内部实时跑量-625-8,0.01,2,0,0.00,0.00,0.00,,,
2026-10-01,14463886227,CH-SC-低活-10223570717754-超级抢购-生鲜-无-剪辑-转化引导-生鲜-260903-无-625-11,0.01,2,0,0.00,0.00,0.00,心如|福利价|腾讯首发素材,,
2026-10-01,14488265377,信息流-小牛-大月饼-三方主体-代运营-新人福利价-260914-10163022037983-内部实时跑量-625-aigc-4,0.01,2,0,0.00,0.00,0.00,福利价/无价格|考古加素材混剪,,
2026-10-01,13916108983,CH-SC-广义新-10155000015319-新综合频道-厨具-京喜拉新-剪辑-转化引导-厨具-20260716-无-625-aigc-10,0.01,5,0,0.00,0.00,0.00,平台一组AIGC|广义新头条|心如|无价格,,
2026-10-01,13860551989,CH-SC-广义新-10162692688878-新综合频道-家用电器-京喜拉新-剪辑-转化引导-家用电器-20260713-无-625-aigc-6,0.01,2,2,0.00,0.00,100.00,平台一组AIGC|广义新头条|快手重复素材|快手非低质素材|无价格|腾讯首发素材,,
2026-10-01,14488278951,信息流-小牛-大月饼-三方主体-代运营-新人福利价-260914-10163022037983-内部实时跑量-625-44,0.01,3,0,0.00,0.00,0.00,福利价/无价格|考古加素材混剪,,
2026-10-01,14444494583,信息流-小牛-陶瓷碗-三方主体-代运营-新人1分钱-260910-10129451028601-商务选品-625-47,0.01,3,0,0.00,0.00,0.00,快手原创素材|快手非低质素材|福利价/无价格,,
2026-10-01,14554133189,CH-SC-低活-10215783938762-超级抢购加补-生鲜-无-剪辑-转化引导-生鲜-260911-无-625-24,0.01,1,1,0.00,0.00,100.00,,,
2026-10-01,14407748766,CH-SC-广义新-10129955889557-新综合频道-厨具-京喜拉新-剪辑-转化引导-厨具-260904-反向-625-16,0.01,1,0,0.00,0.00,0.00,无价格,,
2026-10-01,13916487194,CH-SC-广义新-10040988734451-新10元话费券-无-无-剪辑-转化引导-无-20260715-无-625-17,0.01,18,0,0.00,0.00,0.00,快手原创素材|快手非低质素材|腾讯首发素材,,
2026-10-01,14488322684,信息流-小牛-大月饼-三方主体-代运营-新人福利价-260914-10163022037983-内部实时跑量-625-23,0.01,6,0,0.00,0.00,0.00,福利价/无价格|考古加素材混剪,,
2026-10-01,14422144054,信息流-小牛-骑行支架-三方主体-代运营-新人福利价-260908-10139440032542-历史爆品-625-50,0.01,1,0,0.00,0.00,0.00,福利价/无价格|考古加素材混剪,,
2026-10-01,13341769458,CH-SC-广义新-10219841541026-新综合频道-厨具-京喜拉新-剪辑-转化引导-厨具-20260520-反向-625-15,0.01,1,1,0.00,0.00,100.00,广义新头条|心如|快手重复素材|快手非低质素材|无价格|腾讯首发素材,,
2026-10-01,14422204758,信息流-小牛-小蜜桃-三方主体-代运营-新人福利价-260908-10231541696811 -深海货盘-625-35,0.01,2,0,0.00,0.00,0.00,福利价/无价格|考古加素材混剪,,
2026-10-01,13125482881,荣耀-XN-金融-通用-壁纸-混剪-纯AIGC-260422-625-4,0.01,10,0,0.00,0.00,0.00,,,
2026-10-01,13988881818,CH-SC-低活-10217740550325-超级抢购-箱包皮具-无-剪辑-转化引导-箱包皮具-20260720-无-625-aigc-2,0.01,2,0,0.00,0.00,0.00,平台一组AIGC|心如|快手重复素材|快手非低质素材|福利价|腾讯首发素材,,
2026-10-01,14374726043,信息流-小牛-苹果-三方主体-代运营-新人福利价-260903-10186710590960-历史爆品-625-3,0.01,1,0,0.00,0.00,0.00,原生|福利价/无价格|考古加素材混剪,,
2026-10-01,14383821463,CH-SC-低活-10129955889557-超级抢购-厨具-无-剪辑-转化引导-厨具-260901-无-625-15,0.01,4,0,0.00,0.00,0.00,福利价,,
2026-10-01,14516335185,CH-SC-低活-10111392494770-超级抢购加补-收纳用品-无-剪辑-转化引导-收纳用品-20260911-无-625-30,0.01,1,0,0.00,0.00,0.00,心如,,
2026-10-01,14216995982,CH-SC-低活-10163212681383-超级抢购-水饮冲调-无-剪辑-转化引导-水饮冲调-20260812-无-625-aigc-14,0.01,4,0,0.00,0.00,0.00,平台一组AIGC|福利价,,
2026-10-01,14516517003,CH-SC-低活-10113209119177-超级抢购-电动车-无-剪辑-转化引导-电动车-260907-无-625-12,0.01,3,2,0.00,0.00,66.67,心如|福利价,,
2026-10-01,14197435441,CH-SC-低活-10199184867564-外卖1分购-外卖美食-无-剪辑-转化引导-外卖美食-20260810-无-625-7,0.01,1,0,0.00,0.00,0.00,心如|搬运打压素材|福利价,,
2026-10-01,14516507372,CH-SC-低活-10233824843150-超级抢购-收纳用品-无-剪辑-转化引导-收纳用品-260907-无-625-8,0.01,1,0,0.00,0.00,0.00,心如|福利价,,
2026-10-01,14319045774,CH-SC-低活-10140917922437-超级抢购-家庭清洁-无-剪辑-转化引导-家庭清洁-20260820-无-625-aigc-15,0.01,7,0,0.00,0.00,0.00,平台一组AIGC|心如|快手原创素材|快手非低质素材|福利价|腾讯首发素材,,
2026-10-01,14516504264,CH-SC-低活-10233824843150-超级抢购-收纳用品-无-剪辑-转化引导-收纳用品-260907-无-625-14,0.01,2,0,0.00,0.00,0.00,心如|福利价,,
2026-10-01,14422280048,信息流-小牛-真空袋-三方主体-代运营-新人福利价-260908-10212584519594-内部实时跑量-625-1,0.01,27,0,0.00,0.00,0.00,福利价/无价格|考古加素材混剪,,
2026-10-01,14554234561,CH-SC-低活-10233824843150-超级抢购-收纳用品-无-剪辑-转化引导-收纳用品-260918-无-625-12,0.01,1,0,0.00,0.00,0.00,,,
2026-10-01,13881551454,CH-SC-广义新-10177393646076-新综合频道-灯饰照明-京喜拉新-剪辑-转化引导-灯饰照明-20260715-无-625-9,0.01,2,0,0.00,0.00,0.00,广义新头条|快手重复素材|快手非低质素材|腾讯首发素材,,
2026-10-01,14319041988,CH-SC-低活-10140917922437-超级抢购-家庭清洁-无-剪辑-转化引导-家庭清洁-20260820-无-625-aigc-2,0.01,4,0,0.00,0.00,0.00,平台AI测试/视频/一组智能体|平台一组AIGC|心如|快手原创素材|快手非低质素材|福利价,,
2026-10-01,14516414038,CH-SC-低活-10233824843150-超级抢购-收纳用品-无-剪辑-转化引导-收纳用品-260915-无-625-21,0.01,1,0,0.00,0.00,0.00,心如|福利价,,
2026-10-01,14309673968,信息流-小牛-电脑支架-三方主体-代运营-新人福利价-260827-10191489644462-大盘实扒改-625-3,0.01,2,0,0.00,0.00,0.00,平台一组AIGC|福利价/无价格|考古加素材混剪,,
2026-10-01,14631519620,CH-SC-低活-10139440032542-超级抢购-运动户外-无-剪辑-转化引导-运动户外-260927-无-625-头条储备-78,0.01,1,0,0.00,0.00,0.00,,,
2026-10-01,14049453611,CH-SC-低活-10203314269223-超级抢购-生鲜-无-剪辑-转化引导-生鲜-20260730-无-625-aigc-1,0.01,1,0,0.00,0.00,0.00,平台一组AIGC|心如|福利价|腾讯首发素材,,
2026-10-01,14529788972,信息流-小牛-停车号码牌-三方主体-代运营-新人福利价-260917-10203964359828-内部实时跑量-625-34,0.01,4,0,0.00,0.00,0.00,,,
2026-10-01,14529799542,信息流-小牛-停车号码牌-三方主体-代运营-新人福利价-260917-10203964359828-内部实时跑量-625-17,0.01,2,0,0.00,0.00,0.00,,,
2026-10-01,13776625183,CH-SC-广义新-10177393646076-新综合频道-灯饰照明-京喜拉新-剪辑-转化引导-灯饰照明-20260702-反向-625-aigc-22,0.01,5,0,0.00,0.00,0.00,平台一组AIGC|快手原创素材|快手非低质素材|无价格|福利价/无价格,,
2026-10-01,14383821478,CH-SC-低活-10129955889557-超级抢购-厨具-无-剪辑-转化引导-厨具-260901-无-625-14,0.01,1,0,0.00,0.00,0.00,福利价,,
2026-10-01,13873247401,CH-SC-低活-10217740550325-超级抢购-箱包皮具-无-剪辑-转化引导-箱包皮具-20260713-无-625-aigc-1,0.01,2,0,0.00,0.00,0.00,平台一组AIGC|心如|快手重复素材|快手非低质素材|福利价|腾讯首发素材,,
2026-10-01,12851484788,荣耀-XN-短剧-通用-数字人介绍-混剪-2600320-625-50,0.01,9,0,0.00,0.00,0.00,,,
2026-10-01,14422137777,信息流-小牛-骑行支架-三方主体-代运营-新人福利价-260908-10139440032542-历史爆品-625-8,0.01,1,0,0.00,0.00,0.00,福利价/无价格|考古加素材混剪,,
2026-10-01,13916115670,CH-SC-广义新-10155000015319-新综合频道-厨具-京喜拉新-剪辑-转化引导-厨具-20260716-无-625-aigc-5,0.00,2,0,0.00,0.00,0.00,平台一组AIGC|广义新头条|心如|无价格,,
2026-10-01,13916117535,CH-SC-广义新-10155000015319-新综合频道-厨具-京喜拉新-剪辑-转化引导-厨具-20260716-无-625-aigc-8,0.00,2,0,0.00,0.00,0.00,平台一组AIGC|广义新头条|心如|无价格|腾讯首发素材,,
2026-10-01,14274420886,CH-SC-广义新-10136363822650-新综合频道-纸品-京喜拉新-剪辑-转化引导-纸品-20260804-无-625-aigc-24,0.00,0,0,0.00,0.00,0.00,平台一组AIGC|快手重复素材|快手非低质素材|腾讯首发素材,,
2026-10-01,14050217412,CH-SC-广义新-10187000434970-新综合频道-厨具-京喜拉新-剪辑-转化引导-厨具-20260730-无-625-8,0.00,1,0,0.00,0.00,0.00,广义新头条|心如|快手重复素材|快手非低质素材|腾讯首发素材,,
2026-10-01,14631517733,CH-SC-低活-10217740550325-超级抢购-箱包皮具-无-剪辑-转化引导-箱包皮具-260921-无-625-头条储备-aigc-106,0.00,1,0,0.00,0.00,0.00,,,
2026-10-01,14631517441,CH-SC-低活-10217740550325-超级抢购-箱包皮具-无-剪辑-转化引导-箱包皮具-260921-无-625-头条储备-aigc-111,0.00,1,0,0.00,0.00,0.00,,,
2026-10-01,13846319941,CH-SC-低活-10140917922437-超级抢购-家庭清洁-无-剪辑-转化引导-家庭清洁-20260708-无-625-aigc-2,0.00,0,0,0.00,0.00,0.00,平台一组AIGC|心如|快手重复素材|快手非低质素材|福利价|腾讯首发素材,,
2026-10-01,14422217596,信息流-小牛-小蜜桃-三方主体-代运营-新人福利价-260908-10231541696811 -深海货盘-625-20,0.00,0,0,0.00,0.00,0.00,福利价/无价格|考古加素材混剪,,
2026-10-01,14319041553,CH-SC-低活-10140917922437-超级抢购-家庭清洁-无-剪辑-转化引导-家庭清洁-20260820-无-625-aigc-5,0.00,1,0,0.00,0.00,0.00,平台一组AIGC|心如|快手重复素材|快手非低质素材|福利价,,
2026-10-01,13873215737,CH-SC-低活-10113209119177-超级抢购-电动车-无-剪辑-转化引导-电动车-20260709-无-625-8,0.00,3,0,0.00,0.00,0.00,心如|快手原创素材|快手非低质素材|福利价|腾讯首发素材,,
2026-10-01,14131167625,CH-SC-广义新-10138594878445 -新综合频道-电动车-京喜拉新-剪辑-转化引导-电动车-20260807-反选-625-5,0.00,24,0,0.00,0.00,0.00,无价格,,
2026-10-01,14131178456,CH-SC-广义新-10138594878445 -新综合频道-电动车-京喜拉新-剪辑-转化引导-电动车-20260807-反选-625-17,0.00,4,0,0.00,0.00,0.00,快手重复素材|快手非低质素材|无价格,,
2026-10-01,14309576263,信息流-小牛-围裙-三方主体-代运营-新人福利价-260827-10117891615029-设计自选-625-14,0.00,1,0,0.00,0.00,0.00,平台一组AIGC|福利价/无价格|考古加素材混剪,,
2026-10-01,14553595519,CH-SC-广义新-10177677707229 -新综合频道-收纳用品-京喜拉新-剪辑-转化引导-收纳用品-260916-无-625-3,0.00,1,0,0.00,0.00,0.00,,,
2026-10-01,14516358188,CH-SC-低活-10118706992348-超级抢购加补-纸品-无-剪辑-转化引导-纸品-260914-无-625-42,0.00,1,1,0.00,0.00,100.00,心如,,
2026-10-01,14554167690,CH-SC-低活-10096167203452-超级抢购-纸品-大商超-剪辑-转化引导-纸品-260917-无-625-17,0.00,0,0,0.00,0.00,0.00,,,
2026-10-01,14309355419,信息流-小牛-工具箱-三方主体-代运营-新人福利价-260827-10114015186364-内部实时跑量-625-aigc-1,0.00,6,0,0.00,0.00,0.00,平台一组AIGC|福利价/无价格|考古加素材混剪,,
2026-10-01,14374678024,信息流-小牛-苹果-三方主体-代运营-新人福利价-260903-10186710590960-历史爆品-625-48,0.00,2,0,0.00,0.00,0.00,原生|福利价/无价格|考古加素材混剪,,
2026-10-01,13960081370,信息流-小牛-抽纸-三方主体-代运营-新人福利价-0724-10105196309536 -历史爆品-625-3,0.00,0,0,0.00,0.00,0.00,福利价/无价格|腾讯首发素材,,
2026-10-01,14216998982,CH-SC-低活-10163212681383-超级抢购-水饮冲调-无-剪辑-转化引导-水饮冲调-20260812-无-625-4,0.00,1,0,0.00,0.00,0.00,福利价,,
2026-10-01,14631527661,CH-SC-低活-10100542418506-超级抢购-生活日用-无-剪辑-转化引导-生活日用-260921-无-625-头条储备-39,0.00,0,0,0.00,0.00,0.00,,,
2026-10-01,14309350700,信息流-小牛-工具箱-三方主体-代运营-新人福利价-260827-10114015186364-内部实时跑量-625-aigc-3,0.00,5,0,0.00,0.00,0.00,平台一组AIGC|福利价/无价格|考古加素材混剪,,
2026-10-01,14422199457,信息流-小牛-小蜜桃-三方主体-代运营-新人福利价-260908-10231541696811 -深海货盘-625-42,0.00,1,0,0.00,0.00,0.00,福利价/无价格|考古加素材混剪,,
2026-10-01,14422203874,信息流-小牛-小蜜桃-三方主体-代运营-新人福利价-260908-10231541696811 -深海货盘-625-38,0.00,2,0,0.00,0.00,0.00,福利价/无价格|考古加素材混剪,,
2026-10-01,13846341238,CH-SC-低活-10113209119177-超级抢购-电动车-无-剪辑-转化引导-电动车-20260708-无-625-9,0.00,1,0,0.00,0.00,0.00,平台一组AIGC|心如|快手重复素材|快手非低质素材|福利价|腾讯首发素材,,
2026-10-01,14422213377,信息流-小牛-小蜜桃-三方主体-代运营-新人福利价-260908-10231541696811 -深海货盘-625-22,0.00,6,0,0.00,0.00,0.00,福利价/无价格|考古加素材混剪,,
2026-10-01,14554163485,CH-SC-低活-10096167203452-超级抢购-纸品-大商超-剪辑-转化引导-纸品-260917-无-625-13,0.00,0,0,0.00,0.00,0.00,,,
2026-10-01,14422247951,信息流-小牛-真空袋-三方主体-代运营-新人福利价-260908-10212584519594-内部实时跑量-625-56,0.00,1,0,0.00,0.00,0.00,福利价/无价格|考古加素材混剪,,
2026-10-01,14488332052,信息流-小牛-大月饼-三方主体-代运营-新人福利价-260914-10163022037983-内部实时跑量-625-16,0.00,19,0,0.00,0.00,0.00,福利价/无价格|考古加素材混剪,,
2026-10-01,13916115157,CH-SC-广义新-10155000015319-新综合频道-厨具-京喜拉新-剪辑-转化引导-厨具-20260716-无-625-aigc-7,0.00,1,0,0.00,0.00,0.00,平台一组AIGC|广义新头条|心如|无价格|腾讯首发素材,,
2026-10-01,14309750869,信息流-小牛-雨伞-三方主体-代运营-新人福利价-260828-10113643996701-大盘扒改-625-17,0.00,1,0,0.00,0.00,0.00,原生|大盘扒改|平台一组AIGC|福利价/无价格,,
2026-10-01,13248261324,荣耀-XN-影音娱乐-通用-萌宠视频-混剪-2600508-625-3,0.00,0,0,0.00,0.00,0.00,,,
2026-10-01,14516377207,CH-SC-低活-10111392494770-超级抢购加补-收纳用品-无-剪辑-转化引导-收纳用品-20260911-无-625-12,0.00,1,0,0.00,0.00,0.00,心如,,
2026-10-01,14131166223,CH-SC-广义新-100182842255-新综合频道-休闲食品-大商超-剪辑-转化引导-休闲食品-20260806-反向-625-9,0.00,1,0,0.00,0.00,0.00,无价格|腾讯首发素材,,
2026-10-01,14553594404,CH-SC-广义新-10177677707229 -新综合频道-收纳用品-京喜拉新-剪辑-转化引导-收纳用品-260916-无-625-5,0.00,1,1,0.00,0.00,100.00,,,
2026-10-01,14444443145,信息流-小牛-陶瓷碗-三方主体-代运营-新人1分钱-260910-10129451028601-商务选品-625-21,0.00,3,0,0.00,0.00,0.00,福利价/无价格,,
2026-10-01,14422218979,信息流-小牛-小蜜桃-三方主体-代运营-新人福利价-260908-10231541696811 -深海货盘-625-14,0.00,2,1,0.00,0.00,50.00,福利价/无价格|考古加素材混剪,,
2026-10-01,14050215407,CH-SC-广义新-10187000434970-新综合频道-厨具-京喜拉新-剪辑-转化引导-厨具-20260730-无-625-4,0.00,0,0,0.00,0.00,0.00,广义新头条|心如|快手重复素材|快手非低质素材|腾讯首发素材,,
2026-10-01,13341765349,CH-SC-广义新-10219841541026-新综合频道-厨具-京喜拉新-剪辑-转化引导-厨具-20260520-反向-625-7,0.00,1,0,0.00,0.00,0.00,广义新头条|心如|快手重复素材|快手非低质素材|无价格|腾讯首发素材,,
2026-10-01,14444454433,信息流-小牛-陶瓷碗-三方主体-代运营-新人1分钱-260910-10129451028601-商务选品-625-8,0.00,2,0,0.00,0.00,0.00,福利价/无价格,,
2026-10-01,14365974192,CH-SC-低活-10207774889664-超级抢购-家庭清洁-无-剪辑-转化引导-家庭清洁-20260828-无-625-白牌-17,0.00,2,0,0.00,0.00,0.00,0820白牌|快手原创素材|快手非低质素材|福利价|腾讯首发素材,,
2026-10-01,14131185121,CH-SC-广义新-10138594878445 -新综合频道-电动车-京喜拉新-剪辑-转化引导-电动车-20260807-反选-625-13,0.00,1,0,0.00,0.00,0.00,快手原创素材|快手非低质素材|无价格,,
2026-10-01,14444460280,信息流-小牛-陶瓷碗-三方主体-代运营-新人1分钱-260910-10129451028601-商务选品-625-7,0.00,1,0,0.00,0.00,0.00,福利价/无价格,,
2026-10-01,13960082328,信息流-小牛-抽纸-三方主体-代运营-新人福利价-0724-10105196309536 -历史爆品-625-4,0.00,3,0,0.00,0.00,0.00,福利价/无价格|腾讯首发素材,,
2026-10-01,13776607706,CH-SC-广义新-10177393646076-新综合频道-灯饰照明-京喜拉新-剪辑-转化引导-灯饰照明-20260702-反向-625-aigc-17,0.00,1,0,0.00,0.00,0.00,平台一组AIGC|快手原创素材|快手非低质素材|无价格|福利价/无价格,,
2026-10-01,14553589644,CH-SC-广义新-10177677707229 -新综合频道-收纳用品-京喜拉新-剪辑-转化引导-收纳用品-260916-无-625-13,0.00,0,0,0.00,0.00,0.00,,,
2026-10-01,14553591594,CH-SC-广义新-10177677707229 -新综合频道-收纳用品-京喜拉新-剪辑-转化引导-收纳用品-260916-无-625-10,0.00,3,0,0.00,0.00,0.00,,,
2026-10-01,14631519538,CH-SC-低活-10139440032542-超级抢购-运动户外-无-剪辑-转化引导-运动户外-260927-无-625-头条储备-79,0.00,1,0,0.00,0.00,0.00,,,
2026-10-01,14554168778,CH-SC-低活-10096167203452-超级抢购-纸品-大商超-剪辑-转化引导-纸品-260917-无-625-15,0.00,0,0,0.00,0.00,0.00,,,
2026-10-01,14374703523,信息流-小牛-苹果-三方主体-代运营-新人福利价-260903-10186710590960-历史爆品-625-24,0.00,1,0,0.00,0.00,0.00,原生|福利价/无价格|考古加素材混剪,,
2026-10-01,14535581094,信息流-小牛-打火机-三方主体-代运营-新人福利价-260918-10162692688878-内部实时跑量-625-40,0.00,9,0,0.00,0.00,0.00,,,
2026-10-01,13916302821,CH-SC-低活-10140917922437-超级抢购-家庭清洁-无-剪辑-转化引导-家庭清洁-20260715-无-625-aigc-12,0.00,4,0,0.00,0.00,0.00,平台一组AIGC|心如|快手重复素材|快手非低质素材|无价格|腾讯首发素材,,
2026-10-01,14319043280,CH-SC-低活-10140917922437-超级抢购-家庭清洁-无-剪辑-转化引导-家庭清洁-20260820-无-625-aigc-23,0.00,1,0,0.00,0.00,0.00,平台一组AIGC|心如|快手原创素材|快手非低质素材|福利价|腾讯首发素材,,
2026-10-01,13179799967,荣耀-XN-影音娱乐-通用-风景-混剪-260429-625-14,0.00,1,0,0.00,0.00,0.00,,,
2026-10-01,13592311755,CH-SC-广义新-10139440032542-新综合频道-运动户外-京喜拉新-剪辑-转化引导-运动户外-20260616-无-625-aigc-17,0.00,3,0,0.00,0.00,0.00,平台一组AIGC|广义新头条|快手重复素材|快手非低质素材|腾讯首发素材,,
2026-10-01,14309315147,信息流-小牛-工具箱-三方主体-代运营-新人福利价-260827-10114015186364-内部实时跑量-625-aigc-27,0.00,1,0,0.00,0.00,0.00,平台一组AIGC|福利价/无价格|考古加素材混剪,,
2026-10-01,14318977002,CH-SC-广义新-10128848312108-新综合频道-厨具-京喜拉新-剪辑-转化引导-厨具-260827-无-625-aigc-16,0.00,1,0,0.00,0.00,0.00,平台一组AIGC|无价格,,
2026-10-01,14516329738,CH-SC-低活-10111392494770-超级抢购加补-收纳用品-无-剪辑-转化引导-收纳用品-20260911-无-625-44,0.00,1,0,0.00,0.00,0.00,心如,,
2026-10-01,14049376504,CH-SC-低活-10178946597305-超级抢购-厨具-无-剪辑-转化引导-厨具-20260728-无-625-aigc-9,0.00,0,0,0.00,0.00,0.00,平台一组AIGC|心如|快手原创素材|快手非低质素材|福利价|腾讯首发素材,,
2026-10-01,13684852267,CH-SC-广义新-无-新10元话费券-10元话费券-京喜拉新-剪辑-转化引导-10元话费券-20260626-无-625-12,0.00,0,0,0.00,0.00,0.00,快手重复素材|快手非低质素材|腾讯首发素材,,
2026-10-01,14131173646,CH-SC-广义新-10138594878445 -新综合频道-电动车-京喜拉新-剪辑-转化引导-电动车-20260807-反选-625-21,0.00,2,0,0.00,0.00,0.00,快手原创素材|快手非低质素材|无价格,,
2026-10-01,14516501405,CH-SC-低活-10233824843150-超级抢购-收纳用品-无-剪辑-转化引导-收纳用品-260907-无-625-20,0.00,1,0,0.00,0.00,0.00,心如|福利价,,
2026-10-01,13873209822,CH-SC-低活-10113209119177-超级抢购-电动车-无-剪辑-转化引导-电动车-20260709-无-625-2,0.00,1,0,0.00,0.00,0.00,心如|快手重复素材|快手非低质素材|福利价|腾讯首发素材,,
2026-10-01,14374708078,信息流-小牛-苹果-三方主体-代运营-新人福利价-260903-10186710590960-历史爆品-625-20,0.00,4,0,0.00,0.00,0.00,原生|福利价/无价格|考古加素材混剪,,
2026-10-01,14309672531,信息流-小牛-电脑支架-三方主体-代运营-新人福利价-260827-10191489644462-大盘实扒改-625-4,0.00,1,0,0.00,0.00,0.00,平台一组AIGC|福利价/无价格|考古加素材混剪,,
2026-10-01,14488294813,信息流-小牛-大月饼-三方主体-代运营-新人福利价-260914-10163022037983-内部实时跑量-625-36,0.00,1,0,0.00,0.00,0.00,福利价/无价格|考古加素材混剪,,
2026-10-01,13346186151,CH-SC-低活-10219841541027-好价清单-厨具-无-剪辑-转化引导-厨具-20260521-无-625-12,0.00,1,0,0.00,0.00,0.00,心如|福利价,,
2026-10-01,13916301575,CH-SC-低活-10140917922437-超级抢购-家庭清洁-无-剪辑-转化引导-家庭清洁-20260715-无-625-aigc-9,0.00,13,0,0.00,0.00,0.00,平台一组AIGC|心如|快手重复素材|快手非低质素材|无价格|腾讯首发素材,,
2026-10-01,13916116419,CH-SC-广义新-10155000015319-新综合频道-厨具-京喜拉新-剪辑-转化引导-厨具-20260716-无-625-aigc-6,0.00,1,0,0.00,0.00,0.00,平台一组AIGC|广义新头条|心如|无价格,,
2026-10-01,14631550125,CH-SC-广义新-10139440032542-新综合频道-运动户外-京喜拉新-剪辑-转化引导-运动户外-20260927-无-625-102,0.00,0,0,0.00,0.00,0.00,,,
2026-10-01,14309670606,信息流-小牛-饭盒-三方主体-代运营-新人福利价-260827-10125420247464-设计自选-625-2,0.00,0,0,0.00,0.00,0.00,平台一组AIGC|福利价/无价格|考古加素材混剪,,
2026-10-01,13096015983,荣耀-XN-影音娱乐-通用-风景-混剪-260417-625-4,0.00,1,0,0.00,0.00,0.00,,,
2026-10-01,13989057242,CH-SC-广义新-10209805116351-新综合频道-生鲜-京喜拉新-剪辑-转化引导-生鲜-20260722-无-625-6,0.00,1,0,0.00,0.00,0.00,广义新头条|腾讯首发素材,,
2026-10-01,14516368261,CH-SC-低活-10118706992348-超级抢购加补-纸品-无-剪辑-转化引导-纸品-260914-无-625-14,0.00,1,0,0.00,0.00,0.00,心如,,
2026-10-01,13916109369,CH-SC-广义新-10155000015319-新综合频道-厨具-京喜拉新-剪辑-转化引导-厨具-20260716-无-625-aigc-3,0.00,2,0,0.00,0.00,0.00,平台一组AIGC|广义新头条|心如|无价格|腾讯首发素材,,
2026-10-01,14488300972,信息流-小牛-大月饼-三方主体-代运营-新人福利价-260914-10163022037983-内部实时跑量-625-32,0.00,1,0,0.00,0.00,0.00,福利价/无价格|考古加素材混剪,,
2026-10-01,12993032111,荣耀-XN-影音-通用-音乐-混剪-260403-625-1,0.00,0,0,0.00,0.00,0.00,,,
2026-10-01,14488308940,信息流-小牛-大月饼-三方主体-代运营-新人福利价-260914-10163022037983-内部实时跑量-625-29,0.00,1,0,0.00,0.00,0.00,福利价/无价格|考古加素材混剪,,
2026-10-01,14274411325,CH-SC-广义新-10136363822650-新综合频道-纸品-京喜拉新-剪辑-转化引导-纸品-20260804-无-625-aigc-7,0.00,0,0,0.00,0.00,0.00,平台AI测试/视频/一组智能体|平台一组AIGC|快手重复素材|快手非低质素材,,
2026-10-01,13471070287,CH-SC-广义新-10136363822650-新综合频道-家庭清洁-京喜拉新-剪辑-转化引导-家庭清洁-20260602-反向-625-3,0.00,0,0,0.00,0.00,0.00,广义新头条|快手重复素材|快手非低质素材|腾讯首发素材,,
2026-10-01,14095107959,CH-SC-广义新-10138594878445-新综合频道-电动车-京喜拉新-剪辑-转化引导-电动车-20260805-无-625-12,0.00,2,0,0.00,0.00,0.00,广义新头条|快手原创素材|快手非低质素材,,
2026-10-01,14486272585,信息流-小牛-毛毯-三方主体-代运营-新人福利价-260914-10146450179286-商务选品-625-33,0.00,2,0,0.00,0.00,0.00,快手原创素材|快手非低质素材|福利价/无价格,,
2026-10-01,13799992857,CH-SC-广义新-10134479334759-新综合频道-钟表眼镜-京喜拉新-剪辑-转化引导-钟表眼镜-20260703-无-625-aigc-6,0.00,3,0,0.00,0.00,0.00,平台一组AIGC|广义新头条|心如|快手重复素材|快手非低质素材|腾讯首发素材,,
2026-10-01,14050222435,CH-SC-广义新-10187000434970-新综合频道-厨具-京喜拉新-剪辑-转化引导-厨具-20260730-无-625-15,0.00,1,0,0.00,0.00,0.00,广义新头条|心如|快手重复素材|快手非低质素材|腾讯首发素材,,
2026-10-01,14516513909,CH-SC-低活-10113209119177-超级抢购-电动车-无-剪辑-转化引导-电动车-260907-无-625-1,0.00,0,0,0.00,0.00,0.00,心如|福利价,,
2026-10-01,14422140237,信息流-小牛-骑行支架-三方主体-代运营-新人福利价-260908-10139440032542-历史爆品-625-58,0.00,6,0,0.00,0.00,0.00,福利价/无价格|考古加素材混剪,,
2026-10-01,14488296749,信息流-小牛-大月饼-三方主体-代运营-新人福利价-260914-10163022037983-内部实时跑量-625-35,0.00,1,0,0.00,0.00,0.00,福利价/无价格|考古加素材混剪,,
2026-10-01,14535580726,信息流-小牛-打火机-三方主体-代运营-新人福利价-260918-10162692688878-内部实时跑量-625-42,0.00,1,0,0.00,0.00,0.00,,,
2026-10-01,14153374432,信息流-小牛-饭盒-三方主体-代运营-新人福利价-0812-10125420247464-大盘实扒改-625-1,0.00,8,0,0.00,0.00,0.00,大盘扒改|福利价/无价格,,
2026-10-01,14553585271,CH-SC-广义新-10177677707229 -新综合频道-收纳用品-京喜拉新-剪辑-转化引导-收纳用品-260916-无-625-2,0.00,3,0,0.00,0.00,0.00,,,
2026-10-01,13916106597,CH-SC-广义新-10155000015319-新综合频道-厨具-京喜拉新-剪辑-转化引导-厨具-20260716-无-625-aigc-11,0.00,2,0,0.00,0.00,0.00,平台一组AIGC|广义新头条|心如|无价格|腾讯首发素材,,
2026-10-01,14247818057,CH-SC-低活-10120514417084-超级抢购-生鲜-无-剪辑-转化引导-生鲜-20260818-无-625-aigc-3,0.00,18,0,0.00,0.00,0.00,平台一组AIGC,,
2026-10-01,14516366705,CH-SC-低活-10118706992348-超级抢购加补-纸品-无-剪辑-转化引导-纸品-260914-无-625-23,0.00,1,0,0.00,0.00,0.00,心如,,
2026-10-01,14498626380,CH-SC-低活-10161130444375-超级抢购-农资园艺-无-剪辑-转化引导-农资园艺-260908-无-625-11,0.00,0,0,0.00,0.00,0.00,心如|福利价,,
2026-10-01,14408014421,CH-SC-广义新-10129955889557-新综合频道-厨具-京喜拉新-剪辑-转化引导-厨具-260904-反向-625-7,0.00,1,0,0.00,0.00,0.00,无价格,,
2026-10-01,14131177128,CH-SC-广义新-10138594878445 -新综合频道-电动车-京喜拉新-剪辑-转化引导-电动车-20260807-反选-625-20,0.00,4,1,0.00,0.00,25.00,快手原创素材|快手非低质素材|无价格,,
2026-10-01,14422261609,信息流-小牛-真空袋-三方主体-代运营-新人福利价-260908-10212584519594-内部实时跑量-625-37,0.00,1,0,0.00,0.00,0.00,福利价/无价格|考古加素材混剪,,
2026-10-02,14422220800,信息流-小牛-小蜜桃-三方主体-代运营-新人福利价-260908-10231541696811 -深海货盘-625-10,2995.84,246446,8365,6.87,436.00,3.39,福利价/无价格|考古加素材混剪,,
2026-10-02,14095132360,CH-SC-广义新-10136363822650-新综合频道-纸品-京喜拉新-剪辑-转化引导-纸品-20260804-无-625-13,2559.17,138419,13530,42.65,60.00,9.77,平台AI测试/视频/一组智能体|平台一组AIGC|广义新头条|快手重复素材|快手非低质素材|腾讯首发素材,,
2026-10-02,14422193816,信息流-小牛-小蜜桃-三方主体-代运营-新人福利价-260908-10231541696811 -深海货盘-625-6,1401.19,156277,8550,6.52,215.00,5.47,福利价/无价格|考古加素材混剪,,
2026-10-02,13846015115,CH-SC-广义新-10140917922437-新综合频道-家庭清洁-京喜拉新-剪辑-转化引导-家庭清洁-20260710-无-625-aigc-11,888.94,20360,3264,31.75,28.00,16.03,平台一组AIGC|广义新头条|心如|快手原创素材|快手非低质素材|无价格|腾讯首发素材,,
2026-10-02,13873191026,CH-SC-低活-10140917922437-超级抢购-家庭清洁-无-剪辑-转化引导-家庭清洁-20260709-无-625-aigc-2,852.02,26395,862,60.86,14.00,3.27,平台一组AIGC|心如|快手重复素材|快手非低质素材|福利价|腾讯首发素材,,
2026-10-02,13685269854,CH-SC-低活-10233824843150-超级抢购加补-生活日用-无-剪辑-转化引导-生活日用-20260626-无-625-aigc-15,652.77,26239,619,18.65,35.00,2.36,平台一组AIGC|心如|快手重复素材|快手非低质素材|福利价|腾讯首发素材,,
2026-10-02,13486885202,CH-SC-广义新-无-新10元话费券-10元话费券-京喜拉新-剪辑-转化引导-10元话费券-20260605-无-625-4,607.97,24825,1687,40.53,15.00,6.80,快手重复素材|快手非低质素材|腾讯首发素材,,
2026-10-02,13603383616,CH-SC-低活-10217740550325-超级抢购加补-箱包皮具-无-剪辑-转化引导-箱包皮具-20260617-无-625-aigc-5,595.28,36952,987,148.82,4.00,2.67,加补1分钱|平台一组AIGC|心如|快手重复素材|快手非低质素材|腾讯首发素材,,
2026-10-02,14535550616,信息流-小牛-打火机-三方主体-代运营-新人福利价-260918-10162692688878-内部实时跑量-625-7,554.34,45866,911,26.40,21.00,1.99,,,
2026-10-02,13614624623,CH-SC-广义新-10134479334759-新综合频道-钟表眼镜-京喜拉新-剪辑-转化引导-钟表眼镜-20260618-无-625-aigc-7,524.73,53177,1452,12.80,41.00,2.73,平台一组AIGC|快手重复素材|快手非低质素材|腾讯首发素材,,
2026-10-02,13603317054,CH-SC-广义新-10118706992345-新综合频道-纸品-无-剪辑-转化引导-纸品-20260617-无-625-aigc-8,502.22,112286,106801,0.69,730.00,95.12,平台一组AIGC|广义新头条|快手原创素材|快手非低质素材,,
2026-10-02,14422248290,信息流-小牛-真空袋-三方主体-代运营-新人福利价-260908-10212584519594-内部实时跑量-625-53,443.82,66931,1767,15.30,29.00,2.64,福利价/无价格|考古加素材混剪|腾讯首发素材,,
2026-10-02,13846375083,CH-SC-低活-10112643484929-超级抢购-手机通讯-无-剪辑-转化引导-手机通讯-20260708-无-625-aigc-6,413.92,25106,297,45.99,9.00,1.18,DHX扒起量0706|平台一组AIGC|心如|快手重复素材|快手非低质素材|福利价,,
2026-10-02,14299137400,CH-PRJ-采销项目-无-快手-无-无-剪辑-转化引导-无-260825-无-625-5,413.72,5283,3983,0.12,3360.00,75.39,快手重复素材|快手非低质素材,,
2026-10-02,14318965135,CH-PRJ-采销项目-无-快手-无-无-剪辑-转化引导-无-260826-无-625-4,359.79,3048,2678,0.15,2455.00,87.86,快手重复素材|快手非低质素材,,
2026-10-02,14486253331,信息流-小牛-毛毯-三方主体-代运营-新人福利价-260914-10146450179286-商务选品-625-18,317.53,16703,467,39.69,8.00,2.80,快手原创素材|快手非低质素材|福利价/无价格,,
2026-10-02,14486256691,信息流-小牛-毛毯-三方主体-代运营-新人福利价-260914-10146450179286-商务选品-625-14,282.94,23553,502,16.64,17.00,2.13,快手原创素材|快手非低质素材|福利价/无价格,,
2026-10-02,13846397896,CH-SC-低活-10112643484929-超级抢购-手机通讯-无-剪辑-转化引导-手机通讯-20260708-无-625-aigc-1,278.30,13567,186,30.92,9.00,1.37,DHX扒起量0706|平台一组AIGC|心如|快手重复素材|快手非低质素材|福利价|腾讯首发素材,,
2026-10-02,13145024268,荣耀-XN-影音娱乐-通用-萌宠-混剪-260424-625-10,258.51,39091,12715,2.05,126.00,32.53,,,
2026-10-02,14086782388,信息流-小牛-陶瓷碗-三方主体-代运营-新人福利价-0806-10129451028601-客户推品-625-4,240.46,24786,330,40.08,6.00,1.33,客供|福利价/无价格,,
2026-10-02,14422246925,信息流-小牛-真空袋-三方主体-代运营-新人福利价-260908-10212584519594-内部实时跑量-625-54,214.72,50274,980,11.30,19.00,1.95,福利价/无价格|考古加素材混剪|腾讯首发素材,,
2026-10-02,14422195635,信息流-小牛-小蜜桃-三方主体-代运营-新人福利价-260908-10231541696811 -深海货盘-625-49,207.35,30379,904,7.15,29.00,2.98,福利价/无价格|考古加素材混剪,,
2026-10-02,14033674081,信息流-小牛-折叠椅-京东主体-代运营-新人福利价-0731-10183713190151-设计自选-625-8,177.85,10452,363,59.28,3.00,3.47,福利价/无价格,,
2026-10-02,14488283013,信息流-小牛-大月饼-三方主体-代运营-新人福利价-260914-10163022037983-内部实时跑量-625-42,167.76,19571,438,16.78,10.00,2.24,福利价/无价格|考古加素材混剪,,
2026-10-02,14535548298,信息流-小牛-打火机-三方主体-代运营-新人福利价-260918-10162692688878-内部实时跑量-625-9,167.68,11321,304,33.54,5.00,2.69,,,
2026-10-02,14319042692,CH-SC-低活-10140917922437-超级抢购-家庭清洁-无-剪辑-转化引导-家庭清洁-20260820-无-625-aigc-25,163.19,3100,252,40.80,4.00,8.13,平台一组AIGC|心如|快手重复素材|快手非低质素材|福利价|腾讯首发素材,,
2026-10-02,14422209845,信息流-小牛-小蜜桃-三方主体-代运营-新人福利价-260908-10231541696811 -深海货盘-625-28,154.88,6437,398,22.13,7.00,6.18,福利价/无价格|考古加素材混剪,,
2026-10-02,14422196839,信息流-小牛-小蜜桃-三方主体-代运营-新人福利价-260908-10231541696811 -深海货盘-625-50,154.27,28700,1047,7.71,20.00,3.65,福利价/无价格|考古加素材混剪,,
2026-10-02,14422211840,信息流-小牛-小蜜桃-三方主体-代运营-新人福利价-260908-10231541696811 -深海货盘-625-3,148.67,26949,838,9.29,16.00,3.11,福利价/无价格|考古加素材混剪,,
2026-10-02,14535556657,信息流-小牛-打火机-三方主体-代运营-新人福利价-260918-10162692688878-内部实时跑量-625-64,145.81,10204,264,29.16,5.00,2.59,,,
2026-10-02,13957181664,信息流-小牛-保温饭盒-三方主体-代运营-新人福利价-0724-10125420247464-大盘扒改-625-3,145.46,4793,382,36.37,4.00,7.97,大盘扒改|福利价/无价格,,
2026-10-02,14319047409,CH-SC-低活-10140917922437-超级抢购-家庭清洁-无-剪辑-转化引导-家庭清洁-20260820-无-625-aigc-8,144.61,8223,826,48.20,3.00,10.04,平台一组AIGC|心如|快手原创素材|快手非低质素材|福利价|腾讯首发素材,,
2026-10-02,14422270071,信息流-小牛-真空袋-三方主体-代运营-新人福利价-260908-10212584519594-内部实时跑量-625-27,141.84,12458,316,17.73,8.00,2.54,福利价/无价格|考古加素材混剪,,
2026-10-02,14535548396,信息流-小牛-打火机-三方主体-代运营-新人福利价-260918-10162692688878-内部实时跑量-625-8,133.17,7781,246,33.29,4.00,3.16,,,
2026-10-02,14309304111,信息流-小牛-工具箱-三方主体-代运营-新人福利价-260827-10114015186364-内部实时跑量-625-aigc-38,131.73,6986,170,26.35,5.00,2.43,平台一组AIGC|福利价/无价格|考古加素材混剪,,
2026-10-02,14422210490,信息流-小牛-小蜜桃-三方主体-代运营-新人福利价-260908-10231541696811 -深海货盘-625-27,128.86,6778,317,21.48,6.00,4.68,福利价/无价格|考古加素材混剪,,
2026-10-02,14422196886,信息流-小牛-小蜜桃-三方主体-代运营-新人福利价-260908-10231541696811 -深海货盘-625-5,125.53,9385,650,17.93,7.00,6.93,福利价/无价格|考古加素材混剪,,
2026-10-02,14238399476,信息流-小牛-雨伞-三方主体-代运营-新人福利价-0820-10130866966155-内部实时跑量-625-17,121.55,4534,157,40.52,3.00,3.46,有米云素材混剪|福利价/无价格|腾讯首发素材,,
2026-10-02,14422271056,信息流-小牛-真空袋-三方主体-代运营-新人福利价-260908-10212584519594-内部实时跑量-625-26,116.21,13109,337,16.60,7.00,2.57,福利价/无价格|考古加素材混剪,,
2026-10-02,14516447747,CH-SC-低活-10111392494770-超级抢购-收纳用品-无-剪辑-转化引导-收纳用品-20260911-无-625-4,112.92,5603,101,112.92,1.00,1.80,心如|福利价,,
2026-10-02,14535530355,信息流-小牛-打火机-三方主体-代运营-新人福利价-260918-10162692688878-内部实时跑量-625-24,106.21,2268,118,106.21,1.00,5.20,,,
2026-10-02,14535539490,信息流-小牛-打火机-三方主体-代运营-新人福利价-260918-10162692688878-内部实时跑量-625-17,100.38,5053,157,50.19,2.00,3.11,,,
2026-10-02,14422273114,信息流-小牛-真空袋-三方主体-代运营-新人福利价-260908-10212584519594-内部实时跑量-625-25,93.68,6982,189,13.38,7.00,2.71,福利价/无价格|考古加素材混剪,,
2026-10-02,14029064982,信息流-小牛-折叠椅-三方主体-代运营-新人福利价-0731-10183713190151-大盘扒改-625-1,91.71,7617,208,91.71,1.00,2.73,大盘扒改|福利价/无价格,,
2026-10-02,14631527482,CH-SC-低活-10100542418506-超级抢购-生活日用-无-剪辑-转化引导-生活日用-260921-无-625-头条储备-44,89.55,5690,44,22.39,4.00,0.77,,,
2026-10-02,14422276750,信息流-小牛-真空袋-三方主体-代运营-新人福利价-260908-10212584519594-内部实时跑量-625-2,87.81,10767,200,14.64,6.00,1.86,福利价/无价格|考古加素材混剪,,
2026-10-02,14488323904,信息流-小牛-大月饼-三方主体-代运营-新人福利价-260914-10163022037983-内部实时跑量-625-22,80.32,4928,168,40.16,2.00,3.41,福利价/无价格|考古加素材混剪,,
2026-10-02,14487659517,信息流-小牛-毛毯-三方主体-代运营-新人福利价-260914-10146450179286-商务选品-625-43,80.22,5672,161,40.11,2.00,2.84,快手原创素材|快手非低质素材|福利价/无价格,,
2026-10-02,14422258109,信息流-小牛-真空袋-三方主体-代运营-新人福利价-260908-10212584519594-内部实时跑量-625-41,76.30,7035,97,38.15,2.00,1.38,福利价/无价格|考古加素材混剪,,
2026-10-02,14422275891,信息流-小牛-真空袋-三方主体-代运营-新人福利价-260908-10212584519594-内部实时跑量-625-24,75.60,11353,460,9.45,8.00,4.05,福利价/无价格|考古加素材混剪,,
2026-10-02,14086782805,信息流-小牛-陶瓷碗-三方主体-代运营-新人福利价-0806-10129451028601-客户推品-625-1,74.16,11126,159,24.72,3.00,1.43,客供|福利价/无价格,,
2026-10-02,14422219317,信息流-小牛-小蜜桃-三方主体-代运营-新人福利价-260908-10231541696811 -深海货盘-625-12,71.51,4432,195,35.76,2.00,4.40,福利价/无价格|考古加素材混剪,,
2026-10-02,14488260041,信息流-小牛-大月饼-三方主体-代运营-新人福利价-260914-10163022037983-内部实时跑量-625-aigc-6,68.96,7342,168,34.48,2.00,2.29,福利价/无价格|考古加素材混剪,,
2026-10-02,13536549173,CH-SC-低活-10219841541026-超级抢购加补-厨具-无-剪辑-转化引导-厨具-20260610-无-625-aigc-10,68.91,2553,67,68.91,1.00,2.62,平台一组AIGC|心如|快手重复素材|快手非低质素材|福利价|腾讯首发素材,,
2026-10-02,14535553937,信息流-小牛-打火机-三方主体-代运营-新人福利价-260918-10162692688878-内部实时跑量-625-3,68.28,3183,107,17.07,4.00,3.36,,,
2026-10-02,13352556383,CH-SC-低活-10081585918372-超级抢购-家庭清洁纸品-无-剪辑-转化引导-家庭清洁纸品-20260521-无-625-17,67.94,60633,166,0.00,0.00,0.27,快手重复素材|快手非低质素材|腾讯首发素材,,
2026-10-02,14516516813,CH-SC-低活-10113209119177-超级抢购-电动车-无-剪辑-转化引导-电动车-260907-无-625-13,66.22,10492,224,66.22,1.00,2.13,心如|福利价,,
2026-10-02,14444502883,信息流-小牛-陶瓷碗-三方主体-代运营-新人1分钱-260910-10129451028601-商务选品-625-43,64.20,9506,151,32.10,2.00,1.59,快手原创素材|快手非低质素材|福利价/无价格,,
2026-10-02,14309355419,信息流-小牛-工具箱-三方主体-代运营-新人福利价-260827-10114015186364-内部实时跑量-625-aigc-1,63.67,5341,128,63.67,1.00,2.40,平台一组AIGC|福利价/无价格|考古加素材混剪,,
2026-10-02,14486255452,信息流-小牛-毛毯-三方主体-代运营-新人福利价-260914-10146450179286-商务选品-625-16,62.06,5850,90,20.69,3.00,1.54,快手原创素材|快手非低质素材|福利价/无价格,,
2026-10-02,14488233708,信息流-小牛-大月饼-三方主体-代运营-新人福利价-260914-10163022037983-内部实时跑量-625-5,61.56,6877,161,30.78,2.00,2.34,福利价/无价格|考古加素材混剪,,
2026-10-02,14422171762,信息流-小牛-骑行支架-三方主体-代运营-新人福利价-260908-10139440032542-历史爆品-625-24,59.73,5212,68,19.91,3.00,1.30,福利价/无价格|考古加素材混剪,,
2026-10-02,14197493764,CH-SC-低活-10081585918372-超级抢购-纸品-无-剪辑-转化引导-纸品-20260803-无-625-aigc-8,57.18,2791,200,0.00,0.00,7.17,平台一组AIGC|心如|快手重复素材|快手非低质素材|福利价|腾讯首发素材,,
2026-10-02,14529789444,信息流-小牛-停车号码牌-三方主体-代运营-新人福利价-260917-10203964359828-内部实时跑量-625-3,54.41,5420,47,27.21,2.00,0.87,,,
2026-10-02,14535548647,信息流-小牛-打火机-三方主体-代运营-新人福利价-260918-10162692688878-内部实时跑量-625-10,53.67,1507,81,0.00,0.00,5.37,,,
2026-10-02,14422202134,信息流-小牛-小蜜桃-三方主体-代运营-新人福利价-260908-10231541696811 -深海货盘-625-4,51.61,23045,985,4.69,11.00,4.27,福利价/无价格|考古加素材混剪,,
2026-10-02,14318981628,CH-SC-广义新-10146456039187-新综合频道-纸品-京喜拉新-剪辑-转化引导-纸品-260827-无-625-aigc-6,50.37,2149,377,0.00,0.00,17.54,平台AI测试/视频/一组智能体|平台一组AIGC|快手重复素材|快手非低质素材,,
2026-10-02,14516318263,CH-SC-低活-10176978592631-超级抢购-家具-无-剪辑-转化引导-家具-260915-无-625-19,49.34,3510,109,49.34,1.00,3.11,心如|福利价,,
2026-10-02,14488342221,信息流-小牛-大月饼-三方主体-代运营-新人福利价-260914-10163022037983-内部实时跑量-625-9,47.53,4024,116,15.84,3.00,2.88,福利价/无价格|考古加素材混剪,,
2026-10-02,14374705382,信息流-小牛-苹果-三方主体-代运营-新人福利价-260903-10186710590960-历史爆品-625-22,47.23,3287,58,23.62,2.00,1.76,原生|福利价/无价格|考古加素材混剪,,
2026-10-02,14535547463,信息流-小牛-打火机-三方主体-代运营-新人福利价-260918-10162692688878-内部实时跑量-625-11,47.07,2154,92,15.69,3.00,4.27,,,
2026-10-02,13486893253,CH-SC-广义新-无-新10元话费券-10元话费券-京喜拉新-剪辑-转化引导-10元话费券-20260605-无-625-18,46.58,999,333,0.00,0.00,33.33,快手原创素材|快手非低质素材,,
2026-10-02,14529783827,信息流-小牛-停车号码牌-三方主体-代运营-新人福利价-260917-10203964359828-内部实时跑量-625-4,43.18,3357,50,43.18,1.00,1.49,,,
2026-10-02,14050213136,CH-SC-广义新-10187000434970-新综合频道-厨具-京喜拉新-剪辑-转化引导-厨具-20260730-无-625-2,42.39,5867,110,7.07,6.00,1.87,广义新头条|心如|快手重复素材|快手非低质素材|腾讯首发素材,,
2026-10-02,14488318517,信息流-小牛-大月饼-三方主体-代运营-新人福利价-260914-10163022037983-内部实时跑量-625-25,41.94,3129,101,41.94,1.00,3.23,福利价/无价格|考古加素材混剪,,
2026-10-02,14422223090,信息流-小牛-小蜜桃-三方主体-代运营-新人福利价-260908-10231541696811 -深海货盘-625-1,38.93,4460,110,38.93,1.00,2.47,福利价/无价格|考古加素材混剪,,
2026-10-02,13559845061,CH-PRJ-采销项目-10204138700158-快手安卓-外卖美食-无-剪辑-转化引导-外卖美食-20260612-无-625-9,37.72,601,405,0.15,258.00,67.39,快手重复素材|快手非低质素材,,
2026-10-02,14099191213,信息流-小牛-陶瓷碗-三方主体-代运营-新人福利价-0807-10129451028601-客户推品-625-1,34.39,3521,66,34.39,1.00,1.87,客供|福利价/无价格,,
2026-10-02,14488266120,信息流-小牛-大月饼-三方主体-代运营-新人福利价-260914-10163022037983-内部实时跑量-625-aigc-5,32.93,2932,60,32.93,1.00,2.05,福利价/无价格|考古加素材混剪,,
2026-10-02,14554168487,CH-SC-低活-10096167203452-超级抢购-纸品-大商超-剪辑-转化引导-纸品-260917-无-625-19,32.08,6641,6527,0.73,44.00,98.28,,,
2026-10-02,14374685119,信息流-小牛-苹果-三方主体-代运营-新人福利价-260903-10186710590960-历史爆品-625-42,31.99,4251,53,31.99,1.00,1.25,原生|福利价/无价格|考古加素材混剪,,
2026-10-02,13873189462,CH-SC-低活-10140917922437-超级抢购-家庭清洁-无-剪辑-转化引导-家庭清洁-20260709-无-625-aigc-1,31.88,5814,206,15.94,2.00,3.54,平台一组AIGC|心如|快手重复素材|快手非低质素材|福利价|腾讯首发素材,,
2026-10-02,14535557016,信息流-小牛-打火机-三方主体-代运营-新人福利价-260918-10162692688878-内部实时跑量-625-65,29.32,2408,53,0.00,0.00,2.20,,,
2026-10-02,14535589632,信息流-小牛-打火机-三方主体-代运营-新人福利价-260918-10162692688878-内部实时跑量-625-29,28.93,1870,55,0.00,0.00,2.94,,,
2026-10-02,13559844692,CH-PRJ-采销项目-10204138700158-快手安卓-外卖美食-无-剪辑-转化引导-外卖美食-20260612-无-625-7,28.82,448,273,0.15,188.00,60.94,快手重复素材|快手非低质素材,,
2026-10-02,14374709639,信息流-小牛-苹果-三方主体-代运营-新人福利价-260903-10186710590960-历史爆品-625-17,28.79,2109,24,9.60,3.00,1.14,原生|福利价/无价格|考古加素材混剪,,
2026-10-02,14319046111,CH-SC-低活-10140917922437-超级抢购-家庭清洁-无-剪辑-转化引导-家庭清洁-20260820-无-625-aigc-12,28.05,26056,54,0.00,0.00,0.21,平台AI测试/视频/一组智能体|平台一组AIGC|心如|快手原创素材|快手非低质素材|福利价,,
2026-10-02,14369416848,信息流-小牛-菜板-三方主体-代运营-新人福利价-260903-10155000015319-内部实时跑量-625-10,27.82,6820,125,13.91,2.00,1.83,原生|快手原创素材|快手非低质素材|福利价/无价格,,
2026-10-02,14535543360,信息流-小牛-打火机-三方主体-代运营-新人福利价-260918-10162692688878-内部实时跑量-625-14,27.64,1670,48,0.00,0.00,2.87,,,
2026-10-02,14516362987,CH-SC-低活-10118706992348-超级抢购加补-纸品-无-剪辑-转化引导-纸品-260914-无-625-27,27.32,216,87,13.66,2.00,40.28,心如,,
2026-10-02,14247653849,信息流-小牛-旋转手机支架-三方主体-代运营-新人福利价-0821-10112643484929-内部实时跑量-625-7,26.29,8393,139,13.15,2.00,1.66,有米云素材混剪|福利价/无价格|腾讯首发素材,,
2026-10-02,13352554298,CH-SC-低活-10081585918372-超级抢购-家庭清洁纸品-无-剪辑-转化引导-家庭清洁纸品-20260521-无-625-11,25.32,20419,66,25.32,1.00,0.32,快手重复素材|快手非低质素材|腾讯首发素材,,
2026-10-02,13846398501,CH-SC-低活-10112643484929-超级抢购-手机通讯-无-剪辑-转化引导-手机通讯-20260708-无-625-aigc-3,24.92,1326,27,24.92,1.00,2.04,DHX扒起量0706|平台一组AIGC|心如|快手重复素材|快手非低质素材|福利价,,
2026-10-02,13603318244,CH-SC-广义新-10118706992345-新综合频道-纸品-无-剪辑-转化引导-纸品-20260617-无-625-aigc-11,24.68,4520,91,8.23,3.00,2.01,平台一组AIGC|广义新头条|快手原创素材|快手非低质素材,,
2026-10-02,14374705055,信息流-小牛-苹果-三方主体-代运营-新人福利价-260903-10186710590960-历史爆品-625-23,24.22,1807,51,12.11,2.00,2.82,原生|福利价/无价格|考古加素材混剪,,
2026-10-02,14095134373,CH-SC-广义新-10136363822650-新综合频道-纸品-京喜拉新-剪辑-转化引导-纸品-20260804-无-625-16,23.86,1484,110,0.00,0.00,7.41,广义新头条|快手重复素材|快手非低质素材|腾讯首发素材,,
2026-10-02,13846370672,CH-SC-低活-10112643484929-超级抢购-手机通讯-无-剪辑-转化引导-手机通讯-20260708-无-625-aigc-4,22.10,1074,21,22.10,1.00,1.96,DHX扒起量0706|平台一组AIGC|心如|快手重复素材|快手非低质素材|福利价|腾讯首发素材,,
2026-10-02,14422215528,信息流-小牛-小蜜桃-三方主体-代运营-新人福利价-260908-10231541696811 -深海货盘-625-2,21.86,2444,67,21.86,1.00,2.74,福利价/无价格|考古加素材混剪,,
2026-10-02,13846396417,CH-SC-低活-10112643484929-超级抢购-手机通讯-无-剪辑-转化引导-手机通讯-20260708-无-625-aigc-21,21.85,2060,208,0.00,0.00,10.10,DHX扒起量0706|平台一组AIGC|心如|快手重复素材|快手非低质素材|福利价,,
2026-10-02,14516446475,CH-SC-低活-10111392494770-超级抢购-收纳用品-无-剪辑-转化引导-收纳用品-20260911-无-625-6,21.84,961,21,10.92,2.00,2.19,心如|福利价,,
2026-10-02,14299135646,CH-PRJ-采销项目-无-快手-无-无-剪辑-转化引导-无-260825-无-625-7,21.65,223,93,1.03,21.00,41.70,快手重复素材|快手非低质素材,,
2026-10-02,14535553809,信息流-小牛-打火机-三方主体-代运营-新人福利价-260918-10162692688878-内部实时跑量-625-2,21.39,991,35,0.00,0.00,3.53,,,
2026-10-02,14422192784,信息流-小牛-小蜜桃-三方主体-代运营-新人福利价-260908-10231541696811 -深海货盘-625-7,20.48,5931,254,0.00,0.00,4.28,福利价/无价格|考古加素材混剪,,
2026-10-02,14309678755,信息流-小牛-围裙-三方主体-代运营-新人福利价-260827-10117891615029-设计自选-625-59,19.38,1987,25,19.38,1.00,1.26,平台一组AIGC|福利价/无价格|考古加素材混剪,,
2026-10-02,14033673881,信息流-小牛-折叠椅-京东主体-代运营-新人福利价-0731-10183713190151-设计自选-625-9,18.71,939,48,0.00,0.00,5.11,福利价/无价格,,
2026-10-02,14422197698,信息流-小牛-小蜜桃-三方主体-代运营-新人福利价-260908-10231541696811 -深海货盘-625-46,18.56,2141,92,9.28,2.00,4.30,福利价/无价格|考古加素材混剪,,
2026-10-02,14488315998,信息流-小牛-大月饼-三方主体-代运营-新人福利价-260914-10163022037983-内部实时跑量-625-26,17.61,1999,46,0.00,0.00,2.30,福利价/无价格|考古加素材混剪,,
2026-10-02,14535590075,信息流-小牛-打火机-三方主体-代运营-新人福利价-260918-10162692688878-内部实时跑量-625-30,17.60,971,25,0.00,0.00,2.57,,,
2026-10-02,14422274665,信息流-小牛-真空袋-三方主体-代运营-新人福利价-260908-10212584519594-内部实时跑量-625-20,17.42,953,35,0.00,0.00,3.67,福利价/无价格|考古加素材混剪,,
2026-10-02,14422176888,信息流-小牛-骑行支架-三方主体-代运营-新人福利价-260908-10139440032542-历史爆品-625-22,16.49,1442,17,8.25,2.00,1.18,福利价/无价格|考古加素材混剪,,
2026-10-02,14516404620,CH-SC-低活-10176978592631-超级抢购-家具-无-剪辑-转化引导-家具-260915-无-625-10,16.20,323,17,0.00,0.00,5.26,心如|福利价,,
2026-10-02,14422201284,信息流-小牛-小蜜桃-三方主体-代运营-新人福利价-260908-10231541696811 -深海货盘-625-40,16.17,1078,111,5.39,3.00,10.30,福利价/无价格|考古加素材混剪,,
2026-10-02,13939939358,CH-SC-广义新-10150604147722-新综合频道-箱包皮具-京喜拉新-剪辑-转化引导-箱包皮具-20260720-反向-625-11,16.00,9171,8990,0.84,19.00,98.03,广义新头条|心如|快手重复素材|快手非低质素材,,
2026-10-02,14529777583,信息流-小牛-停车号码牌-三方主体-代运营-新人福利价-260917-10203964359828-内部实时跑量-625-49,15.96,1372,14,0.00,0.00,1.02,,,
2026-10-02,14488285372,信息流-小牛-大月饼-三方主体-代运营-新人福利价-260914-10163022037983-内部实时跑量-625-41,15.93,1195,22,5.31,3.00,1.84,福利价/无价格|考古加素材混剪,,
2026-10-02,14369416523,信息流-小牛-菜板-三方主体-代运营-新人福利价-260903-10155000015319-内部实时跑量-625-6,15.88,1164,55,15.88,1.00,4.73,原生|快手原创素材|快手非低质素材|福利价/无价格,,
2026-10-02,14318983392,CH-SC-广义新-10146456039187-新综合频道-纸品-京喜拉新-剪辑-转化引导-纸品-260827-无-625-aigc-2,15.30,713,131,7.65,2.00,18.37,平台AI测试/视频/一组智能体|平台一组AIGC|快手重复素材|快手非低质素材,,
2026-10-02,14197434465,CH-SC-低活-10199184867564-外卖1分购-外卖美食-无-剪辑-转化引导-外卖美食-20260810-无-625-9,15.26,622,35,0.00,0.00,5.63,心如|福利价,,
2026-10-02,14309351876,信息流-小牛-工具箱-三方主体-代运营-新人福利价-260827-10114015186364-内部实时跑量-625-aigc-2,14.27,1610,35,14.27,1.00,2.17,平台一组AIGC|福利价/无价格|考古加素材混剪,,
2026-10-02,14086787831,信息流-小牛-陶瓷碗-三方主体-代运营-新人福利价-0806-10129451028601-客户推品-625-2,13.49,3868,72,0.00,0.00,1.86,客供|福利价/无价格,,
2026-10-02,14562126024,CH-PRJ-采销项目-无-快手-无-无-剪辑-转化引导-无-260911-无-625-3,13.40,263,140,0.18,75.00,53.23,,,
2026-10-02,14562128959,CH-PRJ-采销项目-无-快手-无-无-剪辑-转化引导-无-260911-无-625-23,12.99,243,118,0.27,49.00,48.56,,,
2026-10-02,13846372517,CH-SC-低活-10112643484929-超级抢购-手机通讯-无-剪辑-转化引导-手机通讯-20260708-无-625-aigc-5,12.06,511,18,12.06,1.00,3.52,DHX扒起量0706|平台一组AIGC|心如|快手重复素材|快手非低质素材|福利价,,
2026-10-02,14488324024,信息流-小牛-大月饼-三方主体-代运营-新人福利价-260914-10163022037983-内部实时跑量-625-21,11.23,2640,90,0.00,0.00,3.41,福利价/无价格|考古加素材混剪,,
2026-10-02,14422258082,信息流-小牛-真空袋-三方主体-代运营-新人福利价-260908-10212584519594-内部实时跑量-625-40,10.86,1801,18,0.00,0.00,1.00,福利价/无价格|考古加素材混剪,,
2026-10-02,14050220381,CH-SC-广义新-10187000434970-新综合频道-厨具-京喜拉新-剪辑-转化引导-厨具-20260730-无-625-12,10.36,43,19,5.18,2.00,44.19,广义新头条|心如|快手重复素材|快手非低质素材|腾讯首发素材,,
2026-10-02,14374704763,信息流-小牛-苹果-三方主体-代运营-新人福利价-260903-10186710590960-历史爆品-625-21,9.96,606,18,9.96,1.00,2.97,原生|福利价/无价格|考古加素材混剪,,
2026-10-02,14516446813,CH-SC-低活-10111392494770-超级抢购-收纳用品-无-剪辑-转化引导-收纳用品-20260911-无-625-5,9.90,420,6,0.00,0.00,1.43,心如|福利价,,
2026-10-02,14535546171,信息流-小牛-打火机-三方主体-代运营-新人福利价-260918-10162692688878-内部实时跑量-625-12,9.88,493,14,0.00,0.00,2.84,,,
2026-10-02,14033668127,信息流-小牛-折叠椅-京东主体-代运营-新人福利价-0731-10183713190151-设计自选-625-1,9.87,1464,21,0.00,0.00,1.43,福利价/无价格,,
2026-10-02,14535540774,信息流-小牛-打火机-三方主体-代运营-新人福利价-260918-10162692688878-内部实时跑量-625-16,9.67,636,25,0.00,0.00,3.93,,,
2026-10-02,14422218760,信息流-小牛-小蜜桃-三方主体-代运营-新人福利价-260908-10231541696811 -深海货盘-625-15,9.28,713,11,9.28,1.00,1.54,福利价/无价格|考古加素材混剪,,
2026-10-02,14488339974,信息流-小牛-大月饼-三方主体-代运营-新人福利价-260914-10163022037983-内部实时跑量-625-11,9.12,966,6,0.00,0.00,0.62,福利价/无价格|考古加素材混剪,,
2026-10-02,14535590827,信息流-小牛-打火机-三方主体-代运营-新人福利价-260918-10162692688878-内部实时跑量-625-28,9.05,530,13,0.00,0.00,2.45,,,
2026-10-02,14422262012,信息流-小牛-真空袋-三方主体-代运营-新人福利价-260908-10212584519594-内部实时跑量-625-39,9.05,815,10,9.05,1.00,1.23,福利价/无价格|考古加素材混剪,,
2026-10-02,14488237983,信息流-小牛-大月饼-三方主体-代运营-新人福利价-260914-10163022037983-内部实时跑量-625-2,9.02,701,16,0.00,0.00,2.28,福利价/无价格|考古加素材混剪,,
2026-10-02,14488336904,信息流-小牛-大月饼-三方主体-代运营-新人福利价-260914-10163022037983-内部实时跑量-625-14,8.73,852,20,0.00,0.00,2.35,福利价/无价格|考古加素材混剪,,
2026-10-02,14631512171,CH-SC-低活-10217740550325-超级抢购-箱包皮具-无-剪辑-转化引导-箱包皮具-260921-无-625-头条储备-aigc-47,8.71,231,4,0.00,0.00,1.73,,,
2026-10-02,14562127091,CH-PRJ-采销项目-无-快手-无-无-剪辑-转化引导-无-260911-无-625-26,8.60,147,55,0.23,37.00,37.41,,,
2026-10-02,14488250135,信息流-小牛-大月饼-三方主体-代运营-新人福利价-260914-10163022037983-内部实时跑量-625-aigc-9,8.60,1349,31,0.00,0.00,2.30,福利价/无价格|考古加素材混剪,,
2026-10-02,14369417321,信息流-小牛-菜板-三方主体-代运营-新人福利价-260903-10155000015319-内部实时跑量-625-5,8.31,843,42,0.00,0.00,4.98,原生|快手原创素材|快手非低质素材|福利价/无价格,,
2026-10-02,14529779694,信息流-小牛-停车号码牌-三方主体-代运营-新人福利价-260917-10203964359828-内部实时跑量-625-50,8.22,265,10,0.00,0.00,3.77,,,
2026-10-02,14529767215,信息流-小牛-停车号码牌-三方主体-代运营-新人福利价-260917-10203964359828-内部实时跑量-625-7,8.07,272,6,8.07,1.00,2.21,,,
2026-10-02,14535561616,信息流-小牛-打火机-三方主体-代运营-新人福利价-260918-10162692688878-内部实时跑量-625-62,7.54,1028,25,0.00,0.00,2.43,,,
2026-10-02,14422196927,信息流-小牛-小蜜桃-三方主体-代运营-新人福利价-260908-10231541696811 -深海货盘-625-47,7.34,1342,34,2.45,3.00,2.53,福利价/无价格|考古加素材混剪,,
2026-10-02,14535554502,信息流-小牛-打火机-三方主体-代运营-新人福利价-260918-10162692688878-内部实时跑量-625-66,7.33,455,12,0.00,0.00,2.64,,,
2026-10-02,14562134189,CH-PRJ-采销项目-无-快手-无-无-剪辑-转化引导-无-260911-无-625-12,7.25,170,61,0.16,46.00,35.88,,,
2026-10-02,13581450030,CH-SC-广义新-10130866966155-新综合频道-服饰内衣-京喜拉新-剪辑-转化引导-服饰内衣-20260615-反向-625-aigc-1,7.11,3619,2698,0.44,16.00,74.55,不对版！！|平台一组AIGC|广义新头条|快手重复素材|快手非低质素材|腾讯首发素材,,
2026-10-02,14372742082,信息流-小牛-旋转支架-三方主体-代运营-新人福利价-260903-10112643484929-内部实时跑量-625-9,6.82,445,21,0.00,0.00,4.72,原生|福利价/无价格|考古加素材混剪,,
2026-10-02,14033673840,信息流-小牛-折叠椅-京东主体-代运营-新人福利价-0731-10183713190151-设计自选-625-10,6.52,746,27,0.00,0.00,3.62,福利价/无价格,,
2026-10-02,14050217042,CH-SC-广义新-10187000434970-新综合频道-厨具-京喜拉新-剪辑-转化引导-厨具-20260730-无-625-7,6.52,531,90,1.09,6.00,16.95,广义新头条|心如|快手重复素材|快手非低质素材|腾讯首发素材,,
2026-10-02,14033672307,信息流-小牛-折叠椅-京东主体-代运营-新人福利价-0731-10183713190151-设计自选-625-5,5.95,358,16,0.00,0.00,4.47,福利价/无价格,,
2026-10-02,14488275783,信息流-小牛-大月饼-三方主体-代运营-新人福利价-260914-10163022037983-内部实时跑量-625-47,5.90,587,17,5.90,1.00,2.90,福利价/无价格|考古加素材混剪,,
2026-10-02,14372738165,信息流-小牛-旋转支架-三方主体-代运营-新人福利价-260903-10112643484929-内部实时跑量-625-13,5.89,613,14,5.89,1.00,2.28,原生|福利价/无价格|考古加素材混剪,,
2026-10-02,14516403810,CH-SC-低活-10176978592631-超级抢购-家具-无-剪辑-转化引导-家具-260915-无-625-11,5.80,500,16,5.80,1.00,3.20,心如|福利价,,
2026-10-02,14309586346,信息流-小牛-围裙-三方主体-代运营-新人福利价-260827-10117891615029-设计自选-625-8,5.80,253,6,0.00,0.00,2.37,平台一组AIGC|福利价/无价格|考古加素材混剪,,
2026-10-02,14092631035,信息流-小牛-西瓜-三方主体-代运营-新人福利价-0806-10215767576641-历史爆品-625-1,5.79,371,14,0.00,0.00,3.77,头条/京东标点/有量素材混剪|福利价/无价格,,
2026-10-02,14238399156,信息流-小牛-雨伞-三方主体-代运营-新人福利价-0820-10130866966155-内部实时跑量-625-18,5.76,141,18,0.00,0.00,12.77,有米云素材混剪|福利价/无价格|腾讯首发素材,,
2026-10-02,14488341277,信息流-小牛-大月饼-三方主体-代运营-新人福利价-260914-10163022037983-内部实时跑量-625-10,5.76,930,13,0.00,0.00,1.40,福利价/无价格|考古加素材混剪,,
2026-10-02,14631513843,CH-SC-低活-10217740550325-超级抢购-箱包皮具-无-剪辑-转化引导-箱包皮具-260921-无-625-头条储备-aigc-32,5.50,283,2,0.00,0.00,0.71,,,
2026-10-02,14422208734,信息流-小牛-小蜜桃-三方主体-代运营-新人福利价-260908-10231541696811 -深海货盘-625-30,5.42,946,34,2.71,2.00,3.59,福利价/无价格|考古加素材混剪,,
2026-10-02,14422218389,信息流-小牛-小蜜桃-三方主体-代运营-新人福利价-260908-10231541696811 -深海货盘-625-16,5.41,1919,61,0.00,0.00,3.18,福利价/无价格|考古加素材混剪,,
2026-10-02,14422209680,信息流-小牛-小蜜桃-三方主体-代运营-新人福利价-260908-10231541696811 -深海货盘-625-29,5.40,502,29,5.40,1.00,5.78,福利价/无价格|考古加素材混剪,,
2026-10-02,14516454233,CH-SC-低活-10103917299332-超级抢购-厨具-无-剪辑-转化引导-厨具-20260911-无-625-23,5.36,601,5,0.00,0.00,0.83,心如|福利价,,
2026-10-02,14422220976,信息流-小牛-小蜜桃-三方主体-代运营-新人福利价-260908-10231541696811 -深海货盘-625-11,5.35,758,10,0.00,0.00,1.32,福利价/无价格|考古加素材混剪,,
2026-10-02,14319048822,CH-SC-广义新-10118706992345-新综合频道-纸品 -京喜拉新-剪辑-转化引导-纸品 -260827-无-625-aigc-8,5.34,355,50,5.34,1.00,14.08,平台AI测试/视频/一组智能体|平台一组AIGC|快手原创素材|快手非低质素材|腾讯首发素材,,
2026-10-02,13522213672,CH-SC-低活-10113209119177-超级抢购加补-电动车-无-剪辑-转化引导-电动车-20260609-无-625-aigc-8,5.30,328,58,0.00,0.00,17.68,DHX扒起量0608|不对版！！|平台一组AIGC|心如|快手重复素材|快手非低质素材,,
2026-10-02,14535559347,信息流-小牛-打火机-三方主体-代运营-新人福利价-260918-10162692688878-内部实时跑量-625-61,5.23,611,13,0.00,0.00,2.13,,,
2026-10-02,14631513973,CH-SC-低活-10217740550325-超级抢购-箱包皮具-无-剪辑-转化引导-箱包皮具-260921-无-625-头条储备-aigc-25,5.19,112,3,0.00,0.00,2.68,,,
2026-10-02,14161866879,信息流-小牛-围裙-三方主体-代运营-新人福利价-0813-10117891615029-大盘实时跑量-625-1,5.19,475,9,0.00,0.00,1.89,福利价/无价格|考古加素材混剪,,
2026-10-02,14092632262,信息流-小牛-西瓜-三方主体-代运营-新人福利价-0806-10215767576641-历史爆品-625-2,5.19,261,17,5.19,1.00,6.51,头条/京东标点/有量素材混剪|福利价/无价格,,
2026-10-02,13873198936,CH-SC-低活-10140917922437-超级抢购-家庭清洁-无-剪辑-转化引导-家庭清洁-20260709-无-625-aigc-9,5.14,125,12,0.00,0.00,9.60,平台一组AIGC|心如|快手重复素材|快手非低质素材|福利价|腾讯首发素材,,
2026-10-02,14197502167,CH-SC-低活-10081585918372-超级抢购-纸品-无-剪辑-转化引导-纸品-20260803-无-625-aigc-16,4.73,768,21,0.00,0.00,2.73,平台一组AIGC|心如|快手重复素材|快手非低质素材|福利价|腾讯首发素材,,
2026-10-02,13352562264,CH-SC-低活-10081585918372-超级抢购-家庭清洁纸品-无-剪辑-转化引导-家庭清洁纸品-20260521-无-625-8,4.69,856,27,0.00,0.00,3.15,快手重复素材|快手非低质素材|腾讯首发素材,,
2026-10-02,14631514190,CH-SC-低活-10217740550325-超级抢购-箱包皮具-无-剪辑-转化引导-箱包皮具-260921-无-625-头条储备-aigc-19,4.68,86,6,0.00,0.00,6.98,,,
2026-10-02,14319045677,CH-SC-低活-10140917922437-超级抢购-家庭清洁-无-剪辑-转化引导-家庭清洁-20260820-无-625-aigc-16,4.67,3512,6,0.00,0.00,0.17,平台一组AIGC|心如|快手重复素材|快手非低质素材|福利价|腾讯首发素材,,
2026-10-02,14643141673,信息流-小牛-咸鸭蛋-三方主体-代运营-新人福利价-260909-10172188378015-内部实时跑量-625-头条储备-1,4.62,227,3,0.00,0.00,1.32,,,
2026-10-02,14516438408,CH-SC-低活-10111392494770-超级抢购-收纳用品-无-剪辑-转化引导-收纳用品-20260911-无-625-18,4.61,233,99,0.00,0.00,42.49,心如|福利价,,
2026-10-02,14554228899,CH-SC-低活-10140917922437-超级抢购-家庭清洁-无-剪辑-转化引导-家庭清洁-20260918-无-625-aigc-16,4.53,2289,28,0.00,0.00,1.22,,,
2026-10-02,14161859149,信息流-小牛-围裙-三方主体-代运营-新人福利价-0813-10117891615029-大盘实时跑量-625-3,4.48,193,2,0.00,0.00,1.04,福利价/无价格|考古加素材混剪,,
2026-10-02,14422196291,信息流-小牛-小蜜桃-三方主体-代运营-新人福利价-260908-10231541696811 -深海货盘-625-48,4.44,793,21,0.00,0.00,2.65,福利价/无价格|考古加素材混剪,,
2026-10-02,14318962375,CH-PRJ-采销项目-无-快手-无-无-剪辑-转化引导-无-260826-无-625-21,4.41,77,48,0.15,29.00,62.34,快手重复素材|快手非低质素材,,
2026-10-02,14369413170,信息流-小牛-菜板-三方主体-代运营-新人福利价-260903-10155000015319-内部实时跑量-625-11,4.39,1342,34,0.00,0.00,2.53,原生|快手原创素材|快手非低质素材|福利价/无价格,,
2026-10-02,14463715652,CH-SC-低活-10223570717754-超级抢购-生鲜-无-剪辑-转化引导-生鲜-260903-无-625-13,4.29,150,1,0.00,0.00,0.67,心如|福利价,,
2026-10-02,14309585942,信息流-小牛-围裙-三方主体-代运营-新人福利价-260827-10117891615029-设计自选-625-9,4.25,185,11,0.00,0.00,5.95,平台一组AIGC|福利价/无价格|考古加素材混剪,,
2026-10-02,14422241895,信息流-小牛-真空袋-三方主体-代运营-新人福利价-260908-10212584519594-内部实时跑量-625-9,4.22,255,6,0.00,0.00,2.35,福利价/无价格|考古加素材混剪,,
2026-10-02,13836044901,CH-SC-低活-10118706992345-超级抢购-纸品-无-剪辑-转化引导-纸品-20260702-无-625-aigc-5,4.19,246,19,0.00,0.00,7.72,平台一组AIGC|心如|快手重复素材|快手非低质素材|福利价|腾讯首发素材,,
2026-10-02,14554163462,CH-SC-低活-10096167203452-超级抢购-纸品-大商超-剪辑-转化引导-纸品-260917-无-625-11,4.17,1031,987,0.83,5.00,95.73,,,
2026-10-02,14529783411,信息流-小牛-停车号码牌-三方主体-代运营-新人福利价-260917-10203964359828-内部实时跑量-625-41,4.09,182,8,0.00,0.00,4.40,,,
2026-10-02,13125484685,荣耀-XN-金融-通用-壁纸-混剪-纯AIGC-260422-625-13,4.06,98,14,2.03,2.00,14.29,,,
2026-10-02,13352560749,CH-SC-低活-10081585918372-超级抢购-家庭清洁纸品-无-剪辑-转化引导-家庭清洁纸品-20260521-无-625-37,4.05,529,23,0.00,0.00,4.35,快手重复素材|快手非低质素材|腾讯首发素材,,
2026-10-02,14166677299,信息流-小牛-五香花生-三方主体-代运营-新人福利价-0814-10150360358365-大盘实时跑量-625-41,4.04,602,26,0.00,0.00,4.32,福利价/无价格|考古加素材混剪,,
2026-10-02,14488259984,信息流-小牛-大月饼-三方主体-代运营-新人福利价-260914-10163022037983-内部实时跑量-625-aigc-7,4.03,507,4,0.00,0.00,0.79,福利价/无价格|考古加素材混剪,,
2026-10-02,13836049057,CH-SC-低活-10156776256916-超级抢购-珠宝首饰-无-剪辑-转化引导-珠宝首饰-20260703-无-625-aigc-10,3.99,116,5,3.99,1.00,4.31,平台一组AIGC|心如|快手重复素材|快手非低质素材|福利价,,
2026-10-02,14535566817,信息流-小牛-打火机-三方主体-代运营-新人福利价-260918-10162692688878-内部实时跑量-625-57,3.98,347,6,0.00,0.00,1.73,,,
2026-10-02,14562132957,CH-PRJ-采销项目-无-快手-无-无-剪辑-转化引导-无-260911-无-625-16,3.97,257,81,0.12,34.00,31.52,,,
2026-10-02,14228306994,CH-SC-广义新-10217740550325-新综合频道-箱包皮具-京喜拉新-剪辑-转化引导-箱包皮具-20260818-无-625-aigc-16,3.94,153,2,0.00,0.00,1.31,平台一组AIGC|快手原创素材|快手非低质素材|腾讯首发素材,,
2026-10-02,14247658864,信息流-小牛-旋转手机支架-三方主体-代运营-新人福利价-0821-10112643484929-内部实时跑量-625-3,3.93,1366,27,0.00,0.00,1.98,有米云素材混剪|福利价/无价格|腾讯首发素材,,
2026-10-02,14554166837,CH-SC-低活-10096167203452-超级抢购-纸品-大商超-剪辑-转化引导-纸品-260917-无-625-18,3.92,788,762,0.49,8.00,96.70,,,
2026-10-02,14516513717,CH-SC-低活-10113209119177-超级抢购-电动车-无-剪辑-转化引导-电动车-260907-无-625-22,3.90,494,36,0.00,0.00,7.29,心如|福利价,,
2026-10-02,14372733516,信息流-小牛-旋转支架-三方主体-代运营-新人福利价-260903-10112643484929-内部实时跑量-625-27,3.86,200,7,0.00,0.00,3.50,原生|福利价/无价格|考古加素材混剪,,
2026-10-02,14529785267,信息流-小牛-停车号码牌-三方主体-代运营-新人福利价-260917-10203964359828-内部实时跑量-625-38,3.84,366,2,0.00,0.00,0.55,,,
2026-10-02,14529785501,信息流-小牛-停车号码牌-三方主体-代运营-新人福利价-260917-10203964359828-内部实时跑量-625-37,3.84,381,3,0.00,0.00,0.79,,,
2026-10-02,14535544644,信息流-小牛-打火机-三方主体-代运营-新人福利价-260918-10162692688878-内部实时跑量-625-13,3.72,186,12,0.00,0.00,6.45,,,
2026-10-02,14369365897,信息流-小牛-菜板-三方主体-代运营-新人福利价-260903-10155000015319-内部实时跑量-625-37,3.71,2342,35,3.71,1.00,1.49,原生|快手原创素材|快手非低质素材|福利价/无价格,,
2026-10-02,14631517733,CH-SC-低活-10217740550325-超级抢购-箱包皮具-无-剪辑-转化引导-箱包皮具-260921-无-625-头条储备-aigc-106,3.63,106,3,0.00,0.00,2.83,,,
2026-10-02,14631526307,CH-SC-低活-10100542418506-超级抢购-生活日用-无-剪辑-转化引导-生活日用-260927-无-625-头条储备-aigc-60,3.62,84,3,0.00,0.00,3.57,,,
2026-10-02,13776634575,CH-SC-广义新-10177393646076-新综合频道-灯饰照明-京喜拉新-剪辑-转化引导-灯饰照明-20260702-反向-625-aigc-1,3.45,382,45,0.00,0.00,11.78,平台一组AIGC|快手原创素材|快手非低质素材|无价格|福利价/无价格,,
2026-10-02,14369420506,信息流-小牛-菜板-三方主体-代运营-新人福利价-260903-10155000015319-内部实时跑量-625-4,3.45,679,18,0.00,0.00,2.65,原生|快手原创素材|快手非低质素材|福利价/无价格,,
2026-10-02,14444505842,信息流-小牛-陶瓷碗-三方主体-代运营-新人1分钱-260910-10129451028601-商务选品-625-42,3.42,122,7,1.71,2.00,5.74,快手原创素材|快手非低质素材|福利价/无价格,,
2026-10-02,14422201343,信息流-小牛-小蜜桃-三方主体-代运营-新人福利价-260908-10231541696811 -深海货盘-625-45,3.41,1082,16,3.41,1.00,1.48,福利价/无价格|考古加素材混剪,,
2026-10-02,14631526756,CH-SC-低活-10100542418506-超级抢购-生活日用-无-剪辑-转化引导-生活日用-260927-无-625-头条储备-aigc-51,3.41,83,3,0.00,0.00,3.61,,,
2026-10-02,13846387962,CH-SC-低活-10112643484929-超级抢购-手机通讯-无-剪辑-转化引导-手机通讯-20260708-无-625-aigc-15,3.37,337,15,0.00,0.00,4.45,DHX扒起量0706|平台一组AIGC|心如|快手重复素材|快手非低质素材|福利价,,
2026-10-02,14529796870,信息流-小牛-停车号码牌-三方主体-代运营-新人福利价-260917-10203964359828-内部实时跑量-625-20,3.37,325,8,0.00,0.00,2.46,,,
2026-10-02,14369413813,信息流-小牛-菜板-三方主体-代运营-新人福利价-260903-10155000015319-内部实时跑量-625-12,3.18,960,22,0.00,0.00,2.29,原生|快手原创素材|快手非低质素材|福利价/无价格,,
2026-10-02,14562126352,CH-PRJ-采销项目-无-快手-无-无-剪辑-转化引导-无-260911-无-625-29,3.18,27,21,0.18,18.00,77.78,,,
2026-10-02,14554247510,CH-SC-低活-10140917922437-超级抢购-家庭清洁-无-剪辑-转化引导-家庭清洁-20260918-无-625-aigc-启动-9,2.98,187,1,0.00,0.00,0.53,,,
2026-10-02,14050212256,CH-SC-广义新-10187000434970-新综合频道-厨具-京喜拉新-剪辑-转化引导-厨具-20260730-无-625-3,2.94,26,10,2.94,1.00,38.46,广义新头条|心如|快手重复素材|快手非低质素材|腾讯首发素材,,
2026-10-02,13248257845,荣耀-XN-影音娱乐-通用-风景-混剪-260508-625-5,2.86,208,93,0.26,11.00,44.71,,,
2026-10-02,14516356407,CH-SC-低活-10118706992348-超级抢购加补-纸品-无-剪辑-转化引导-纸品-260914-无-625-50,2.82,19,10,0.00,0.00,52.63,心如,,
2026-10-02,14033669726,信息流-小牛-折叠椅-京东主体-代运营-新人福利价-0731-10183713190151-设计自选-625-2,2.72,1584,24,0.00,0.00,1.52,福利价/无价格,,
2026-10-02,14562121783,CH-PRJ-采销项目-无-快手-无-无-剪辑-转化引导-无-260915-无-625-10,2.71,36,24,0.12,23.00,66.67,,,
2026-10-02,14516509983,CH-SC-低活-10113209119177-超级抢购-电动车-无-剪辑-转化引导-电动车-260907-无-625-6,2.70,87,5,0.00,0.00,5.75,心如|福利价,,
2026-10-02,14153374451,信息流-小牛-饭盒-三方主体-代运营-新人福利价-0812-10125420247464-大盘实扒改-625-2,2.70,76,1,0.00,0.00,1.32,大盘扒改|福利价/无价格,,
2026-10-02,14488235285,信息流-小牛-大月饼-三方主体-代运营-新人福利价-260914-10163022037983-内部实时跑量-625-4,2.67,248,17,0.00,0.00,6.85,福利价/无价格|考古加素材混剪,,
2026-10-02,14488267955,信息流-小牛-大月饼-三方主体-代运营-新人福利价-260914-10163022037983-内部实时跑量-625-aigc-3,2.65,270,1,0.00,0.00,0.37,福利价/无价格|考古加素材混剪,,
2026-10-02,14486259267,信息流-小牛-毛毯-三方主体-代运营-新人福利价-260914-10146450179286-商务选品-625-15,2.64,39,1,0.00,0.00,2.56,快手原创素材|快手非低质素材|福利价/无价格,,
2026-10-02,13352561533,CH-SC-低活-10081585918372-超级抢购-家庭清洁纸品-无-剪辑-转化引导-家庭清洁纸品-20260521-无-625-4,2.57,581,7,0.00,0.00,1.20,快手重复素材|快手非低质素材|腾讯首发素材,,
2026-10-02,14309350700,信息流-小牛-工具箱-三方主体-代运营-新人福利价-260827-10114015186364-内部实时跑量-625-aigc-3,2.47,386,6,0.00,0.00,1.55,平台一组AIGC|福利价/无价格|考古加素材混剪,,
2026-10-02,14318985581,CH-SC-广义新-10146456039187-新综合频道-纸品-京喜拉新-剪辑-转化引导-纸品-260827-无-625-aigc-11,2.38,406,75,0.00,0.00,18.47,平台一组AIGC|快手重复素材|快手非低质素材,,
2026-10-02,14444475775,信息流-小牛-陶瓷碗-三方主体-代运营-新人1分钱-260910-10129451028601-商务选品-625-56,2.34,175,6,0.00,0.00,3.43,福利价/无价格,,
2026-10-02,13873191576,CH-SC-低活-10140917922437-超级抢购-家庭清洁-无-剪辑-转化引导-家庭清洁-20260709-无-625-aigc-3,2.32,233,2,0.00,0.00,0.86,平台一组AIGC|心如|快手重复素材|快手非低质素材|福利价|腾讯首发素材,,
2026-10-02,14516456173,CH-SC-低活-10103917299332-超级抢购-厨具-无-剪辑-转化引导-厨具-20260911-无-625-24,2.31,111,2,0.00,0.00,1.80,心如|福利价,,
2026-10-02,14631515912,CH-SC-低活-10217740550325-超级抢购-箱包皮具-无-剪辑-转化引导-箱包皮具-260921-无-625-头条储备-aigc-131,2.31,84,3,0.00,0.00,3.57,,,
2026-10-02,14486275054,信息流-小牛-毛毯-三方主体-代运营-新人福利价-260914-10146450179286-商务选品-625-31,2.25,310,5,0.00,0.00,1.61,快手原创素材|快手非低质素材|福利价/无价格,,
2026-10-02,14631526588,CH-SC-低活-10100542418506-超级抢购-生活日用-无-剪辑-转化引导-生活日用-260927-无-625-头条储备-aigc-61,2.17,113,3,0.00,0.00,2.65,,,
2026-10-02,12851475282,荣耀-XN-短剧-通用-数字人介绍-混剪-2600320-625-19,2.16,147,41,0.00,0.00,27.89,,,
2026-10-02,14554232419,CH-SC-低活-10233824843150-超级抢购-收纳用品-无-剪辑-转化引导-收纳用品-260918-无-625-24,2.11,66,3,0.00,0.00,4.55,,,
2026-10-02,14631527832,CH-SC-低活-10100542418506-超级抢购-生活日用-无-剪辑-转化引导-生活日用-260921-无-625-头条储备-23,2.10,72,2,0.00,0.00,2.78,,,
2026-10-02,14516415648,CH-SC-低活-10233824843150-超级抢购-收纳用品-无-剪辑-转化引导-收纳用品-260915-无-625-22,2.10,237,19,0.00,0.00,8.02,心如|福利价,,
2026-10-02,14488272236,信息流-小牛-大月饼-三方主体-代运营-新人福利价-260914-10163022037983-内部实时跑量-625-aigc-1,2.05,164,5,0.00,0.00,3.05,福利价/无价格|考古加素材混剪,,
2026-10-02,14217056294,CH-SC-广义新-10136363822650-新综合频道-纸品-京喜拉新-剪辑-转化引导-纸品-20260813-无-625-aigc-2,2.05,1404,1105,2.05,1.00,78.70,平台一组AIGC|快手重复素材|快手非低质素材|腾讯首发素材,,
2026-10-02,14631527021,CH-SC-低活-10100542418506-超级抢购-生活日用-无-剪辑-转化引导-生活日用-260921-无-625-头条储备-aigc-5,2.04,43,2,0.00,0.00,4.65,,,
2026-10-02,14516454102,CH-SC-低活-10103917299332-超级抢购-厨具-无-剪辑-转化引导-厨具-20260911-无-625-25,2.01,583,3,0.00,0.00,0.51,心如|福利价,,
2026-10-02,14529783183,信息流-小牛-停车号码牌-三方主体-代运营-新人福利价-260917-10203964359828-内部实时跑量-625-42,2.01,100,3,0.00,0.00,3.00,,,
2026-10-02,14516354432,CH-SC-低活-10118706992348-超级抢购加补-纸品-无-剪辑-转化引导-纸品-260914-无-625-56,2.01,36,3,0.00,0.00,8.33,心如,,
2026-10-02,14247653929,信息流-小牛-旋转手机支架-三方主体-代运营-新人福利价-0821-10112643484929-内部实时跑量-625-8,1.92,275,7,0.00,0.00,2.55,有米云素材混剪|福利价/无价格,,
2026-10-02,14488240838,信息流-小牛-大月饼-三方主体-代运营-新人福利价-260914-10163022037983-内部实时跑量-625-1,1.70,242,4,0.00,0.00,1.65,福利价/无价格|考古加素材混剪,,
2026-10-02,13603383686,CH-SC-低活-10217740550325-超级抢购加补-箱包皮具-无-剪辑-转化引导-箱包皮具-20260617-无-625-aigc-6,1.67,424,17,0.00,0.00,4.01,加补1分钱|平台一组AIGC|心如|快手重复素材|快手非低质素材|腾讯首发素材,,
2026-10-02,14422217201,信息流-小牛-小蜜桃-三方主体-代运营-新人福利价-260908-10231541696811 -深海货盘-625-18,1.61,487,7,0.00,0.00,1.44,福利价/无价格|考古加素材混剪,,
2026-10-02,14516352026,CH-SC-低活-10118706992348-超级抢购加补-纸品-无-剪辑-转化引导-纸品-260914-无-625-65,1.58,46,3,0.00,0.00,6.52,心如,,
2026-10-02,14299138754,CH-PRJ-采销项目-无-快手-无-无-剪辑-转化引导-无-260825-无-625-1,1.52,24,11,0.17,9.00,45.83,快手重复素材|快手非低质素材,,
2026-10-02,14422200205,信息流-小牛-小蜜桃-三方主体-代运营-新人福利价-260908-10231541696811 -深海货盘-625-41,1.49,430,7,0.00,0.00,1.63,福利价/无价格|考古加素材混剪,,
2026-10-02,14631528018,CH-SC-低活-10100542418506-超级抢购-生活日用-无-剪辑-转化引导-生活日用-260921-无-625-头条储备-22,1.48,55,0,0.00,0.00,0.00,,,
2026-10-02,14088473390,CH-SC-低活-10223570717754-超级抢购-生鲜-无-剪辑-转化引导-生鲜-20260803-无-625-aigc-5,1.46,107,46,0.00,0.00,42.99,平台一组AIGC|心如|福利价|腾讯首发素材,,
2026-10-02,14631526421,CH-SC-低活-10100542418506-超级抢购-生活日用-无-剪辑-转化引导-生活日用-260927-无-625-头条储备-aigc-56,1.45,27,2,0.00,0.00,7.41,,,
2026-10-02,14033672040,信息流-小牛-折叠椅-京东主体-代运营-新人福利价-0731-10183713190151-设计自选-625-7,1.43,741,10,0.00,0.00,1.35,福利价/无价格,,
2026-10-02,14562134727,CH-PRJ-采销项目-无-快手-无-无-剪辑-转化引导-无-260911-无-625-11,1.40,32,13,0.20,7.00,40.62,,,
2026-10-02,14631525555,CH-SC-低活-10100542418506-超级抢购-生活日用-无-剪辑-转化引导-生活日用-260927-无-625-头条储备-aigc-70,1.39,71,1,0.00,0.00,1.41,,,
2026-10-02,14407837180,CH-SC-低活-10233823947947-超级抢购-生活日用-无-剪辑-转化引导-生活日用-260902-无-625-白牌-22,1.38,63,0,0.00,0.00,0.00,0820白牌|福利价,,
2026-10-02,14444473820,信息流-小牛-陶瓷碗-三方主体-代运营-新人1分钱-260910-10129451028601-商务选品-625-57,1.38,23,0,0.00,0.00,0.00,福利价/无价格,,
2026-10-02,14088471139,CH-SC-低活-10223570717754-超级抢购-生鲜-无-剪辑-转化引导-生鲜-20260803-无-625-aigc-1,1.37,43,1,0.00,0.00,2.33,平台一组AIGC|心如|福利价|腾讯首发素材,,
2026-10-02,14631527392,CH-SC-低活-10100542418506-超级抢购-生活日用-无-剪辑-转化引导-生活日用-260921-无-625-头条储备-aigc-14,1.37,37,1,0.00,0.00,2.70,,,
2026-10-02,14050219598,CH-SC-广义新-10187000434970-新综合频道-厨具-京喜拉新-剪辑-转化引导-厨具-20260730-无-625-9,1.36,12,6,0.00,0.00,50.00,广义新头条|心如|快手重复素材|快手非低质素材,,
2026-10-02,14444501631,信息流-小牛-陶瓷碗-三方主体-代运营-新人1分钱-260910-10129451028601-商务选品-625-44,1.35,195,17,0.00,0.00,8.72,快手原创素材|快手非低质素材|福利价/无价格,,
2026-10-02,14088470419,CH-SC-低活-10223570717754-超级抢购-生鲜-无-剪辑-转化引导-生鲜-20260803-无-625-aigc-13,1.34,160,4,0.00,0.00,2.50,平台一组AIGC|心如|福利价|腾讯首发素材,,
2026-10-02,14631525687,CH-SC-低活-10100542418506-超级抢购-生活日用-无-剪辑-转化引导-生活日用-260927-无-625-头条储备-aigc-67,1.33,43,0,0.00,0.00,0.00,,,
2026-10-02,14562120429,CH-PRJ-采销项目-无-快手-无-无-剪辑-转化引导-无-260915-无-625-4,1.31,20,16,0.12,11.00,80.00,,,
2026-10-02,14516359376,CH-SC-低活-10118706992348-超级抢购加补-纸品-无-剪辑-转化引导-纸品-260914-无-625-40,1.31,12,1,0.00,0.00,8.33,心如,,
2026-10-02,14516368459,CH-SC-低活-10118706992348-超级抢购加补-纸品-无-剪辑-转化引导-纸品-260914-无-625-11,1.30,12,6,0.00,0.00,50.00,心如,,
2026-10-02,14369373486,信息流-小牛-菜板-三方主体-代运营-新人福利价-260903-10155000015319-内部实时跑量-625-34,1.30,186,3,0.00,0.00,1.61,原生|快手原创素材|快手非低质素材|福利价/无价格,,
2026-10-02,13916488487,CH-SC-广义新-10040988734451-新10元话费券-无-无-剪辑-转化引导-无-20260715-无-625-23,1.28,319,8,0.00,0.00,2.51,快手原创素材|快手非低质素材|腾讯首发素材,,
2026-10-02,14488337273,信息流-小牛-大月饼-三方主体-代运营-新人福利价-260914-10163022037983-内部实时跑量-625-12,1.28,156,2,0.00,0.00,1.28,福利价/无价格|考古加素材混剪,,
2026-10-02,14372718363,信息流-小牛-旋转支架-三方主体-代运营-新人福利价-260903-10112643484929-内部实时跑量-625-37,1.27,126,10,0.00,0.00,7.94,原生|福利价/无价格|考古加素材混剪,,
2026-10-02,14529797677,信息流-小牛-停车号码牌-三方主体-代运营-新人福利价-260917-10203964359828-内部实时跑量-625-19,1.25,128,5,0.00,0.00,3.91,,,
2026-10-02,14529767101,信息流-小牛-停车号码牌-三方主体-代运营-新人福利价-260917-10203964359828-内部实时跑量-625-8,1.18,36,7,0.00,0.00,19.44,,,
2026-10-02,14422267021,信息流-小牛-真空袋-三方主体-代运营-新人福利价-260908-10212584519594-内部实时跑量-625-36,1.18,295,6,1.18,1.00,2.03,福利价/无价格|考古加素材混剪,,
2026-10-02,14238402782,信息流-小牛-雨伞-三方主体-代运营-新人福利价-0820-10130866966155-内部实时跑量-625-12,1.16,290,8,0.00,0.00,2.76,有米云素材混剪|福利价/无价格|腾讯首发素材,,
2026-10-02,13922152192,信息流-小牛-抽纸-京东主体-代运营-新人福利价-0721-100281253200-设计自选-625-aigc-5,1.15,37,24,0.00,0.00,64.86,平台一组AIGC|腾讯首发素材,,
2026-10-02,14372738418,信息流-小牛-旋转支架-三方主体-代运营-新人福利价-260903-10112643484929-内部实时跑量-625-14,1.14,450,13,0.00,0.00,2.89,原生|福利价/无价格|考古加素材混剪,,
2026-10-02,14562131260,CH-PRJ-采销项目-无-快手-无-无-剪辑-转化引导-无-260911-无-625-18,1.10,18,12,0.14,8.00,66.67,,,
2026-10-02,12851484788,荣耀-XN-短剧-通用-数字人介绍-混剪-2600320-625-50,1.08,89,5,0.00,0.00,5.62,,,
2026-10-02,14631528282,CH-SC-低活-10100542418506-超级抢购-生活日用-无-剪辑-转化引导-生活日用-260921-无-625-头条储备-16,1.04,38,1,0.00,0.00,2.63,,,
2026-10-02,14422203925,信息流-小牛-小蜜桃-三方主体-代运营-新人福利价-260908-10231541696811 -深海货盘-625-36,1.04,101,8,0.00,0.00,7.92,福利价/无价格|考古加素材混剪,,
2026-10-02,14247816775,CH-SC-低活-10120514417084-超级抢购-生鲜-无-剪辑-转化引导-生鲜-20260818-无-625-aigc-7,1.01,643,12,0.00,0.00,1.87,平台一组AIGC|腾讯首发素材,,
2026-10-02,14631526059,CH-SC-低活-10100542418506-超级抢购-生活日用-无-剪辑-转化引导-生活日用-260927-无-625-头条储备-aigc-63,0.99,26,1,0.00,0.00,3.85,,,
2026-10-02,14562127880,CH-PRJ-采销项目-无-快手-无-无-剪辑-转化引导-无-260911-无-625-25,0.99,131,0,0.00,0.00,0.00,,,
2026-10-02,14488317553,信息流-小牛-大月饼-三方主体-代运营-新人福利价-260914-10163022037983-内部实时跑量-625-24,0.96,39,2,0.00,0.00,5.13,福利价/无价格|考古加素材混剪,,
2026-10-02,14631512993,CH-SC-低活-10217740550325-超级抢购-箱包皮具-无-剪辑-转化引导-箱包皮具-260921-无-625-头条储备-aigc-41,0.96,45,0,0.00,0.00,0.00,,,
2026-10-02,14153374432,信息流-小牛-饭盒-三方主体-代运营-新人福利价-0812-10125420247464-大盘实扒改-625-1,0.95,70,5,0.00,0.00,7.14,大盘扒改|福利价/无价格,,
2026-10-02,14309681635,信息流-小牛-围裙-三方主体-代运营-新人福利价-260827-10117891615029-设计自选-625-57,0.95,56,0,0.00,0.00,0.00,平台一组AIGC|福利价/无价格|考古加素材混剪,,
2026-10-02,13685269945,CH-SC-低活-10233824843150-超级抢购加补-生活日用-无-剪辑-转化引导-生活日用-20260626-无-625-aigc-13,0.94,118,7,0.00,0.00,5.93,平台一组AIGC|心如|快手重复素材|快手非低质素材|福利价|腾讯首发素材,,
2026-10-02,14529788972,信息流-小牛-停车号码牌-三方主体-代运营-新人福利价-260917-10203964359828-内部实时跑量-625-34,0.92,22,0,0.00,0.00,0.00,,,
2026-10-02,14631526284,CH-SC-低活-10100542418506-超级抢购-生活日用-无-剪辑-转化引导-生活日用-260927-无-625-头条储备-aigc-62,0.92,16,0,0.00,0.00,0.00,,,
2026-10-02,14488234908,信息流-小牛-大月饼-三方主体-代运营-新人福利价-260914-10163022037983-内部实时跑量-625-3,0.89,118,5,0.00,0.00,4.24,福利价/无价格|考古加素材混剪,,
2026-10-02,14516515440,CH-SC-低活-10113209119177-超级抢购-电动车-无-剪辑-转化引导-电动车-260907-无-625-17,0.88,183,6,0.00,0.00,3.28,心如|福利价,,
2026-10-02,14631516483,CH-SC-低活-10217740550325-超级抢购-箱包皮具-无-剪辑-转化引导-箱包皮具-260921-无-625-头条储备-aigc-122,0.87,38,3,0.00,0.00,7.89,,,
2026-10-02,14086780491,信息流-小牛-陶瓷碗-三方主体-代运营-新人福利价-0806-10129451028601-客户推品-625-3,0.86,774,9,0.00,0.00,1.16,客供|福利价/无价格,,
2026-10-02,14486279638,信息流-小牛-毛毯-三方主体-代运营-新人福利价-260914-10146450179286-商务选品-625-29,0.82,73,2,0.00,0.00,2.74,快手原创素材|快手非低质素材|福利价/无价格,,
2026-10-02,14631564225,CH-SC-低活-10100542418506-超级抢购-生活日用-无-剪辑-转化引导-生活日用-260921-无-625-头条储备-15,0.81,31,1,0.00,0.00,3.23,,,
2026-10-02,14631515948,CH-SC-低活-10217740550325-超级抢购-箱包皮具-无-剪辑-转化引导-箱包皮具-260921-无-625-头条储备-aigc-132,0.81,17,0,0.00,0.00,0.00,,,
2026-10-02,14049375748,CH-SC-低活-10178946597305-超级抢购-厨具-无-剪辑-转化引导-厨具-20260728-无-625-aigc-7,0.80,17,1,0.80,1.00,5.88,平台一组AIGC|心如|快手重复素材|快手非低质素材|福利价|腾讯首发素材,,
2026-10-02,14487657915,信息流-小牛-毛毯-三方主体-代运营-新人福利价-260914-10146450179286-商务选品-625-42,0.78,55,3,0.00,0.00,5.45,快手原创素材|快手非低质素材|福利价/无价格,,
2026-10-02,13846319643,CH-SC-低活-10140917922437-超级抢购-家庭清洁-无-剪辑-转化引导-家庭清洁-20260708-无-625-aigc-4,0.77,41,2,0.00,0.00,4.88,平台一组AIGC|心如|快手重复素材|快手非低质素材|福利价|腾讯首发素材,,
2026-10-02,14535556841,信息流-小牛-打火机-三方主体-代运营-新人福利价-260918-10162692688878-内部实时跑量-625-1,0.76,220,4,0.00,0.00,1.82,,,
2026-10-02,14369356351,信息流-小牛-菜板-三方主体-代运营-新人福利价-260903-10155000015319-内部实时跑量-625-42,0.75,230,2,0.00,0.00,0.87,原生|快手原创素材|快手非低质素材|福利价/无价格,,
2026-10-02,13873247401,CH-SC-低活-10217740550325-超级抢购-箱包皮具-无-剪辑-转化引导-箱包皮具-20260713-无-625-aigc-1,0.69,21,0,0.00,0.00,0.00,平台一组AIGC|心如|快手重复素材|快手非低质素材|福利价|腾讯首发素材,,
2026-10-02,14422208475,信息流-小牛-小蜜桃-三方主体-代运营-新人福利价-260908-10231541696811 -深海货盘-625-33,0.67,161,3,0.00,0.00,1.86,福利价/无价格|考古加素材混剪,,
2026-10-02,14377813911,信息流-小牛-推车置物架-三方主体-代运营-新人福利价-260903-10095828488136-大盘实时跑量-625-2,0.67,11,1,0.00,0.00,9.09,原生|福利价/无价格,,
2026-10-02,14422213377,信息流-小牛-小蜜桃-三方主体-代运营-新人福利价-260908-10231541696811 -深海货盘-625-22,0.67,140,0,0.00,0.00,0.00,福利价/无价格|考古加素材混剪,,
2026-10-02,14535536280,信息流-小牛-打火机-三方主体-代运营-新人福利价-260918-10162692688878-内部实时跑量-625-27,0.65,33,0,0.00,0.00,0.00,,,
2026-10-02,13836049721,CH-SC-低活-10156776256916-超级抢购-珠宝首饰-无-剪辑-转化引导-珠宝首饰-20260703-无-625-aigc-9,0.63,36,1,0.00,0.00,2.78,平台一组AIGC|心如|快手重复素材|快手非低质素材|福利价,,
2026-10-02,14422200937,信息流-小牛-小蜜桃-三方主体-代运营-新人福利价-260908-10231541696811 -深海货盘-625-44,0.62,196,5,0.00,0.00,2.55,福利价/无价格|考古加素材混剪,,
2026-10-02,14562123726,CH-PRJ-采销项目-无-快手-无-无-剪辑-转化引导-无-260915-无-625-9,0.62,40,13,0.12,5.00,32.50,,,
2026-10-02,14197473065,CH-SC-低活-10166301474829-超级抢购-厨具-无-剪辑-转化引导-厨具-20260811-无-625-aigc-8,0.60,37,0,0.00,0.00,0.00,平台一组AIGC|心如|福利价|腾讯首发素材,,
2026-10-02,13614629036,CH-SC-广义新-10134479334759-新综合频道-钟表眼镜-京喜拉新-剪辑-转化引导-钟表眼镜-20260618-无-625-aigc-13,0.57,46,2,0.00,0.00,4.35,平台一组AIGC|快手重复素材|快手非低质素材|腾讯首发素材,,
2026-10-02,14535540060,信息流-小牛-打火机-三方主体-代运营-新人福利价-260918-10162692688878-内部实时跑量-625-18,0.57,51,1,0.00,0.00,1.96,,,
2026-10-02,14631526977,CH-SC-低活-10100542418506-超级抢购-生活日用-无-剪辑-转化引导-生活日用-260921-无-625-头条储备-aigc-3,0.57,18,0,0.00,0.00,0.00,,,
2026-10-02,14562120754,CH-PRJ-采销项目-无-快手-无-无-剪辑-转化引导-无-260915-无-625-2,0.54,16,6,0.18,3.00,37.50,,,
2026-10-02,14238406931,信息流-小牛-花洒支架-三方主体-代运营-新人福利价-0820-10116091800772-内部实时跑量-625-40,0.53,3,0,0.00,0.00,0.00,有米云素材混剪|福利价/无价格|腾讯首发素材,,
2026-10-02,14319046743,CH-SC-低活-10140917922437-超级抢购-家庭清洁-无-剪辑-转化引导-家庭清洁-20260820-无-625-aigc-11,0.53,81,1,0.00,0.00,1.23,平台AI测试/视频/一组智能体|平台一组AIGC|心如|快手重复素材|快手非低质素材|福利价,,
2026-10-02,14631526006,CH-SC-低活-10100542418506-超级抢购-生活日用-无-剪辑-转化引导-生活日用-260927-无-625-头条储备-aigc-64,0.53,9,0,0.00,0.00,0.00,,,
2026-10-02,14444498349,信息流-小牛-陶瓷碗-三方主体-代运营-新人1分钱-260910-10129451028601-商务选品-625-45,0.49,33,2,0.00,0.00,6.06,快手原创素材|快手非低质素材|福利价/无价格,,
2026-10-02,14309673245,信息流-小牛-电脑支架-三方主体-代运营-新人福利价-260827-10191489644462-大盘实扒改-625-2,0.48,14,0,0.00,0.00,0.00,平台一组AIGC|福利价/无价格|考古加素材混剪,,
2026-10-02,14562120515,CH-PRJ-采销项目-无-快手-无-无-剪辑-转化引导-无-260915-无-625-3,0.47,3,3,0.16,3.00,100.00,,,
2026-10-02,14299137656,CH-PRJ-采销项目-无-快手-无-无-剪辑-转化引导-无-260825-无-625-2,0.46,10,5,0.23,2.00,50.00,快手重复素材|快手非低质素材,,
2026-10-02,13603329865,CH-SC-广义新-10139440032542-新综合频道-运动户外-京喜拉新-剪辑-转化引导-运动户外-20260617-无-625-aigc10,0.46,81,2,0.00,0.00,2.47,平台一组AIGC|快手原创素材|快手非低质素材,,
2026-10-02,14247656476,信息流-小牛-旋转手机支架-三方主体-代运营-新人福利价-0821-10112643484929-内部实时跑量-625-4,0.45,87,3,0.00,0.00,3.45,有米云素材混剪|福利价/无价格|腾讯首发素材,,
2026-10-02,14422203143,信息流-小牛-小蜜桃-三方主体-代运营-新人福利价-260908-10231541696811 -深海货盘-625-37,0.45,92,3,0.00,0.00,3.26,福利价/无价格|考古加素材混剪,,
2026-10-02,14562133139,CH-PRJ-采销项目-无-快手-无-无-剪辑-转化引导-无-260911-无-625-15,0.43,10,6,0.22,2.00,60.00,,,
2026-10-02,14422244640,信息流-小牛-真空袋-三方主体-代运营-新人福利价-260908-10212584519594-内部实时跑量-625-6,0.43,28,0,0.00,0.00,0.00,福利价/无价格|考古加素材混剪,,
2026-10-02,13916301057,CH-SC-低活-10140917922437-超级抢购-家庭清洁-无-剪辑-转化引导-家庭清洁-20260715-无-625-aigc-8,0.42,9,0,0.00,0.00,0.00,平台一组AIGC|心如|快手重复素材|快手非低质素材|无价格|腾讯首发素材,,
2026-10-02,14488336990,信息流-小牛-大月饼-三方主体-代运营-新人福利价-260914-10163022037983-内部实时跑量-625-13,0.42,64,0,0.00,0.00,0.00,福利价/无价格|考古加素材混剪,,
2026-10-02,14631525904,CH-SC-低活-10100542418506-超级抢购-生活日用-无-剪辑-转化引导-生活日用-260927-无-625-头条储备-aigc-65,0.41,10,1,0.00,0.00,10.00,,,
2026-10-02,14516511074,CH-SC-低活-10113209119177-超级抢购-电动车-无-剪辑-转化引导-电动车-260907-无-625-28,0.40,17,0,0.00,0.00,0.00,心如|福利价,,
2026-10-02,14631525501,CH-SC-低活-10100542418506-超级抢购-生活日用-无-剪辑-转化引导-生活日用-260927-无-625-头条储备-aigc-71,0.40,4,0,0.00,0.00,0.00,,,
2026-10-02,13116763955,XN-OPPO浏览器-视频-文案类-视频混剪-竖-625-cjj-纯新AIGC-20260423-54,0.40,4,1,0.00,0.00,25.00,头条优质素材|头条首发素材,,
2026-10-02,13746266511,CH-SC-广义新-10196323916105-新综合频道-数码-京喜拉新-剪辑-转化引导-数码-20260630-无-625-aigc-7,0.39,24,0,0.00,0.00,0.00,平台一组AIGC|广义新头条|心如|快手原创素材|快手非低质素材,,
2026-10-02,13846312909,CH-SC-低活-10140917922437-超级抢购-家庭清洁-无-剪辑-转化引导-家庭清洁-20260708-无-625-aigc-14,0.39,48,2,0.00,0.00,4.17,平台一组AIGC|心如|快手重复素材|快手非低质素材|福利价|腾讯首发素材,,
2026-10-02,14554169814,CH-SC-低活-10096167203452-超级抢购-纸品-大商超-剪辑-转化引导-纸品-260917-无-625-16,0.38,146,109,0.00,0.00,74.66,,,
2026-10-02,14529803168,信息流-小牛-停车号码牌-三方主体-代运营-新人福利价-260917-10203964359828-内部实时跑量-625-12,0.37,25,0,0.00,0.00,0.00,,,
2026-10-02,14631564909,CH-SC-低活-10100542418506-超级抢购-生活日用-无-剪辑-转化引导-生活日用-260921-无-625-头条储备-14,0.37,26,2,0.00,0.00,7.69,,,
2026-10-02,14631527043,CH-SC-低活-10100542418506-超级抢购-生活日用-无-剪辑-转化引导-生活日用-260927-无-625-头条储备-aigc-52,0.36,6,0,0.00,0.00,0.00,,,
2026-10-02,14309679637,信息流-小牛-围裙-三方主体-代运营-新人福利价-260827-10117891615029-设计自选-625-58,0.36,40,1,0.00,0.00,2.50,平台一组AIGC|福利价/无价格|考古加素材混剪,,
2026-10-02,14422217260,信息流-小牛-小蜜桃-三方主体-代运营-新人福利价-260908-10231541696811 -深海货盘-625-23,0.35,67,0,0.00,0.00,0.00,福利价/无价格|考古加素材混剪,,
2026-10-02,14535543604,信息流-小牛-打火机-三方主体-代运营-新人福利价-260918-10162692688878-内部实时跑量-625-15,0.35,18,0,0.00,0.00,0.00,,,
2026-10-02,14463699574,CH-SC-低活-10223570717754-超级抢购-生鲜-无-剪辑-转化引导-生鲜-260903-无-625-3,0.35,29,2,0.00,0.00,6.90,心如|福利价|腾讯首发素材,,
2026-10-02,14562130949,CH-PRJ-采销项目-无-快手-无-无-剪辑-转化引导-无-260911-无-625-20,0.33,8,4,0.11,3.00,50.00,,,
2026-10-02,14529779876,信息流-小牛-停车号码牌-三方主体-代运营-新人福利价-260917-10203964359828-内部实时跑量-625-45,0.33,10,1,0.00,0.00,10.00,,,
2026-10-02,12851484247,荣耀-XN-短剧-通用-数字人介绍-混剪-2600320-625-48,0.33,26,8,0.00,0.00,30.77,,,
2026-10-02,14488311102,信息流-小牛-大月饼-三方主体-代运营-新人福利价-260914-10163022037983-内部实时跑量-625-28,0.33,99,2,0.00,0.00,2.02,福利价/无价格|考古加素材混剪,,
2026-10-02,14516331930,CH-SC-低活-10111392494770-超级抢购加补-收纳用品-无-剪辑-转化引导-收纳用品-20260911-无-625-39,0.32,10,2,0.32,1.00,20.00,心如,,
2026-10-02,13916303411,CH-SC-低活-10140917922437-超级抢购-家庭清洁-无-剪辑-转化引导-家庭清洁-20260715-无-625-aigc-14,0.31,46,1,0.00,0.00,2.17,平台一组AIGC|心如|快手重复素材|快手非低质素材|无价格|腾讯首发素材,,
2026-10-02,14631526349,CH-SC-低活-10100542418506-超级抢购-生活日用-无-剪辑-转化引导-生活日用-260927-无-625-头条储备-aigc-58,0.31,3,0,0.00,0.00,0.00,,,
2026-10-02,13776599474,CH-SC-广义新-10177393646076-新综合频道-灯饰照明-京喜拉新-剪辑-转化引导-灯饰照明-20260702-反向-625-aigc-14,0.30,11,0,0.00,0.00,0.00,平台一组AIGC|快手原创素材|快手非低质素材|无价格|福利价/无价格,,
2026-10-02,14529799542,信息流-小牛-停车号码牌-三方主体-代运营-新人福利价-260917-10203964359828-内部实时跑量-625-17,0.29,8,0,0.00,0.00,0.00,,,
2026-10-02,13246456040,XN-OPPO浏览器-视频-文案类-视频混剪-竖-625-cjj-纯新AIGC-20260509-39,0.29,2,1,0.00,0.00,50.00,头条优质素材,,
2026-10-02,14369358732,信息流-小牛-菜板-三方主体-代运营-新人福利价-260903-10155000015319-内部实时跑量-625-41,0.29,228,2,0.00,0.00,0.88,原生|快手原创素材|快手非低质素材|福利价/无价格,,
2026-10-02,14377814518,信息流-小牛-推车置物架-三方主体-代运营-新人福利价-260903-10095828488136-大盘实时跑量-625-3,0.29,35,2,0.00,0.00,5.71,原生|福利价/无价格,,
2026-10-02,13651815810,CH-SC-低活-10081585918372-超级抢购-家庭清洁纸品-无-剪辑-转化引导-家庭清洁纸品-20260623-无-625-aigc-15,0.29,16,1,0.00,0.00,6.25,平台一组AIGC|心如|快手重复素材|快手非低质素材|福利价|腾讯首发素材,,
2026-10-02,13916109786,CH-SC-广义新-10155000015319-新综合频道-厨具-京喜拉新-剪辑-转化引导-厨具-20260716-无-625-aigc-2,0.29,17,1,0.00,0.00,5.88,平台一组AIGC|广义新头条|心如|无价格|腾讯首发素材,,
2026-10-02,14631526505,CH-SC-低活-10100542418506-超级抢购-生活日用-无-剪辑-转化引导-生活日用-260927-无-625-头条储备-aigc-57,0.29,8,0,0.00,0.00,0.00,,,
2026-10-02,13746328503,CH-SC-低活-10139440032542-超级抢购5元-运动户外-无-剪辑-转化引导-运动户外-20260630-无-625-aigc-7,0.29,13,1,0.00,0.00,7.69,平台一组AIGC|心如|快手重复素材|快手非低质素材|福利价|腾讯首发素材,,
2026-10-02,14372713690,信息流-小牛-旋转支架-三方主体-代运营-新人福利价-260903-10112643484929-内部实时跑量-625-42,0.28,37,0,0.00,0.00,0.00,原生|福利价/无价格|考古加素材混剪,,
2026-10-02,14488311392,信息流-小牛-大月饼-三方主体-代运营-新人福利价-260914-10163022037983-内部实时跑量-625-27,0.28,65,2,0.00,0.00,3.08,福利价/无价格|考古加素材混剪,,
2026-10-02,14631527390,CH-SC-低活-10100542418506-超级抢购-生活日用-无-剪辑-转化引导-生活日用-260921-无-625-头条储备-8,0.28,9,0,0.00,0.00,0.00,,,
2026-10-02,14309691127,信息流-小牛-围裙-三方主体-代运营-新人福利价-260827-10117891615029-设计自选-625-43,0.28,5,0,0.00,0.00,0.00,平台一组AIGC|福利价/无价格|考古加素材混剪,,
2026-10-02,13835197635,CH-SC-广义新-10139440032542-新综合频道-运动户外-京喜拉新-剪辑-转化引导-运动户外-20260708-无-625-aigc-10,0.28,22,0,0.00,0.00,0.00,平台一组AIGC|广义新头条|快手重复素材|快手非低质素材|无价格|腾讯首发素材,,
2026-10-02,14631525434,CH-SC-低活-10100542418506-超级抢购-生活日用-无-剪辑-转化引导-生活日用-260927-无-625-头条储备-aigc-72,0.27,8,0,0.00,0.00,0.00,,,
2026-10-02,14631526655,CH-SC-低活-10100542418506-超级抢购-生活日用-无-剪辑-转化引导-生活日用-260927-无-625-头条储备-aigc-54,0.27,4,0,0.00,0.00,0.00,,,
2026-10-02,14374709328,信息流-小牛-苹果-三方主体-代运营-新人福利价-260903-10186710590960-历史爆品-625-18,0.27,29,0,0.00,0.00,0.00,原生|福利价/无价格|考古加素材混剪,,
2026-10-02,14535550854,信息流-小牛-打火机-三方主体-代运营-新人福利价-260918-10162692688878-内部实时跑量-625-5,0.27,10,0,0.00,0.00,0.00,,,
2026-10-02,14299115353,CH-SC-广义新-10118706992345-新综合频道-纸品-京喜拉新-剪辑-转化引导-纸品-260826-无-625-6,0.27,129,25,0.00,0.00,19.38,平台一组AIGC|快手重复素材|快手非低质素材,,
2026-10-02,14631527264,CH-SC-低活-10100542418506-超级抢购-生活日用-无-剪辑-转化引导-生活日用-260921-无-625-头条储备-aigc-1,0.26,10,1,0.00,0.00,10.00,,,
2026-10-02,14631528535,CH-SC-低活-10100542418506-超级抢购-生活日用-无-剪辑-转化引导-生活日用-260921-无-625-头条储备-20,0.26,40,1,0.00,0.00,2.50,,,
2026-10-02,14554238127,CH-SC-低活-10233824843150-超级抢购-收纳用品-无-剪辑-转化引导-收纳用品-260918-无-625-42,0.26,90,27,0.00,0.00,30.00,,,
2026-10-02,14488228055,信息流-小牛-大月饼-三方主体-代运营-新人福利价-260914-10163022037983-内部实时跑量-625-6,0.26,19,0,0.00,0.00,0.00,福利价/无价格|考古加素材混剪,,
2026-10-02,14535563001,信息流-小牛-打火机-三方主体-代运营-新人福利价-260918-10162692688878-内部实时跑量-625-59,0.26,23,2,0.00,0.00,8.70,,,
2026-10-02,14529790599,信息流-小牛-停车号码牌-三方主体-代运营-新人福利价-260917-10203964359828-内部实时跑量-625-28,0.25,34,0,0.00,0.00,0.00,,,
2026-10-02,14009876900,信息流-小牛-李子-京东主体-代运营-新人福利价-0729-10223570717754-设计自选-625-aigc-12,0.25,7,1,0.00,0.00,14.29,平台一组AIGC,,
2026-10-02,14247654426,信息流-小牛-旋转手机支架-三方主体-代运营-新人福利价-0821-10112643484929-内部实时跑量-625-5,0.24,29,2,0.00,0.00,6.90,有米云素材混剪|福利价/无价格|腾讯首发素材,,
2026-10-02,14033669638,信息流-小牛-折叠椅-京东主体-代运营-新人福利价-0731-10183713190151-设计自选-625-3,0.23,17,0,0.00,0.00,0.00,福利价/无价格,,
2026-10-02,14197477406,CH-SC-低活-10129451028601-超级抢购-厨具-无-剪辑-转化引导-厨具-20260811-无-625-aigc-5,0.23,5,3,0.00,0.00,60.00,平台一组AIGC,,
2026-10-02,14631526522,CH-SC-低活-10100542418506-超级抢购-生活日用-无-剪辑-转化引导-生活日用-260927-无-625-头条储备-aigc-55,0.22,14,1,0.00,0.00,7.14,,,
2026-10-02,14299136746,CH-PRJ-采销项目-无-快手-无-无-剪辑-转化引导-无-260825-无-625-6,0.22,12,2,0.11,2.00,16.67,快手重复素材|快手非低质素材,,
2026-10-02,14529781287,信息流-小牛-停车号码牌-三方主体-代运营-新人福利价-260917-10203964359828-内部实时跑量-625-46,0.22,7,0,0.00,0.00,0.00,,,
2026-10-02,14631527575,CH-SC-低活-10100542418506-超级抢购-生活日用-无-剪辑-转化引导-生活日用-260921-无-625-头条储备-4,0.22,8,1,0.00,0.00,12.50,,,
2026-10-02,14488299649,信息流-小牛-大月饼-三方主体-代运营-新人福利价-260914-10163022037983-内部实时跑量-625-34,0.22,39,1,0.00,0.00,2.56,福利价/无价格|考古加素材混剪,,
2026-10-02,14631517962,CH-SC-低活-10217740550325-超级抢购-箱包皮具-无-剪辑-转化引导-箱包皮具-260921-无-625-头条储备-aigc-102,0.22,13,0,0.00,0.00,0.00,,,
2026-10-02,14516518803,CH-SC-低活-10113209119177-超级抢购-电动车-无-剪辑-转化引导-电动车-260907-无-625-10,0.21,23,1,0.00,0.00,4.35,心如|福利价,,
2026-10-02,14238402122,信息流-小牛-雨伞-三方主体-代运营-新人福利价-0820-10130866966155-内部实时跑量-625-11,0.21,105,1,0.00,0.00,0.95,有米云素材混剪|福利价/无价格,,
2026-10-02,14488278951,信息流-小牛-大月饼-三方主体-代运营-新人福利价-260914-10163022037983-内部实时跑量-625-44,0.21,42,3,0.00,0.00,7.14,福利价/无价格|考古加素材混剪,,
2026-10-02,14463887262,CH-SC-低活-10223570717754-超级抢购-生鲜-无-剪辑-转化引导-生鲜-260903-无-625-9,0.21,9,0,0.00,0.00,0.00,心如|福利价|腾讯首发素材,,
2026-10-02,14631515614,CH-SC-低活-10217740550325-超级抢购-箱包皮具-无-剪辑-转化引导-箱包皮具-260921-无-625-头条储备-aigc-139,0.20,24,1,0.00,0.00,4.17,,,
2026-10-02,14372715475,信息流-小牛-旋转支架-三方主体-代运营-新人福利价-260903-10112643484929-内部实时跑量-625-41,0.20,44,0,0.00,0.00,0.00,原生|福利价/无价格|考古加素材混剪,,
2026-10-02,13341769458,CH-SC-广义新-10219841541026-新综合频道-厨具-京喜拉新-剪辑-转化引导-厨具-20260520-反向-625-15,0.19,9,0,0.00,0.00,0.00,广义新头条|心如|快手重复素材|快手非低质素材|无价格|腾讯首发素材,,
2026-10-02,13922151320,信息流-小牛-抽纸-京东主体-代运营-新人福利价-0721-100281253200-设计自选-625-aigc-3,0.19,55,8,0.00,0.00,14.55,平台一组AIGC|腾讯首发素材,,
2026-10-02,14554165694,CH-SC-低活-10096167203452-超级抢购-纸品-大商超-剪辑-转化引导-纸品-260917-无-625-110,0.19,61,51,0.00,0.00,83.61,,,
2026-10-02,14444507027,信息流-小牛-陶瓷碗-三方主体-代运营-新人1分钱-260910-10129451028601-商务选品-625-41,0.19,12,0,0.00,0.00,0.00,快手原创素材|快手非低质素材|福利价/无价格,,
2026-10-02,14516512245,CH-SC-低活-10113209119177-超级抢购-电动车-无-剪辑-转化引导-电动车-260907-无-625-26,0.18,10,0,0.00,0.00,0.00,心如|福利价,,
2026-10-02,14422213367,信息流-小牛-小蜜桃-三方主体-代运营-新人福利价-260908-10231541696811 -深海货盘-625-26,0.18,39,0,0.00,0.00,0.00,福利价/无价格|考古加素材混剪,,
2026-10-02,14631564997,CH-SC-低活-10100542418506-超级抢购-生活日用-无-剪辑-转化引导-生活日用-260921-无-625-头条储备-12,0.18,5,1,0.00,0.00,20.00,,,
2026-10-02,13846337923,CH-SC-低活-10113209119177-超级抢购-电动车-无-剪辑-转化引导-电动车-20260708-无-625-5,0.18,7,0,0.00,0.00,0.00,平台一组AIGC|心如|快手原创素材|快手非低质素材|福利价|腾讯首发素材,,
2026-10-02,14529799195,信息流-小牛-停车号码牌-三方主体-代运营-新人福利价-260917-10203964359828-内部实时跑量-625-18,0.18,5,0,0.00,0.00,0.00,,,
2026-10-02,14049453611,CH-SC-低活-10203314269223-超级抢购-生鲜-无-剪辑-转化引导-生鲜-20260730-无-625-aigc-1,0.17,12,0,0.00,0.00,0.00,平台一组AIGC|心如|福利价|腾讯首发素材,,
2026-10-02,14516507372,CH-SC-低活-10233824843150-超级抢购-收纳用品-无-剪辑-转化引导-收纳用品-260907-无-625-8,0.17,13,0,0.00,0.00,0.00,心如|福利价,,
2026-10-02,14422153971,信息流-小牛-骑行支架-三方主体-代运营-新人福利价-260908-10139440032542-历史爆品-625-38,0.17,53,4,0.00,0.00,7.55,福利价/无价格|考古加素材混剪,,
2026-10-02,14422149663,信息流-小牛-骑行支架-三方主体-代运营-新人福利价-260908-10139440032542-历史爆品-625-42,0.17,45,1,0.00,0.00,2.22,头条优质素材|福利价/无价格|考古加素材混剪,,
2026-10-02,13988881818,CH-SC-低活-10217740550325-超级抢购-箱包皮具-无-剪辑-转化引导-箱包皮具-20260720-无-625-aigc-2,0.17,14,0,0.00,0.00,0.00,平台一组AIGC|心如|快手重复素材|快手非低质素材|福利价|腾讯首发素材,,
2026-10-02,14535563513,信息流-小牛-打火机-三方主体-代运营-新人福利价-260918-10162692688878-内部实时跑量-625-60,0.17,16,0,0.00,0.00,0.00,,,
2026-10-02,14516515890,CH-SC-低活-10113209119177-超级抢购-电动车-无-剪辑-转化引导-电动车-260907-无-625-15,0.17,8,0,0.00,0.00,0.00,心如|福利价,,
2026-10-02,14516388387,CH-SC-低活-10103917299332-超级抢购加补-厨具-无-剪辑-转化引导-厨具-20260911-无-625-13,0.16,2,0,0.00,0.00,0.00,心如,,
2026-10-02,14422151865,信息流-小牛-骑行支架-三方主体-代运营-新人福利价-260908-10139440032542-历史爆品-625-41,0.16,178,0,0.00,0.00,0.00,福利价/无价格|考古加素材混剪,,
2026-10-02,14309676636,信息流-小牛-电脑支架-三方主体-代运营-新人福利价-260827-10191489644462-大盘实扒改-625-1,0.16,33,0,0.00,0.00,0.00,平台一组AIGC|福利价/无价格|考古加素材混剪,,
2026-10-02,14309670559,信息流-小牛-电脑支架-三方主体-代运营-新人福利价-260827-10191489644462-大盘实扒改-625-5,0.16,8,1,0.00,0.00,12.50,平台一组AIGC|福利价/无价格|考古加素材混剪,,
2026-10-02,14631515230,CH-SC-低活-10217740550325-超级抢购-箱包皮具-无-剪辑-转化引导-箱包皮具-260921-无-625-头条储备-aigc-140,0.16,9,2,0.00,0.00,22.22,,,
2026-10-02,14488248561,信息流-小牛-大月饼-三方主体-代运营-新人福利价-260914-10163022037983-内部实时跑量-625-aigc-11,0.16,20,0,0.00,0.00,0.00,福利价/无价格|考古加素材混剪,,
2026-10-02,14516510263,CH-SC-低活-10113209119177-超级抢购-电动车-无-剪辑-转化引导-电动车-260907-无-625-3,0.16,3,0,0.00,0.00,0.00,心如|福利价,,
2026-10-02,14631516288,CH-SC-低活-10217740550325-超级抢购-箱包皮具-无-剪辑-转化引导-箱包皮具-260921-无-625-头条储备-aigc-125,0.15,2,0,0.00,0.00,0.00,,,
2026-10-02,14422256343,信息流-小牛-真空袋-三方主体-代运营-新人福利价-260908-10212584519594-内部实时跑量-625-42,0.15,149,3,0.00,0.00,2.01,福利价/无价格|考古加素材混剪,,
2026-10-02,14197028224,信息流-小牛-酱牛肉-三方主体-代运营-新人福利价-0817-10163955893408-大盘扒改-625-,0.15,21,0,0.00,0.00,0.00,大盘扒改|福利价/无价格,,
2026-10-02,13522207947,CH-SC-低活-10113209119177-超级抢购加补-电动车-无-剪辑-转化引导-电动车-20260609-无-625-aigc-3,0.15,5,1,0.00,0.00,20.00,DHX扒起量0608|不对版！！|平台一组AIGC|心如|快手重复素材|快手非低质素材|腾讯首发素材,,
2026-10-02,14562126450,CH-PRJ-采销项目-无-快手-无-无-剪辑-转化引导-无-260911-无-625-1,0.15,1,1,0.00,0.00,100.00,,,
2026-10-02,14554232224,CH-SC-低活-10140917922437-超级抢购-家庭清洁-无-剪辑-转化引导-家庭清洁-20260918-无-625-aigc-11,0.15,11,0,0.00,0.00,0.00,,,
2026-10-02,14554232714,CH-SC-低活-10233824843150-超级抢购-收纳用品-无-剪辑-转化引导-收纳用品-260918-无-625-23,0.15,12,0,0.00,0.00,0.00,,,
2026-10-02,13916303997,CH-SC-低活-10140917922437-超级抢购-家庭清洁-无-剪辑-转化引导-家庭清洁-20260715-无-625-aigc-15,0.15,23,2,0.00,0.00,8.70,平台一组AIGC|心如|快手重复素材|快手非低质素材|无价格|腾讯首发素材,,
2026-10-02,14422273850,信息流-小牛-真空袋-三方主体-代运营-新人福利价-260908-10212584519594-内部实时跑量-625-21,0.14,57,1,0.00,0.00,1.75,福利价/无价格|考古加素材混剪,,
2026-10-02,14516512211,CH-SC-低活-10113209119177-超级抢购-电动车-无-剪辑-转化引导-电动车-260907-无-625-25,0.14,3,0,0.00,0.00,0.00,心如|福利价,,
2026-10-02,13846344785,CH-SC-低活-10113209119177-超级抢购-电动车-无-剪辑-转化引导-电动车-20260708-无-625-11,0.14,5,0,0.00,0.00,0.00,平台一组AIGC|心如|福利价|腾讯首发素材,,
2026-10-02,13614625693,CH-SC-广义新-10134479334759-新综合频道-钟表眼镜-京喜拉新-剪辑-转化引导-钟表眼镜-20260618-无-625-aigc-8,0.14,68,31,0.00,0.00,45.59,平台一组AIGC|快手重复素材|快手非低质素材|腾讯首发素材,,
2026-10-02,14631516640,CH-SC-低活-10217740550325-超级抢购-箱包皮具-无-剪辑-转化引导-箱包皮具-260921-无-625-头条储备-aigc-119,0.14,11,0,0.00,0.00,0.00,,,
2026-10-02,14516515599,CH-SC-低活-10113209119177-超级抢购-电动车-无-剪辑-转化引导-电动车-260907-无-625-16,0.14,9,0,0.00,0.00,0.00,心如|福利价,,
2026-10-02,14631527262,CH-SC-低活-10100542418506-超级抢购-生活日用-无-剪辑-转化引导-生活日用-260921-无-625-头条储备-9,0.14,5,0,0.00,0.00,0.00,,,
2026-10-02,14554164772,CH-SC-低活-10096167203452-超级抢购-纸品-大商超-剪辑-转化引导-纸品-260917-无-625-12,0.13,46,37,0.00,0.00,80.43,,,
2026-10-02,14631517441,CH-SC-低活-10217740550325-超级抢购-箱包皮具-无-剪辑-转化引导-箱包皮具-260921-无-625-头条储备-aigc-111,0.13,11,1,0.00,0.00,9.09,,,
2026-10-02,14631528042,CH-SC-低活-10100542418506-超级抢购-生活日用-无-剪辑-转化引导-生活日用-260921-无-625-头条储备-31,0.13,8,0,0.00,0.00,0.00,,,
2026-10-02,14369364164,信息流-小牛-菜板-三方主体-代运营-新人福利价-260903-10155000015319-内部实时跑量-625-38,0.13,46,1,0.00,0.00,2.17,原生|快手原创素材|快手非低质素材|福利价/无价格,,
2026-10-02,14444491999,信息流-小牛-陶瓷碗-三方主体-代运营-新人1分钱-260910-10129451028601-商务选品-625-48,0.13,3,0,0.00,0.00,0.00,快手原创素材|快手非低质素材|福利价/无价格,,
2026-10-02,14529793899,信息流-小牛-停车号码牌-三方主体-代运营-新人福利价-260917-10203964359828-内部实时跑量-625-27,0.12,9,0,0.00,0.00,0.00,,,
2026-10-02,13916494785,CH-SC-广义新-10040988734451-新10元话费券-无-无-剪辑-转化引导-无-20260715-无-625-14,0.12,17,1,0.00,0.00,5.88,快手原创素材|快手非低质素材,,
2026-10-02,14631514625,CH-SC-低活-10217740550325-超级抢购-箱包皮具-无-剪辑-转化引导-箱包皮具-260921-无-625-头条储备-aigc-157,0.12,2,0,0.00,0.00,0.00,,,
2026-10-02,14516510742,CH-SC-低活-10113209119177-超级抢购-电动车-无-剪辑-转化引导-电动车-260907-无-625-2,0.12,4,0,0.00,0.00,0.00,心如|福利价,,
2026-10-02,14631516979,CH-SC-低活-10217740550325-超级抢购-箱包皮具-无-剪辑-转化引导-箱包皮具-260921-无-625-头条储备-aigc-116,0.12,7,0,0.00,0.00,0.00,,,
2026-10-02,14554245357,CH-SC-低活-10111392494770-超级抢购-收纳用品-无-剪辑-转化引导-收纳用品-20260918-无-625-启动-6,0.12,5,0,0.00,0.00,0.00,,,
2026-10-02,13873209822,CH-SC-低活-10113209119177-超级抢购-电动车-无-剪辑-转化引导-电动车-20260709-无-625-2,0.12,4,0,0.00,0.00,0.00,心如|快手重复素材|快手非低质素材|福利价|腾讯首发素材,,
2026-10-02,14422223087,信息流-小牛-小蜜桃-三方主体-代运营-新人福利价-260908-10231541696811 -深海货盘-625-13,0.12,32,0,0.00,0.00,0.00,福利价/无价格|考古加素材混剪,,
2026-10-02,14309684067,信息流-小牛-围裙-三方主体-代运营-新人福利价-260827-10117891615029-设计自选-625-52,0.11,7,0,0.00,0.00,0.00,平台一组AIGC|福利价/无价格|考古加素材混剪,,
2026-10-02,13341765349,CH-SC-广义新-10219841541026-新综合频道-厨具-京喜拉新-剪辑-转化引导-厨具-20260520-反向-625-7,0.11,23,2,0.00,0.00,8.70,广义新头条|心如|快手重复素材|快手非低质素材|无价格|腾讯首发素材,,
2026-10-02,14631525605,CH-SC-低活-10100542418506-超级抢购-生活日用-无-剪辑-转化引导-生活日用-260927-无-625-头条储备-aigc-69,0.11,3,0,0.00,0.00,0.00,,,
2026-10-02,14535553882,信息流-小牛-打火机-三方主体-代运营-新人福利价-260918-10162692688878-内部实时跑量-625-4,0.11,32,0,0.00,0.00,0.00,,,
2026-10-02,14516518345,CH-SC-低活-10113209119177-超级抢购-电动车-无-剪辑-转化引导-电动车-260907-无-625-8,0.11,4,1,0.00,0.00,25.00,心如|福利价,,
2026-10-02,14319041746,CH-SC-低活-10140917922437-超级抢购-家庭清洁-无-剪辑-转化引导-家庭清洁-20260820-无-625-aigc-4,0.10,6,0,0.00,0.00,0.00,平台AI测试/视频/一组智能体|平台一组AIGC|心如|快手原创素材|快手非低质素材|福利价,,
2026-10-02,14238398164,信息流-小牛-雨伞-三方主体-代运营-新人福利价-0820-10130866966155-内部实时跑量-625-21,0.10,6,2,0.00,0.00,33.33,有米云素材混剪|福利价/无价格,,
2026-10-02,14408014421,CH-SC-广义新-10129955889557-新综合频道-厨具-京喜拉新-剪辑-转化引导-厨具-260904-反向-625-7,0.10,5,0,0.00,0.00,0.00,无价格,,
2026-10-02,14488278193,信息流-小牛-大月饼-三方主体-代运营-新人福利价-260914-10163022037983-内部实时跑量-625-46,0.10,11,0,0.00,0.00,0.00,福利价/无价格|考古加素材混剪,,
2026-10-02,14309576263,信息流-小牛-围裙-三方主体-代运营-新人福利价-260827-10117891615029-设计自选-625-14,0.10,8,0,0.00,0.00,0.00,平台一组AIGC|福利价/无价格|考古加素材混剪,,
2026-10-02,14554240556,CH-SC-低活-10111392494770-超级抢购-收纳用品-无-剪辑-转化引导-收纳用品-20260918-无-625-启动-2,0.09,3,0,0.00,0.00,0.00,,,
2026-10-02,14309792648,信息流-小牛-雨伞-三方主体-代运营-新人福利价-260828-10113643996701-大盘扒改-625-58,0.09,2,0,0.00,0.00,0.00,原生|大盘扒改|平台一组AIGC|福利价/无价格,,
2026-10-02,14407746537,CH-SC-广义新-10129955889557-新综合频道-厨具-京喜拉新-剪辑-转化引导-厨具-260904-反向-625-1,0.09,9,0,0.00,0.00,0.00,无价格,,
2026-10-02,14535580726,信息流-小牛-打火机-三方主体-代运营-新人福利价-260918-10162692688878-内部实时跑量-625-42,0.09,9,0,0.00,0.00,0.00,,,
2026-10-02,14372718762,信息流-小牛-旋转支架-三方主体-代运营-新人福利价-260903-10112643484929-内部实时跑量-625-35,0.09,19,0,0.00,0.00,0.00,原生|福利价/无价格|考古加素材混剪,,
2026-10-02,14318963321,CH-PRJ-采销项目-无-快手-无-无-剪辑-转化引导-无-260826-无-625-16,0.09,1,1,0.00,0.00,100.00,快手重复素材|快手非低质素材,,
2026-10-02,14422162495,信息流-小牛-骑行支架-三方主体-代运营-新人福利价-260908-10139440032542-历史爆品-625-31,0.09,10,0,0.00,0.00,0.00,福利价/无价格|考古加素材混剪,,
2026-10-02,14463716522,CH-SC-低活-10223570717754-超级抢购-生鲜-无-剪辑-转化引导-生鲜-260903-无-625-14,0.09,19,0,0.00,0.00,0.00,心如|福利价|腾讯首发素材,,
2026-10-02,14488288795,信息流-小牛-大月饼-三方主体-代运营-新人福利价-260914-10163022037983-内部实时跑量-625-39,0.09,26,1,0.00,0.00,3.85,福利价/无价格|考古加素材混剪,,
2026-10-02,14516445639,CH-SC-低活-10111392494770-超级抢购-收纳用品-无-剪辑-转化引导-收纳用品-20260911-无-625-7,0.09,3,0,0.00,0.00,0.00,心如|福利价,,
2026-10-02,14309743706,信息流-小牛-雨伞-三方主体-代运营-新人福利价-260828-10113643996701-大盘扒改-625-23,0.09,49,2,0.00,0.00,4.08,原生|大盘扒改|平台一组AIGC|福利价/无价格,,
2026-10-02,14319046045,CH-SC-低活-10140917922437-超级抢购-家庭清洁-无-剪辑-转化引导-家庭清洁-20260820-无-625-aigc-13,0.08,9,0,0.00,0.00,0.00,平台AI测试/视频/一组智能体|平台一组AIGC|心如|快手重复素材|快手非低质素材|福利价|腾讯首发素材,,
2026-10-02,13776598531,CH-SC-广义新-10177393646076-新综合频道-灯饰照明-京喜拉新-剪辑-转化引导-灯饰照明-20260702-反向-625-aigc-13,0.08,10,0,0.00,0.00,0.00,平台一组AIGC|快手原创素材|快手非低质素材|无价格|福利价/无价格,,
2026-10-02,14516514607,CH-SC-低活-10113209119177-超级抢购-电动车-无-剪辑-转化引导-电动车-260907-无-625-19,0.08,3,0,0.00,0.00,0.00,心如|福利价,,
2026-10-02,14488273658,信息流-小牛-大月饼-三方主体-代运营-新人福利价-260914-10163022037983-内部实时跑量-625-48,0.08,2,0,0.00,0.00,0.00,福利价/无价格|考古加素材混剪,,
2026-10-02,14422251466,信息流-小牛-真空袋-三方主体-代运营-新人福利价-260908-10212584519594-内部实时跑量-625-47,0.08,9,0,0.00,0.00,0.00,福利价/无价格|考古加素材混剪,,
2026-10-02,14319048430,CH-SC-广义新-10128848312108-新综合频道-厨具-京喜拉新-剪辑-转化引导-厨具-260827-无-625-aigc-9,0.08,3,0,0.00,0.00,0.00,平台一组AIGC|无价格,,
2026-10-02,14463979912,CH-SC-低活-10223570717754-超级抢购-生鲜-无-剪辑-转化引导-生鲜-260903-无-625-23,0.08,11,0,0.00,0.00,0.00,心如|福利价|腾讯首发素材,,
2026-10-02,14374709340,信息流-小牛-苹果-三方主体-代运营-新人福利价-260903-10186710590960-历史爆品-625-19,0.08,14,0,0.00,0.00,0.00,原生|福利价/无价格|考古加素材混剪,,
2026-10-02,14422212744,信息流-小牛-小蜜桃-三方主体-代运营-新人福利价-260908-10231541696811 -深海货盘-625-24,0.07,28,0,0.00,0.00,0.00,福利价/无价格|考古加素材混剪,,
2026-10-02,14529802963,信息流-小牛-停车号码牌-三方主体-代运营-新人福利价-260917-10203964359828-内部实时跑量-625-11,0.07,20,0,0.00,0.00,0.00,,,
2026-10-02,13346176049,CH-SC-低活-10219841541027-好价清单-厨具-无-剪辑-转化引导-厨具-20260521-无-625-2,0.07,1,0,0.00,0.00,0.00,心如|福利价,,
2026-10-02,14422214727,信息流-小牛-小蜜桃-三方主体-代运营-新人福利价-260908-10231541696811 -深海货盘-625-21,0.07,5,0,0.00,0.00,0.00,福利价/无价格|考古加素材混剪,,
2026-10-02,14422205041,信息流-小牛-小蜜桃-三方主体-代运营-新人福利价-260908-10231541696811 -深海货盘-625-34,0.07,37,1,0.00,0.00,2.70,福利价/无价格|考古加素材混剪,,
2026-10-02,14516515061,CH-SC-低活-10113209119177-超级抢购-电动车-无-剪辑-转化引导-电动车-260907-无-625-18,0.07,3,0,0.00,0.00,0.00,心如|福利价,,
2026-10-02,14247752216,CH-SC-广义新-1073108-新综合频道-水饮冲调-大商超-剪辑-转化引导-水饮冲调-20260820-无-625-aigc-12,0.07,2,0,0.00,0.00,0.00,平台一组AIGC|快手重复素材|快手非低质素材|腾讯首发素材,,
2026-10-02,14284743146,信息流-小牛-雨伞-三方主体-代运营-新人福利价-260825-10113643996701-大盘扒改-625-10,0.07,3,1,0.00,0.00,33.33,大盘扒改|福利价/无价格,,
2026-10-02,14535581094,信息流-小牛-打火机-三方主体-代运营-新人福利价-260918-10162692688878-内部实时跑量-625-40,0.07,9,1,0.00,0.00,11.11,,,
2026-10-02,13522200278,CH-SC-低活-10113209119177-超级抢购加补-电动车-无-剪辑-转化引导-电动车-20260609-无-625-aigc-2,0.07,6,1,0.00,0.00,16.67,DHX扒起量0608|不对版！！|平台一组AIGC|心如|快手重复素材|快手非低质素材|腾讯首发素材,,
2026-10-02,14631520893,CH-SC-低活-10139440032542-超级抢购-运动户外-无-剪辑-转化引导-运动户外-260927-无-625-头条储备-60,0.07,2,1,0.00,0.00,50.00,,,
2026-10-02,14369359283,信息流-小牛-菜板-三方主体-代运营-新人福利价-260903-10155000015319-内部实时跑量-625-40,0.07,82,1,0.00,0.00,1.22,原生|快手原创素材|快手非低质素材|福利价/无价格,,
2026-10-02,14309598153,信息流-小牛-围裙-三方主体-代运营-新人福利价-260827-10117891615029-设计自选-625-4,0.07,40,0,0.00,0.00,0.00,平台一组AIGC|福利价/无价格|考古加素材混剪,,
2026-10-02,14486260276,信息流-小牛-毛毯-三方主体-代运营-新人福利价-260914-10146450179286-商务选品-625-11,0.06,32,0,0.00,0.00,0.00,快手原创素材|快手非低质素材|福利价/无价格,,
2026-10-02,14554244175,CH-SC-低活-10111392494770-超级抢购-收纳用品-无-剪辑-转化引导-收纳用品-20260918-无-625-启动-10,0.06,0,0,0.00,0.00,0.00,,,
2026-10-02,14309689847,信息流-小牛-围裙-三方主体-代运营-新人福利价-260827-10117891615029-设计自选-625-44,0.06,1,0,0.00,0.00,0.00,平台一组AIGC|福利价/无价格|考古加素材混剪,,
2026-10-02,13536548377,CH-SC-低活-10219841541026-超级抢购加补-厨具-无-剪辑-转化引导-厨具-20260610-无-625-aigc-9,0.06,1,0,0.00,0.00,0.00,平台一组AIGC|心如|福利价|腾讯首发素材,,
2026-10-02,14238352803,信息流-小牛-打火机-三方主体-代运营-新人福利价-0820-10162692688878-内部实时跑量-625-11,0.06,7,0,0.00,0.00,0.00,有米云素材混剪|福利价/无价格|腾讯首发素材,,
2026-10-02,14422218206,信息流-小牛-小蜜桃-三方主体-代运营-新人福利价-260908-10231541696811 -深海货盘-625-17,0.06,14,0,0.00,0.00,0.00,福利价/无价格|考古加素材混剪,,
2026-10-02,14631527755,CH-SC-低活-10100542418506-超级抢购-生活日用-无-剪辑-转化引导-生活日用-260921-无-625-头条储备-36,0.06,4,0,0.00,0.00,0.00,,,
2026-10-02,14422180540,信息流-小牛-骑行支架-三方主体-代运营-新人福利价-260908-10139440032542-历史爆品-625-21,0.05,4,0,0.00,0.00,0.00,福利价/无价格|考古加素材混剪,,
2026-10-02,14197494957,CH-SC-低活-10081585918372-超级抢购-纸品-无-剪辑-转化引导-纸品-20260803-无-625-aigc-6,0.05,4,1,0.00,0.00,25.00,平台一组AIGC|心如|快手重复素材|快手非低质素材|福利价|腾讯首发素材,,
2026-10-02,14529774970,信息流-小牛-停车号码牌-三方主体-代运营-新人福利价-260917-10203964359828-内部实时跑量-625-55,0.05,7,0,0.00,0.00,0.00,,,
2026-10-02,14463284742,CH-SC-广义新-10233824843150-新综合频道-收纳用品-京喜拉新-剪辑-转化引导-收纳用品-260908-反向-625-bdb-6,0.05,5,0,0.00,0.00,0.00,心如|无价格,,
2026-10-02,14050221887,CH-SC-广义新-10187000434970-新综合频道-厨具-京喜拉新-剪辑-转化引导-厨具-20260730-无-625-14,0.05,5,1,0.00,0.00,20.00,广义新头条|心如|快手重复素材|快手非低质素材|腾讯首发素材,,
2026-10-02,14422177532,信息流-小牛-骑行支架-三方主体-代运营-新人福利价-260908-10139440032542-历史爆品-625-23,0.05,10,1,0.00,0.00,10.00,福利价/无价格|考古加素材混剪,,
2026-10-02,14444452250,信息流-小牛-陶瓷碗-三方主体-代运营-新人1分钱-260910-10129451028601-商务选品-625-10,0.05,87,1,0.00,0.00,1.15,福利价/无价格,,
2026-10-02,14487656613,信息流-小牛-毛毯-三方主体-代运营-新人福利价-260914-10146450179286-商务选品-625-41,0.05,8,1,0.00,0.00,12.50,快手原创素材|快手非低质素材|福利价/无价格,,
2026-10-02,14554229651,CH-SC-低活-10140917922437-超级抢购-家庭清洁-无-剪辑-转化引导-家庭清洁-20260918-无-625-aigc-3,0.05,4,0,0.00,0.00,0.00,,,
2026-10-02,14444522253,信息流-小牛-陶瓷碗-三方主体-代运营-新人1分钱-260910-10129451028601-商务选品-625-35,0.05,45,0,0.00,0.00,0.00,快手原创素材|快手非低质素材|福利价/无价格,,
2026-10-02,13916301575,CH-SC-低活-10140917922437-超级抢购-家庭清洁-无-剪辑-转化引导-家庭清洁-20260715-无-625-aigc-9,0.05,16,1,0.00,0.00,6.25,平台一组AIGC|心如|快手重复素材|快手非低质素材|无价格|腾讯首发素材,,
2026-10-02,13846011708,CH-SC-广义新-10140917922437-新综合频道-家庭清洁-京喜拉新-剪辑-转化引导-家庭清洁-20260710-无-625-aigc-4,0.04,2,0,0.00,0.00,0.00,平台一组AIGC|广义新头条|心如|快手重复素材|快手非低质素材|无价格|腾讯首发素材,,
2026-10-02,12851475479,荣耀-XN-短剧-通用-数字人介绍-混剪-2600320-625-20,0.04,10,0,0.00,0.00,0.00,,,
2026-10-02,14631517653,CH-SC-低活-10217740550325-超级抢购-箱包皮具-无-剪辑-转化引导-箱包皮具-260921-无-625-头条储备-aigc-108,0.04,5,0,0.00,0.00,0.00,,,
2026-10-02,14631516639,CH-SC-低活-10217740550325-超级抢购-箱包皮具-无-剪辑-转化引导-箱包皮具-260921-无-625-头条储备-aigc-120,0.04,2,0,0.00,0.00,0.00,,,
2026-10-02,14516476619,CH-SC-低活-10233824843150-超级抢购-收纳用品-无-剪辑-转化引导-收纳用品-260907-无-625-86,0.04,2,0,0.00,0.00,0.00,心如|福利价,,
2026-10-02,14488288936,信息流-小牛-大月饼-三方主体-代运营-新人福利价-260914-10163022037983-内部实时跑量-625-40,0.04,3,0,0.00,0.00,0.00,福利价/无价格|考古加素材混剪,,
2026-10-02,14092640964,信息流-小牛-维达纸巾-三方主体-代运营-新人福利价-0806-100166352003-大盘实时跑量-625-32,0.04,9,1,0.00,0.00,11.11,头条/京东标点/有量素材混剪|福利价/无价格,,
2026-10-02,14377778981,信息流-小牛-推车置物架-三方主体-代运营-新人福利价-260903-10095828488136-大盘实时跑量-625-36,0.04,7,0,0.00,0.00,0.00,原生|福利价/无价格,,
2026-10-02,13916487194,CH-SC-广义新-10040988734451-新10元话费券-无-无-剪辑-转化引导-无-20260715-无-625-17,0.04,17,0,0.00,0.00,0.00,快手原创素材|快手非低质素材|腾讯首发素材,,
2026-10-02,14516511441,CH-SC-低活-10113209119177-超级抢购-电动车-无-剪辑-转化引导-电动车-260907-无-625-27,0.04,3,0,0.00,0.00,0.00,心如|福利价,,
2026-10-02,14422216553,信息流-小牛-小蜜桃-三方主体-代运营-新人福利价-260908-10231541696811 -深海货盘-625-19,0.04,10,0,0.00,0.00,0.00,福利价/无价格|考古加素材混剪,,
2026-10-02,14131188549,CH-SC-广义新-10138594878445 -新综合频道-电动车-京喜拉新-剪辑-转化引导-电动车-20260807-反选-625-8,0.04,2,0,0.00,0.00,0.00,快手原创素材|快手非低质素材|无价格,,
2026-10-02,14216998329,CH-SC-低活-10163212681383-超级抢购-水饮冲调-无-剪辑-转化引导-水饮冲调-20260812-无-625-6,0.04,3,0,0.00,0.00,0.00,福利价,,
2026-10-02,14488332399,信息流-小牛-大月饼-三方主体-代运营-新人福利价-260914-10163022037983-内部实时跑量-625-15,0.04,6,0,0.00,0.00,0.00,福利价/无价格|考古加素材混剪,,
2026-10-02,14369369285,信息流-小牛-菜板-三方主体-代运营-新人福利价-260903-10155000015319-内部实时跑量-625-36,0.04,10,1,0.00,0.00,10.00,原生|快手原创素材|快手非低质素材|福利价/无价格,,
2026-10-02,14422280048,信息流-小牛-真空袋-三方主体-代运营-新人福利价-260908-10212584519594-内部实时跑量-625-1,0.04,12,0,0.00,0.00,0.00,福利价/无价格|考古加素材混剪,,
2026-10-02,14444439175,信息流-小牛-陶瓷碗-三方主体-代运营-新人1分钱-260910-10129451028601-商务选品-625-24,0.04,60,0,0.00,0.00,0.00,福利价/无价格,,
2026-10-02,13873194156,CH-SC-低活-10140917922437-超级抢购-家庭清洁-无-剪辑-转化引导-家庭清洁-20260709-无-625-aigc-5,0.04,12,0,0.00,0.00,0.00,平台一组AIGC|心如|快手重复素材|快手非低质素材|福利价|腾讯首发素材,,
2026-10-02,13957178306,信息流-小牛-保温饭盒-三方主体-代运营-新人福利价-0724-10125420247464-大盘扒改-625-4,0.04,7,0,0.00,0.00,0.00,大盘扒改|福利价/无价格,,
2026-10-02,13881551454,CH-SC-广义新-10177393646076-新综合频道-灯饰照明-京喜拉新-剪辑-转化引导-灯饰照明-20260715-无-625-9,0.04,6,1,0.00,0.00,16.67,广义新头条|快手重复素材|快手非低质素材|腾讯首发素材,,
2026-10-02,14049380620,CH-SC-低活-10178946597305-超级抢购-厨具-无-剪辑-转化引导-厨具-20260728-无-625-aigc-5,0.04,2,0,0.00,0.00,0.00,平台一组AIGC|心如|快手重复素材|快手非低质素材|福利价|腾讯首发素材,,
2026-10-02,14643124921,信息流-小牛-维达抽纸-三方主体-代运营-新人福利价-260909-100166352003-内部实时跑量-625-头条储备-16,0.04,8,0,0.00,0.00,0.00,,,
2026-10-02,14033672272,信息流-小牛-折叠椅-京东主体-代运营-新人福利价-0731-10183713190151-设计自选-625-6,0.04,35,1,0.00,0.00,2.86,福利价/无价格,,
2026-10-02,14488326502,信息流-小牛-大月饼-三方主体-代运营-新人福利价-260914-10163022037983-内部实时跑量-625-20,0.03,5,0,0.00,0.00,0.00,福利价/无价格|考古加素材混剪,,
2026-10-02,14631528096,CH-SC-低活-10100542418506-超级抢购-生活日用-无-剪辑-转化引导-生活日用-260921-无-625-头条储备-19,0.03,2,0,0.00,0.00,0.00,,,
2026-10-02,14319041988,CH-SC-低活-10140917922437-超级抢购-家庭清洁-无-剪辑-转化引导-家庭清洁-20260820-无-625-aigc-2,0.03,4,0,0.00,0.00,0.00,平台AI测试/视频/一组智能体|平台一组AIGC|心如|快手原创素材|快手非低质素材|福利价,,
2026-10-02,14554113842,CH-SC-低活-10215783938762-超级抢购加补-生鲜-无-剪辑-转化引导-生鲜-260911-无-625-42,0.03,2,0,0.00,0.00,0.00,,,
2026-10-02,14383821463,CH-SC-低活-10129955889557-超级抢购-厨具-无-剪辑-转化引导-厨具-260901-无-625-15,0.03,6,1,0.00,0.00,16.67,福利价,,
2026-10-02,14422198418,信息流-小牛-小蜜桃-三方主体-代运营-新人福利价-260908-10231541696811 -深海货盘-625-43,0.03,34,0,0.00,0.00,0.00,福利价/无价格|考古加素材混剪,,
2026-10-02,14319050231,CH-SC-广义新-10128848312108-新综合频道-厨具-京喜拉新-剪辑-转化引导-厨具-260827-无-625-aigc-3,0.03,3,0,0.00,0.00,0.00,平台一组AIGC|无价格,,
2026-10-02,14374726043,信息流-小牛-苹果-三方主体-代运营-新人福利价-260903-10186710590960-历史爆品-625-3,0.03,2,0,0.00,0.00,0.00,原生|福利价/无价格|考古加素材混剪,,
2026-10-02,14535568614,信息流-小牛-打火机-三方主体-代运营-新人福利价-260918-10162692688878-内部实时跑量-625-56,0.03,2,1,0.00,0.00,50.00,,,
2026-10-02,13776633875,CH-SC-广义新-10177393646076-新综合频道-灯饰照明-京喜拉新-剪辑-转化引导-灯饰照明-20260702-反向-625-aigc-3,0.03,4,0,0.00,0.00,0.00,平台一组AIGC|快手原创素材|快手非低质素材|无价格|福利价/无价格,,
2026-10-02,14318976227,CH-SC-广义新-10128848312108-新综合频道-厨具-京喜拉新-剪辑-转化引导-厨具-260827-无-625-aigc-18,0.03,1,0,0.00,0.00,0.00,平台一组AIGC|无价格,,
2026-10-02,14374708078,信息流-小牛-苹果-三方主体-代运营-新人福利价-260903-10186710590960-历史爆品-625-20,0.03,11,1,0.00,0.00,9.09,原生|福利价/无价格|考古加素材混剪,,
2026-10-02,14299137269,CH-PRJ-采销项目-无-快手-无-无-剪辑-转化引导-无-260825-无-625-3,0.03,2,1,0.00,0.00,50.00,快手重复素材|快手非低质素材,,
2026-10-02,14631517588,CH-SC-低活-10217740550325-超级抢购-箱包皮具-无-剪辑-转化引导-箱包皮具-260921-无-625-头条储备-aigc-112,0.03,10,0,0.00,0.00,0.00,,,
2026-10-02,14516402439,CH-SC-低活-10176978592631-超级抢购-家具-无-剪辑-转化引导-家具-260915-无-625-13,0.03,3,1,0.00,0.00,33.33,心如|福利价,,
2026-10-02,14444496607,信息流-小牛-陶瓷碗-三方主体-代运营-新人1分钱-260910-10129451028601-商务选品-625-46,0.03,10,0,0.00,0.00,0.00,快手原创素材|快手非低质素材|福利价/无价格,,
2026-10-02,14365976623,CH-SC-低活-10207774889664-超级抢购-家庭清洁-无-剪辑-转化引导-家庭清洁-20260828-无-625-白牌-5,0.03,2,0,0.00,0.00,0.00,0820白牌|快手原创素材|快手非低质素材|福利价|腾讯首发素材,,
2026-10-02,14529770912,信息流-小牛-停车号码牌-三方主体-代运营-新人福利价-260917-10203964359828-内部实时跑量-625-56,0.03,1,0,0.00,0.00,0.00,,,
2026-10-02,14488322684,信息流-小牛-大月饼-三方主体-代运营-新人福利价-260914-10163022037983-内部实时跑量-625-23,0.03,6,0,0.00,0.00,0.00,福利价/无价格|考古加素材混剪,,
2026-10-02,14374703523,信息流-小牛-苹果-三方主体-代运营-新人福利价-260903-10186710590960-历史爆品-625-24,0.03,1,0,0.00,0.00,0.00,原生|福利价/无价格|考古加素材混剪,,
2026-10-02,13846333890,CH-SC-低活-10113209119177-超级抢购-电动车-无-剪辑-转化引导-电动车-20260708-无-625-3,0.03,2,0,0.00,0.00,0.00,平台一组AIGC|心如|快手重复素材|快手非低质素材|福利价|腾讯首发素材,,
2026-10-02,14631519685,CH-SC-低活-10139440032542-超级抢购-运动户外-无-剪辑-转化引导-运动户外-260927-无-625-头条储备-76,0.03,1,0,0.00,0.00,0.00,,,
2026-10-02,14049376624,CH-SC-低活-10178946597305-超级抢购-厨具-无-剪辑-转化引导-厨具-20260728-无-625-aigc-12,0.03,2,0,0.00,0.00,0.00,平台一组AIGC|心如|快手重复素材|快手非低质素材|福利价|腾讯首发素材,,
2026-10-02,14643125791,信息流-小牛-维达抽纸-三方主体-代运营-新人福利价-260909-100166352003-内部实时跑量-625-头条储备-13,0.03,8,0,0.00,0.00,0.00,,,
2026-10-02,14554133189,CH-SC-低活-10215783938762-超级抢购加补-生鲜-无-剪辑-转化引导-生鲜-260911-无-625-24,0.02,1,0,0.00,0.00,0.00,,,
2026-10-02,13776589156,CH-SC-广义新-10177393646076-新综合频道-灯饰照明-京喜拉新-剪辑-转化引导-灯饰照明-20260702-反向-625-aigc-9,0.02,3,0,0.00,0.00,0.00,平台一组AIGC|快手原创素材|快手非低质素材|无价格|福利价/无价格,,
2026-10-02,14422161460,信息流-小牛-骑行支架-三方主体-代运营-新人福利价-260908-10139440032542-历史爆品-625-3,0.02,0,0,0.00,0.00,0.00,头条优质素材|福利价/无价格|考古加素材混剪,,
2026-10-02,14516500212,CH-SC-低活-10233824843150-超级抢购-收纳用品-无-剪辑-转化引导-收纳用品-260907-无-625-22,0.02,2,0,0.00,0.00,0.00,心如|福利价,,
2026-10-02,14422211712,信息流-小牛-小蜜桃-三方主体-代运营-新人福利价-260908-10231541696811 -深海货盘-625-25,0.02,10,0,0.00,0.00,0.00,福利价/无价格|考古加素材混剪,,
2026-10-02,14238393567,信息流-小牛-雨伞-三方主体-代运营-新人福利价-0820-10130866966155-内部实时跑量-625-33,0.02,4,0,0.00,0.00,0.00,有米云素材混剪|福利价/无价格|腾讯首发素材,,
2026-10-02,14217000177,CH-SC-低活-10163212681383-超级抢购-水饮冲调-无-剪辑-转化引导-水饮冲调-20260812-无-625-10,0.02,1,0,0.00,0.00,0.00,福利价,,
2026-10-02,13125482881,荣耀-XN-金融-通用-壁纸-混剪-纯AIGC-260422-625-4,0.02,0,0,0.00,0.00,0.00,,,
2026-10-02,14529802744,信息流-小牛-停车号码牌-三方主体-代运营-新人福利价-260917-10203964359828-内部实时跑量-625-13,0.02,3,0,0.00,0.00,0.00,,,
2026-10-02,13341768699,CH-SC-广义新-10219841541026-新综合频道-厨具-京喜拉新-剪辑-转化引导-厨具-20260520-反向-625-14,0.02,6,1,0.00,0.00,16.67,广义新头条|心如|快手重复素材|快手非低质素材|搬运打压素材|无价格|腾讯首发素材,,
2026-10-02,14631541095,CH-SC-广义新-10139440032542-新综合频道-运动户外-京喜拉新-剪辑-转化引导-运动户外-20260927-无-625-88,0.02,40,0,0.00,0.00,0.00,,,
2026-10-02,14516375757,CH-SC-低活-10111392494770-超级抢购加补-收纳用品-无-剪辑-转化引导-收纳用品-20260911-无-625-16,0.02,1,0,0.00,0.00,0.00,心如,,
2026-10-02,14372742341,信息流-小牛-旋转支架-三方主体-代运营-新人福利价-260903-10112643484929-内部实时跑量-625-10,0.02,2,0,0.00,0.00,0.00,原生|福利价/无价格|考古加素材混剪,,
2026-10-02,14631537330,CH-SC-广义新-10207004632704 -新综合频道-厨具-京喜拉新-剪辑-转化引导-厨具-20260921-无-625-头条储备-aigc-26,0.02,12,1,0.00,0.00,8.33,,,
2026-10-02,14372715462,信息流-小牛-旋转支架-三方主体-代运营-新人福利价-260903-10112643484929-内部实时跑量-625-40,0.02,7,2,0.00,0.00,28.57,原生|福利价/无价格|考古加素材混剪,,
2026-10-02,14631520294,CH-SC-低活-10139440032542-超级抢购-运动户外-无-剪辑-转化引导-运动户外-260927-无-625-头条储备-66,0.02,2,0,0.00,0.00,0.00,,,
2026-10-02,14631529525,CH-SC-广义新-10134706997811-新综合频道-手机通讯-京喜拉新-剪辑-转化引导-手机通讯-20260921-反向-625-头条储备-aigc-34,0.02,3,0,0.00,0.00,0.00,,,
2026-10-02,14631536333,CH-SC-广义新-10207004632704 -新综合频道-厨具-京喜拉新-剪辑-转化引导-厨具-20260921-无-625-头条储备-aigc-42,0.02,36,0,0.00,0.00,0.00,,,
2026-10-02,14319046606,CH-SC-低活-10140917922437-超级抢购-家庭清洁-无-剪辑-转化引导-家庭清洁-20260820-无-625-aigc-9,0.02,6,0,0.00,0.00,0.00,平台AI测试/视频/一组智能体|平台一组AIGC|心如|快手原创素材|快手非低质素材|福利价|腾讯首发素材,,
2026-10-02,14516516314,CH-SC-低活-10113209119177-超级抢购-电动车-无-剪辑-转化引导-电动车-260907-无-625-14,0.02,2,0,0.00,0.00,0.00,心如|福利价,,
2026-10-02,14309673968,信息流-小牛-电脑支架-三方主体-代运营-新人福利价-260827-10191489644462-大盘实扒改-625-3,0.02,9,0,0.00,0.00,0.00,平台一组AIGC|福利价/无价格|考古加素材混剪,,
2026-10-02,14631527640,CH-SC-低活-10100542418506-超级抢购-生活日用-无-剪辑-转化引导-生活日用-260921-无-625-头条储备-6,0.02,2,0,0.00,0.00,0.00,,,
2026-10-02,13746354563,CH-SC-低活-10112643484929-超级抢购加补-手机通讯-无-剪辑-转化引导-手机通讯-20260630-无-625-1,0.02,1,0,0.00,0.00,0.00,加补1分钱|心如|快手重复素材|快手非低质素材|腾讯首发素材,,
2026-10-02,14516513137,CH-SC-低活-10113209119177-超级抢购-电动车-无-剪辑-转化引导-电动车-260907-无-625-24,0.02,2,0,0.00,0.00,0.00,心如|福利价,,
2026-10-02,14631549555,CH-SC-广义新-10139440032542-新综合频道-运动户外-京喜拉新-剪辑-转化引导-运动户外-20260927-无-625-106,0.02,41,1,0.00,0.00,2.44,,,
2026-10-02,14516504290,CH-SC-低活-10233824843150-超级抢购-收纳用品-无-剪辑-转化引导-收纳用品-260907-无-625-15,0.02,1,0,0.00,0.00,0.00,心如|福利价,,
2026-10-02,13916302821,CH-SC-低活-10140917922437-超级抢购-家庭清洁-无-剪辑-转化引导-家庭清洁-20260715-无-625-aigc-12,0.02,4,0,0.00,0.00,0.00,平台一组AIGC|心如|快手重复素材|快手非低质素材|无价格|腾讯首发素材,,
2026-10-02,14049381598,CH-SC-低活-10178946597305-超级抢购-厨具-无-剪辑-转化引导-厨具-20260728-无-625-aigc-2,0.02,3,0,0.00,0.00,0.00,平台一组AIGC|心如|快手重复素材|快手非低质素材|福利价|腾讯首发素材,,
2026-10-02,14444443145,信息流-小牛-陶瓷碗-三方主体-代运营-新人1分钱-260910-10129451028601-商务选品-625-21,0.02,46,3,0.00,0.00,6.52,福利价/无价格,,
2026-10-02,14554235160,CH-SC-低活-10233824843150-超级抢购-收纳用品-无-剪辑-转化引导-收纳用品-260918-无-625-5,0.02,1,0,0.00,0.00,0.00,,,
2026-10-02,14238265803,信息流-小牛-打火机-三方主体-代运营-新人福利价-0820-10162692688878-内部实时跑量-625-8,0.02,7,0,0.00,0.00,0.00,有米云素材混剪|福利价/无价格|腾讯首发素材,,
2026-10-02,14238395409,信息流-小牛-雨伞-三方主体-代运营-新人福利价-0820-10130866966155-内部实时跑量-625-28,0.02,3,2,0.00,0.00,66.67,有米云素材混剪|福利价/无价格|腾讯首发素材,,
2026-10-02,13916300749,CH-SC-低活-10140917922437-超级抢购-家庭清洁-无-剪辑-转化引导-家庭清洁-20260715-无-625-aigc-7,0.02,2,0,0.00,0.00,0.00,平台一组AIGC|心如|快手重复素材|快手非低质素材|无价格|腾讯首发素材,,
2026-10-02,14422192671,信息流-小牛-小蜜桃-三方主体-代运营-新人福利价-260908-10231541696811 -深海货盘-625-8,0.02,7,0,0.00,0.00,0.00,福利价/无价格|考古加素材混剪,,
2026-10-02,14238388892,信息流-小牛-雨伞-三方主体-代运营-新人福利价-0820-10130866966155-内部实时跑量-625-40,0.02,0,0,0.00,0.00,0.00,有米云素材混剪|福利价/无价格|腾讯首发素材,,
2026-10-02,14631539677,CH-SC-广义新-10139440032542-新综合频道-运动户外-京喜拉新-剪辑-转化引导-运动户外-20260927-无-625-97,0.02,44,0,0.00,0.00,0.00,,,
2026-10-02,14631563977,CH-SC-广义新-10122178732943-新综合频道-生鲜-京喜拉新-剪辑-转化引导-10122178732943-20260921-反向-625-头条储备-12,0.01,1,0,0.00,0.00,0.00,,,
2026-10-02,14516508976,CH-SC-低活-10113209119177-超级抢购-电动车-无-剪辑-转化引导-电动车-260907-无-625-5,0.01,1,0,0.00,0.00,0.00,心如|福利价,,
2026-10-02,13559888815,CH-SC-广义新-10139440032542-新综合频道-运动户外-京喜拉新-剪辑-转化引导-运动户外-20260612-无-625-9,0.01,2,0,0.00,0.00,0.00,不对版！！|快手重复素材|快手非低质素材|腾讯首发素材,,
2026-10-02,14309750869,信息流-小牛-雨伞-三方主体-代运营-新人福利价-260828-10113643996701-大盘扒改-625-17,0.01,4,0,0.00,0.00,0.00,原生|大盘扒改|平台一组AIGC|福利价/无价格,,
2026-10-02,14166706097,信息流-小牛-五香花生-三方主体-代运营-新人福利价-0814-10150360358365-大盘实时跑量-625-2,0.01,7,0,0.00,0.00,0.00,福利价/无价格|考古加素材混剪,,
2026-10-02,14422203874,信息流-小牛-小蜜桃-三方主体-代运营-新人福利价-260908-10231541696811 -深海货盘-625-38,0.01,1,0,0.00,0.00,0.00,福利价/无价格|考古加素材混剪,,
2026-10-02,14372729671,信息流-小牛-旋转支架-三方主体-代运营-新人福利价-260903-10112643484929-内部实时跑量-625-28,0.01,4,0,0.00,0.00,0.00,原生|福利价/无价格|考古加素材混剪,,
2026-10-02,14488265377,信息流-小牛-大月饼-三方主体-代运营-新人福利价-260914-10163022037983-内部实时跑量-625-aigc-4,0.01,1,0,0.00,0.00,0.00,福利价/无价格|考古加素材混剪,,
2026-10-02,13776646339,CH-SC-广义新-10118706992345-新综合频道-纸品-京喜拉新-剪辑-转化引导-纸品-20260702-无-625-aigc-4,0.01,3,0,0.00,0.00,0.00,平台一组AIGC|心如|快手重复素材|快手非低质素材|无价格,,
2026-10-02,14631535721,CH-SC-广义新-10149027879570-新综合频道-生鲜-京喜拉新-剪辑-转化引导-10122178732943-20260921-反向-625-头条储备-13,0.01,15,0,0.00,0.00,0.00,,,
2026-10-02,13592311755,CH-SC-广义新-10139440032542-新综合频道-运动户外-京喜拉新-剪辑-转化引导-运动户外-20260616-无-625-aigc-17,0.01,1,0,0.00,0.00,0.00,平台一组AIGC|广义新头条|快手重复素材|快手非低质素材|腾讯首发素材,,
2026-10-02,14631530999,CH-SC-广义新-10134706997811-新综合频道-手机通讯-京喜拉新-剪辑-转化引导-手机通讯-20260921-反向-625-头条储备-aigc-11,0.01,4,0,0.00,0.00,0.00,,,
2026-10-02,13846397120,CH-SC-低活-10112643484929-超级抢购-手机通讯-无-剪辑-转化引导-手机通讯-20260708-无-625-aigc-2,0.01,7,0,0.00,0.00,0.00,DHX扒起量0706|平台一组AIGC|心如|快手重复素材|快手非低质素材|福利价|腾讯首发素材,,
2026-10-02,14488259252,信息流-小牛-大月饼-三方主体-代运营-新人福利价-260914-10163022037983-内部实时跑量-625-aigc-8,0.01,1,0,0.00,0.00,0.00,福利价/无价格|考古加素材混剪,,
2026-10-02,14408020764,CH-SC-广义新-10129955889557-新综合频道-厨具-京喜拉新-剪辑-转化引导-厨具-260904-反向-625-4,0.01,2,0,0.00,0.00,0.00,无价格,,
2026-10-02,14631530219,CH-SC-广义新-10134706997811-新综合频道-手机通讯-京喜拉新-剪辑-转化引导-手机通讯-20260921-反向-625-头条储备-aigc-23,0.01,11,1,0.00,0.00,9.09,,,
2026-10-02,14631539617,CH-SC-广义新-10207004632704 -新综合频道-厨具-京喜拉新-剪辑-转化引导-厨具-20260921-无-625-头条储备-aigc-12,0.01,30,0,0.00,0.00,0.00,,,
2026-10-02,14631520640,CH-SC-低活-10139440032542-超级抢购-运动户外-无-剪辑-转化引导-运动户外-260927-无-625-头条储备-64,0.01,1,0,0.00,0.00,0.00,,,
2026-10-02,14631519266,CH-SC-低活-10139440032542-超级抢购-运动户外-无-剪辑-转化引导-运动户外-260927-无-625-头条储备-87,0.01,1,0,0.00,0.00,0.00,,,
2026-10-02,14374689955,信息流-小牛-苹果-三方主体-代运营-新人福利价-260903-10186710590960-历史爆品-625-38,0.01,6,0,0.00,0.00,0.00,原生|福利价/无价格|考古加素材混剪,,
2026-10-02,13614628051,CH-SC-广义新-10134479334759-新综合频道-钟表眼镜-京喜拉新-剪辑-转化引导-钟表眼镜-20260618-无-625-aigc-14,0.01,3,0,0.00,0.00,0.00,平台一组AIGC|快手重复素材|快手非低质素材|腾讯首发素材,,
2026-10-02,14095107634,CH-SC-广义新-10138594878445-新综合频道-电动车-京喜拉新-剪辑-转化引导-电动车-20260805-无-625-13,0.01,0,0,0.00,0.00,0.00,广义新头条|快手重复素材|快手非低质素材,,
2026-10-02,14153381020,信息流-小牛-烤盘-三方主体-代运营-新人福利价-0812-10178946597305-大盘实扒改-625-1,0.01,6,0,0.00,0.00,0.00,大盘扒改|福利价/无价格,,
2026-10-02,14319047167,CH-SC-低活-10140917922437-超级抢购-家庭清洁-无-剪辑-转化引导-家庭清洁-20260820-无-625-aigc-10,0.01,1,0,0.00,0.00,0.00,平台一组AIGC|心如|快手原创素材|快手非低质素材|福利价|腾讯首发素材,,
2026-10-02,14318978964,CH-SC-广义新-10128848312108-新综合频道-厨具-京喜拉新-剪辑-转化引导-厨具-260827-无-625-aigc-13,0.01,1,0,0.00,0.00,0.00,平台一组AIGC|无价格,,
2026-10-02,14631564752,CH-SC-低活-10100542418506-超级抢购-生活日用-无-剪辑-转化引导-生活日用-260921-无-625-头条储备-11,0.01,3,0,0.00,0.00,0.00,,,
2026-10-02,14516404311,CH-SC-低活-10176978592631-超级抢购-家具-无-剪辑-转化引导-家具-260915-无-625-12,0.01,2,0,0.00,0.00,0.00,心如|福利价,,
2026-10-02,14631552211,CH-SC-广义新-10122178732943-新综合频道-生鲜-京喜拉新-剪辑-转化引导-10122178732943-20260921-反向-625-头条储备-55,0.01,3,1,0.00,0.00,33.33,,,
2026-10-02,14631528919,CH-SC-广义新-10134706997811-新综合频道-手机通讯-京喜拉新-剪辑-转化引导-手机通讯-20260921-反向-625-头条储备-aigc-58,0.01,23,1,0.00,0.00,4.35,,,
2026-10-02,14422159149,信息流-小牛-骑行支架-三方主体-代运营-新人福利价-260908-10139440032542-历史爆品-625-32,0.01,2,0,0.00,0.00,0.00,福利价/无价格|考古加素材混剪,,
2026-10-02,14488308940,信息流-小牛-大月饼-三方主体-代运营-新人福利价-260914-10163022037983-内部实时跑量-625-29,0.01,1,0,0.00,0.00,0.00,福利价/无价格|考古加素材混剪,,
2026-10-02,14631537437,CH-SC-广义新-10207004632704 -新综合频道-厨具-京喜拉新-剪辑-转化引导-厨具-20260921-无-625-头条储备-aigc-27,0.01,12,1,0.00,0.00,8.33,,,
2026-10-02,14080115003,信息流-小牛-维达纸巾-三方主体-代运营-新人福利价-0804-100166352003-实时爆品表-625-1,0.01,1,0,0.00,0.00,0.00,福利价/无价格,,
2026-10-02,14050219049,CH-SC-广义新-10187000434970-新综合频道-厨具-京喜拉新-剪辑-转化引导-厨具-20260730-无-625-10,0.01,1,0,0.00,0.00,0.00,广义新头条|心如|快手重复素材|快手非低质素材|腾讯首发素材,,
2026-10-02,13603369690,CH-SC-低活-10139440032542-超级抢购加补-运动户外-无-剪辑-转化引导-运动户外-20260617-无-625-aigc-14,0.01,3,0,0.00,0.00,0.00,加补1分钱|平台一组AIGC|心如,,
2026-10-02,14631561982,CH-SC-广义新-10122178732943-新综合频道-生鲜-京喜拉新-剪辑-转化引导-10122178732943-20260921-反向-625-头条储备-20,0.01,1,0,0.00,0.00,0.00,,,
2026-10-02,14631548737,CH-SC-广义新-10139440032542-新综合频道-运动户外-京喜拉新-剪辑-转化引导-运动户外-20260927-无-625-110,0.01,14,0,0.00,0.00,0.00,,,
2026-10-02,13592316522,CH-SC-广义新-10146456039187-新综合频道-纸品-京喜拉新-剪辑-转化引导-纸品-20260616-反向-625-aigc-7,0.01,13,0,0.00,0.00,0.00,平台一组AIGC|广义新头条|快手重复素材|快手非低质素材|腾讯首发素材,,
2026-10-02,14631535999,CH-SC-广义新-10207004632704 -新综合频道-厨具-京喜拉新-剪辑-转化引导-厨具-20260921-无-625-头条储备-aigc-41,0.01,50,1,0.00,0.00,2.00,,,
2026-10-02,14444477090,信息流-小牛-陶瓷碗-三方主体-代运营-新人1分钱-260910-10129451028601-商务选品-625-55,0.01,3,0,0.00,0.00,0.00,福利价/无价格,,
2026-10-02,14631538633,CH-SC-广义新-10207004632704 -新综合频道-厨具-京喜拉新-剪辑-转化引导-厨具-20260921-无-625-头条储备-aigc-14,0.01,32,0,0.00,0.00,0.00,,,
2026-10-02,13846316876,CH-SC-低活-10140917922437-超级抢购-家庭清洁-无-剪辑-转化引导-家庭清洁-20260708-无-625-aigc-1,0.01,10,0,0.00,0.00,0.00,平台一组AIGC|心如|快手重复素材|快手非低质素材|福利价|腾讯首发素材,,
2026-10-02,14516517824,CH-SC-低活-10113209119177-超级抢购-电动车-无-剪辑-转化引导-电动车-260907-无-625-9,0.01,1,0,0.00,0.00,0.00,心如|福利价,,
2026-10-02,13860551989,CH-SC-广义新-10162692688878-新综合频道-家用电器-京喜拉新-剪辑-转化引导-家用电器-20260713-无-625-aigc-6,0.01,8,2,0.00,0.00,25.00,平台一组AIGC|广义新头条|快手重复素材|快手非低质素材|无价格|腾讯首发素材,,
2026-10-02,14631555991,CH-SC-广义新-10122178732943-新综合频道-生鲜-京喜拉新-剪辑-转化引导-10122178732943-20260921-反向-625-头条储备-43,0.01,2,0,0.00,0.00,0.00,,,
2026-10-02,14516502500,CH-SC-低活-10233824843150-超级抢购-收纳用品-无-剪辑-转化引导-收纳用品-260907-无-625-17,0.01,1,0,0.00,0.00,0.00,心如|福利价,,
2026-10-02,13746328293,CH-SC-低活-10139440032542-超级抢购5元-运动户外-无-剪辑-转化引导-运动户外-20260630-无-625-aigc-6,0.01,1,0,0.00,0.00,0.00,平台一组AIGC|心如|快手重复素材|快手非低质素材|福利价|腾讯首发素材,,
2026-10-02,13960084356,信息流-小牛-抽纸-三方主体-代运营-新人福利价-0724-10105196309536 -历史爆品-625-8,0.01,7,0,0.00,0.00,0.00,福利价/无价格|腾讯首发素材,,
2026-10-02,13960082328,信息流-小牛-抽纸-三方主体-代运营-新人福利价-0724-10105196309536 -历史爆品-625-4,0.01,3,0,0.00,0.00,0.00,福利价/无价格|腾讯首发素材,,
2026-10-02,14631547765,CH-SC-广义新-10139440032542-新综合频道-运动户外-京喜拉新-剪辑-转化引导-运动户外-20260927-无-625-53,0.01,12,0,0.00,0.00,0.00,,,
2026-10-02,14631554814,CH-SC-广义新-10122178732943-新综合频道-生鲜-京喜拉新-剪辑-转化引导-10122178732943-20260921-反向-625-头条储备-48,0.01,7,0,0.00,0.00,0.00,,,
2026-10-02,14631530295,CH-SC-广义新-10134706997811-新综合频道-手机通讯-京喜拉新-剪辑-转化引导-手机通讯-20260921-反向-625-头条储备-aigc-28,0.01,64,2,0.00,0.00,3.12,,,
2026-10-02,14488332052,信息流-小牛-大月饼-三方主体-代运营-新人福利价-260914-10163022037983-内部实时跑量-625-16,0.01,1,0,0.00,0.00,0.00,福利价/无价格|考古加素材混剪,,
2026-10-02,14631544999,CH-SC-广义新-10139440032542-新综合频道-运动户外-京喜拉新-剪辑-转化引导-运动户外-20260927-无-625-68,0.01,10,0,0.00,0.00,0.00,,,
2026-10-02,13836045031,CH-SC-低活-10118706992345-超级抢购-纸品-无-剪辑-转化引导-纸品-20260702-无-625-aigc-3,0.01,7,0,0.00,0.00,0.00,平台一组AIGC|心如|快手重复素材|快手非低质素材|福利价|腾讯首发素材,,
2026-10-02,14488227604,信息流-小牛-大月饼-三方主体-代运营-新人福利价-260914-10163022037983-内部实时跑量-625-8,0.01,2,0,0.00,0.00,0.00,福利价/无价格|考古加素材混剪,,
2026-10-02,14631539443,CH-SC-广义新-10139440032542-新综合频道-运动户外-京喜拉新-剪辑-转化引导-运动户外-20260927-无-625-99,0.01,20,0,0.00,0.00,0.00,,,
2026-10-02,14407753465,CH-SC-广义新-10129955889557-新综合频道-厨具-京喜拉新-剪辑-转化引导-厨具-260904-反向-625-11,0.01,2,0,0.00,0.00,0.00,无价格,,
2026-10-02,14516432425,CH-SC-低活-10111392494770-超级抢购-收纳用品-无-剪辑-转化引导-收纳用品-20260911-无-625-29,0.01,1,0,0.00,0.00,0.00,心如|福利价,,
2026-10-02,14631547024,CH-SC-广义新-10139440032542-新综合频道-运动户外-京喜拉新-剪辑-转化引导-运动户外-20260927-无-625-56,0.00,1,0,0.00,0.00,0.00,,,
2026-10-02,14516358188,CH-SC-低活-10118706992348-超级抢购加补-纸品-无-剪辑-转化引导-纸品-260914-无-625-42,0.00,1,0,0.00,0.00,0.00,心如,,
2026-10-02,14631561290,CH-SC-广义新-10122178732943-新综合频道-生鲜-京喜拉新-剪辑-转化引导-10122178732943-20260921-反向-625-头条储备-24,0.00,5,0,0.00,0.00,0.00,,,
2026-10-02,14631543906,CH-SC-广义新-10139440032542-新综合频道-运动户外-京喜拉新-剪辑-转化引导-运动户外-20260927-无-625-73,0.00,1,0,0.00,0.00,0.00,,,
2026-10-02,14486283956,信息流-小牛-毛毯-三方主体-代运营-新人福利价-260914-10146450179286-商务选品-625-24,0.00,1,0,0.00,0.00,0.00,快手原创素材|快手非低质素材|福利价/无价格,,
2026-10-02,13799988444,CH-SC-广义新-10134479334759-新综合频道-钟表眼镜-京喜拉新-剪辑-转化引导-钟表眼镜-20260703-无-625-aigc-4,0.00,0,0,0.00,0.00,0.00,平台一组AIGC|广义新头条|心如|快手重复素材|快手非低质素材|腾讯首发素材,,
2026-10-02,14216997799,CH-SC-低活-10163212681383-超级抢购-水饮冲调-无-剪辑-转化引导-水饮冲调-20260812-无-625-8,0.00,1,0,0.00,0.00,0.00,福利价,,
2026-10-02,14488289135,信息流-小牛-大月饼-三方主体-代运营-新人福利价-260914-10163022037983-内部实时跑量-625-38,0.00,1,0,0.00,0.00,0.00,福利价/无价格|考古加素材混剪,,
2026-10-02,14553589644,CH-SC-广义新-10177677707229 -新综合频道-收纳用品-京喜拉新-剪辑-转化引导-收纳用品-260916-无-625-13,0.00,4,0,0.00,0.00,0.00,,,
2026-10-02,14631548090,CH-SC-广义新-10139440032542-新综合频道-运动户外-京喜拉新-剪辑-转化引导-运动户外-20260927-无-625-51,0.00,2,0,0.00,0.00,0.00,,,
2026-10-02,14383821230,CH-SC-低活-10129955889557-超级抢购-厨具-无-剪辑-转化引导-厨具-260901-无-625-18,0.00,2,0,0.00,0.00,0.00,福利价,,
2026-10-02,14422181017,信息流-小牛-骑行支架-三方主体-代运营-新人福利价-260908-10139440032542-历史爆品-625-20,0.00,5,0,0.00,0.00,0.00,福利价/无价格|考古加素材混剪,,
2026-10-02,14553576159,CH-SC-广义新-10118706992345-新综合频道-纸品 -京喜拉新-剪辑-转化引导-纸品 -260918-无-625-aigc-启动-7,0.00,1,0,0.00,0.00,0.00,,,
2026-10-02,14631535402,CH-SC-广义新-10149027879570-新综合频道-生鲜-京喜拉新-剪辑-转化引导-10122178732943-20260921-反向-625-头条储备-15,0.00,4,0,0.00,0.00,0.00,,,
2026-10-02,14631538951,CH-SC-广义新-10207004632704 -新综合频道-厨具-京喜拉新-剪辑-转化引导-厨具-20260921-无-625-头条储备-aigc-16,0.00,5,0,0.00,0.00,0.00,,,
2026-10-02,14631519928,CH-SC-低活-10139440032542-超级抢购-运动户外-无-剪辑-转化引导-运动户外-260927-无-625-头条储备-72,0.00,1,0,0.00,0.00,0.00,,,
2026-10-02,14553591594,CH-SC-广义新-10177677707229 -新综合频道-收纳用品-京喜拉新-剪辑-转化引导-收纳用品-260916-无-625-10,0.00,2,0,0.00,0.00,0.00,,,
2026-10-02,14631519538,CH-SC-低活-10139440032542-超级抢购-运动户外-无-剪辑-转化引导-运动户外-260927-无-625-头条储备-79,0.00,1,0,0.00,0.00,0.00,,,
2026-10-02,14631526002,CH-SC-低活-10100542418506-超级抢购-生活日用-无-剪辑-转化引导-生活日用-260927-无-625-头条储备-aigc-66,0.00,1,0,0.00,0.00,0.00,,,
2026-10-02,14095143815,CH-SC-广义新-10136363822650-新综合频道-纸品-京喜拉新-剪辑-转化引导-纸品-20260804-无-625-7,0.00,0,0,0.00,0.00,0.00,广义新头条|快手重复素材|快手非低质素材|腾讯首发素材,,
2026-10-02,14535586999,信息流-小牛-打火机-三方主体-代运营-新人福利价-260918-10162692688878-内部实时跑量-625-32,0.00,0,0,0.00,0.00,0.00,,,
2026-10-02,13179733873,荣耀-XN-金融-通用-壁纸-混剪-纯AIGC-26030-625-33,0.00,0,0,0.00,0.00,0.00,,,
2026-10-02,14631536942,CH-SC-广义新-10207004632704 -新综合频道-厨具-京喜拉新-剪辑-转化引导-厨具-20260921-无-625-头条储备-aigc-33,0.00,9,0,0.00,0.00,0.00,,,
2026-10-02,14631540786,CH-SC-广义新-10139440032542-新综合频道-运动户外-京喜拉新-剪辑-转化引导-运动户外-20260927-无-625-90,0.00,13,0,0.00,0.00,0.00,,,
2026-10-02,13179783246,荣耀-XN-社交-通用-聊天券-混剪-260429-625-5,0.00,0,0,0.00,1.00,0.00,,,
2026-10-02,14631550125,CH-SC-广义新-10139440032542-新综合频道-运动户外-京喜拉新-剪辑-转化引导-运动户外-20260927-无-625-102,0.00,13,0,0.00,0.00,0.00,,,
2026-10-02,14161857718,信息流-小牛-围裙-三方主体-代运营-新人福利价-0813-10117891615029-大盘实时跑量-625-4,0.00,0,0,0.00,0.00,0.00,福利价/无价格|考古加素材混剪,,
2026-10-02,14050220758,CH-SC-广义新-10187000434970-新综合频道-厨具-京喜拉新-剪辑-转化引导-厨具-20260730-无-625-11,0.00,12,0,0.00,0.00,0.00,广义新头条|心如|快手重复素材|快手非低质素材|腾讯首发素材,,
2026-10-02,14488243167,信息流-小牛-大月饼-三方主体-代运营-新人福利价-260914-10163022037983-内部实时跑量-625-aigc-13,0.00,1,0,0.00,0.00,0.00,福利价/无价格|考古加素材混剪,,
2026-10-02,14422192441,信息流-小牛-小蜜桃-三方主体-代运营-新人福利价-260908-10231541696811 -深海货盘-625-9,0.00,1,0,0.00,0.00,0.00,福利价/无价格|考古加素材混剪,,
2026-10-02,14631552736,CH-SC-广义新-10122178732943-新综合频道-生鲜-京喜拉新-剪辑-转化引导-10122178732943-20260921-反向-625-头条储备-54,0.00,2,0,0.00,0.00,0.00,,,
2026-10-02,14383821844,CH-SC-低活-10129955889557-超级抢购-厨具-无-剪辑-转化引导-厨具-260901-无-625-12,0.00,0,0,0.00,0.00,0.00,福利价,,
2026-10-02,14631519620,CH-SC-低活-10139440032542-超级抢购-运动户外-无-剪辑-转化引导-运动户外-260927-无-625-头条储备-78,0.00,1,0,0.00,0.00,0.00,,,
2026-10-02,14131173646,CH-SC-广义新-10138594878445 -新综合频道-电动车-京喜拉新-剪辑-转化引导-电动车-20260807-反选-625-21,0.00,2,0,0.00,0.00,0.00,快手原创素材|快手非低质素材|无价格,,
2026-10-02,14631559517,CH-SC-广义新-10122178732943-新综合频道-生鲜-京喜拉新-剪辑-转化引导-10122178732943-20260921-反向-625-头条储备-31,0.00,1,0,0.00,0.00,0.00,,,
2026-10-02,14631536365,CH-SC-广义新-10207004632704 -新综合频道-厨具-京喜拉新-剪辑-转化引导-厨具-20260921-无-625-头条储备-aigc-37,0.00,6,0,0.00,0.00,0.00,,,
2026-10-02,14643140670,信息流-小牛-咸鸭蛋-三方主体-代运营-新人福利价-260909-10172188378015-内部实时跑量-625-头条储备-17,0.00,1,0,0.00,0.00,0.00,,,
2026-10-02,14631528633,CH-SC-广义新-10134706997811-新综合频道-手机通讯-京喜拉新-剪辑-转化引导-手机通讯-20260921-反向-625-头条储备-aigc-65,0.00,3,0,0.00,0.00,0.00,,,
2026-10-02,14554226841,CH-SC-低活-10140917922437-超级抢购-家庭清洁-无-剪辑-转化引导-家庭清洁-20260918-无-625-aigc-6,0.00,0,0,0.00,0.00,0.00,,,
2026-10-02,14309565784,信息流-小牛-围裙-三方主体-代运营-新人福利价-260827-10117891615029-设计自选-625-18,0.00,1,0,0.00,0.00,0.00,平台一组AIGC|福利价/无价格|考古加素材混剪,,
2026-10-02,14631541738,CH-SC-广义新-10139440032542-新综合频道-运动户外-京喜拉新-剪辑-转化引导-运动户外-20260927-无-625-86,0.00,18,0,0.00,0.00,0.00,,,
2026-10-02,14365973578,CH-SC-低活-10207774889664-超级抢购-家庭清洁-无-剪辑-转化引导-家庭清洁-20260828-无-625-白牌-19,0.00,0,0,0.00,0.00,0.00,0820白牌|快手原创素材|快手非低质素材|福利价|腾讯首发素材,,
2026-10-02,14516501405,CH-SC-低活-10233824843150-超级抢购-收纳用品-无-剪辑-转化引导-收纳用品-260907-无-625-20,0.00,5,0,0.00,0.00,0.00,心如|福利价,,
2026-10-02,13815439724,CH-PRJ-采销项目-10227170510852-快手-本地生活-无-剪辑-转化引导-本地生活-20260710-无-625-13,0.00,0,0,0.00,0.00,0.00,快手重复素材|快手非低质素材,,
2026-10-02,14631528752,CH-SC-广义新-10134706997811-新综合频道-手机通讯-京喜拉新-剪辑-转化引导-手机通讯-20260921-反向-625-头条储备-aigc-63,0.00,9,0,0.00,0.00,0.00,,,
2026-10-02,14562121259,CH-PRJ-采销项目-无-快手-无-无-剪辑-转化引导-无-260915-无-625-7,0.00,0,0,0.00,0.00,0.00,,,
2026-10-02,14050213984,CH-SC-广义新-10187000434970-新综合频道-厨具-京喜拉新-剪辑-转化引导-厨具-20260730-无-625-5,0.00,2,0,0.00,0.00,0.00,广义新头条|心如|快手重复素材|快手非低质素材,,
2026-10-02,14488244194,信息流-小牛-大月饼-三方主体-代运营-新人福利价-260914-10163022037983-内部实时跑量-625-aigc-12,0.00,0,0,0.00,0.00,0.00,福利价/无价格|考古加素材混剪,,
2026-10-02,14631513710,CH-SC-低活-10217740550325-超级抢购-箱包皮具-无-剪辑-转化引导-箱包皮具-260921-无-625-头条储备-aigc-23,0.00,1,0,0.00,0.00,0.00,,,
2026-10-02,14631542417,CH-SC-广义新-10139440032542-新综合频道-运动户外-京喜拉新-剪辑-转化引导-运动户外-20260927-无-625-81,0.00,17,0,0.00,0.00,0.00,,,
2026-10-02,14631538349,CH-SC-广义新-10207004632704 -新综合频道-厨具-京喜拉新-剪辑-转化引导-厨具-20260921-无-625-头条储备-aigc-19,0.00,4,0,0.00,0.00,0.00,,,
2026-10-02,14631540021,CH-SC-广义新-10139440032542-新综合频道-运动户外-京喜拉新-剪辑-转化引导-运动户外-20260927-无-625-96,0.00,2,0,0.00,0.00,0.00,,,
2026-10-02,14631548757,CH-SC-广义新-10139440032542-新综合频道-运动户外-京喜拉新-剪辑-转化引导-运动户外-20260927-无-625-109,0.00,6,1,0.00,0.00,16.67,,,
2026-10-02,14631537059,CH-SC-广义新-10207004632704 -新综合频道-厨具-京喜拉新-剪辑-转化引导-厨具-20260921-无-625-头条储备-aigc-30,0.00,19,0,0.00,0.00,0.00,,,
2026-10-02,14309327456,信息流-小牛-工具箱-三方主体-代运营-新人福利价-260827-10114015186364-内部实时跑量-625-aigc-20,0.00,8,0,0.00,0.00,0.00,平台一组AIGC|福利价/无价格|考古加素材混剪,,
2026-10-02,14631543305,CH-SC-广义新-10139440032542-新综合频道-运动户外-京喜拉新-剪辑-转化引导-运动户外-20260927-无-625-77,0.00,1,0,0.00,0.00,0.00,,,
2026-10-02,14631553112,CH-SC-广义新-10122178732943-新综合频道-生鲜-京喜拉新-剪辑-转化引导-10122178732943-20260921-反向-625-头条储备-52,0.00,1,0,0.00,0.00,0.00,,,
2026-10-02,13916493537,CH-SC-广义新-10040988734451-新10元话费券-无-无-剪辑-转化引导-无-20260715-无-625-26,0.00,3,0,0.00,0.00,0.00,快手重复素材|快手非低质素材,,
2026-10-02,14463890473,CH-SC-低活-10223570717754-超级抢购-生鲜-无-剪辑-转化引导-生鲜-260903-无-625-10,0.00,1,0,0.00,0.00,0.00,心如|福利价|腾讯首发素材,,
2026-10-02,14631545074,CH-SC-广义新-10139440032542-新综合频道-运动户外-京喜拉新-剪辑-转化引导-运动户外-20260927-无-625-67,0.00,1,0,0.00,0.00,0.00,,,
2026-10-02,14631533330,CH-SC-广义新-10149027879570-新综合频道-生鲜-京喜拉新-剪辑-转化引导-10122178732943-20260921-反向-625-头条储备-35,0.00,1,0,0.00,0.00,0.00,,,
2026-10-02,14131188827,CH-SC-广义新-10138594878445 -新综合频道-电动车-京喜拉新-剪辑-转化引导-电动车-20260807-反选-625-7,0.00,1,0,0.00,0.00,0.00,快手重复素材|快手非低质素材|无价格,,
2026-10-02,14131167625,CH-SC-广义新-10138594878445 -新综合频道-电动车-京喜拉新-剪辑-转化引导-电动车-20260807-反选-625-5,0.00,42,2,0.00,0.00,4.76,无价格,,
2026-10-02,13145015412,荣耀-XN-影音娱乐-通用-唱歌-混剪-260424-625-7,0.00,0,0,0.00,3.00,0.00,,,
2026-10-02,14131177128,CH-SC-广义新-10138594878445 -新综合频道-电动车-京喜拉新-剪辑-转化引导-电动车-20260807-反选-625-20,0.00,2,0,0.00,0.00,0.00,快手原创素材|快手非低质素材|无价格,,
2026-10-02,14631530204,CH-SC-广义新-10134706997811-新综合频道-手机通讯-京喜拉新-剪辑-转化引导-手机通讯-20260921-反向-625-头条储备-aigc-29,0.00,16,0,0.00,0.00,0.00,,,
2026-10-02,14631529248,CH-SC-广义新-10134706997811-新综合频道-手机通讯-京喜拉新-剪辑-转化引导-手机通讯-20260921-反向-625-头条储备-aigc-50,0.00,5,0,0.00,0.00,0.00,,,
2026-10-02,14309416979,信息流-小牛-飘逸杯-三方主体-代运营-新人福利价-260827-10110757613709-内部实时跑量-625-aigc-44,0.00,1,0,0.00,0.00,0.00,平台一组AIGC,,
2026-10-02,14631530770,CH-SC-广义新-10134706997811-新综合频道-手机通讯-京喜拉新-剪辑-转化引导-手机通讯-20260921-反向-625-头条储备-aigc-14,0.00,6,0,0.00,0.00,0.00,,,
2026-10-02,14631521022,CH-SC-低活-10139440032542-超级抢购-运动户外-无-剪辑-转化引导-运动户外-260927-无-625-头条储备-63,0.00,0,0,0.00,0.00,0.00,,,
2026-10-02,14553578818,CH-SC-广义新-10118706992345-新综合频道-纸品 -京喜拉新-剪辑-转化引导-纸品 -260918-无-625-aigc-启动-3,0.00,7,0,0.00,0.00,0.00,,,
2026-10-02,14383821159,CH-SC-低活-10129955889557-超级抢购-厨具-无-剪辑-转化引导-厨具-260901-无-625-1,0.00,1,0,0.00,0.00,0.00,福利价,,
2026-10-02,14422261609,信息流-小牛-真空袋-三方主体-代运营-新人福利价-260908-10212584519594-内部实时跑量-625-37,0.00,1,0,0.00,0.00,0.00,福利价/无价格|考古加素材混剪,,
2026-10-02,14553586902,CH-SC-广义新-10177677707229 -新综合频道-收纳用品-京喜拉新-剪辑-转化引导-收纳用品-260916-无-625-14,0.00,7,0,0.00,0.00,0.00,,,
2026-10-02,14631531496,CH-SC-广义新-10149027879570-新综合频道-生鲜-京喜拉新-剪辑-转化引导-10122178732943-20260921-反向-625-头条储备-52,0.00,3,0,0.00,0.00,0.00,,,
2026-10-02,14631563139,CH-SC-广义新-10122178732943-新综合频道-生鲜-京喜拉新-剪辑-转化引导-10122178732943-20260921-反向-625-头条储备-17,0.00,1,0,0.00,0.00,0.00,,,
2026-10-02,14553574375,CH-SC-广义新-10118706992345-新综合频道-纸品 -京喜拉新-剪辑-转化引导-纸品 -260918-无-625-aigc-启动-12,0.00,2,0,0.00,0.00,0.00,,,
2026-10-02,14631513075,CH-SC-低活-10217740550325-超级抢购-箱包皮具-无-剪辑-转化引导-箱包皮具-260921-无-625-头条储备-aigc-37,0.00,1,0,0.00,0.00,0.00,,,
2026-10-02,14631543649,CH-SC-广义新-10139440032542-新综合频道-运动户外-京喜拉新-剪辑-转化引导-运动户外-20260927-无-625-75,0.00,1,0,0.00,0.00,0.00,,,
2026-10-02,14631529019,CH-SC-广义新-10134706997811-新综合频道-手机通讯-京喜拉新-剪辑-转化引导-手机通讯-20260921-反向-625-头条储备-aigc-53,0.00,7,0,0.00,0.00,0.00,,,
2026-10-02,14631558504,CH-SC-广义新-10122178732943-新综合频道-生鲜-京喜拉新-剪辑-转化引导-10122178732943-20260921-反向-625-头条储备-35,0.00,1,0,0.00,0.00,0.00,,,
2026-10-02,14554167080,CH-SC-低活-10096167203452-超级抢购-纸品-大商超-剪辑-转化引导-纸品-260917-无-625-111,0.00,0,0,0.00,0.00,0.00,,,
2026-10-02,14488300972,信息流-小牛-大月饼-三方主体-代运营-新人福利价-260914-10163022037983-内部实时跑量-625-32,0.00,1,0,0.00,0.00,0.00,福利价/无价格|考古加素材混剪,,
2026-10-02,14631553105,CH-SC-广义新-10122178732943-新综合频道-生鲜-京喜拉新-剪辑-转化引导-10122178732943-20260921-反向-625-头条储备-53,0.00,2,0,0.00,0.00,0.00,,,
2026-10-02,14444436324,信息流-小牛-陶瓷碗-三方主体-代运营-新人1分钱-260910-10129451028601-商务选品-625-29,0.00,3,0,0.00,0.00,0.00,福利价/无价格,,
2026-10-02,14631538914,CH-SC-广义新-10207004632704 -新综合频道-厨具-京喜拉新-剪辑-转化引导-厨具-20260921-无-625-头条储备-aigc-15,0.00,1,0,0.00,0.00,0.00,,,
2026-10-02,13471070287,CH-SC-广义新-10136363822650-新综合频道-家庭清洁-京喜拉新-剪辑-转化引导-家庭清洁-20260602-反向-625-3,0.00,0,0,0.00,0.00,0.00,广义新头条|快手重复素材|快手非低质素材|腾讯首发素材,,
2026-10-02,14049384630,CH-SC-低活-10142433952187-超级抢购-厨具-无-剪辑-转化引导-厨具-20260727-无-625-aigc-5,0.00,0,0,0.00,0.00,0.00,平台一组AIGC|心如|快手原创素材|快手非低质素材,,
2026-10-02,14095144957,CH-SC-广义新-10136363822650-新综合频道-纸品-京喜拉新-剪辑-转化引导-纸品-20260804-无-625-9,0.00,2,0,0.00,0.00,0.00,广义新头条|快手重复素材|快手非低质素材|搬运打压素材,,
2026-10-02,14631530621,CH-SC-广义新-10134706997811-新综合频道-手机通讯-京喜拉新-剪辑-转化引导-手机通讯-20260921-反向-625-头条储备-aigc-21,0.00,6,0,0.00,0.00,0.00,,,
2026-10-02,14383821478,CH-SC-低活-10129955889557-超级抢购-厨具-无-剪辑-转化引导-厨具-260901-无-625-14,0.00,1,1,0.00,0.00,100.00,福利价,,
2026-10-02,14562126382,CH-PRJ-采销项目-无-快手-无-无-剪辑-转化引导-无-260911-无-625-28,0.00,0,0,0.00,0.00,0.00,,,
2026-10-02,14631529013,CH-SC-广义新-10134706997811-新综合频道-手机通讯-京喜拉新-剪辑-转化引导-手机通讯-20260921-反向-625-头条储备-aigc-54,0.00,11,0,0.00,0.00,0.00,,,
2026-10-02,14631544652,CH-SC-广义新-10139440032542-新综合频道-运动户外-京喜拉新-剪辑-转化引导-运动户外-20260927-无-625-70,0.00,2,0,0.00,0.00,0.00,,,
2026-10-02,14631541460,CH-SC-广义新-10139440032542-新综合频道-运动户外-京喜拉新-剪辑-转化引导-运动户外-20260927-无-625-85,0.00,5,1,0.00,0.00,20.00,,,
2026-10-02,14631551370,CH-SC-广义新-10122178732943-新综合频道-生鲜-京喜拉新-剪辑-转化引导-10122178732943-20260921-反向-625-头条储备-57,0.00,5,0,0.00,0.00,0.00,,,
2026-10-02,14444485901,信息流-小牛-陶瓷碗-三方主体-代运营-新人1分钱-260910-10129451028601-商务选品-625-51,0.00,0,0,0.00,0.00,0.00,快手原创素材|快手非低质素材|福利价/无价格,,
2026-10-02,14631561965,CH-SC-广义新-10122178732943-新综合频道-生鲜-京喜拉新-剪辑-转化引导-10122178732943-20260921-反向-625-头条储备-19,0.00,0,0,0.00,0.00,0.00,,,
2026-10-02,14488296749,信息流-小牛-大月饼-三方主体-代运营-新人福利价-260914-10163022037983-内部实时跑量-625-35,0.00,1,0,0.00,0.00,0.00,福利价/无价格|考古加素材混剪,,
2026-10-02,14631557171,CH-SC-广义新-10122178732943-新综合频道-生鲜-京喜拉新-剪辑-转化引导-10122178732943-20260921-反向-625-头条储备-40,0.00,1,0,0.00,0.00,0.00,,,
2026-10-02,14374718939,信息流-小牛-苹果-三方主体-代运营-新人福利价-260903-10186710590960-历史爆品-625-8,0.00,3,0,0.00,0.00,0.00,原生|福利价/无价格|考古加素材混剪,,
2026-10-02,14408021121,CH-SC-广义新-10129955889557-新综合频道-厨具-京喜拉新-剪辑-转化引导-厨具-260904-反向-625-5,0.00,1,0,0.00,0.00,0.00,无价格,,
2026-10-02,13776625183,CH-SC-广义新-10177393646076-新综合频道-灯饰照明-京喜拉新-剪辑-转化引导-灯饰照明-20260702-反向-625-aigc-22,0.00,1,0,0.00,0.00,0.00,平台一组AIGC|快手原创素材|快手非低质素材|无价格|福利价/无价格,,
2026-10-02,14131169842,CH-SC-广义新-10138594878445 -新综合频道-电动车-京喜拉新-剪辑-转化引导-电动车-20260807-反选-625-1,0.00,2,0,0.00,0.00,0.00,快手重复素材|快手非低质素材|无价格,,
2026-10-02,13163378214,荣耀-XN-金融-通用-鸡汤-混剪-260428-625-31,0.00,3,0,0.00,0.00,0.00,,,
2026-10-02,14631529548,CH-SC-广义新-10134706997811-新综合频道-手机通讯-京喜拉新-剪辑-转化引导-手机通讯-20260921-反向-625-头条储备-aigc-32,0.00,37,1,0.00,0.00,2.70,,,
2026-10-02,14535580412,信息流-小牛-打火机-三方主体-代运营-新人福利价-260918-10162692688878-内部实时跑量-625-44,0.00,3,0,0.00,0.00,0.00,,,
2026-10-02,14631535898,CH-SC-广义新-10207004632704 -新综合频道-厨具-京喜拉新-剪辑-转化引导-厨具-20260921-无-625-头条储备-aigc-45,0.00,9,0,0.00,0.00,0.00,,,
2026-10-02,14631535741,CH-SC-广义新-10149027879570-新综合频道-生鲜-京喜拉新-剪辑-转化引导-10122178732943-20260921-反向-625-头条储备-11,0.00,3,0,0.00,0.00,0.00,,,
2026-10-02,14553594404,CH-SC-广义新-10177677707229 -新综合频道-收纳用品-京喜拉新-剪辑-转化引导-收纳用品-260916-无-625-5,0.00,2,0,0.00,0.00,0.00,,,
2026-10-02,13248261324,荣耀-XN-影音娱乐-通用-萌宠视频-混剪-2600508-625-3,0.00,1,0,0.00,0.00,0.00,,,
2026-10-02,14535583024,信息流-小牛-打火机-三方主体-代运营-新人福利价-260918-10162692688878-内部实时跑量-625-41,0.00,1,0,0.00,0.00,0.00,,,
2026-10-02,14631538247,CH-SC-广义新-10207004632704 -新综合频道-厨具-京喜拉新-剪辑-转化引导-厨具-20260921-无-625-头条储备-aigc-21,0.00,6,0,0.00,0.00,0.00,,,
2026-10-02,14631528811,CH-SC-广义新-10134706997811-新综合频道-手机通讯-京喜拉新-剪辑-转化引导-手机通讯-20260921-反向-625-头条储备-aigc-59,0.00,14,0,0.00,0.00,0.00,,,
2026-10-02,14238356477,信息流-小牛-雨伞-三方主体-代运营-新人福利价-0820-10130866966155-内部实时跑量-625-8,0.00,8,0,0.00,0.00,0.00,有米云素材混剪|福利价/无价格|腾讯首发素材,,
2026-10-02,14631547841,CH-SC-广义新-10139440032542-新综合频道-运动户外-京喜拉新-剪辑-转化引导-运动户外-20260927-无-625-52,0.00,1,0,0.00,0.00,0.00,,,
2026-10-02,14383821066,CH-SC-低活-10129955889557-超级抢购-厨具-无-剪辑-转化引导-厨具-260901-无-625-2,0.00,1,0,0.00,0.00,0.00,福利价,,
2026-10-02,14553577890,CH-SC-广义新-10118706992345-新综合频道-纸品 -京喜拉新-剪辑-转化引导-纸品 -260918-无-625-aigc-启动-5,0.00,2,0,0.00,0.00,0.00,,,
2026-10-02,14631543020,CH-SC-广义新-10139440032542-新综合频道-运动户外-京喜拉新-剪辑-转化引导-运动户外-20260927-无-625-78,0.00,12,0,0.00,0.00,0.00,,,
2026-10-02,14463703187,CH-SC-低活-10223570717754-超级抢购-生鲜-无-剪辑-转化引导-生鲜-260903-无-625-20,0.00,1,0,0.00,0.00,0.00,心如|福利价,,
2026-10-02,14631547491,CH-SC-广义新-10139440032542-新综合频道-运动户外-京喜拉新-剪辑-转化引导-运动户外-20260927-无-625-54,0.00,1,0,0.00,0.00,0.00,,,
2026-10-02,14631539341,CH-SC-广义新-10207004632704 -新综合频道-厨具-京喜拉新-剪辑-转化引导-厨具-20260921-无-625-头条储备-aigc-13,0.00,5,0,0.00,0.00,0.00,,,
2026-10-02,13860481613,CH-SC-广义新-10151951361734-新综合频道-箱包皮具-京喜拉新-剪辑-转化引导-箱包皮具-20260713-无-625-aigc-1,0.00,1,0,0.00,0.00,0.00,平台一组AIGC|广义新头条|心如|快手重复素材|快手非低质素材|搬运打压素材,,
2026-10-02,14131168928,CH-SC-广义新-10138594878445 -新综合频道-电动车-京喜拉新-剪辑-转化引导-电动车-20260807-反选-625-3,0.00,0,0,0.00,0.00,0.00,快手原创素材|快手非低质素材|无价格,,
2026-10-02,14631537096,CH-SC-广义新-10207004632704 -新综合频道-厨具-京喜拉新-剪辑-转化引导-厨具-20260921-无-625-头条储备-aigc-31,0.00,2,0,0.00,0.00,0.00,,,
2026-10-02,14131190026,CH-SC-广义新-10138594878445 -新综合频道-电动车-京喜拉新-剪辑-转化引导-电动车-20260807-反选-625-6,0.00,2,0,0.00,0.00,0.00,快手原创素材|快手非低质素材|无价格,,
2026-10-02,14247764628,CH-SC-广义新-10101267118895-新综合频道-厨具-京喜拉新-剪辑-转化引导-厨具-20260819-无-625-18,0.00,1,0,0.00,0.00,0.00,--,,
2026-10-02,14553585271,CH-SC-广义新-10177677707229 -新综合频道-收纳用品-京喜拉新-剪辑-转化引导-收纳用品-260916-无-625-2,0.00,5,1,0.00,0.00,20.00,,,
2026-10-02,14631548840,CH-SC-广义新-10139440032542-新综合频道-运动户外-京喜拉新-剪辑-转化引导-运动户外-20260927-无-625-108,0.00,8,0,0.00,0.00,0.00,,,
2026-10-02,14407754942,CH-SC-广义新-10129955889557-新综合频道-厨具-京喜拉新-剪辑-转化引导-厨具-260904-反向-625-10,0.00,1,0,0.00,0.00,0.00,无价格,,
2026-10-02,13341766059,CH-SC-广义新-10219841541026-新综合频道-厨具-京喜拉新-剪辑-转化引导-厨具-20260520-反向-625-8,0.00,7,0,0.00,0.00,0.00,广义新头条|心如|快手重复素材|快手非低质素材|无价格|腾讯首发素材,,
2026-10-02,13746334314,CH-SC-低活-10139440032542-超级抢购5元-运动户外-无-剪辑-转化引导-运动户外-20260630-无-625-aigc-11,0.00,1,0,0.00,0.00,0.00,平台一组AIGC|心如|快手重复素材|快手非低质素材|福利价|腾讯首发素材,,
2026-10-02,14562134713,CH-PRJ-采销项目-无-快手-无-无-剪辑-转化引导-无-260911-无-625-13,0.00,1,0,0.00,0.00,0.00,,,
2026-10-02,14631530988,CH-SC-广义新-10134706997811-新综合频道-手机通讯-京喜拉新-剪辑-转化引导-手机通讯-20260921-反向-625-头条储备-aigc-12,0.00,3,0,0.00,0.00,0.00,,,
2026-10-02,14383821612,CH-SC-低活-10129955889557-超级抢购-厨具-无-剪辑-转化引导-厨具-260901-无-625-13,0.00,1,0,0.00,0.00,0.00,福利价,,
2026-10-02,14422156514,信息流-小牛-骑行支架-三方主体-代运营-新人福利价-260908-10139440032542-历史爆品-625-37,0.00,6,0,0.00,0.00,0.00,福利价/无价格|考古加素材混剪,,
2026-10-02,14372717604,信息流-小牛-旋转支架-三方主体-代运营-新人福利价-260903-10112643484929-内部实时跑量-625-36,0.00,1,0,0.00,0.00,0.00,原生|福利价/无价格|考古加素材混剪,,
2026-10-02,14422218979,信息流-小牛-小蜜桃-三方主体-代运营-新人福利价-260908-10231541696811 -深海货盘-625-14,0.00,1,0,0.00,0.00,0.00,福利价/无价格|考古加素材混剪,,
2026-10-02,14131179211,CH-SC-广义新-10138594878445 -新综合频道-电动车-京喜拉新-剪辑-转化引导-电动车-20260807-反选-625-16,0.00,4,0,0.00,0.00,0.00,快手重复素材|快手非低质素材|无价格,,
2026-10-02,14631560418,CH-SC-广义新-10122178732943-新综合频道-生鲜-京喜拉新-剪辑-转化引导-10122178732943-20260921-反向-625-头条储备-26,0.00,1,0,0.00,0.00,0.00,,,
2026-10-02,14631557714,CH-SC-广义新-10122178732943-新综合频道-生鲜-京喜拉新-剪辑-转化引导-10122178732943-20260921-反向-625-头条储备-38,0.00,6,0,0.00,0.00,0.00,,,
2026-10-02,14631541347,CH-SC-广义新-10139440032542-新综合频道-运动户外-京喜拉新-剪辑-转化引导-运动户外-20260927-无-625-87,0.00,2,0,0.00,0.00,0.00,,,
2026-10-02,14488272187,信息流-小牛-大月饼-三方主体-代运营-新人福利价-260914-10163022037983-内部实时跑量-625-aigc-2,0.00,0,0,0.00,0.00,0.00,福利价/无价格|考古加素材混剪,,
2026-10-02,14631528534,CH-SC-广义新-10134706997811-新综合频道-手机通讯-京喜拉新-剪辑-转化引导-手机通讯-20260921-反向-625-头条储备-aigc-64,0.00,6,1,0.00,0.00,16.67,,,
2026-10-02,14631542332,CH-SC-广义新-10139440032542-新综合频道-运动户外-京喜拉新-剪辑-转化引导-运动户外-20260927-无-625-82,0.00,3,1,0.00,0.00,33.33,,,
2026-10-02,14631539672,CH-SC-广义新-10139440032542-新综合频道-运动户外-京喜拉新-剪辑-转化引导-运动户外-20260927-无-625-98,0.00,7,0,0.00,0.00,0.00,,,
2026-10-02,14422189950,信息流-小牛-骑行支架-三方主体-代运营-新人福利价-260908-10139440032542-历史爆品-625-1,0.00,1,0,0.00,0.00,0.00,福利价/无价格|考古加素材混剪,,
2026-10-02,14631540072,CH-SC-广义新-10139440032542-新综合频道-运动户外-京喜拉新-剪辑-转化引导-运动户外-20260927-无-625-95,0.00,5,0,0.00,0.00,0.00,,,
2026-10-02,14141874142,CH-SC-广义新-10136363822650-新综合频道-家庭清洁-京喜拉新-剪辑-转化引导-家庭清洁-20260810-反向-625-aigc-17,0.00,0,0,0.00,0.00,0.00,平台一组AIGC|快手原创素材|快手非低质素材|腾讯首发素材,,
2026-10-02,14631529096,CH-SC-广义新-10134706997811-新综合频道-手机通讯-京喜拉新-剪辑-转化引导-手机通讯-20260921-反向-625-头条储备-aigc-51,0.00,9,0,0.00,0.00,0.00,,,
2026-10-02,14631546583,CH-SC-广义新-10139440032542-新综合频道-运动户外-京喜拉新-剪辑-转化引导-运动户外-20260927-无-625-59,0.00,9,0,0.00,0.00,0.00,,,
2026-10-02,14631555174,CH-SC-广义新-10122178732943-新综合频道-生鲜-京喜拉新-剪辑-转化引导-10122178732943-20260921-反向-625-头条储备-46,0.00,5,1,0.00,0.00,20.00,,,
2026-10-02,14631559043,CH-SC-广义新-10122178732943-新综合频道-生鲜-京喜拉新-剪辑-转化引导-10122178732943-20260921-反向-625-头条储备-32,0.00,15,0,0.00,0.00,0.00,,,
2026-10-02,14408020460,CH-SC-广义新-10129955889557-新综合频道-厨具-京喜拉新-剪辑-转化引导-厨具-260904-反向-625-3,0.00,2,0,0.00,0.00,0.00,无价格,,
2026-10-02,14516517003,CH-SC-低活-10113209119177-超级抢购-电动车-无-剪辑-转化引导-电动车-260907-无-625-12,0.00,0,0,0.00,0.00,0.00,心如|福利价,,
2026-10-02,14247816351,CH-SC-低活-10120514417084-超级抢购-生鲜-无-剪辑-转化引导-生鲜-20260818-无-625-aigc-9,0.00,1,0,0.00,0.00,0.00,平台一组AIGC|腾讯首发素材,,
2026-10-02,14529791493,信息流-小牛-停车号码牌-三方主体-代运营-新人福利价-260917-10203964359828-内部实时跑量-625-29,0.00,1,0,0.00,0.00,0.00,,,
2026-10-02,14631560512,CH-SC-广义新-10122178732943-新综合频道-生鲜-京喜拉新-剪辑-转化引导-10122178732943-20260921-反向-625-头条储备-25,0.00,5,0,0.00,0.00,0.00,,,
2026-10-02,14553597317,CH-SC-广义新-10177677707229 -新综合频道-收纳用品-京喜拉新-剪辑-转化引导-收纳用品-260916-无-625-6,0.00,4,1,0.00,0.00,25.00,,,
2026-10-02,14529801261,信息流-小牛-停车号码牌-三方主体-代运营-新人福利价-260917-10203964359828-内部实时跑量-625-15,0.00,0,0,0.00,0.00,0.00,,,
2026-10-02,14631555462,CH-SC-广义新-10122178732943-新综合频道-生鲜-京喜拉新-剪辑-转化引导-10122178732943-20260921-反向-625-头条储备-45,0.00,4,0,0.00,0.00,0.00,,,
2026-10-02,14631550059,CH-SC-广义新-10139440032542-新综合频道-运动户外-京喜拉新-剪辑-转化引导-运动户外-20260927-无-625-103,0.00,18,0,0.00,0.00,0.00,,,
2026-10-02,14631527855,CH-SC-低活-10100542418506-超级抢购-生活日用-无-剪辑-转化引导-生活日用-260921-无-625-头条储备-40,0.00,1,0,0.00,0.00,0.00,,,
2026-10-02,14631545423,CH-SC-广义新-10139440032542-新综合频道-运动户外-京喜拉新-剪辑-转化引导-运动户外-20260927-无-625-66,0.00,3,0,0.00,0.00,0.00,,,
2026-10-02,14131186815,CH-SC-广义新-10138594878445 -新综合频道-电动车-京喜拉新-剪辑-转化引导-电动车-20260807-反选-625-10,0.00,1,0,0.00,0.00,0.00,快手原创素材|快手非低质素材|无价格,,
2026-10-02,14553587059,CH-SC-广义新-10177677707229 -新综合频道-收纳用品-京喜拉新-剪辑-转化引导-收纳用品-260916-无-625-15,0.00,1,0,0.00,0.00,0.00,,,
2026-10-02,14553592958,CH-SC-广义新-10177677707229 -新综合频道-收纳用品-京喜拉新-剪辑-转化引导-收纳用品-260916-无-625-7,0.00,3,1,0.00,0.00,33.33,,,
2026-10-02,14131169016,CH-SC-广义新-10138594878445 -新综合频道-电动车-京喜拉新-剪辑-转化引导-电动车-20260807-反选-625-2,0.00,0,0,0.00,0.00,0.00,快手重复素材|快手非低质素材|无价格,,
2026-10-02,14631534332,CH-SC-广义新-10149027879570-新综合频道-生鲜-京喜拉新-剪辑-转化引导-10122178732943-20260921-反向-625-头条储备-26,0.00,1,0,0.00,0.00,0.00,,,
2026-10-02,14631561389,CH-SC-广义新-10122178732943-新综合频道-生鲜-京喜拉新-剪辑-转化引导-10122178732943-20260921-反向-625-头条储备-23,0.00,1,0,0.00,0.00,0.00,,,
2026-10-02,14631529675,CH-SC-广义新-10134706997811-新综合频道-手机通讯-京喜拉新-剪辑-转化引导-手机通讯-20260921-反向-625-头条储备-aigc-30,0.00,2,0,0.00,0.00,0.00,,,
2026-10-02,14631540141,CH-SC-广义新-10139440032542-新综合频道-运动户外-京喜拉新-剪辑-转化引导-运动户外-20260927-无-625-94,0.00,1,0,0.00,0.00,0.00,,,
2026-10-02,14407753988,CH-SC-广义新-10129955889557-新综合频道-厨具-京喜拉新-剪辑-转化引导-厨具-260904-反向-625-12,0.00,1,0,0.00,0.00,0.00,无价格,,
2026-10-02,12993032111,荣耀-XN-影音-通用-音乐-混剪-260403-625-1,0.00,0,0,0.00,0.00,0.00,,,
2026-10-02,14631557396,CH-SC-广义新-10122178732943-新综合频道-生鲜-京喜拉新-剪辑-转化引导-10122178732943-20260921-反向-625-头条储备-39,0.00,12,0,0.00,0.00,0.00,,,
2026-10-02,14049376504,CH-SC-低活-10178946597305-超级抢购-厨具-无-剪辑-转化引导-厨具-20260728-无-625-aigc-9,0.00,0,0,0.00,0.00,0.00,平台一组AIGC|心如|快手原创素材|快手非低质素材|福利价|腾讯首发素材,,
2026-10-02,14631536081,CH-SC-广义新-10207004632704 -新综合频道-厨具-京喜拉新-剪辑-转化引导-厨具-20260921-无-625-头条储备-aigc-38,0.00,4,0,0.00,0.00,0.00,,,
2026-10-02,14369409778,信息流-小牛-菜板-三方主体-代运营-新人福利价-260903-10155000015319-内部实时跑量-625-14,0.00,1,0,0.00,0.00,0.00,原生|快手原创素材|快手非低质素材|福利价/无价格,,
2026-10-02,14131179891,CH-SC-广义新-10138594878445 -新综合频道-电动车-京喜拉新-剪辑-转化引导-电动车-20260807-反选-625-18,0.00,1,0,0.00,0.00,0.00,快手原创素材|快手非低质素材|无价格,,
2026-10-02,14383822012,CH-SC-低活-10129955889557-超级抢购-厨具-无-剪辑-转化引导-厨具-260901-无-625-9,0.00,1,0,0.00,0.00,0.00,福利价,,
2026-10-02,14631563922,CH-SC-广义新-10122178732943-新综合频道-生鲜-京喜拉新-剪辑-转化引导-10122178732943-20260921-反向-625-头条储备-11,0.00,6,0,0.00,0.00,0.00,,,
2026-10-02,14631551143,CH-SC-广义新-10122178732943-新综合频道-生鲜-京喜拉新-剪辑-转化引导-10122178732943-20260921-反向-625-头条储备-58,0.00,2,0,0.00,0.00,0.00,,,
2026-10-02,14553592663,CH-SC-广义新-10177677707229 -新综合频道-收纳用品-京喜拉新-剪辑-转化引导-收纳用品-260916-无-625-8,0.00,2,0,0.00,0.00,0.00,,,
2026-10-02,14486261432,信息流-小牛-毛毯-三方主体-代运营-新人福利价-260914-10146450179286-商务选品-625-9,0.00,0,0,0.00,0.00,0.00,快手原创素材|快手非低质素材|福利价/无价格,,
2026-10-02,14488278413,信息流-小牛-大月饼-三方主体-代运营-新人福利价-260914-10163022037983-内部实时跑量-625-45,0.00,1,0,0.00,0.00,0.00,福利价/无价格|考古加素材混剪,,
2026-10-02,13860484585,CH-SC-广义新-10151951361734-新综合频道-箱包皮具-京喜拉新-剪辑-转化引导-箱包皮具-20260713-无-625-aigc-2,0.00,1,0,0.00,0.00,0.00,平台一组AIGC|广义新头条|心如|快手重复素材|快手非低质素材|搬运打压素材,,
2026-10-02,14535578075,信息流-小牛-打火机-三方主体-代运营-新人福利价-260918-10162692688878-内部实时跑量-625-47,0.00,0,0,0.00,0.00,0.00,,,
2026-10-02,14309201026,信息流-小牛-飘逸杯-三方主体-代运营-新人福利价-260827-10110757613709-内部实时跑量-625-aigc-37,0.00,1,0,0.00,0.00,0.00,原生|平台一组AIGC|福利价/无价格,,
2026-10-02,14486277124,信息流-小牛-毛毯-三方主体-代运营-新人福利价-260914-10146450179286-商务选品-625-32,0.00,1,0,0.00,0.00,0.00,快手原创素材|快手非低质素材|福利价/无价格,,
2026-10-02,14422145671,信息流-小牛-骑行支架-三方主体-代运营-新人福利价-260908-10139440032542-历史爆品-625-52,0.00,4,0,0.00,0.00,0.00,福利价/无价格|考古加素材混剪,,
2026-10-02,13684856672,CH-SC-广义新-无-新10元话费券-10元话费券-京喜拉新-剪辑-转化引导-10元话费券-20260626-无-625-1,0.00,1,0,0.00,0.00,0.00,快手原创素材|快手非低质素材|腾讯首发素材,,
2026-10-02,13916302351,CH-SC-低活-10140917922437-超级抢购-家庭清洁-无-剪辑-转化引导-家庭清洁-20260715-无-625-aigc-11,0.00,7,0,0.00,0.00,0.00,平台一组AIGC|心如|快手重复素材|快手非低质素材|无价格|腾讯首发素材,,
2026-10-02,14631563386,CH-SC-广义新-10122178732943-新综合频道-生鲜-京喜拉新-剪辑-转化引导-10122178732943-20260921-反向-625-头条储备-16,0.00,1,0,0.00,0.00,0.00,,,
2026-10-02,14216997991,CH-SC-低活-10163212681383-超级抢购-水饮冲调-无-剪辑-转化引导-水饮冲调-20260812-无-625-7,0.00,1,0,0.00,0.00,0.00,福利价,,
2026-10-02,14631554436,CH-SC-广义新-10122178732943-新综合频道-生鲜-京喜拉新-剪辑-转化引导-10122178732943-20260921-反向-625-头条储备-49,0.00,11,0,0.00,0.00,0.00,,,
2026-10-02,14631532620,CH-SC-广义新-10149027879570-新综合频道-生鲜-京喜拉新-剪辑-转化引导-10122178732943-20260921-反向-625-头条储备-42,0.00,4,0,0.00,0.00,0.00,,,
2026-10-02,13486880647,CH-SC-广义新-无-新10元话费券-10元话费券-京喜拉新-剪辑-转化引导-10元话费券-20260605-无-625-21,0.00,1,0,0.00,0.00,0.00,快手原创素材|快手非低质素材,,
2026-10-02,14553588124,CH-SC-广义新-10177677707229 -新综合频道-收纳用品-京喜拉新-剪辑-转化引导-收纳用品-260916-无-625-12,0.00,4,0,0.00,0.00,0.00,,,
2026-10-02,14631547131,CH-SC-广义新-10139440032542-新综合频道-运动户外-京喜拉新-剪辑-转化引导-运动户外-20260927-无-625-57,0.00,1,0,0.00,0.00,0.00,,,
2026-10-02,14488328316,信息流-小牛-大月饼-三方主体-代运营-新人福利价-260914-10163022037983-内部实时跑量-625-18,0.00,1,0,0.00,0.00,0.00,福利价/无价格|考古加素材混剪,,
2026-10-02,14631557959,CH-SC-广义新-10122178732943-新综合频道-生鲜-京喜拉新-剪辑-转化引导-10122178732943-20260921-反向-625-头条储备-37,0.00,8,0,0.00,0.00,0.00,,,
2026-10-02,14631541002,CH-SC-广义新-10139440032542-新综合频道-运动户外-京喜拉新-剪辑-转化引导-运动户外-20260927-无-625-89,0.00,11,0,0.00,0.00,0.00,,,
2026-10-02,14631537599,CH-SC-广义新-10207004632704 -新综合频道-厨具-京喜拉新-剪辑-转化引导-厨具-20260921-无-625-头条储备-aigc-22,0.00,4,0,0.00,0.00,0.00,,,
2026-10-02,14643125438,信息流-小牛-维达抽纸-三方主体-代运营-新人福利价-260909-100166352003-内部实时跑量-625-头条储备-14,0.00,1,0,0.00,0.00,0.00,,,
2026-10-02,14444434356,信息流-小牛-陶瓷碗-三方主体-代运营-新人1分钱-260910-10129451028601-商务选品-625-30,0.00,0,0,0.00,0.00,0.00,福利价/无价格,,
2026-10-02,13846321758,CH-SC-低活-10140917922437-超级抢购-家庭清洁-无-剪辑-转化引导-家庭清洁-20260708-无-625-aigc-3,0.00,10,0,0.00,0.00,0.00,平台一组AIGC|心如|快手重复素材|快手非低质素材|福利价|腾讯首发素材,,
2026-10-02,14488282802,信息流-小牛-大月饼-三方主体-代运营-新人福利价-260914-10163022037983-内部实时跑量-625-43,0.00,1,0,0.00,0.00,0.00,福利价/无价格|考古加素材混剪,,
2026-10-02,14131185121,CH-SC-广义新-10138594878445 -新综合频道-电动车-京喜拉新-剪辑-转化引导-电动车-20260807-反选-625-13,0.00,1,0,0.00,0.00,0.00,快手原创素材|快手非低质素材|无价格,,
2026-10-02,14631545985,CH-SC-广义新-10139440032542-新综合频道-运动户外-京喜拉新-剪辑-转化引导-运动户外-20260927-无-625-63,0.00,5,0,0.00,0.00,0.00,,,
2026-10-02,14631556181,CH-SC-广义新-10122178732943-新综合频道-生鲜-京喜拉新-剪辑-转化引导-10122178732943-20260921-反向-625-头条储备-42,0.00,1,0,0.00,0.00,0.00,,,
2026-10-02,14643121946,信息流-小牛-维达抽纸-三方主体-代运营-新人福利价-260909-100166352003-内部实时跑量-625-头条储备-31,0.00,0,0,0.00,0.00,0.00,,,
2026-10-02,14631528792,CH-SC-广义新-10134706997811-新综合频道-手机通讯-京喜拉新-剪辑-转化引导-手机通讯-20260921-反向-625-头条储备-aigc-60,0.00,14,0,0.00,0.00,0.00,,,
2026-10-02,14535528693,信息流-小牛-打火机-三方主体-代运营-新人福利价-260918-10162692688878-内部实时跑量-625-25,0.00,2,0,0.00,0.00,0.00,,,
2026-10-02,13248247367,荣耀-XN-影音娱乐-通用-唱歌-混剪-260508-625-4,0.00,3,1,0.00,0.00,33.33,,,
2026-10-02,13486890331,CH-SC-广义新-无-新10元话费券-10元话费券-京喜拉新-剪辑-转化引导-10元话费券-20260605-无-625-10,0.00,1,0,0.00,0.00,0.00,快手重复素材|快手非低质素材|腾讯首发素材,,
2026-10-02,14309300951,信息流-小牛-工具箱-三方主体-代运营-新人福利价-260827-10114015186364-内部实时跑量-625-aigc-39,0.00,20,1,0.00,0.00,5.00,平台一组AIGC|福利价/无价格|考古加素材混剪,,
2026-10-02,13916491839,CH-SC-广义新-10040988734451-新10元话费券-无-无-剪辑-转化引导-无-20260715-无-625-5,0.00,1,0,0.00,0.00,0.00,快手重复素材|快手非低质素材|腾讯首发素材,,
2026-10-02,14631546212,CH-SC-广义新-10139440032542-新综合频道-运动户外-京喜拉新-剪辑-转化引导-运动户外-20260927-无-625-61,0.00,12,0,0.00,0.00,0.00,,,
2026-10-03,14033674081,信息流-小牛-折叠椅-京东主体-代运营-新人福利价-0731-10183713190151-设计自选-625-8,4525.18,498332,8905,40.77,111.00,1.79,福利价/无价格,,
2026-10-03,13486885202,CH-SC-广义新-无-新10元话费券-10元话费券-京喜拉新-剪辑-转化引导-10元话费券-20260605-无-625-4,1392.67,54972,3979,33.97,41.00,7.24,快手重复素材|快手非低质素材|腾讯首发素材,,
2026-10-03,14486253331,信息流-小牛-毛毯-三方主体-代运营-新人福利价-260914-10146450179286-商务选品-625-18,1297.75,54902,2064,39.33,33.00,3.76,快手原创素材|快手非低质素材|福利价/无价格,,
2026-10-03,13846397896,CH-SC-低活-10112643484929-超级抢购-手机通讯-无-剪辑-转化引导-手机通讯-20260708-无-625-aigc-1,964.02,52180,718,28.35,34.00,1.38,DHX扒起量0706|平台一组AIGC|心如|快手重复素材|快手非低质素材|福利价|腾讯首发素材,,
2026-10-03,14095132360,CH-SC-广义新-10136363822650-新综合频道-纸品-京喜拉新-剪辑-转化引导-纸品-20260804-无-625-13,853.14,37904,4180,65.63,13.00,11.03,平台AI测试/视频/一组智能体|平台一组AIGC|广义新头条|快手重复素材|快手非低质素材|腾讯首发素材,,
2026-10-03,14535550616,信息流-小牛-打火机-三方主体-代运营-新人福利价-260918-10162692688878-内部实时跑量-625-7,801.45,85076,1509,26.72,30.00,1.77,,,
2026-10-03,13846015115,CH-SC-广义新-10140917922437-新综合频道-家庭清洁-京喜拉新-剪辑-转化引导-家庭清洁-20260710-无-625-aigc-11,742.25,8352,2107,28.55,26.00,25.23,平台一组AIGC|广义新头条|心如|快手原创素材|快手非低质素材|无价格|腾讯首发素材,,
2026-10-03,13846375083,CH-SC-低活-10112643484929-超级抢购-手机通讯-无-剪辑-转化引导-手机通讯-20260708-无-625-aigc-6,679.84,52678,433,61.80,11.00,0.82,DHX扒起量0706|平台一组AIGC|心如|快手重复素材|快手非低质素材|福利价,,
2026-10-03,14422220800,信息流-小牛-小蜜桃-三方主体-代运营-新人福利价-260908-10231541696811 -深海货盘-625-10,649.56,52170,1607,19.68,33.00,3.08,福利价/无价格|考古加素材混剪,,
2026-10-03,13603383616,CH-SC-低活-10217740550325-超级抢购加补-箱包皮具-无-剪辑-转化引导-箱包皮具-20260617-无-625-aigc-5,640.66,41269,1156,42.71,15.00,2.80,加补1分钱|平台一组AIGC|心如|快手重复素材|快手非低质素材|腾讯首发素材,,
2026-10-03,13873191026,CH-SC-低活-10140917922437-超级抢购-家庭清洁-无-剪辑-转化引导-家庭清洁-20260709-无-625-aigc-2,561.78,22374,640,20.81,27.00,2.86,平台一组AIGC|心如|快手重复素材|快手非低质素材|福利价|腾讯首发素材,,
2026-10-03,13685269854,CH-SC-低活-10233824843150-超级抢购加补-生活日用-无-剪辑-转化引导-生活日用-20260626-无-625-aigc-15,444.78,17381,488,15.89,28.00,2.81,平台一组AIGC|心如|快手重复素材|快手非低质素材|福利价|腾讯首发素材,,
2026-10-03,14422246925,信息流-小牛-真空袋-三方主体-代运营-新人福利价-260908-10212584519594-内部实时跑量-625-54,437.70,231517,5880,7.68,57.00,2.54,福利价/无价格|考古加素材混剪|腾讯首发素材,,
2026-10-03,14422248290,信息流-小牛-真空袋-三方主体-代运营-新人福利价-260908-10212584519594-内部实时跑量-625-53,285.01,28365,686,28.50,10.00,2.42,福利价/无价格|考古加素材混剪|腾讯首发素材,,
2026-10-03,14033673840,信息流-小牛-折叠椅-京东主体-代运营-新人福利价-0731-10183713190151-设计自选-625-10,277.50,29279,828,27.75,10.00,2.83,福利价/无价格,,
2026-10-03,14535548298,信息流-小牛-打火机-三方主体-代运营-新人福利价-260918-10162692688878-内部实时跑量-625-9,260.57,18095,513,52.11,5.00,2.84,,,
2026-10-03,14318965135,CH-PRJ-采销项目-无-快手-无-无-剪辑-转化引导-无-260826-无-625-4,250.90,2449,2113,0.13,1876.00,86.28,快手重复素材|快手非低质素材,,
2026-10-03,14299137400,CH-PRJ-采销项目-无-快手-无-无-剪辑-转化引导-无-260825-无-625-5,235.24,2763,2314,0.11,2098.00,83.75,快手重复素材|快手非低质素材,,
2026-10-03,14562134189,CH-PRJ-采销项目-无-快手-无-无-剪辑-转化引导-无-260911-无-625-12,207.33,12600,802,3.09,67.00,6.37,,,
2026-10-03,14562120515,CH-PRJ-采销项目-无-快手-无-无-剪辑-转化引导-无-260915-无-625-3,202.16,3615,2158,0.16,1269.00,59.70,,,
2026-10-03,14309355419,信息流-小牛-工具箱-三方主体-代运营-新人福利价-260827-10114015186364-内部实时跑量-625-aigc-1,201.93,22408,420,50.48,4.00,1.87,平台一组AIGC|福利价/无价格|考古加素材混剪,,
2026-10-03,14488283013,信息流-小牛-大月饼-三方主体-代运营-新人福利价-260914-10163022037983-内部实时跑量-625-42,199.62,29187,500,49.91,4.00,1.71,福利价/无价格|考古加素材混剪,,
2026-10-03,13145024268,荣耀-XN-影音娱乐-通用-萌宠-混剪-260424-625-10,191.82,30643,7921,1.41,136.00,25.85,,,
2026-10-03,13614624623,CH-SC-广义新-10134479334759-新综合频道-钟表眼镜-京喜拉新-剪辑-转化引导-钟表眼镜-20260618-无-625-aigc-7,187.19,14758,510,14.40,13.00,3.46,平台一组AIGC|快手重复素材|快手非低质素材|腾讯首发素材,,
2026-10-03,14086782388,信息流-小牛-陶瓷碗-三方主体-代运营-新人福利价-0806-10129451028601-客户推品-625-4,173.57,15736,200,43.39,4.00,1.27,客供|福利价/无价格,,
2026-10-03,14422193816,信息流-小牛-小蜜桃-三方主体-代运营-新人福利价-260908-10231541696811 -深海货盘-625-6,171.30,24086,1152,42.83,4.00,4.78,福利价/无价格|考古加素材混剪,,
2026-10-03,14238399476,信息流-小牛-雨伞-三方主体-代运营-新人福利价-0820-10130866966155-内部实时跑量-625-17,149.68,10523,210,74.84,2.00,2.00,有米云素材混剪|福利价/无价格|腾讯首发素材,,
2026-10-03,14086782805,信息流-小牛-陶瓷碗-三方主体-代运营-新人福利价-0806-10129451028601-客户推品-625-1,145.20,22395,318,145.20,1.00,1.42,客供|福利价/无价格,,
2026-10-03,14516318263,CH-SC-低活-10176978592631-超级抢购-家具-无-剪辑-转化引导-家具-260915-无-625-19,131.35,10507,237,65.68,2.00,2.26,心如|福利价,,
2026-10-03,14422275891,信息流-小牛-真空袋-三方主体-代运营-新人福利价-260908-10212584519594-内部实时跑量-625-24,130.13,15738,576,9.30,14.00,3.66,福利价/无价格|考古加素材混剪,,
2026-10-03,14422276750,信息流-小牛-真空袋-三方主体-代运营-新人福利价-260908-10212584519594-内部实时跑量-625-2,122.31,11833,223,20.39,6.00,1.88,福利价/无价格|考古加素材混剪,,
2026-10-03,14487659517,信息流-小牛-毛毯-三方主体-代运营-新人福利价-260914-10146450179286-商务选品-625-43,119.90,5953,183,19.98,6.00,3.07,快手原创素材|快手非低质素材|福利价/无价格,,
2026-10-03,14422171762,信息流-小牛-骑行支架-三方主体-代运营-新人福利价-260908-10139440032542-历史爆品-625-24,117.03,10726,130,23.41,5.00,1.21,福利价/无价格|考古加素材混剪,,
2026-10-03,14319042692,CH-SC-低活-10140917922437-超级抢购-家庭清洁-无-剪辑-转化引导-家庭清洁-20260820-无-625-aigc-25,116.71,2458,206,116.71,1.00,8.38,平台一组AIGC|心如|快手重复素材|快手非低质素材|福利价|腾讯首发素材,,
2026-10-03,14535530355,信息流-小牛-打火机-三方主体-代运营-新人福利价-260918-10162692688878-内部实时跑量-625-24,108.61,4719,192,36.20,3.00,4.07,,,
2026-10-03,14535539490,信息流-小牛-打火机-三方主体-代运营-新人福利价-260918-10162692688878-内部实时跑量-625-17,106.99,6007,166,53.50,2.00,2.76,,,
2026-10-03,14422196839,信息流-小牛-小蜜桃-三方主体-代运营-新人福利价-260908-10231541696811 -深海货盘-625-50,101.97,23946,785,25.49,4.00,3.28,福利价/无价格|考古加素材混剪,,
2026-10-03,14319047409,CH-SC-低活-10140917922437-超级抢购-家庭清洁-无-剪辑-转化引导-家庭清洁-20260820-无-625-aigc-8,97.68,5616,373,32.56,3.00,6.64,平台一组AIGC|心如|快手原创素材|快手非低质素材|福利价|腾讯首发素材,,
2026-10-03,13486893253,CH-SC-广义新-无-新10元话费券-10元话费券-京喜拉新-剪辑-转化引导-10元话费券-20260605-无-625-18,85.91,1640,671,42.96,2.00,40.91,快手原创素材|快手非低质素材,,
2026-10-03,13603317054,CH-SC-广义新-10118706992345-新综合频道-纸品-无-剪辑-转化引导-纸品-20260617-无-625-aigc-8,84.38,30466,26181,0.72,118.00,85.94,平台一组AIGC|广义新头条|快手原创素材|快手非低质素材,,
2026-10-03,14535548396,信息流-小牛-打火机-三方主体-代运营-新人福利价-260918-10162692688878-内部实时跑量-625-8,83.21,5839,146,27.74,3.00,2.50,,,
2026-10-03,14535553809,信息流-小牛-打火机-三方主体-代运营-新人福利价-260918-10162692688878-内部实时跑量-625-2,81.03,3388,104,0.00,0.00,3.07,,,
2026-10-03,14309304111,信息流-小牛-工具箱-三方主体-代运营-新人福利价-260827-10114015186364-内部实时跑量-625-aigc-38,80.60,5265,114,40.30,2.00,2.17,平台一组AIGC|福利价/无价格|考古加素材混剪,,
2026-10-03,14422271056,信息流-小牛-真空袋-三方主体-代运营-新人福利价-260908-10212584519594-内部实时跑量-625-26,76.96,6870,172,15.39,5.00,2.50,福利价/无价格|考古加素材混剪,,
2026-10-03,14422196886,信息流-小牛-小蜜桃-三方主体-代运营-新人福利价-260908-10231541696811 -深海货盘-625-5,75.23,4308,280,75.23,1.00,6.50,福利价/无价格|考古加素材混剪,,
2026-10-03,14029064982,信息流-小牛-折叠椅-三方主体-代运营-新人福利价-0731-10183713190151-大盘扒改-625-1,73.87,5941,215,36.94,2.00,3.62,大盘扒改|福利价/无价格,,
2026-10-03,14309670559,信息流-小牛-电脑支架-三方主体-代运营-新人福利价-260827-10191489644462-大盘实扒改-625-5,70.35,7740,93,23.45,3.00,1.20,平台一组AIGC|福利价/无价格|考古加素材混剪,,
2026-10-03,14529789444,信息流-小牛-停车号码牌-三方主体-代运营-新人福利价-260917-10203964359828-内部实时跑量-625-3,65.47,4861,56,0.00,0.00,1.15,,,
2026-10-03,14535543360,信息流-小牛-打火机-三方主体-代运营-新人福利价-260918-10162692688878-内部实时跑量-625-14,65.24,3761,88,0.00,0.00,2.34,,,
2026-10-03,14535553937,信息流-小牛-打火机-三方主体-代运营-新人福利价-260918-10162692688878-内部实时跑量-625-3,65.02,2498,89,65.02,1.00,3.56,,,
2026-10-03,14444502883,信息流-小牛-陶瓷碗-三方主体-代运营-新人1分钱-260910-10129451028601-商务选品-625-43,63.80,7328,106,63.80,1.00,1.45,快手原创素材|快手非低质素材|福利价/无价格,,
2026-10-03,14422273114,信息流-小牛-真空袋-三方主体-代运营-新人福利价-260908-10212584519594-内部实时跑量-625-25,63.05,3556,125,10.51,6.00,3.52,福利价/无价格|考古加素材混剪,,
2026-10-03,14318981628,CH-SC-广义新-10146456039187-新综合频道-纸品-京喜拉新-剪辑-转化引导-纸品-260827-无-625-aigc-6,62.80,2173,312,62.80,1.00,14.36,平台AI测试/视频/一组智能体|平台一组AIGC|快手重复素材|快手非低质素材,,
2026-10-03,14516516813,CH-SC-低活-10113209119177-超级抢购-电动车-无-剪辑-转化引导-电动车-260907-无-625-13,62.09,8074,312,62.09,1.00,3.86,心如|福利价,,
2026-10-03,14554168487,CH-SC-低活-10096167203452-超级抢购-纸品-大商超-剪辑-转化引导-纸品-260917-无-625-19,60.59,13988,13811,0.80,76.00,98.73,,,
2026-10-03,14516404620,CH-SC-低活-10176978592631-超级抢购-家具-无-剪辑-转化引导-家具-260915-无-625-10,59.15,2236,48,29.58,2.00,2.15,心如|福利价,,
2026-10-03,14033668127,信息流-小牛-折叠椅-京东主体-代运营-新人福利价-0731-10183713190151-设计自选-625-1,58.92,8022,96,19.64,3.00,1.20,福利价/无价格,,
2026-10-03,14535556657,信息流-小牛-打火机-三方主体-代运营-新人福利价-260918-10162692688878-内部实时跑量-625-64,57.10,4603,94,11.42,5.00,2.04,,,
2026-10-03,14486256691,信息流-小牛-毛毯-三方主体-代运营-新人福利价-260914-10146450179286-商务选品-625-14,55.42,3994,87,13.86,4.00,2.18,快手原创素材|快手非低质素材|福利价/无价格,,
2026-10-03,14562121259,CH-PRJ-采销项目-无-快手-无-无-剪辑-转化引导-无-260915-无-625-7,52.26,1414,772,0.11,464.00,54.60,,,
2026-10-03,14309586346,信息流-小牛-围裙-三方主体-代运营-新人福利价-260827-10117891615029-设计自选-625-8,52.24,2496,74,52.24,1.00,2.96,平台一组AIGC|福利价/无价格|考古加素材混剪,,
2026-10-03,14516513717,CH-SC-低活-10113209119177-超级抢购-电动车-无-剪辑-转化引导-电动车-260907-无-625-22,50.74,2229,357,0.00,0.00,16.02,心如|福利价,,
2026-10-03,14535547463,信息流-小牛-打火机-三方主体-代运营-新人福利价-260918-10162692688878-内部实时跑量-625-11,49.04,1496,59,49.04,1.00,3.94,,,
2026-10-03,14099191213,信息流-小牛-陶瓷碗-三方主体-代运营-新人福利价-0807-10129451028601-客户推品-625-1,48.91,11858,115,24.46,2.00,0.97,客供|福利价/无价格,,
2026-10-03,14374705382,信息流-小牛-苹果-三方主体-代运营-新人福利价-260903-10186710590960-历史爆品-625-22,48.30,7878,86,48.30,1.00,1.09,原生|福利价/无价格|考古加素材混剪,,
2026-10-03,14197493764,CH-SC-低活-10081585918372-超级抢购-纸品-无-剪辑-转化引导-纸品-20260803-无-625-aigc-8,48.20,1137,143,0.00,0.00,12.58,平台一组AIGC|心如|快手重复素材|快手非低质素材|福利价|腾讯首发素材,,
2026-10-03,14422195635,信息流-小牛-小蜜桃-三方主体-代运营-新人福利价-260908-10231541696811 -深海货盘-625-49,47.22,5614,148,23.61,2.00,2.64,福利价/无价格|考古加素材混剪,,
2026-10-03,14516446475,CH-SC-低活-10111392494770-超级抢购-收纳用品-无-剪辑-转化引导-收纳用品-20260911-无-625-6,45.73,1205,24,22.87,2.00,1.99,心如|福利价,,
2026-10-03,14488233708,信息流-小牛-大月饼-三方主体-代运营-新人福利价-260914-10163022037983-内部实时跑量-625-5,45.52,5055,118,0.00,0.00,2.33,福利价/无价格|考古加素材混剪,,
2026-10-03,14422209845,信息流-小牛-小蜜桃-三方主体-代运营-新人福利价-260908-10231541696811 -深海货盘-625-28,44.80,2368,106,22.40,2.00,4.48,福利价/无价格|考古加素材混剪,,
2026-10-03,14422270071,信息流-小牛-真空袋-三方主体-代运营-新人福利价-260908-10212584519594-内部实时跑量-625-27,43.09,3273,72,0.00,0.00,2.20,福利价/无价格|考古加素材混剪,,
2026-10-03,14631527482,CH-SC-低活-10100542418506-超级抢购-生活日用-无-剪辑-转化引导-生活日用-260921-无-625-头条储备-44,42.27,2716,24,42.27,1.00,0.88,,,
2026-10-03,13352556383,CH-SC-低活-10081585918372-超级抢购-家庭清洁纸品-无-剪辑-转化引导-家庭清洁纸品-20260521-无-625-17,39.35,25986,203,39.35,1.00,0.78,快手重复素材|快手非低质素材|腾讯首发素材,,
2026-10-03,14050217042,CH-SC-广义新-10187000434970-新综合频道-厨具-京喜拉新-剪辑-转化引导-厨具-20260730-无-625-7,38.78,3939,296,5.54,7.00,7.51,广义新头条|心如|快手重复素材|快手非低质素材|腾讯首发素材,,
2026-10-03,14529783827,信息流-小牛-停车号码牌-三方主体-代运营-新人福利价-260917-10203964359828-内部实时跑量-625-4,38.75,2231,51,0.00,0.00,2.29,,,
2026-10-03,13846372517,CH-SC-低活-10112643484929-超级抢购-手机通讯-无-剪辑-转化引导-手机通讯-20260708-无-625-aigc-5,37.15,1411,55,37.15,1.00,3.90,DHX扒起量0706|平台一组AIGC|心如|快手重复素材|快手非低质素材|福利价,,
2026-10-03,14535548647,信息流-小牛-打火机-三方主体-代运营-新人福利价-260918-10162692688878-内部实时跑量-625-10,36.72,1088,47,36.72,1.00,4.32,,,
2026-10-03,14422176888,信息流-小牛-骑行支架-三方主体-代运营-新人福利价-260908-10139440032542-历史爆品-625-22,36.05,4312,48,36.05,1.00,1.11,福利价/无价格|考古加素材混剪,,
2026-10-03,14422215528,信息流-小牛-小蜜桃-三方主体-代运营-新人福利价-260908-10231541696811 -深海货盘-625-2,35.13,2596,74,0.00,0.00,2.85,福利价/无价格|考古加素材混剪,,
2026-10-03,14488318517,信息流-小牛-大月饼-三方主体-代运营-新人福利价-260914-10163022037983-内部实时跑量-625-25,34.53,2838,92,11.51,3.00,3.24,福利价/无价格|考古加素材混剪,,
2026-10-03,14422223090,信息流-小牛-小蜜桃-三方主体-代运营-新人福利价-260908-10231541696811 -深海货盘-625-1,34.08,3279,79,0.00,0.00,2.41,福利价/无价格|考古加素材混剪,,
2026-10-03,14529796870,信息流-小牛-停车号码牌-三方主体-代运营-新人福利价-260917-10203964359828-内部实时跑量-625-20,32.87,3774,44,32.87,1.00,1.17,,,
2026-10-03,14374685119,信息流-小牛-苹果-三方主体-代运营-新人福利价-260903-10186710590960-历史爆品-625-42,31.09,3820,37,0.00,0.00,0.97,原生|福利价/无价格|考古加素材混剪,,
2026-10-03,13559845061,CH-PRJ-采销项目-10204138700158-快手安卓-外卖美食-无-剪辑-转化引导-外卖美食-20260612-无-625-9,31.04,546,318,0.15,201.00,58.24,快手重复素材|快手非低质素材,,
2026-10-03,14153366727,信息流-小牛-电脑支架-三方主体-代运营-新人福利价-0812-10191489644462-大盘实扒改-625-2,30.76,1160,51,30.76,1.00,4.40,大盘扒改|福利价/无价格|腾讯首发素材,,
2026-10-03,14369416523,信息流-小牛-菜板-三方主体-代运营-新人福利价-260903-10155000015319-内部实时跑量-625-6,28.15,4376,144,0.00,0.00,3.29,原生|快手原创素材|快手非低质素材|福利价/无价格,,
2026-10-03,14422258109,信息流-小牛-真空袋-三方主体-代运营-新人福利价-260908-10212584519594-内部实时跑量-625-41,27.89,2881,57,0.00,0.00,1.98,福利价/无价格|考古加素材混剪,,
2026-10-03,14535590075,信息流-小牛-打火机-三方主体-代运营-新人福利价-260918-10162692688878-内部实时跑量-625-30,26.91,1975,49,26.91,1.00,2.48,,,
2026-10-03,14535544644,信息流-小牛-打火机-三方主体-代运营-新人福利价-260918-10162692688878-内部实时跑量-625-13,26.77,1413,46,0.00,0.00,3.26,,,
2026-10-03,14535546171,信息流-小牛-打火机-三方主体-代运营-新人福利价-260918-10162692688878-内部实时跑量-625-12,26.05,1612,29,26.05,1.00,1.80,,,
2026-10-03,14422210490,信息流-小牛-小蜜桃-三方主体-代运营-新人福利价-260908-10231541696811 -深海货盘-625-27,25.92,2399,90,0.00,0.00,3.75,福利价/无价格|考古加素材混剪,,
2026-10-03,14318983392,CH-SC-广义新-10146456039187-新综合频道-纸品-京喜拉新-剪辑-转化引导-纸品-260827-无-625-aigc-2,24.20,431,43,0.00,0.00,9.98,平台AI测试/视频/一组智能体|平台一组AIGC|快手重复素材|快手非低质素材,,
2026-10-03,13939939358,CH-SC-广义新-10150604147722-新综合频道-箱包皮具-京喜拉新-剪辑-转化引导-箱包皮具-20260720-反向-625-11,23.53,13822,13544,0.74,32.00,97.99,广义新头条|心如|快手重复素材|快手非低质素材,,
2026-10-03,14319046111,CH-SC-低活-10140917922437-超级抢购-家庭清洁-无-剪辑-转化引导-家庭清洁-20260820-无-625-aigc-12,23.45,22263,50,0.00,0.00,0.22,平台AI测试/视频/一组智能体|平台一组AIGC|心如|快手原创素材|快手非低质素材|福利价,,
2026-10-03,13096002959,荣耀-XN-社交-通用-美女-混剪-纯新AIGC-260416-625-4,23.19,1900,406,2.90,8.00,21.37,,,
2026-10-03,14486255452,信息流-小牛-毛毯-三方主体-代运营-新人福利价-260914-10146450179286-商务选品-625-16,21.75,1903,52,21.75,1.00,2.73,快手原创素材|快手非低质素材|福利价/无价格,,
2026-10-03,14488260041,信息流-小牛-大月饼-三方主体-代运营-新人福利价-260914-10163022037983-内部实时跑量-625-aigc-6,21.13,1418,53,21.13,1.00,3.74,福利价/无价格|考古加素材混剪,,
2026-10-03,14529779694,信息流-小牛-停车号码牌-三方主体-代运营-新人福利价-260917-10203964359828-内部实时跑量-625-50,20.97,967,28,20.97,1.00,2.90,,,
2026-10-03,13957181664,信息流-小牛-保温饭盒-三方主体-代运营-新人福利价-0724-10125420247464-大盘扒改-625-3,20.96,459,49,20.96,1.00,10.68,大盘扒改|福利价/无价格,,
2026-10-03,14516362987,CH-SC-低活-10118706992348-超级抢购加补-纸品-无-剪辑-转化引导-纸品-260914-无-625-27,20.51,168,81,20.51,1.00,48.21,心如,,
2026-10-03,14309672300,信息流-小牛-电脑支架-三方主体-代运营-新人福利价-260827-10191489644462-大盘实扒改-625-6,20.29,975,22,20.29,1.00,2.26,平台一组AIGC|福利价/无价格|考古加素材混剪,,
2026-10-03,14535590827,信息流-小牛-打火机-三方主体-代运营-新人福利价-260918-10162692688878-内部实时跑量-625-28,19.86,1105,27,0.00,0.00,2.44,,,
2026-10-03,14535557016,信息流-小牛-打火机-三方主体-代运营-新人福利价-260918-10162692688878-内部实时跑量-625-65,19.82,1295,27,0.00,0.00,2.08,,,
2026-10-03,14374705055,信息流-小牛-苹果-三方主体-代运营-新人福利价-260903-10186710590960-历史爆品-625-23,19.65,1320,41,0.00,0.00,3.11,原生|福利价/无价格|考古加素材混剪,,
2026-10-03,14516446813,CH-SC-低活-10111392494770-超级抢购-收纳用品-无-剪辑-转化引导-收纳用品-20260911-无-625-5,19.57,824,20,19.57,1.00,2.43,心如|福利价,,
2026-10-03,14422211840,信息流-小牛-小蜜桃-三方主体-代运营-新人福利价-260908-10231541696811 -深海货盘-625-3,18.60,3954,115,9.30,2.00,2.91,福利价/无价格|考古加素材混剪,,
2026-10-03,14488342221,信息流-小牛-大月饼-三方主体-代运营-新人福利价-260914-10163022037983-内部实时跑量-625-9,18.56,1368,51,0.00,0.00,3.73,福利价/无价格|考古加素材混剪,,
2026-10-03,14166706097,信息流-小牛-五香花生-三方主体-代运营-新人福利价-0814-10150360358365-大盘实时跑量-625-2,18.33,8641,168,0.00,0.00,1.94,福利价/无价格|考古加素材混剪,,
2026-10-03,13536549173,CH-SC-低活-10219841541026-超级抢购加补-厨具-无-剪辑-转化引导-厨具-20260610-无-625-aigc-10,17.93,673,21,17.93,1.00,3.12,平台一组AIGC|心如|快手重复素材|快手非低质素材|福利价|腾讯首发素材,,
2026-10-03,14535554502,信息流-小牛-打火机-三方主体-代运营-新人福利价-260918-10162692688878-内部实时跑量-625-66,16.81,496,17,16.81,1.00,3.43,,,
2026-10-03,14488323904,信息流-小牛-大月饼-三方主体-代运营-新人福利价-260914-10163022037983-内部实时跑量-625-22,16.66,1003,34,0.00,0.00,3.39,福利价/无价格|考古加素材混剪,,
2026-10-03,13559844692,CH-PRJ-采销项目-10204138700158-快手安卓-外卖美食-无-剪辑-转化引导-外卖美食-20260612-无-625-7,16.42,338,189,0.14,121.00,55.92,快手重复素材|快手非低质素材,,
2026-10-03,14529767215,信息流-小牛-停车号码牌-三方主体-代运营-新人福利价-260917-10203964359828-内部实时跑量-625-7,16.38,421,15,16.38,1.00,3.56,,,
2026-10-03,13581450030,CH-SC-广义新-10130866966155-新综合频道-服饰内衣-京喜拉新-剪辑-转化引导-服饰内衣-20260615-反向-625-aigc-1,15.56,5337,3936,0.86,18.00,73.75,不对版！！|平台一组AIGC|广义新头条|快手重复素材|快手非低质素材|腾讯首发素材,,
2026-10-03,14422218760,信息流-小牛-小蜜桃-三方主体-代运营-新人福利价-260908-10231541696811 -深海货盘-625-15,14.82,1911,31,0.00,0.00,1.62,福利价/无价格|考古加素材混剪,,
2026-10-03,14372742082,信息流-小牛-旋转支架-三方主体-代运营-新人福利价-260903-10112643484929-内部实时跑量-625-9,14.73,684,40,7.37,2.00,5.85,原生|福利价/无价格|考古加素材混剪,,
2026-10-03,13873189462,CH-SC-低活-10140917922437-超级抢购-家庭清洁-无-剪辑-转化引导-家庭清洁-20260709-无-625-aigc-1,14.72,2685,54,0.00,0.00,2.01,平台一组AIGC|心如|快手重复素材|快手非低质素材|福利价|腾讯首发素材,,
2026-10-03,14554228899,CH-SC-低活-10140917922437-超级抢购-家庭清洁-无-剪辑-转化引导-家庭清洁-20260918-无-625-aigc-16,14.36,4621,313,0.00,0.00,6.77,,,
2026-10-03,14309351876,信息流-小牛-工具箱-三方主体-代运营-新人福利价-260827-10114015186364-内部实时跑量-625-aigc-2,14.17,1660,29,0.00,0.00,1.75,平台一组AIGC|福利价/无价格|考古加素材混剪,,
2026-10-03,14487657915,信息流-小牛-毛毯-三方主体-代运营-新人福利价-260914-10146450179286-商务选品-625-42,13.90,991,19,0.00,0.00,1.92,快手原创素材|快手非低质素材|福利价/无价格,,
2026-10-03,14444505842,信息流-小牛-陶瓷碗-三方主体-代运营-新人1分钱-260910-10129451028601-商务选品-625-42,13.60,957,25,6.80,2.00,2.61,快手原创素材|快手非低质素材|福利价/无价格,,
2026-10-03,14247658864,信息流-小牛-旋转手机支架-三方主体-代运营-新人福利价-0821-10112643484929-内部实时跑量-625-3,13.40,4044,64,0.00,0.00,1.58,有米云素材混剪|福利价/无价格|腾讯首发素材,,
2026-10-03,13522213672,CH-SC-低活-10113209119177-超级抢购加补-电动车-无-剪辑-转化引导-电动车-20260609-无-625-aigc-8,13.27,475,21,13.27,1.00,4.42,DHX扒起量0608|不对版！！|平台一组AIGC|心如|快手重复素材|快手非低质素材,,
2026-10-03,14516454233,CH-SC-低活-10103917299332-超级抢购-厨具-无-剪辑-转化引导-厨具-20260911-无-625-23,13.13,1389,6,0.00,0.00,0.43,心如|福利价,,
2026-10-03,14050213136,CH-SC-广义新-10187000434970-新综合频道-厨具-京喜拉新-剪辑-转化引导-厨具-20260730-无-625-2,12.96,1913,27,4.32,3.00,1.41,广义新头条|心如|快手重复素材|快手非低质素材|腾讯首发素材,,
2026-10-03,14422219317,信息流-小牛-小蜜桃-三方主体-代运营-新人福利价-260908-10231541696811 -深海货盘-625-12,12.44,1454,32,0.00,0.00,2.20,福利价/无价格|考古加素材混剪,,
2026-10-03,14488285372,信息流-小牛-大月饼-三方主体-代运营-新人福利价-260914-10163022037983-内部实时跑量-625-41,12.08,1032,16,0.00,0.00,1.55,福利价/无价格|考古加素材混剪,,
2026-10-03,14422202134,信息流-小牛-小蜜桃-三方主体-代运营-新人福利价-260908-10231541696811 -深海货盘-625-4,11.95,4694,218,11.95,1.00,4.64,福利价/无价格|考古加素材混剪,,
2026-10-03,14033673881,信息流-小牛-折叠椅-京东主体-代运营-新人福利价-0731-10183713190151-设计自选-625-9,11.93,872,34,0.00,0.00,3.90,福利价/无价格,,
2026-10-03,14535559347,信息流-小牛-打火机-三方主体-代运营-新人福利价-260918-10162692688878-内部实时跑量-625-61,11.62,2915,38,0.00,0.00,1.30,,,
2026-10-03,14422192784,信息流-小牛-小蜜桃-三方主体-代运营-新人福利价-260908-10231541696811 -深海货盘-625-7,11.21,705,42,11.21,1.00,5.96,福利价/无价格|考古加素材混剪,,
2026-10-03,13125484685,荣耀-XN-金融-通用-壁纸-混剪-纯AIGC-260422-625-13,10.44,310,26,2.09,5.00,8.39,,,
2026-10-03,14562120754,CH-PRJ-采销项目-无-快手-无-无-剪辑-转化引导-无-260915-无-625-2,10.03,458,169,0.12,83.00,36.90,,,
2026-10-03,14309678755,信息流-小牛-围裙-三方主体-代运营-新人福利价-260827-10117891615029-设计自选-625-59,9.86,501,14,0.00,0.00,2.79,平台一组AIGC|福利价/无价格|考古加素材混剪,,
2026-10-03,14372733516,信息流-小牛-旋转支架-三方主体-代运营-新人福利价-260903-10112643484929-内部实时跑量-625-27,9.73,350,13,9.73,1.00,3.71,原生|福利价/无价格|考古加素材混剪,,
2026-10-03,14309673245,信息流-小牛-电脑支架-三方主体-代运营-新人福利价-260827-10191489644462-大盘实扒改-625-2,9.27,521,7,0.00,0.00,1.34,平台一组AIGC|福利价/无价格|考古加素材混剪,,
2026-10-03,14166677299,信息流-小牛-五香花生-三方主体-代运营-新人福利价-0814-10150360358365-大盘实时跑量-625-41,9.24,1279,54,9.24,1.00,4.22,福利价/无价格|考古加素材混剪,,
2026-10-03,13846396417,CH-SC-低活-10112643484929-超级抢购-手机通讯-无-剪辑-转化引导-手机通讯-20260708-无-625-aigc-21,9.09,935,80,0.00,0.00,8.56,DHX扒起量0706|平台一组AIGC|心如|快手重复素材|快手非低质素材|福利价,,
2026-10-03,14535561616,信息流-小牛-打火机-三方主体-代运营-新人福利价-260918-10162692688878-内部实时跑量-625-62,8.65,1073,20,4.33,2.00,1.86,,,
2026-10-03,14488266120,信息流-小牛-大月饼-三方主体-代运营-新人福利价-260914-10163022037983-内部实时跑量-625-aigc-5,8.64,716,12,0.00,0.00,1.68,福利价/无价格|考古加素材混剪,,
2026-10-03,14319045677,CH-SC-低活-10140917922437-超级抢购-家庭清洁-无-剪辑-转化引导-家庭清洁-20260820-无-625-aigc-16,8.62,5188,9,0.00,0.00,0.17,平台一组AIGC|心如|快手重复素材|快手非低质素材|福利价|腾讯首发素材,,
2026-10-03,14554163462,CH-SC-低活-10096167203452-超级抢购-纸品-大商超-剪辑-转化引导-纸品-260917-无-625-11,8.39,1577,1536,1.20,7.00,97.40,,,
2026-10-03,14299135646,CH-PRJ-采销项目-无-快手-无-无-剪辑-转化引导-无-260825-无-625-7,8.39,50,24,1.20,7.00,48.00,快手重复素材|快手非低质素材,,
2026-10-03,14374709639,信息流-小牛-苹果-三方主体-代运营-新人福利价-260903-10186710590960-历史爆品-625-17,8.38,660,24,0.00,0.00,3.64,原生|福利价/无价格|考古加素材混剪,,
2026-10-03,14422201343,信息流-小牛-小蜜桃-三方主体-代运营-新人福利价-260908-10231541696811 -深海货盘-625-45,8.35,2229,22,0.00,0.00,0.99,福利价/无价格|考古加素材混剪,,
2026-10-03,13352554298,CH-SC-低活-10081585918372-超级抢购-家庭清洁纸品-无-剪辑-转化引导-家庭清洁纸品-20260521-无-625-11,8.26,7025,16,0.00,0.00,0.23,快手重复素材|快手非低质素材|腾讯首发素材,,
2026-10-03,14529777583,信息流-小牛-停车号码牌-三方主体-代运营-新人福利价-260917-10203964359828-内部实时跑量-625-49,8.05,446,8,0.00,0.00,1.79,,,
2026-10-03,14422220976,信息流-小牛-小蜜桃-三方主体-代运营-新人福利价-260908-10231541696811 -深海货盘-625-11,7.95,1930,22,0.00,0.00,1.14,福利价/无价格|考古加素材混剪,,
2026-10-03,13873198936,CH-SC-低活-10140917922437-超级抢购-家庭清洁-无-剪辑-转化引导-家庭清洁-20260709-无-625-aigc-9,7.88,207,16,0.00,0.00,7.73,平台一组AIGC|心如|快手重复素材|快手非低质素材|福利价|腾讯首发素材,,
2026-10-03,14161859149,信息流-小牛-围裙-三方主体-代运营-新人福利价-0813-10117891615029-大盘实时跑量-625-3,7.62,612,10,0.00,0.00,1.63,福利价/无价格|考古加素材混剪,,
2026-10-03,14422274665,信息流-小牛-真空袋-三方主体-代运营-新人福利价-260908-10212584519594-内部实时跑量-625-20,7.37,344,12,0.00,0.00,3.49,福利价/无价格|考古加素材混剪,,
2026-10-03,14535589632,信息流-小牛-打火机-三方主体-代运营-新人福利价-260918-10162692688878-内部实时跑量-625-29,7.29,594,24,7.29,1.00,4.04,,,
2026-10-03,14486279638,信息流-小牛-毛毯-三方主体-代运营-新人福利价-260914-10146450179286-商务选品-625-29,7.29,786,15,7.29,1.00,1.91,快手原创素材|快手非低质素材|福利价/无价格,,
2026-10-03,14488250135,信息流-小牛-大月饼-三方主体-代运营-新人福利价-260914-10163022037983-内部实时跑量-625-aigc-9,7.08,1234,21,0.00,0.00,1.70,福利价/无价格|考古加素材混剪,,
2026-10-03,14319048822,CH-SC-广义新-10118706992345-新综合频道-纸品 -京喜拉新-剪辑-转化引导-纸品 -260827-无-625-aigc-8,7.02,644,52,7.02,1.00,8.07,平台AI测试/视频/一组智能体|平台一组AIGC|快手原创素材|快手非低质素材|腾讯首发素材,,
2026-10-03,14092641967,信息流-小牛-维达纸巾-三方主体-代运营-新人福利价-0806-100166352003-大盘实时跑量-625-38,6.91,484,17,0.00,0.00,3.51,头条/京东标点/有量素材混剪|福利价/无价格,,
2026-10-03,14088471139,CH-SC-低活-10223570717754-超级抢购-生鲜-无-剪辑-转化引导-生鲜-20260803-无-625-aigc-1,6.90,216,4,0.00,0.00,1.85,平台一组AIGC|心如|福利价|腾讯首发素材,,
2026-10-03,14444475775,信息流-小牛-陶瓷碗-三方主体-代运营-新人1分钱-260910-10129451028601-商务选品-625-56,6.65,412,12,0.00,0.00,2.91,福利价/无价格,,
2026-10-03,14422241895,信息流-小牛-真空袋-三方主体-代运营-新人福利价-260908-10212584519594-内部实时跑量-625-9,6.64,447,11,0.00,0.00,2.46,福利价/无价格|考古加素材混剪,,
2026-10-03,14238399156,信息流-小牛-雨伞-三方主体-代运营-新人福利价-0820-10130866966155-内部实时跑量-625-18,6.54,210,11,0.00,0.00,5.24,有米云素材混剪|福利价/无价格|腾讯首发素材,,
2026-10-03,14535540774,信息流-小牛-打火机-三方主体-代运营-新人福利价-260918-10162692688878-内部实时跑量-625-16,6.53,449,11,0.00,0.00,2.45,,,
2026-10-03,14374704763,信息流-小牛-苹果-三方主体-代运营-新人福利价-260903-10186710590960-历史爆品-625-21,6.51,297,8,0.00,0.00,2.69,原生|福利价/无价格|考古加素材混剪,,
2026-10-03,14535556841,信息流-小牛-打火机-三方主体-代运营-新人福利价-260918-10162692688878-内部实时跑量-625-1,6.50,303,4,0.00,0.00,1.32,,,
2026-10-03,14247653849,信息流-小牛-旋转手机支架-三方主体-代运营-新人福利价-0821-10112643484929-内部实时跑量-625-7,6.42,911,35,0.00,0.00,3.84,有米云素材混剪|福利价/无价格|腾讯首发素材,,
2026-10-03,13846370672,CH-SC-低活-10112643484929-超级抢购-手机通讯-无-剪辑-转化引导-手机通讯-20260708-无-625-aigc-4,6.32,345,5,6.32,1.00,1.45,DHX扒起量0706|平台一组AIGC|心如|快手重复素材|快手非低质素材|福利价|腾讯首发素材,,
2026-10-03,14092632262,信息流-小牛-西瓜-三方主体-代运营-新人福利价-0806-10215767576641-历史爆品-625-2,6.24,398,23,3.12,2.00,5.78,头条/京东标点/有量素材混剪|福利价/无价格,,
2026-10-03,14535563001,信息流-小牛-打火机-三方主体-代运营-新人福利价-260918-10162692688878-内部实时跑量-625-59,6.23,738,14,6.23,1.00,1.90,,,
2026-10-03,14488315998,信息流-小牛-大月饼-三方主体-代运营-新人福利价-260914-10163022037983-内部实时跑量-625-26,6.16,645,10,6.16,1.00,1.55,福利价/无价格|考古加素材混剪,,
2026-10-03,14529785501,信息流-小牛-停车号码牌-三方主体-代运营-新人福利价-260917-10203964359828-内部实时跑量-625-37,5.95,542,8,5.95,1.00,1.48,,,
2026-10-03,14372738418,信息流-小牛-旋转支架-三方主体-代运营-新人福利价-260903-10112643484929-内部实时跑量-625-14,5.57,1329,37,0.00,0.00,2.78,原生|福利价/无价格|考古加素材混剪,,
2026-10-03,14309676636,信息流-小牛-电脑支架-三方主体-代运营-新人福利价-260827-10191489644462-大盘实扒改-625-1,5.45,321,10,0.00,0.00,3.12,平台一组AIGC|福利价/无价格|考古加素材混剪,,
2026-10-03,14631526756,CH-SC-低活-10100542418506-超级抢购-生活日用-无-剪辑-转化引导-生活日用-260927-无-625-头条储备-aigc-51,5.37,199,9,5.37,1.00,4.52,,,
2026-10-03,13248257845,荣耀-XN-影音娱乐-通用-风景-混剪-260508-625-5,5.34,819,448,0.89,6.00,54.70,,,
2026-10-03,14488275783,信息流-小牛-大月饼-三方主体-代运营-新人福利价-260914-10163022037983-内部实时跑量-625-47,5.33,651,21,0.00,0.00,3.23,福利价/无价格|考古加素材混剪,,
2026-10-03,14516515440,CH-SC-低活-10113209119177-超级抢购-电动车-无-剪辑-转化引导-电动车-260907-无-625-17,5.32,271,45,0.00,0.00,16.61,心如|福利价,,
2026-10-03,14535568614,信息流-小牛-打火机-三方主体-代运营-新人福利价-260918-10162692688878-内部实时跑量-625-56,4.96,592,12,4.96,1.00,2.03,,,
2026-10-03,14529785267,信息流-小牛-停车号码牌-三方主体-代运营-新人福利价-260917-10203964359828-内部实时跑量-625-38,4.89,318,1,0.00,0.00,0.31,,,
2026-10-03,14197030149,信息流-小牛-电脑支架-三方主体-代运营-新人福利价-0817-10191489644462-大盘扒改-625-2,4.84,172,12,0.00,0.00,6.98,大盘扒改|福利价/无价格,,
2026-10-03,14086787831,信息流-小牛-陶瓷碗-三方主体-代运营-新人福利价-0806-10129451028601-客户推品-625-2,4.83,1442,36,0.00,0.00,2.50,客供|福利价/无价格,,
2026-10-03,14529783411,信息流-小牛-停车号码牌-三方主体-代运营-新人福利价-260917-10203964359828-内部实时跑量-625-41,4.80,155,4,0.00,0.00,2.58,,,
2026-10-03,14486275054,信息流-小牛-毛毯-三方主体-代运营-新人福利价-260914-10146450179286-商务选品-625-31,4.73,548,11,0.00,0.00,2.01,快手原创素材|快手非低质素材|福利价/无价格,,
2026-10-03,14516447747,CH-SC-低活-10111392494770-超级抢购-收纳用品-无-剪辑-转化引导-收纳用品-20260911-无-625-4,4.63,132,5,0.00,0.00,3.79,心如|福利价,,
2026-10-03,14247656476,信息流-小牛-旋转手机支架-三方主体-代运营-新人福利价-0821-10112643484929-内部实时跑量-625-4,4.60,905,19,0.00,0.00,2.10,有米云素材混剪|福利价/无价格|腾讯首发素材,,
2026-10-03,14463715652,CH-SC-低活-10223570717754-超级抢购-生鲜-无-剪辑-转化引导-生鲜-260903-无-625-13,4.44,96,6,0.00,0.00,6.25,心如|福利价,,
2026-10-03,14422258082,信息流-小牛-真空袋-三方主体-代运营-新人福利价-260908-10212584519594-内部实时跑量-625-40,4.21,602,5,4.21,1.00,0.83,福利价/无价格|考古加素材混剪,,
2026-10-03,14197434465,CH-SC-低活-10199184867564-外卖1分购-外卖美食-无-剪辑-转化引导-外卖美食-20260810-无-625-9,4.14,207,12,4.14,1.00,5.80,心如|福利价,,
2026-10-03,14486259267,信息流-小牛-毛毯-三方主体-代运营-新人福利价-260914-10146450179286-商务选品-625-15,4.06,287,7,0.00,0.00,2.44,快手原创素材|快手非低质素材|福利价/无价格,,
2026-10-03,14092631035,信息流-小牛-西瓜-三方主体-代运营-新人福利价-0806-10215767576641-历史爆品-625-1,4.02,171,3,0.00,0.00,1.75,头条/京东标点/有量素材混剪|福利价/无价格,,
2026-10-03,14033672307,信息流-小牛-折叠椅-京东主体-代运营-新人福利价-0731-10183713190151-设计自选-625-5,3.99,179,4,0.00,0.00,2.23,福利价/无价格,,
2026-10-03,13352562264,CH-SC-低活-10081585918372-超级抢购-家庭清洁纸品-无-剪辑-转化引导-家庭清洁纸品-20260521-无-625-8,3.92,601,24,0.00,0.00,3.99,快手重复素材|快手非低质素材|腾讯首发素材,,
2026-10-03,14422218389,信息流-小牛-小蜜桃-三方主体-代运营-新人福利价-260908-10231541696811 -深海货盘-625-16,3.85,956,14,0.00,0.00,1.46,福利价/无价格|考古加素材混剪,,
2026-10-03,14050219049,CH-SC-广义新-10187000434970-新综合频道-厨具-京喜拉新-剪辑-转化引导-厨具-20260730-无-625-10,3.82,22,14,3.82,1.00,63.64,广义新头条|心如|快手重复素材|快手非低质素材|腾讯首发素材,,
2026-10-03,14088473390,CH-SC-低活-10223570717754-超级抢购-生鲜-无-剪辑-转化引导-生鲜-20260803-无-625-aigc-5,3.76,267,124,0.00,0.00,46.44,平台一组AIGC|心如|福利价|腾讯首发素材,,
2026-10-03,13846387962,CH-SC-低活-10112643484929-超级抢购-手机通讯-无-剪辑-转化引导-手机通讯-20260708-无-625-aigc-15,3.69,218,13,3.69,1.00,5.96,DHX扒起量0706|平台一组AIGC|心如|快手重复素材|快手非低质素材|福利价,,
2026-10-03,14228306994,CH-SC-广义新-10217740550325-新综合频道-箱包皮具-京喜拉新-剪辑-转化引导-箱包皮具-20260818-无-625-aigc-16,3.57,77,0,0.00,0.00,0.00,平台一组AIGC|快手原创素材|快手非低质素材|腾讯首发素材,,
2026-10-03,14516415648,CH-SC-低活-10233824843150-超级抢购-收纳用品-无-剪辑-转化引导-收纳用品-260915-无-625-22,3.46,221,13,0.00,0.00,5.88,心如|福利价,,
2026-10-03,13352560749,CH-SC-低活-10081585918372-超级抢购-家庭清洁纸品-无-剪辑-转化引导-家庭清洁纸品-20260521-无-625-37,3.38,299,15,3.38,1.00,5.02,快手重复素材|快手非低质素材|腾讯首发素材,,
2026-10-03,13522207947,CH-SC-低活-10113209119177-超级抢购加补-电动车-无-剪辑-转化引导-电动车-20260609-无-625-aigc-3,3.36,58,4,3.36,1.00,6.90,DHX扒起量0608|不对版！！|平台一组AIGC|心如|快手重复素材|快手非低质素材|腾讯首发素材,,
2026-10-03,14422208734,信息流-小牛-小蜜桃-三方主体-代运营-新人福利价-260908-10231541696811 -深海货盘-625-30,3.35,741,10,0.00,0.00,1.35,福利价/无价格|考古加素材混剪,,
2026-10-03,14309672531,信息流-小牛-电脑支架-三方主体-代运营-新人福利价-260827-10191489644462-大盘实扒改-625-4,3.35,380,12,0.00,0.00,3.16,平台一组AIGC|福利价/无价格|考古加素材混剪,,
2026-10-03,14309585942,信息流-小牛-围裙-三方主体-代运营-新人福利价-260827-10117891615029-设计自选-625-9,3.31,309,5,0.00,0.00,1.62,平台一组AIGC|福利价/无价格|考古加素材混剪,,
2026-10-03,14309350700,信息流-小牛-工具箱-三方主体-代运营-新人福利价-260827-10114015186364-内部实时跑量-625-aigc-3,3.27,501,6,0.00,0.00,1.20,平台一组AIGC|福利价/无价格|考古加素材混剪,,
2026-10-03,14372738165,信息流-小牛-旋转支架-三方主体-代运营-新人福利价-260903-10112643484929-内部实时跑量-625-13,3.19,607,12,0.00,0.00,1.98,原生|福利价/无价格|考古加素材混剪,,
2026-10-03,14516359376,CH-SC-低活-10118706992348-超级抢购加补-纸品-无-剪辑-转化引导-纸品-260914-无-625-40,3.15,23,4,0.00,0.00,17.39,心如,,
2026-10-03,14488341277,信息流-小牛-大月饼-三方主体-代运营-新人福利价-260914-10163022037983-内部实时跑量-625-10,3.04,295,8,0.00,0.00,2.71,福利价/无价格|考古加素材混剪,,
2026-10-03,14631526307,CH-SC-低活-10100542418506-超级抢购-生活日用-无-剪辑-转化引导-生活日用-260927-无-625-头条储备-aigc-60,2.99,64,3,0.00,0.00,4.69,,,
2026-10-03,14050220381,CH-SC-广义新-10187000434970-新综合频道-厨具-京喜拉新-剪辑-转化引导-厨具-20260730-无-625-12,2.96,32,5,0.00,0.00,15.62,广义新头条|心如|快手重复素材|快手非低质素材|腾讯首发素材,,
2026-10-03,14153373622,信息流-小牛-电脑支架-三方主体-代运营-新人福利价-0812-10191489644462-大盘实扒改-625-6,2.71,151,3,0.00,0.00,1.99,大盘扒改|福利价/无价格|腾讯首发素材,,
2026-10-03,14562128959,CH-PRJ-采销项目-无-快手-无-无-剪辑-转化引导-无-260911-无-625-23,2.37,61,32,0.12,20.00,52.46,,,
2026-10-03,14562126450,CH-PRJ-采销项目-无-快手-无-无-剪辑-转化引导-无-260911-无-625-1,2.34,60,28,0.14,17.00,46.67,,,
2026-10-03,14516368459,CH-SC-低活-10118706992348-超级抢购加补-纸品-无-剪辑-转化引导-纸品-260914-无-625-11,2.29,16,8,0.00,0.00,50.00,心如,,
2026-10-03,14486276654,信息流-小牛-毛毯-三方主体-代运营-新人福利价-260914-10146450179286-商务选品-625-30,2.26,184,3,0.00,0.00,1.63,快手原创素材|快手非低质素材|福利价/无价格,,
2026-10-03,14529797677,信息流-小牛-停车号码牌-三方主体-代运营-新人福利价-260917-10203964359828-内部实时跑量-625-19,2.23,284,9,0.00,0.00,3.17,,,
2026-10-03,14529783183,信息流-小牛-停车号码牌-三方主体-代运营-新人福利价-260917-10203964359828-内部实时跑量-625-42,2.23,103,4,0.00,0.00,3.88,,,
2026-10-03,14050212256,CH-SC-广义新-10187000434970-新综合频道-厨具-京喜拉新-剪辑-转化引导-厨具-20260730-无-625-3,2.14,94,5,2.14,1.00,5.32,广义新头条|心如|快手重复素材|快手非低质素材|腾讯首发素材,,
2026-10-03,14516356407,CH-SC-低活-10118706992348-超级抢购加补-纸品-无-剪辑-转化引导-纸品-260914-无-625-50,2.09,18,13,0.00,0.00,72.22,心如,,
2026-10-03,14488336904,信息流-小牛-大月饼-三方主体-代运营-新人福利价-260914-10163022037983-内部实时跑量-625-14,1.97,205,6,0.00,0.00,2.93,福利价/无价格|考古加素材混剪,,
2026-10-03,13846398501,CH-SC-低活-10112643484929-超级抢购-手机通讯-无-剪辑-转化引导-手机通讯-20260708-无-625-aigc-3,1.92,120,2,0.00,0.00,1.67,DHX扒起量0706|平台一组AIGC|心如|快手重复素材|快手非低质素材|福利价,,
2026-10-03,14486260276,信息流-小牛-毛毯-三方主体-代运营-新人福利价-260914-10146450179286-商务选品-625-11,1.92,157,4,0.00,0.00,2.55,快手原创素材|快手非低质素材|福利价/无价格,,
2026-10-03,13776634575,CH-SC-广义新-10177393646076-新综合频道-灯饰照明-京喜拉新-剪辑-转化引导-灯饰照明-20260702-反向-625-aigc-1,1.73,216,35,0.00,0.00,16.20,平台一组AIGC|快手原创素材|快手非低质素材|无价格|福利价/无价格,,
2026-10-03,14365974192,CH-SC-低活-10207774889664-超级抢购-家庭清洁-无-剪辑-转化引导-家庭清洁-20260828-无-625-白牌-17,1.71,66,1,0.00,0.00,1.52,0820白牌|快手原创素材|快手非低质素材|福利价|腾讯首发素材,,
2026-10-03,14488237983,信息流-小牛-大月饼-三方主体-代运营-新人福利价-260914-10163022037983-内部实时跑量-625-2,1.70,159,4,0.00,0.00,2.52,福利价/无价格|考古加素材混剪,,
2026-10-03,13352561533,CH-SC-低活-10081585918372-超级抢购-家庭清洁纸品-无-剪辑-转化引导-家庭清洁纸品-20260521-无-625-4,1.69,386,5,0.00,0.00,1.30,快手重复素材|快手非低质素材|腾讯首发素材,,
2026-10-03,14369365897,信息流-小牛-菜板-三方主体-代运营-新人福利价-260903-10155000015319-内部实时跑量-625-37,1.67,663,17,0.00,0.00,2.56,原生|快手原创素材|快手非低质素材|福利价/无价格,,
2026-10-03,13836049057,CH-SC-低活-10156776256916-超级抢购-珠宝首饰-无-剪辑-转化引导-珠宝首饰-20260703-无-625-aigc-10,1.67,60,0,0.00,0.00,0.00,平台一组AIGC|心如|快手重复素材|快手非低质素材|福利价,,
2026-10-03,13916109786,CH-SC-广义新-10155000015319-新综合频道-厨具-京喜拉新-剪辑-转化引导-厨具-20260716-无-625-aigc-2,1.65,90,4,0.00,0.00,4.44,平台一组AIGC|广义新头条|心如|无价格|腾讯首发素材,,
2026-10-03,14643141673,信息流-小牛-咸鸭蛋-三方主体-代运营-新人福利价-260909-10172188378015-内部实时跑量-625-头条储备-1,1.59,31,0,0.00,0.00,0.00,,,
2026-10-03,14369413813,信息流-小牛-菜板-三方主体-代运营-新人福利价-260903-10155000015319-内部实时跑量-625-12,1.57,736,19,0.00,0.00,2.58,原生|快手原创素材|快手非低质素材|福利价/无价格,,
2026-10-03,14318985581,CH-SC-广义新-10146456039187-新综合频道-纸品-京喜拉新-剪辑-转化引导-纸品-260827-无-625-aigc-11,1.56,172,21,0.00,0.00,12.21,平台一组AIGC|快手重复素材|快手非低质素材,,
2026-10-03,14488339974,信息流-小牛-大月饼-三方主体-代运营-新人福利价-260914-10163022037983-内部实时跑量-625-11,1.55,134,5,0.00,0.00,3.73,福利价/无价格|考古加素材混剪,,
2026-10-03,14631513843,CH-SC-低活-10217740550325-超级抢购-箱包皮具-无-剪辑-转化引导-箱包皮具-260921-无-625-头条储备-aigc-32,1.53,15,0,0.00,0.00,0.00,,,
2026-10-03,14422280048,信息流-小牛-真空袋-三方主体-代运营-新人福利价-260908-10212584519594-内部实时跑量-625-1,1.51,299,7,0.00,0.00,2.34,福利价/无价格|考古加素材混剪,,
2026-10-03,14562127880,CH-PRJ-采销项目-无-快手-无-无-剪辑-转化引导-无-260911-无-625-25,1.45,111,4,1.45,1.00,3.60,,,
2026-10-03,14535540060,信息流-小牛-打火机-三方主体-代运营-新人福利价-260918-10162692688878-内部实时跑量-625-18,1.41,140,2,0.00,0.00,1.43,,,
2026-10-03,14377813911,信息流-小牛-推车置物架-三方主体-代运营-新人福利价-260903-10095828488136-大盘实时跑量-625-2,1.35,3,1,0.00,0.00,33.33,原生|福利价/无价格,,
2026-10-03,14488278951,信息流-小牛-大月饼-三方主体-代运营-新人福利价-260914-10163022037983-内部实时跑量-625-44,1.34,187,2,0.00,0.00,1.07,福利价/无价格|考古加素材混剪,,
2026-10-03,14631526284,CH-SC-低活-10100542418506-超级抢购-生活日用-无-剪辑-转化引导-生活日用-260927-无-625-头条储备-aigc-62,1.33,23,0,0.00,0.00,0.00,,,
2026-10-03,14422200937,信息流-小牛-小蜜桃-三方主体-代运营-新人福利价-260908-10231541696811 -深海货盘-625-44,1.32,253,2,0.00,0.00,0.79,福利价/无价格|考古加素材混剪,,
2026-10-03,13836049721,CH-SC-低活-10156776256916-超级抢购-珠宝首饰-无-剪辑-转化引导-珠宝首饰-20260703-无-625-aigc-9,1.30,85,9,0.00,0.00,10.59,平台一组AIGC|心如|快手重复素材|快手非低质素材|福利价,,
2026-10-03,14166682153,信息流-小牛-五香花生-三方主体-代运营-新人福利价-0814-10150360358365-大盘实时跑量-625-23,1.29,153,9,0.00,0.00,5.88,福利价/无价格|考古加素材混剪|腾讯首发素材,,
2026-10-03,14422213377,信息流-小牛-小蜜桃-三方主体-代运营-新人福利价-260908-10231541696811 -深海货盘-625-22,1.27,57,7,0.00,0.00,12.28,福利价/无价格|考古加素材混剪,,
2026-10-03,14092640964,信息流-小牛-维达纸巾-三方主体-代运营-新人福利价-0806-100166352003-大盘实时跑量-625-32,1.26,103,2,0.00,0.00,1.94,头条/京东标点/有量素材混剪|福利价/无价格,,
2026-10-03,14217056294,CH-SC-广义新-10136363822650-新综合频道-纸品-京喜拉新-剪辑-转化引导-纸品-20260813-无-625-aigc-2,1.25,664,481,0.00,0.00,72.44,平台一组AIGC|快手重复素材|快手非低质素材|腾讯首发素材,,
2026-10-03,14407837180,CH-SC-低活-10233823947947-超级抢购-生活日用-无-剪辑-转化引导-生活日用-260902-无-625-白牌-22,1.21,80,1,0.00,0.00,1.25,0820白牌|福利价,,
2026-10-03,14516456173,CH-SC-低活-10103917299332-超级抢购-厨具-无-剪辑-转化引导-厨具-20260911-无-625-24,1.15,41,0,0.00,0.00,0.00,心如|福利价,,
2026-10-03,14422262012,信息流-小牛-真空袋-三方主体-代运营-新人福利价-260908-10212584519594-内部实时跑量-625-39,1.15,87,1,0.00,0.00,1.15,福利价/无价格|考古加素材混剪,,
2026-10-03,13603318244,CH-SC-广义新-10118706992345-新综合频道-纸品-无-剪辑-转化引导-纸品-20260617-无-625-aigc-11,1.14,145,5,0.00,0.00,3.45,平台一组AIGC|广义新头条|快手原创素材|快手非低质素材,,
2026-10-03,14488259984,信息流-小牛-大月饼-三方主体-代运营-新人福利价-260914-10163022037983-内部实时跑量-625-aigc-7,1.12,151,1,0.00,0.00,0.66,福利价/无价格|考古加素材混剪,,
2026-10-03,14422196927,信息流-小牛-小蜜桃-三方主体-代运营-新人福利价-260908-10231541696811 -深海货盘-625-47,1.10,66,12,0.00,0.00,18.18,福利价/无价格|考古加素材混剪,,
2026-10-03,14369417321,信息流-小牛-菜板-三方主体-代运营-新人福利价-260903-10155000015319-内部实时跑量-625-5,1.09,148,10,0.00,0.00,6.76,原生|快手原创素材|快手非低质素材|福利价/无价格,,
2026-10-03,14369364164,信息流-小牛-菜板-三方主体-代运营-新人福利价-260903-10155000015319-内部实时跑量-625-38,1.08,507,8,0.00,0.00,1.58,原生|快手原创素材|快手非低质素材|福利价/无价格,,
2026-10-03,14554232419,CH-SC-低活-10233824843150-超级抢购-收纳用品-无-剪辑-转化引导-收纳用品-260918-无-625-24,1.07,61,0,0.00,0.00,0.00,,,
2026-10-03,14529803168,信息流-小牛-停车号码牌-三方主体-代运营-新人福利价-260917-10203964359828-内部实时跑量-625-12,1.07,71,2,0.00,0.00,2.82,,,
2026-10-03,14631564225,CH-SC-低活-10100542418506-超级抢购-生活日用-无-剪辑-转化引导-生活日用-260921-无-625-头条储备-15,1.05,21,1,0.00,0.00,4.76,,,
2026-10-03,14516445639,CH-SC-低活-10111392494770-超级抢购-收纳用品-无-剪辑-转化引导-收纳用品-20260911-无-625-7,1.04,103,1,0.00,0.00,0.97,心如|福利价,,
2026-10-03,13746328503,CH-SC-低活-10139440032542-超级抢购5元-运动户外-无-剪辑-转化引导-运动户外-20260630-无-625-aigc-7,1.00,27,2,0.00,0.00,7.41,平台一组AIGC|心如|快手重复素材|快手非低质素材|福利价|腾讯首发素材,,
2026-10-03,14050221887,CH-SC-广义新-10187000434970-新综合频道-厨具-京喜拉新-剪辑-转化引导-厨具-20260730-无-625-14,1.00,5,4,0.00,0.00,80.00,广义新头条|心如|快手重复素材|快手非低质素材|腾讯首发素材,,
2026-10-03,14309743706,信息流-小牛-雨伞-三方主体-代运营-新人福利价-260828-10113643996701-大盘扒改-625-23,1.00,19,1,0.00,0.00,5.26,原生|大盘扒改|平台一组AIGC|福利价/无价格,,
2026-10-03,14488324024,信息流-小牛-大月饼-三方主体-代运营-新人福利价-260914-10163022037983-内部实时跑量-625-21,0.99,158,9,0.00,0.00,5.70,福利价/无价格|考古加素材混剪,,
2026-10-03,14562132957,CH-PRJ-采销项目-无-快手-无-无-剪辑-转化引导-无-260911-无-625-16,0.97,82,7,0.49,2.00,8.54,,,
2026-10-03,14529790599,信息流-小牛-停车号码牌-三方主体-代运营-新人福利价-260917-10203964359828-内部实时跑量-625-28,0.97,42,0,0.00,0.00,0.00,,,
2026-10-03,13603383686,CH-SC-低活-10217740550325-超级抢购加补-箱包皮具-无-剪辑-转化引导-箱包皮具-20260617-无-625-aigc-6,0.97,203,6,0.00,0.00,2.96,加补1分钱|平台一组AIGC|心如|快手重复素材|快手非低质素材|腾讯首发素材,,
2026-10-03,14488272236,信息流-小牛-大月饼-三方主体-代运营-新人福利价-260914-10163022037983-内部实时跑量-625-aigc-1,0.94,173,3,0.94,1.00,1.73,福利价/无价格|考古加素材混剪,,
2026-10-03,14372713690,信息流-小牛-旋转支架-三方主体-代运营-新人福利价-260903-10112643484929-内部实时跑量-625-42,0.93,314,2,0.00,0.00,0.64,原生|福利价/无价格|考古加素材混剪,,
2026-10-03,14516354432,CH-SC-低活-10118706992348-超级抢购加补-纸品-无-剪辑-转化引导-纸品-260914-无-625-56,0.91,12,1,0.00,0.00,8.33,心如,,
2026-10-03,14422197698,信息流-小牛-小蜜桃-三方主体-代运营-新人福利价-260908-10231541696811 -深海货盘-625-46,0.91,198,6,0.00,0.00,3.03,福利价/无价格|考古加素材混剪,,
2026-10-03,14529799542,信息流-小牛-停车号码牌-三方主体-代运营-新人福利价-260917-10203964359828-内部实时跑量-625-17,0.89,25,2,0.00,0.00,8.00,,,
2026-10-03,14422209680,信息流-小牛-小蜜桃-三方主体-代运营-新人福利价-260908-10231541696811 -深海货盘-625-29,0.88,148,6,0.00,0.00,4.05,福利价/无价格|考古加素材混剪,,
2026-10-03,14516454102,CH-SC-低活-10103917299332-超级抢购-厨具-无-剪辑-转化引导-厨具-20260911-无-625-25,0.87,327,5,0.00,0.00,1.53,心如|福利价,,
2026-10-03,14369416848,信息流-小牛-菜板-三方主体-代运营-新人福利价-260903-10155000015319-内部实时跑量-625-10,0.87,194,6,0.00,0.00,3.09,原生|快手原创素材|快手非低质素材|福利价/无价格,,
2026-10-03,14562127091,CH-PRJ-采销项目-无-快手-无-无-剪辑-转化引导-无-260911-无-625-26,0.86,21,8,0.14,6.00,38.10,,,
2026-10-03,14535553882,信息流-小牛-打火机-三方主体-代运营-新人福利价-260918-10162692688878-内部实时跑量-625-4,0.85,149,5,0.00,0.00,3.36,,,
2026-10-03,14631525687,CH-SC-低活-10100542418506-超级抢购-生活日用-无-剪辑-转化引导-生活日用-260927-无-625-头条储备-aigc-67,0.85,22,0,0.00,0.00,0.00,,,
2026-10-03,14033669726,信息流-小牛-折叠椅-京东主体-代运营-新人福利价-0731-10183713190151-设计自选-625-2,0.83,395,3,0.00,0.00,0.76,福利价/无价格,,
2026-10-03,13916301057,CH-SC-低活-10140917922437-超级抢购-家庭清洁-无-剪辑-转化引导-家庭清洁-20260715-无-625-aigc-8,0.82,28,1,0.00,0.00,3.57,平台一组AIGC|心如|快手重复素材|快手非低质素材|无价格|腾讯首发素材,,
2026-10-03,14488267955,信息流-小牛-大月饼-三方主体-代运营-新人福利价-260914-10163022037983-内部实时跑量-625-aigc-3,0.81,62,6,0.00,0.00,9.68,福利价/无价格|考古加素材混剪,,
2026-10-03,14529799195,信息流-小牛-停车号码牌-三方主体-代运营-新人福利价-260917-10203964359828-内部实时跑量-625-18,0.79,44,2,0.00,0.00,4.55,,,
2026-10-03,14088470419,CH-SC-低活-10223570717754-超级抢购-生鲜-无-剪辑-转化引导-生鲜-20260803-无-625-aigc-13,0.79,99,1,0.00,0.00,1.01,平台一组AIGC|心如|福利价|腾讯首发素材,,
2026-10-03,14049375748,CH-SC-低活-10178946597305-超级抢购-厨具-无-剪辑-转化引导-厨具-20260728-无-625-aigc-7,0.79,36,0,0.00,0.00,0.00,平台一组AIGC|心如|快手重复素材|快手非低质素材|福利价|腾讯首发素材,,
2026-10-03,13614625693,CH-SC-广义新-10134479334759-新综合频道-钟表眼镜-京喜拉新-剪辑-转化引导-钟表眼镜-20260618-无-625-aigc-8,0.78,227,76,0.00,0.00,33.48,平台一组AIGC|快手重复素材|快手非低质素材|腾讯首发素材,,
2026-10-03,14535536280,信息流-小牛-打火机-三方主体-代运营-新人福利价-260918-10162692688878-内部实时跑量-625-27,0.75,78,1,0.00,0.00,1.28,,,
2026-10-03,14529781287,信息流-小牛-停车号码牌-三方主体-代运营-新人福利价-260917-10203964359828-内部实时跑量-625-46,0.74,11,1,0.00,0.00,9.09,,,
2026-10-03,14631512171,CH-SC-低活-10217740550325-超级抢购-箱包皮具-无-剪辑-转化引导-箱包皮具-260921-无-625-头条储备-aigc-47,0.74,20,1,0.00,0.00,5.00,,,
2026-10-03,14554166837,CH-SC-低活-10096167203452-超级抢购-纸品-大商超-剪辑-转化引导-纸品-260917-无-625-18,0.73,149,141,0.73,1.00,94.63,,,
2026-10-03,14516518803,CH-SC-低活-10113209119177-超级抢购-电动车-无-剪辑-转化引导-电动车-260907-无-625-10,0.73,6,3,0.00,0.00,50.00,心如|福利价,,
2026-10-03,14535566817,信息流-小牛-打火机-三方主体-代运营-新人福利价-260918-10162692688878-内部实时跑量-625-57,0.70,103,3,0.00,0.00,2.91,,,
2026-10-03,14153374451,信息流-小牛-饭盒-三方主体-代运营-新人福利价-0812-10125420247464-大盘实扒改-625-2,0.70,19,2,0.00,0.00,10.53,大盘扒改|福利价/无价格,,
2026-10-03,14444498349,信息流-小牛-陶瓷碗-三方主体-代运营-新人1分钱-260910-10129451028601-商务选品-625-45,0.70,83,3,0.00,0.00,3.61,快手原创素材|快手非低质素材|福利价/无价格,,
2026-10-03,14488317553,信息流-小牛-大月饼-三方主体-代运营-新人福利价-260914-10163022037983-内部实时跑量-625-24,0.70,20,2,0.00,0.00,10.00,福利价/无价格|考古加素材混剪,,
2026-10-03,14369356351,信息流-小牛-菜板-三方主体-代运营-新人福利价-260903-10155000015319-内部实时跑量-625-42,0.67,111,0,0.00,0.00,0.00,原生|快手原创素材|快手非低质素材|福利价/无价格,,
2026-10-03,14554238127,CH-SC-低活-10233824843150-超级抢购-收纳用品-无-剪辑-转化引导-收纳用品-260918-无-625-42,0.66,141,77,0.00,0.00,54.61,,,
2026-10-03,13846319643,CH-SC-低活-10140917922437-超级抢购-家庭清洁-无-剪辑-转化引导-家庭清洁-20260708-无-625-aigc-4,0.66,31,0,0.00,0.00,0.00,平台一组AIGC|心如|快手重复素材|快手非低质素材|福利价|腾讯首发素材,,
2026-10-03,14238402782,信息流-小牛-雨伞-三方主体-代运营-新人福利价-0820-10130866966155-内部实时跑量-625-12,0.65,69,1,0.00,0.00,1.45,有米云素材混剪|福利价/无价格|腾讯首发素材,,
2026-10-03,14516511074,CH-SC-低活-10113209119177-超级抢购-电动车-无-剪辑-转化引导-电动车-260907-无-625-28,0.63,26,0,0.00,0.00,0.00,心如|福利价,,
2026-10-03,14488299649,信息流-小牛-大月饼-三方主体-代运营-新人福利价-260914-10163022037983-内部实时跑量-625-34,0.62,61,0,0.00,0.00,0.00,福利价/无价格|考古加素材混剪,,
2026-10-03,14444477090,信息流-小牛-陶瓷碗-三方主体-代运营-新人1分钱-260910-10129451028601-商务选品-625-55,0.61,41,2,0.00,0.00,4.88,福利价/无价格,,
2026-10-03,14516403810,CH-SC-低活-10176978592631-超级抢购-家具-无-剪辑-转化引导-家具-260915-无-625-11,0.60,75,0,0.00,0.00,0.00,心如|福利价,,
2026-10-03,14562121783,CH-PRJ-采销项目-无-快手-无-无-剪辑-转化引导-无-260915-无-625-10,0.60,19,7,0.12,5.00,36.84,,,
2026-10-03,14554113842,CH-SC-低活-10215783938762-超级抢购加补-生鲜-无-剪辑-转化引导-生鲜-260911-无-625-42,0.60,16,1,0.00,0.00,6.25,,,
2026-10-03,14318962375,CH-PRJ-采销项目-无-快手-无-无-剪辑-转化引导-无-260826-无-625-21,0.59,13,10,0.15,4.00,76.92,快手重复素材|快手非低质素材,,
2026-10-03,14516352026,CH-SC-低活-10118706992348-超级抢购加补-纸品-无-剪辑-转化引导-纸品-260914-无-625-65,0.59,18,2,0.00,0.00,11.11,心如,,
2026-10-03,14529767101,信息流-小牛-停车号码牌-三方主体-代运营-新人福利价-260917-10203964359828-内部实时跑量-625-8,0.59,25,0,0.00,0.00,0.00,,,
2026-10-03,14535568039,信息流-小牛-打火机-三方主体-代运营-新人福利价-260918-10162692688878-内部实时跑量-625-58,0.56,47,1,0.00,0.00,2.13,,,
2026-10-03,14516449997,CH-SC-低活-10103917299332-超级抢购-厨具-无-剪辑-转化引导-厨具-20260911-无-625-40,0.56,14,1,0.00,0.00,7.14,心如|福利价,,
2026-10-03,14529779876,信息流-小牛-停车号码牌-三方主体-代运营-新人福利价-260917-10203964359828-内部实时跑量-625-45,0.55,18,1,0.00,0.00,5.56,,,
2026-10-03,13922151320,信息流-小牛-抽纸-京东主体-代运营-新人福利价-0721-100281253200-设计自选-625-aigc-3,0.55,49,13,0.00,0.00,26.53,平台一组AIGC|腾讯首发素材,,
2026-10-03,13846333890,CH-SC-低活-10113209119177-超级抢购-电动车-无-剪辑-转化引导-电动车-20260708-无-625-3,0.54,15,1,0.00,0.00,6.67,平台一组AIGC|心如|快手重复素材|快手非低质素材|福利价|腾讯首发素材,,
2026-10-03,14033672040,信息流-小牛-折叠椅-京东主体-代运营-新人福利价-0731-10183713190151-设计自选-625-7,0.53,275,0,0.00,0.00,0.00,福利价/无价格,,
2026-10-03,14554169814,CH-SC-低活-10096167203452-超级抢购-纸品-大商超-剪辑-转化引导-纸品-260917-无-625-16,0.52,135,106,0.52,1.00,78.52,,,
2026-10-03,14372718762,信息流-小牛-旋转支架-三方主体-代运营-新人福利价-260903-10112643484929-内部实时跑量-625-35,0.52,14,0,0.00,0.00,0.00,原生|福利价/无价格|考古加素材混剪,,
2026-10-03,13603329865,CH-SC-广义新-10139440032542-新综合频道-运动户外-京喜拉新-剪辑-转化引导-运动户外-20260617-无-625-aigc10,0.50,59,0,0.00,0.00,0.00,平台一组AIGC|快手原创素材|快手非低质素材,,
2026-10-03,14535581094,信息流-小牛-打火机-三方主体-代运营-新人福利价-260918-10162692688878-内部实时跑量-625-40,0.49,17,0,0.00,0.00,0.00,,,
2026-10-03,14033672272,信息流-小牛-折叠椅-京东主体-代运营-新人福利价-0731-10183713190151-设计自选-625-6,0.49,41,0,0.00,0.00,0.00,福利价/无价格,,
2026-10-03,14033669638,信息流-小牛-折叠椅-京东主体-代运营-新人福利价-0731-10183713190151-设计自选-625-3,0.48,15,2,0.00,0.00,13.33,福利价/无价格,,
2026-10-03,14422196291,信息流-小牛-小蜜桃-三方主体-代运营-新人福利价-260908-10231541696811 -深海货盘-625-48,0.48,111,3,0.00,0.00,2.70,福利价/无价格|考古加素材混剪,,
2026-10-03,14161866879,信息流-小牛-围裙-三方主体-代运营-新人福利价-0813-10117891615029-大盘实时跑量-625-1,0.47,23,1,0.00,0.00,4.35,福利价/无价格|考古加素材混剪,,
2026-10-03,14374689955,信息流-小牛-苹果-三方主体-代运营-新人福利价-260903-10186710590960-历史爆品-625-38,0.46,94,1,0.00,0.00,1.06,原生|福利价/无价格|考古加素材混剪,,
2026-10-03,14153364652,信息流-小牛-电脑支架-三方主体-代运营-新人福利价-0812-10191489644462-大盘实扒改-625-1,0.46,28,2,0.00,0.00,7.14,大盘扒改|福利价/无价格,,
2026-10-03,14488235285,信息流-小牛-大月饼-三方主体-代运营-新人福利价-260914-10163022037983-内部实时跑量-625-4,0.46,39,2,0.00,0.00,5.13,福利价/无价格|考古加素材混剪,,
2026-10-03,14516509983,CH-SC-低活-10113209119177-超级抢购-电动车-无-剪辑-转化引导-电动车-260907-无-625-6,0.46,12,0,0.00,0.00,0.00,心如|福利价,,
2026-10-03,14529802963,信息流-小牛-停车号码牌-三方主体-代运营-新人福利价-260917-10203964359828-内部实时跑量-625-11,0.46,52,0,0.00,0.00,0.00,,,
2026-10-03,14050213984,CH-SC-广义新-10187000434970-新综合频道-厨具-京喜拉新-剪辑-转化引导-厨具-20260730-无-625-5,0.44,2,1,0.00,0.00,50.00,广义新头条|心如|快手重复素材|快手非低质素材,,
2026-10-03,14488240838,信息流-小牛-大月饼-三方主体-代运营-新人福利价-260914-10163022037983-内部实时跑量-625-1,0.43,94,1,0.00,0.00,1.06,福利价/无价格|考古加素材混剪,,
2026-10-03,13800019238,CH-SC-广义新-10040988734451-新10元话费券-无-无-剪辑-转化引导-无-20260629-无-625-3,0.43,50,5,0.00,0.00,10.00,快手原创素材|快手非低质素材|腾讯首发素材,,
2026-10-03,14422201284,信息流-小牛-小蜜桃-三方主体-代运营-新人福利价-260908-10231541696811 -深海货盘-625-40,0.41,47,1,0.00,0.00,2.13,福利价/无价格|考古加素材混剪,,
2026-10-03,14488311392,信息流-小牛-大月饼-三方主体-代运营-新人福利价-260914-10163022037983-内部实时跑量-625-27,0.40,56,4,0.00,0.00,7.14,福利价/无价格|考古加素材混剪,,
2026-10-03,14299115353,CH-SC-广义新-10118706992345-新综合频道-纸品-京喜拉新-剪辑-转化引导-纸品-260826-无-625-6,0.40,186,52,0.00,0.00,27.96,平台一组AIGC|快手重复素材|快手非低质素材,,
2026-10-03,14488234908,信息流-小牛-大月饼-三方主体-代运营-新人福利价-260914-10163022037983-内部实时跑量-625-3,0.40,64,2,0.00,0.00,3.12,福利价/无价格|考古加素材混剪,,
2026-10-03,14529774970,信息流-小牛-停车号码牌-三方主体-代运营-新人福利价-260917-10203964359828-内部实时跑量-625-55,0.40,17,0,0.00,0.00,0.00,,,
2026-10-03,14422217201,信息流-小牛-小蜜桃-三方主体-代运营-新人福利价-260908-10231541696811 -深海货盘-625-18,0.40,101,5,0.00,0.00,4.95,福利价/无价格|考古加素材混剪,,
2026-10-03,14516512245,CH-SC-低活-10113209119177-超级抢购-电动车-无-剪辑-转化引导-电动车-260907-无-625-26,0.39,14,1,0.00,0.00,7.14,心如|福利价,,
2026-10-03,14535528693,信息流-小牛-打火机-三方主体-代运营-新人福利价-260918-10162692688878-内部实时跑量-625-25,0.38,18,0,0.00,0.00,0.00,,,
2026-10-03,14631527392,CH-SC-低活-10100542418506-超级抢购-生活日用-无-剪辑-转化引导-生活日用-260921-无-625-头条储备-aigc-14,0.38,13,0,0.00,0.00,0.00,,,
2026-10-03,14407746537,CH-SC-广义新-10129955889557-新综合频道-厨具-京喜拉新-剪辑-转化引导-厨具-260904-反向-625-1,0.37,41,0,0.00,0.00,0.00,无价格,,
2026-10-03,14488337273,信息流-小牛-大月饼-三方主体-代运营-新人福利价-260914-10163022037983-内部实时跑量-625-12,0.37,29,1,0.00,0.00,3.45,福利价/无价格|考古加素材混剪,,
2026-10-03,14372718363,信息流-小牛-旋转支架-三方主体-代运营-新人福利价-260903-10112643484929-内部实时跑量-625-37,0.36,43,3,0.00,0.00,6.98,原生|福利价/无价格|考古加素材混剪,,
2026-10-03,13922152192,信息流-小牛-抽纸-京东主体-代运营-新人福利价-0721-100281253200-设计自选-625-aigc-5,0.36,17,9,0.00,0.00,52.94,平台一组AIGC|腾讯首发素材,,
2026-10-03,14463716522,CH-SC-低活-10223570717754-超级抢购-生鲜-无-剪辑-转化引导-生鲜-260903-无-625-14,0.36,14,1,0.00,0.00,7.14,心如|福利价|腾讯首发素材,,
2026-10-03,14422212744,信息流-小牛-小蜜桃-三方主体-代运营-新人福利价-260908-10231541696811 -深海货盘-625-24,0.36,125,0,0.00,0.00,0.00,福利价/无价格|考古加素材混剪,,
2026-10-03,14369373486,信息流-小牛-菜板-三方主体-代运营-新人福利价-260903-10155000015319-内部实时跑量-625-34,0.35,50,2,0.00,0.00,4.00,原生|快手原创素材|快手非低质素材|福利价/无价格,,
2026-10-03,14247653929,信息流-小牛-旋转手机支架-三方主体-代运营-新人福利价-0821-10112643484929-内部实时跑量-625-8,0.35,51,1,0.00,0.00,1.96,有米云素材混剪|福利价/无价格,,
2026-10-03,14488228055,信息流-小牛-大月饼-三方主体-代运营-新人福利价-260914-10163022037983-内部实时跑量-625-6,0.35,35,1,0.00,0.00,2.86,福利价/无价格|考古加素材混剪,,
2026-10-03,14309673968,信息流-小牛-电脑支架-三方主体-代运营-新人福利价-260827-10191489644462-大盘实扒改-625-3,0.34,40,0,0.00,0.00,0.00,平台一组AIGC|福利价/无价格|考古加素材混剪,,
2026-10-03,14050219598,CH-SC-广义新-10187000434970-新综合频道-厨具-京喜拉新-剪辑-转化引导-厨具-20260730-无-625-9,0.32,3,0,0.00,0.00,0.00,广义新头条|心如|快手重复素材|快手非低质素材,,
2026-10-03,14153374432,信息流-小牛-饭盒-三方主体-代运营-新人福利价-0812-10125420247464-大盘实扒改-625-1,0.32,11,0,0.00,0.00,0.00,大盘扒改|福利价/无价格,,
2026-10-03,14444507027,信息流-小牛-陶瓷碗-三方主体-代运营-新人1分钱-260910-10129451028601-商务选品-625-41,0.32,48,0,0.00,0.00,0.00,快手原创素材|快手非低质素材|福利价/无价格,,
2026-10-03,14562126382,CH-PRJ-采销项目-无-快手-无-无-剪辑-转化引导-无-260911-无-625-28,0.32,5,4,0.11,3.00,80.00,,,
2026-10-03,13746266511,CH-SC-广义新-10196323916105-新综合频道-数码-京喜拉新-剪辑-转化引导-数码-20260630-无-625-aigc-7,0.31,20,2,0.00,0.00,10.00,平台一组AIGC|广义新头条|心如|快手原创素材|快手非低质素材,,
2026-10-03,14372742341,信息流-小牛-旋转支架-三方主体-代运营-新人福利价-260903-10112643484929-内部实时跑量-625-10,0.31,19,1,0.00,0.00,5.26,原生|福利价/无价格|考古加素材混剪,,
2026-10-03,14463699574,CH-SC-低活-10223570717754-超级抢购-生鲜-无-剪辑-转化引导-生鲜-260903-无-625-3,0.29,32,0,0.00,0.00,0.00,心如|福利价|腾讯首发素材,,
2026-10-03,14631527262,CH-SC-低活-10100542418506-超级抢购-生活日用-无-剪辑-转化引导-生活日用-260921-无-625-头条储备-9,0.29,7,1,0.00,0.00,14.29,,,
2026-10-03,13916303997,CH-SC-低活-10140917922437-超级抢购-家庭清洁-无-剪辑-转化引导-家庭清洁-20260715-无-625-aigc-15,0.29,34,0,0.00,0.00,0.00,平台一组AIGC|心如|快手重复素材|快手非低质素材|无价格|腾讯首发素材,,
2026-10-03,14238406931,信息流-小牛-花洒支架-三方主体-代运营-新人福利价-0820-10116091800772-内部实时跑量-625-40,0.28,3,0,0.00,0.00,0.00,有米云素材混剪|福利价/无价格|腾讯首发素材,,
2026-10-03,13776598531,CH-SC-广义新-10177393646076-新综合频道-灯饰照明-京喜拉新-剪辑-转化引导-灯饰照明-20260702-反向-625-aigc-13,0.27,11,1,0.00,0.00,9.09,平台一组AIGC|快手原创素材|快手非低质素材|无价格|福利价/无价格,,
2026-10-03,14562126352,CH-PRJ-采销项目-无-快手-无-无-剪辑-转化引导-无-260911-无-625-29,0.27,2,2,0.14,2.00,100.00,,,
2026-10-03,14554165694,CH-SC-低活-10096167203452-超级抢购-纸品-大商超-剪辑-转化引导-纸品-260917-无-625-110,0.26,133,61,0.00,0.00,45.86,,,
2026-10-03,14487656613,信息流-小牛-毛毯-三方主体-代运营-新人福利价-260914-10146450179286-商务选品-625-41,0.25,22,0,0.00,0.00,0.00,快手原创素材|快手非低质素材|福利价/无价格,,
2026-10-03,14631525605,CH-SC-低活-10100542418506-超级抢购-生活日用-无-剪辑-转化引导-生活日用-260927-无-625-头条储备-aigc-69,0.25,4,0,0.00,0.00,0.00,,,
2026-10-03,13685269945,CH-SC-低活-10233824843150-超级抢购加补-生活日用-无-剪辑-转化引导-生活日用-20260626-无-625-aigc-13,0.25,62,0,0.00,0.00,0.00,平台一组AIGC|心如|快手重复素材|快手非低质素材|福利价|腾讯首发素材,,
2026-10-03,14516503592,CH-SC-低活-10233824843150-超级抢购-收纳用品-无-剪辑-转化引导-收纳用品-260907-无-625-16,0.24,5,0,0.00,0.00,0.00,心如|福利价,,
2026-10-03,14319050231,CH-SC-广义新-10128848312108-新综合频道-厨具-京喜拉新-剪辑-转化引导-厨具-260827-无-625-aigc-3,0.24,14,1,0.00,0.00,7.14,平台一组AIGC|无价格,,
2026-10-03,14554229651,CH-SC-低活-10140917922437-超级抢购-家庭清洁-无-剪辑-转化引导-家庭清洁-20260918-无-625-aigc-3,0.24,10,0,0.00,0.00,0.00,,,
2026-10-03,14488311102,信息流-小牛-大月饼-三方主体-代运营-新人福利价-260914-10163022037983-内部实时跑量-625-28,0.24,76,3,0.00,0.00,3.95,福利价/无价格|考古加素材混剪,,
2026-10-03,14422200205,信息流-小牛-小蜜桃-三方主体-代运营-新人福利价-260908-10231541696811 -深海货盘-625-41,0.23,65,0,0.00,0.00,0.00,福利价/无价格|考古加素材混剪,,
2026-10-03,14444436902,信息流-小牛-陶瓷碗-三方主体-代运营-新人1分钱-260910-10129451028601-商务选品-625-27,0.23,248,1,0.00,0.00,0.40,福利价/无价格,,
2026-10-03,14444473820,信息流-小牛-陶瓷碗-三方主体-代运营-新人1分钱-260910-10129451028601-商务选品-625-57,0.23,23,0,0.00,0.00,0.00,福利价/无价格,,
2026-10-03,13846337923,CH-SC-低活-10113209119177-超级抢购-电动车-无-剪辑-转化引导-电动车-20260708-无-625-5,0.22,11,0,0.00,0.00,0.00,平台一组AIGC|心如|快手原创素材|快手非低质素材|福利价|腾讯首发素材,,
2026-10-03,14516512211,CH-SC-低活-10113209119177-超级抢购-电动车-无-剪辑-转化引导-电动车-260907-无-625-25,0.22,11,0,0.00,0.00,0.00,心如|福利价,,
2026-10-03,14516518345,CH-SC-低活-10113209119177-超级抢购-电动车-无-剪辑-转化引导-电动车-260907-无-625-8,0.21,6,0,0.00,0.00,0.00,心如|福利价,,
2026-10-03,14631514190,CH-SC-低活-10217740550325-超级抢购-箱包皮具-无-剪辑-转化引导-箱包皮具-260921-无-625-头条储备-aigc-19,0.21,6,1,0.00,0.00,16.67,,,
2026-10-03,14516502500,CH-SC-低活-10233824843150-超级抢购-收纳用品-无-剪辑-转化引导-收纳用品-260907-无-625-17,0.20,6,1,0.00,0.00,16.67,心如|福利价,,
2026-10-03,14631525555,CH-SC-低活-10100542418506-超级抢购-生活日用-无-剪辑-转化引导-生活日用-260927-无-625-头条储备-aigc-70,0.19,8,0,0.00,0.00,0.00,,,
2026-10-03,14166680810,信息流-小牛-五香花生-三方主体-代运营-新人福利价-0814-10150360358365-大盘实时跑量-625-28,0.19,22,0,0.00,0.00,0.00,福利价/无价格|考古加素材混剪,,
2026-10-03,14049453611,CH-SC-低活-10203314269223-超级抢购-生鲜-无-剪辑-转化引导-生鲜-20260730-无-625-aigc-1,0.19,9,0,0.00,0.00,0.00,平台一组AIGC|心如|福利价|腾讯首发素材,,
2026-10-03,14529786914,信息流-小牛-停车号码牌-三方主体-代运营-新人福利价-260917-10203964359828-内部实时跑量-625-33,0.19,11,0,0.00,0.00,0.00,,,
2026-10-03,14444501631,信息流-小牛-陶瓷碗-三方主体-代运营-新人1分钱-260910-10129451028601-商务选品-625-44,0.19,37,0,0.00,0.00,0.00,快手原创素材|快手非低质素材|福利价/无价格,,
2026-10-03,14383821463,CH-SC-低活-10129955889557-超级抢购-厨具-无-剪辑-转化引导-厨具-260901-无-625-15,0.19,15,3,0.00,0.00,20.00,福利价,,
2026-10-03,14422213367,信息流-小牛-小蜜桃-三方主体-代运营-新人福利价-260908-10231541696811 -深海货盘-625-26,0.19,35,1,0.00,0.00,2.86,福利价/无价格|考古加素材混剪,,
2026-10-03,14529793899,信息流-小牛-停车号码牌-三方主体-代运营-新人福利价-260917-10203964359828-内部实时跑量-625-27,0.18,33,0,0.00,0.00,0.00,,,
2026-10-03,13846312909,CH-SC-低活-10140917922437-超级抢购-家庭清洁-无-剪辑-转化引导-家庭清洁-20260708-无-625-aigc-14,0.17,36,1,0.00,0.00,2.78,平台一组AIGC|心如|快手重复素材|快手非低质素材|福利价|腾讯首发素材,,
2026-10-03,13776599474,CH-SC-广义新-10177393646076-新综合频道-灯饰照明-京喜拉新-剪辑-转化引导-灯饰照明-20260702-反向-625-aigc-14,0.17,8,0,0.00,0.00,0.00,平台一组AIGC|快手原创素材|快手非低质素材|无价格|福利价/无价格,,
2026-10-03,14488259252,信息流-小牛-大月饼-三方主体-代运营-新人福利价-260914-10163022037983-内部实时跑量-625-aigc-8,0.17,25,0,0.00,0.00,0.00,福利价/无价格|考古加素材混剪,,
2026-10-03,14554164772,CH-SC-低活-10096167203452-超级抢购-纸品-大商超-剪辑-转化引导-纸品-260917-无-625-12,0.17,48,47,0.17,1.00,97.92,,,
2026-10-03,13873194156,CH-SC-低活-10140917922437-超级抢购-家庭清洁-无-剪辑-转化引导-家庭清洁-20260709-无-625-aigc-5,0.17,16,0,0.00,0.00,0.00,平台一组AIGC|心如|快手重复素材|快手非低质素材|福利价|腾讯首发素材,,
2026-10-03,12851484788,荣耀-XN-短剧-通用-数字人介绍-混剪-2600320-625-50,0.17,14,4,0.00,0.00,28.57,,,
2026-10-03,13614629036,CH-SC-广义新-10134479334759-新综合频道-钟表眼镜-京喜拉新-剪辑-转化引导-钟表眼镜-20260618-无-625-aigc-13,0.16,9,1,0.00,0.00,11.11,平台一组AIGC|快手重复素材|快手非低质素材|腾讯首发素材,,
2026-10-03,14369420506,信息流-小牛-菜板-三方主体-代运营-新人福利价-260903-10155000015319-内部实时跑量-625-4,0.16,58,1,0.00,0.00,1.72,原生|快手原创素材|快手非低质素材|福利价/无价格,,
2026-10-03,14488336990,信息流-小牛-大月饼-三方主体-代运营-新人福利价-260914-10163022037983-内部实时跑量-625-13,0.15,11,0,0.00,0.00,0.00,福利价/无价格|考古加素材混剪,,
2026-10-03,14095134373,CH-SC-广义新-10136363822650-新综合频道-纸品-京喜拉新-剪辑-转化引导-纸品-20260804-无-625-16,0.15,15,2,0.00,0.00,13.33,广义新头条|快手重复素材|快手非低质素材|腾讯首发素材,,
2026-10-03,14299137656,CH-PRJ-采销项目-无-快手-无-无-剪辑-转化引导-无-260825-无-625-2,0.15,3,2,0.08,2.00,66.67,快手重复素材|快手非低质素材,,
2026-10-03,14377814518,信息流-小牛-推车置物架-三方主体-代运营-新人福利价-260903-10095828488136-大盘实时跑量-625-3,0.15,17,0,0.00,0.00,0.00,原生|福利价/无价格,,
2026-10-03,14516507372,CH-SC-低活-10233824843150-超级抢购-收纳用品-无-剪辑-转化引导-收纳用品-260907-无-625-8,0.15,10,0,0.00,0.00,0.00,心如|福利价,,
2026-10-03,13881551454,CH-SC-广义新-10177393646076-新综合频道-灯饰照明-京喜拉新-剪辑-转化引导-灯饰照明-20260715-无-625-9,0.15,13,0,0.00,0.00,0.00,广义新头条|快手重复素材|快手非低质素材|腾讯首发素材,,
2026-10-03,14554232224,CH-SC-低活-10140917922437-超级抢购-家庭清洁-无-剪辑-转化引导-家庭清洁-20260918-无-625-aigc-11,0.15,36,0,0.00,0.00,0.00,,,
2026-10-03,14488288795,信息流-小牛-大月饼-三方主体-代运营-新人福利价-260914-10163022037983-内部实时跑量-625-39,0.15,19,2,0.00,0.00,10.53,福利价/无价格|考古加素材混剪,,
2026-10-03,14009876900,信息流-小牛-李子-京东主体-代运营-新人福利价-0729-10223570717754-设计自选-625-aigc-12,0.14,6,0,0.00,0.00,0.00,平台一组AIGC,,
2026-10-03,14086780491,信息流-小牛-陶瓷碗-三方主体-代运营-新人福利价-0806-10129451028601-客户推品-625-3,0.14,72,1,0.00,0.00,1.39,客供|福利价/无价格,,
2026-10-03,14529770912,信息流-小牛-停车号码牌-三方主体-代运营-新人福利价-260917-10203964359828-内部实时跑量-625-56,0.14,9,0,0.00,0.00,0.00,,,
2026-10-03,13916301575,CH-SC-低活-10140917922437-超级抢购-家庭清洁-无-剪辑-转化引导-家庭清洁-20260715-无-625-aigc-9,0.13,16,1,0.00,0.00,6.25,平台一组AIGC|心如|快手重复素材|快手非低质素材|无价格|腾讯首发素材,,
2026-10-03,14295232879,信息流-小牛-拼豆-三方主体-代运营-新人福利价-260826-10198153252023-商务选品-625-19,0.13,3,0,0.00,0.00,0.00,--,,
2026-10-03,13873247401,CH-SC-低活-10217740550325-超级抢购-箱包皮具-无-剪辑-转化引导-箱包皮具-20260713-无-625-aigc-1,0.13,11,0,0.00,0.00,0.00,平台一组AIGC|心如|快手重复素材|快手非低质素材|福利价|腾讯首发素材,,
2026-10-03,14631527264,CH-SC-低活-10100542418506-超级抢购-生活日用-无-剪辑-转化引导-生活日用-260921-无-625-头条储备-aigc-1,0.13,9,0,0.00,0.00,0.00,,,
2026-10-03,14631526059,CH-SC-低活-10100542418506-超级抢购-生活日用-无-剪辑-转化引导-生活日用-260927-无-625-头条储备-aigc-63,0.13,6,0,0.00,0.00,0.00,,,
2026-10-03,14369413170,信息流-小牛-菜板-三方主体-代运营-新人福利价-260903-10155000015319-内部实时跑量-625-11,0.12,51,1,0.00,0.00,1.96,原生|快手原创素材|快手非低质素材|福利价/无价格,,
2026-10-03,14299136746,CH-PRJ-采销项目-无-快手-无-无-剪辑-转化引导-无-260825-无-625-6,0.12,1,1,0.12,1.00,100.00,快手重复素材|快手非低质素材,,
2026-10-03,14554235160,CH-SC-低活-10233824843150-超级抢购-收纳用品-无-剪辑-转化引导-收纳用品-260918-无-625-5,0.12,4,0,0.00,0.00,0.00,,,
2026-10-03,14562123726,CH-PRJ-采销项目-无-快手-无-无-剪辑-转化引导-无-260915-无-625-9,0.12,9,0,0.00,0.00,0.00,,,
2026-10-03,14197432726,CH-SC-低活-10199184867564-外卖1分购-外卖美食-无-剪辑-转化引导-外卖美食-20260810-无-625-14,0.11,4,0,0.00,0.00,0.00,心如|福利价,,
2026-10-03,14463887262,CH-SC-低活-10223570717754-超级抢购-生鲜-无-剪辑-转化引导-生鲜-260903-无-625-9,0.11,10,0,0.00,0.00,0.00,心如|福利价|腾讯首发素材,,
2026-10-03,13341765349,CH-SC-广义新-10219841541026-新综合频道-厨具-京喜拉新-剪辑-转化引导-厨具-20260520-反向-625-7,0.11,15,10,0.00,0.00,66.67,广义新头条|心如|快手重复素材|快手非低质素材|无价格|腾讯首发素材,,
2026-10-03,14535580536,信息流-小牛-打火机-三方主体-代运营-新人福利价-260918-10162692688878-内部实时跑量-625-43,0.11,1,0,0.00,0.00,0.00,,,
2026-10-03,14516515599,CH-SC-低活-10113209119177-超级抢购-电动车-无-剪辑-转化引导-电动车-260907-无-625-16,0.11,5,0,0.00,0.00,0.00,心如|福利价,,
2026-10-03,14535580726,信息流-小牛-打火机-三方主体-代运营-新人福利价-260918-10162692688878-内部实时跑量-625-42,0.11,3,1,0.00,0.00,33.33,,,
2026-10-03,13836044901,CH-SC-低活-10118706992345-超级抢购-纸品-无-剪辑-转化引导-纸品-20260702-无-625-aigc-5,0.11,8,0,0.00,0.00,0.00,平台一组AIGC|心如|快手重复素材|快手非低质素材|福利价|腾讯首发素材,,
2026-10-03,14488248561,信息流-小牛-大月饼-三方主体-代运营-新人福利价-260914-10163022037983-内部实时跑量-625-aigc-11,0.10,11,0,0.00,0.00,0.00,福利价/无价格|考古加素材混剪,,
2026-10-03,14422217260,信息流-小牛-小蜜桃-三方主体-代运营-新人福利价-260908-10231541696811 -深海货盘-625-23,0.10,47,0,0.00,0.00,0.00,福利价/无价格|考古加素材混剪,,
2026-10-03,14309576263,信息流-小牛-围裙-三方主体-代运营-新人福利价-260827-10117891615029-设计自选-625-14,0.10,24,1,0.00,0.00,4.17,平台一组AIGC|福利价/无价格|考古加素材混剪,,
2026-10-03,14422203143,信息流-小牛-小蜜桃-三方主体-代运营-新人福利价-260908-10231541696811 -深海货盘-625-37,0.10,9,0,0.00,0.00,0.00,福利价/无价格|考古加素材混剪,,
2026-10-03,14197435441,CH-SC-低活-10199184867564-外卖1分购-外卖美食-无-剪辑-转化引导-外卖美食-20260810-无-625-7,0.10,3,0,0.00,0.00,0.00,心如|搬运打压素材|福利价,,
2026-10-03,14554240556,CH-SC-低活-10111392494770-超级抢购-收纳用品-无-剪辑-转化引导-收纳用品-20260918-无-625-启动-2,0.10,2,0,0.00,0.00,0.00,,,
2026-10-03,14197502167,CH-SC-低活-10081585918372-超级抢购-纸品-无-剪辑-转化引导-纸品-20260803-无-625-aigc-16,0.10,32,1,0.00,0.00,3.12,平台一组AIGC|心如|快手重复素材|快手非低质素材|福利价|腾讯首发素材,,
2026-10-03,14238352803,信息流-小牛-打火机-三方主体-代运营-新人福利价-0820-10162692688878-内部实时跑量-625-11,0.10,23,0,0.00,0.00,0.00,有米云素材混剪|福利价/无价格|腾讯首发素材,,
2026-10-03,14319041746,CH-SC-低活-10140917922437-超级抢购-家庭清洁-无-剪辑-转化引导-家庭清洁-20260820-无-625-aigc-4,0.10,8,0,0.00,0.00,0.00,平台AI测试/视频/一组智能体|平台一组AIGC|心如|快手原创素材|快手非低质素材|福利价,,
2026-10-03,14369358732,信息流-小牛-菜板-三方主体-代运营-新人福利价-260903-10155000015319-内部实时跑量-625-41,0.10,27,1,0.00,0.00,3.70,原生|快手原创素材|快手非低质素材|福利价/无价格,,
2026-10-03,14309670606,信息流-小牛-饭盒-三方主体-代运营-新人福利价-260827-10125420247464-设计自选-625-2,0.09,6,0,0.00,0.00,0.00,平台一组AIGC|福利价/无价格|考古加素材混剪,,
2026-10-03,14374708078,信息流-小牛-苹果-三方主体-代运营-新人福利价-260903-10186710590960-历史爆品-625-20,0.09,26,1,0.00,0.00,3.85,原生|福利价/无价格|考古加素材混剪,,
2026-10-03,14463284742,CH-SC-广义新-10233824843150-新综合频道-收纳用品-京喜拉新-剪辑-转化引导-收纳用品-260908-反向-625-bdb-6,0.09,5,0,0.00,0.00,0.00,心如|无价格,,
2026-10-03,13916303411,CH-SC-低活-10140917922437-超级抢购-家庭清洁-无-剪辑-转化引导-家庭清洁-20260715-无-625-aigc-14,0.09,27,0,0.00,0.00,0.00,平台一组AIGC|心如|快手重复素材|快手非低质素材|无价格|腾讯首发素材,,
2026-10-03,14374703523,信息流-小牛-苹果-三方主体-代运营-新人福利价-260903-10186710590960-历史爆品-625-24,0.08,3,0,0.00,0.00,0.00,原生|福利价/无价格|考古加素材混剪,,
2026-10-03,14422208475,信息流-小牛-小蜜桃-三方主体-代运营-新人福利价-260908-10231541696811 -深海货盘-625-33,0.08,46,0,0.00,0.00,0.00,福利价/无价格|考古加素材混剪,,
2026-10-03,14049462509,CH-SC-低活-10154095391500-超级抢购-手机通讯-无-剪辑-转化引导-手机通讯-20260730-无-625-8,0.08,1,0,0.00,0.00,0.00,心如|快手重复素材|快手非低质素材|福利价|腾讯首发素材,,
2026-10-03,14516331930,CH-SC-低活-10111392494770-超级抢购加补-收纳用品-无-剪辑-转化引导-收纳用品-20260911-无-625-39,0.08,2,0,0.00,0.00,0.00,心如,,
2026-10-03,12851475479,荣耀-XN-短剧-通用-数字人介绍-混剪-2600320-625-20,0.08,7,0,0.00,0.00,0.00,,,
2026-10-03,14247654426,信息流-小牛-旋转手机支架-三方主体-代运营-新人福利价-0821-10112643484929-内部实时跑量-625-5,0.07,12,0,0.00,0.00,0.00,有米云素材混剪|福利价/无价格|腾讯首发素材,,
2026-10-03,14309681635,信息流-小牛-围裙-三方主体-代运营-新人福利价-260827-10117891615029-设计自选-625-57,0.07,13,1,0.00,0.00,7.69,平台一组AIGC|福利价/无价格|考古加素材混剪,,
2026-10-03,14516476619,CH-SC-低活-10233824843150-超级抢购-收纳用品-无-剪辑-转化引导-收纳用品-260907-无-625-86,0.07,3,1,0.00,0.00,33.33,心如|福利价,,
2026-10-03,13860551989,CH-SC-广义新-10162692688878-新综合频道-家用电器-京喜拉新-剪辑-转化引导-家用电器-20260713-无-625-aigc-6,0.07,3,2,0.00,0.00,66.67,平台一组AIGC|广义新头条|快手重复素材|快手非低质素材|无价格|腾讯首发素材,,
2026-10-03,14488278193,信息流-小牛-大月饼-三方主体-代运营-新人福利价-260914-10163022037983-内部实时跑量-625-46,0.07,11,1,0.00,0.00,9.09,福利价/无价格|考古加素材混剪,,
2026-10-03,14309598153,信息流-小牛-围裙-三方主体-代运营-新人福利价-260827-10117891615029-设计自选-625-4,0.06,17,1,0.00,0.00,5.88,平台一组AIGC|福利价/无价格|考古加素材混剪,,
2026-10-03,14309416979,信息流-小牛-飘逸杯-三方主体-代运营-新人福利价-260827-10110757613709-内部实时跑量-625-aigc-44,0.06,5,0,0.00,0.00,0.00,平台一组AIGC,,
2026-10-03,14299138754,CH-PRJ-采销项目-无-快手-无-无-剪辑-转化引导-无-260825-无-625-1,0.06,5,1,0.00,0.00,20.00,快手重复素材|快手非低质素材,,
2026-10-03,14554247510,CH-SC-低活-10140917922437-超级抢购-家庭清洁-无-剪辑-转化引导-家庭清洁-20260918-无-625-aigc-启动-9,0.06,8,0,0.00,0.00,0.00,,,
2026-10-03,14197477406,CH-SC-低活-10129451028601-超级抢购-厨具-无-剪辑-转化引导-厨具-20260811-无-625-aigc-5,0.06,2,0,0.00,0.00,0.00,平台一组AIGC,,
2026-10-03,14319041988,CH-SC-低活-10140917922437-超级抢购-家庭清洁-无-剪辑-转化引导-家庭清洁-20260820-无-625-aigc-2,0.06,7,0,0.00,0.00,0.00,平台AI测试/视频/一组智能体|平台一组AIGC|心如|快手原创素材|快手非低质素材|福利价,,
2026-10-03,13651815810,CH-SC-低活-10081585918372-超级抢购-家庭清洁纸品-无-剪辑-转化引导-家庭清洁纸品-20260623-无-625-aigc-15,0.05,3,0,0.00,0.00,0.00,平台一组AIGC|心如|快手重复素材|快手非低质素材|福利价|腾讯首发素材,,
2026-10-03,14319046045,CH-SC-低活-10140917922437-超级抢购-家庭清洁-无-剪辑-转化引导-家庭清洁-20260820-无-625-aigc-13,0.05,5,0,0.00,0.00,0.00,平台AI测试/视频/一组智能体|平台一组AIGC|心如|快手重复素材|快手非低质素材|福利价|腾讯首发素材,,
2026-10-03,14422214727,信息流-小牛-小蜜桃-三方主体-代运营-新人福利价-260908-10231541696811 -深海货盘-625-21,0.05,2,0,0.00,0.00,0.00,福利价/无价格|考古加素材混剪,,
2026-10-03,14377778495,信息流-小牛-推车置物架-三方主体-代运营-新人福利价-260903-10095828488136-大盘实时跑量-625-35,0.05,5,0,0.00,0.00,0.00,原生|福利价/无价格,,
2026-10-03,14247752216,CH-SC-广义新-1073108-新综合频道-水饮冲调-大商超-剪辑-转化引导-水饮冲调-20260820-无-625-aigc-12,0.05,4,0,0.00,0.00,0.00,平台一组AIGC|快手重复素材|快手非低质素材|腾讯首发素材,,
2026-10-03,14554245357,CH-SC-低活-10111392494770-超级抢购-收纳用品-无-剪辑-转化引导-收纳用品-20260918-无-625-启动-6,0.05,3,0,0.00,0.00,0.00,,,
2026-10-03,14516428114,CH-SC-低活-10111392494770-超级抢购-收纳用品-无-剪辑-转化引导-收纳用品-20260911-无-625-42,0.05,1,0,0.00,0.00,0.00,心如|福利价,,
2026-10-03,14554232714,CH-SC-低活-10233824843150-超级抢购-收纳用品-无-剪辑-转化引导-收纳用品-260918-无-625-23,0.05,3,0,0.00,0.00,0.00,,,
2026-10-03,14631536333,CH-SC-广义新-10207004632704 -新综合频道-厨具-京喜拉新-剪辑-转化引导-厨具-20260921-无-625-头条储备-aigc-42,0.05,25,0,0.00,0.00,0.00,,,
2026-10-03,13916302821,CH-SC-低活-10140917922437-超级抢购-家庭清洁-无-剪辑-转化引导-家庭清洁-20260715-无-625-aigc-12,0.05,7,0,0.00,0.00,0.00,平台一组AIGC|心如|快手重复素材|快手非低质素材|无价格|腾讯首发素材,,
2026-10-03,14372715475,信息流-小牛-旋转支架-三方主体-代运营-新人福利价-260903-10112643484929-内部实时跑量-625-41,0.05,15,0,0.00,0.00,0.00,原生|福利价/无价格|考古加素材混剪,,
2026-10-03,12851475282,荣耀-XN-短剧-通用-数字人介绍-混剪-2600320-625-19,0.05,65,0,0.00,0.00,0.00,,,
2026-10-03,14488300972,信息流-小牛-大月饼-三方主体-代运营-新人福利价-260914-10163022037983-内部实时跑量-625-32,0.05,1,0,0.00,0.00,0.00,福利价/无价格|考古加素材混剪,,
2026-10-03,14309300951,信息流-小牛-工具箱-三方主体-代运营-新人福利价-260827-10114015186364-内部实时跑量-625-aigc-39,0.05,8,0,0.00,0.00,0.00,平台一组AIGC|福利价/无价格|考古加素材混剪,,
2026-10-03,14516504290,CH-SC-低活-10233824843150-超级抢购-收纳用品-无-剪辑-转化引导-收纳用品-260907-无-625-15,0.05,2,0,0.00,0.00,0.00,心如|福利价,,
2026-10-03,14631528811,CH-SC-广义新-10134706997811-新综合频道-手机通讯-京喜拉新-剪辑-转化引导-手机通讯-20260921-反向-625-头条储备-aigc-59,0.04,44,1,0.00,0.00,2.27,,,
2026-10-03,14529802744,信息流-小牛-停车号码牌-三方主体-代运营-新人福利价-260917-10203964359828-内部实时跑量-625-13,0.04,5,0,0.00,0.00,0.00,,,
2026-10-03,14383821230,CH-SC-低活-10129955889557-超级抢购-厨具-无-剪辑-转化引导-厨具-260901-无-625-18,0.04,1,1,0.00,0.00,100.00,福利价,,
2026-10-03,14407748766,CH-SC-广义新-10129955889557-新综合频道-厨具-京喜拉新-剪辑-转化引导-厨具-260904-反向-625-16,0.04,4,1,0.00,0.00,25.00,无价格,,
2026-10-03,14365976623,CH-SC-低活-10207774889664-超级抢购-家庭清洁-无-剪辑-转化引导-家庭清洁-20260828-无-625-白牌-5,0.04,3,0,0.00,0.00,0.00,0820白牌|快手原创素材|快手非低质素材|福利价|腾讯首发素材,,
2026-10-03,14166708210,信息流-小牛-五香花生-三方主体-代运营-新人福利价-0814-10150360358365-大盘实时跑量-625-6,0.04,7,0,0.00,0.00,0.00,福利价/无价格|考古加素材混剪,,
2026-10-03,14318976227,CH-SC-广义新-10128848312108-新综合频道-厨具-京喜拉新-剪辑-转化引导-厨具-260827-无-625-aigc-18,0.04,2,0,0.00,0.00,0.00,平台一组AIGC|无价格,,
2026-10-03,14422261609,信息流-小牛-真空袋-三方主体-代运营-新人福利价-260908-10212584519594-内部实时跑量-625-37,0.04,13,1,0.00,0.00,7.69,福利价/无价格|考古加素材混剪,,
2026-10-03,14631534098,CH-SC-广义新-10149027879570-新综合频道-生鲜-京喜拉新-剪辑-转化引导-10122178732943-20260921-反向-625-头条储备-28,0.04,30,1,0.00,0.00,3.33,,,
2026-10-03,14247816775,CH-SC-低活-10120514417084-超级抢购-生鲜-无-剪辑-转化引导-生鲜-20260818-无-625-aigc-7,0.04,10,0,0.00,0.00,0.00,平台一组AIGC|腾讯首发素材,,
2026-10-03,14631520893,CH-SC-低活-10139440032542-超级抢购-运动户外-无-剪辑-转化引导-运动户外-260927-无-625-头条储备-60,0.04,1,0,0.00,0.00,0.00,,,
2026-10-03,14529776300,信息流-小牛-停车号码牌-三方主体-代运营-新人福利价-260917-10203964359828-内部实时跑量-625-5,0.04,1,0,0.00,0.00,0.00,,,
2026-10-03,14631526002,CH-SC-低活-10100542418506-超级抢购-生活日用-无-剪辑-转化引导-生活日用-260927-无-625-头条储备-aigc-66,0.04,1,0,0.00,0.00,0.00,,,
2026-10-03,13916488487,CH-SC-广义新-10040988734451-新10元话费券-无-无-剪辑-转化引导-无-20260715-无-625-23,0.04,28,0,0.00,0.00,0.00,快手原创素材|快手非低质素材|腾讯首发素材,,
2026-10-03,14631528042,CH-SC-低活-10100542418506-超级抢购-生活日用-无-剪辑-转化引导-生活日用-260921-无-625-头条储备-31,0.04,5,0,0.00,0.00,0.00,,,
2026-10-03,14529788972,信息流-小牛-停车号码牌-三方主体-代运营-新人福利价-260917-10203964359828-内部实时跑量-625-34,0.04,5,0,0.00,0.00,0.00,,,
2026-10-03,14197028224,信息流-小牛-酱牛肉-三方主体-代运营-新人福利价-0817-10163955893408-大盘扒改-625-,0.04,8,0,0.00,0.00,0.00,大盘扒改|福利价/无价格,,
2026-10-03,14422273850,信息流-小牛-真空袋-三方主体-代运营-新人福利价-260908-10212584519594-内部实时跑量-625-21,0.04,2,0,0.00,0.00,0.00,福利价/无价格|考古加素材混剪,,
2026-10-03,14516432425,CH-SC-低活-10111392494770-超级抢购-收纳用品-无-剪辑-转化引导-收纳用品-20260911-无-625-29,0.03,3,0,0.00,0.00,0.00,心如|福利价,,
2026-10-03,14643125791,信息流-小牛-维达抽纸-三方主体-代运营-新人福利价-260909-100166352003-内部实时跑量-625-头条储备-13,0.03,17,0,0.00,0.00,0.00,,,
2026-10-03,14463890473,CH-SC-低活-10223570717754-超级抢购-生鲜-无-剪辑-转化引导-生鲜-260903-无-625-10,0.03,4,0,0.00,0.00,0.00,心如|福利价|腾讯首发素材,,
2026-10-03,14238402122,信息流-小牛-雨伞-三方主体-代运营-新人福利价-0820-10130866966155-内部实时跑量-625-11,0.03,13,0,0.00,0.00,0.00,有米云素材混剪|福利价/无价格,,
2026-10-03,14631528096,CH-SC-低活-10100542418506-超级抢购-生活日用-无-剪辑-转化引导-生活日用-260921-无-625-头条储备-19,0.03,7,0,0.00,0.00,0.00,,,
2026-10-03,14631527390,CH-SC-低活-10100542418506-超级抢购-生活日用-无-剪辑-转化引导-生活日用-260921-无-625-头条储备-8,0.03,1,0,0.00,0.00,0.00,,,
2026-10-03,14516511441,CH-SC-低活-10113209119177-超级抢购-电动车-无-剪辑-转化引导-电动车-260907-无-625-27,0.03,3,0,0.00,0.00,0.00,心如|福利价,,
2026-10-03,14422205041,信息流-小牛-小蜜桃-三方主体-代运营-新人福利价-260908-10231541696811 -深海货盘-625-34,0.03,11,0,0.00,0.00,0.00,福利价/无价格|考古加素材混剪,,
2026-10-03,14444496607,信息流-小牛-陶瓷碗-三方主体-代运营-新人1分钱-260910-10129451028601-商务选品-625-46,0.03,3,0,0.00,0.00,0.00,快手原创素材|快手非低质素材|福利价/无价格,,
2026-10-03,13341768699,CH-SC-广义新-10219841541026-新综合频道-厨具-京喜拉新-剪辑-转化引导-厨具-20260520-反向-625-14,0.03,4,1,0.00,0.00,25.00,广义新头条|心如|快手重复素材|快手非低质素材|搬运打压素材|无价格|腾讯首发素材,,
2026-10-03,14422275173,信息流-小牛-真空袋-三方主体-代运营-新人福利价-260908-10212584519594-内部实时跑量-625-19,0.03,3,1,0.00,0.00,33.33,福利价/无价格|考古加素材混剪,,
2026-10-03,14319046743,CH-SC-低活-10140917922437-超级抢购-家庭清洁-无-剪辑-转化引导-家庭清洁-20260820-无-625-aigc-11,0.03,3,0,0.00,0.00,0.00,平台AI测试/视频/一组智能体|平台一组AIGC|心如|快手重复素材|快手非低质素材|福利价,,
2026-10-03,13614629156,CH-SC-广义新-10134479334759-新综合频道-钟表眼镜-京喜拉新-剪辑-转化引导-钟表眼镜-20260618-无-625-aigc-16,0.03,1,0,0.00,0.00,0.00,平台一组AIGC|快手重复素材|快手非低质素材|腾讯首发素材,,
2026-10-03,14422192671,信息流-小牛-小蜜桃-三方主体-代运营-新人福利价-260908-10231541696811 -深海货盘-625-8,0.03,3,0,0.00,0.00,0.00,福利价/无价格|考古加素材混剪,,
2026-10-03,14631530219,CH-SC-广义新-10134706997811-新综合频道-手机通讯-京喜拉新-剪辑-转化引导-手机通讯-20260921-反向-625-头条储备-aigc-23,0.03,55,0,0.00,0.00,0.00,,,
2026-10-03,14309689847,信息流-小牛-围裙-三方主体-代运营-新人福利价-260827-10117891615029-设计自选-625-44,0.02,2,0,0.00,0.00,0.00,平台一组AIGC|福利价/无价格|考古加素材混剪,,
2026-10-03,14049381598,CH-SC-低活-10178946597305-超级抢购-厨具-无-剪辑-转化引导-厨具-20260728-无-625-aigc-2,0.02,2,0,0.00,0.00,0.00,平台一组AIGC|心如|快手重复素材|快手非低质素材|福利价|腾讯首发素材,,
2026-10-03,13846397120,CH-SC-低活-10112643484929-超级抢购-手机通讯-无-剪辑-转化引导-手机通讯-20260708-无-625-aigc-2,0.02,29,0,0.00,0.00,0.00,DHX扒起量0706|平台一组AIGC|心如|快手重复素材|快手非低质素材|福利价|腾讯首发素材,,
2026-10-03,14488308940,信息流-小牛-大月饼-三方主体-代运营-新人福利价-260914-10163022037983-内部实时跑量-625-29,0.02,4,0,0.00,0.00,0.00,福利价/无价格|考古加素材混剪,,
2026-10-03,14238388892,信息流-小牛-雨伞-三方主体-代运营-新人福利价-0820-10130866966155-内部实时跑量-625-40,0.02,1,0,0.00,0.00,0.00,有米云素材混剪|福利价/无价格|腾讯首发素材,,
2026-10-03,14631526349,CH-SC-低活-10100542418506-超级抢购-生活日用-无-剪辑-转化引导-生活日用-260927-无-625-头条储备-aigc-58,0.02,3,0,0.00,0.00,0.00,,,
2026-10-03,13916302351,CH-SC-低活-10140917922437-超级抢购-家庭清洁-无-剪辑-转化引导-家庭清洁-20260715-无-625-aigc-11,0.02,9,0,0.00,0.00,0.00,平台一组AIGC|心如|快手重复素材|快手非低质素材|无价格|腾讯首发素材,,
2026-10-03,14309684067,信息流-小牛-围裙-三方主体-代运营-新人福利价-260827-10117891615029-设计自选-625-52,0.02,3,0,0.00,0.00,0.00,平台一组AIGC|福利价/无价格|考古加素材混剪,,
2026-10-03,13776589156,CH-SC-广义新-10177393646076-新综合频道-灯饰照明-京喜拉新-剪辑-转化引导-灯饰照明-20260702-反向-625-aigc-9,0.02,3,0,0.00,0.00,0.00,平台一组AIGC|快手原创素材|快手非低质素材|无价格|福利价/无价格,,
2026-10-03,14422223087,信息流-小牛-小蜜桃-三方主体-代运营-新人福利价-260908-10231541696811 -深海货盘-625-13,0.02,6,0,0.00,0.00,0.00,福利价/无价格|考古加素材混剪,,
2026-10-03,14631533715,CH-SC-广义新-10149027879570-新综合频道-生鲜-京喜拉新-剪辑-转化引导-10122178732943-20260921-反向-625-头条储备-30,0.02,6,1,0.00,0.00,16.67,,,
2026-10-03,14631526006,CH-SC-低活-10100542418506-超级抢购-生活日用-无-剪辑-转化引导-生活日用-260927-无-625-头条储备-aigc-64,0.02,2,0,0.00,0.00,0.00,,,
2026-10-03,13800015567,CH-SC-广义新-10040988734451-新10元话费券-无-无-剪辑-转化引导-无-20260629-无-625-18,0.02,4,0,0.00,0.00,0.00,快手重复素材|快手非低质素材|腾讯首发素材,,
2026-10-03,14092633666,信息流-小牛-西瓜-三方主体-代运营-新人福利价-0806-10215767576641-历史爆品-625-11,0.02,2,0,0.00,0.00,0.00,头条/京东标点/不带角标|福利价/无价格|腾讯首发素材,,
2026-10-03,14516438408,CH-SC-低活-10111392494770-超级抢购-收纳用品-无-剪辑-转化引导-收纳用品-20260911-无-625-18,0.02,11,1,0.00,0.00,9.09,心如|福利价,,
2026-10-03,14631527640,CH-SC-低活-10100542418506-超级抢购-生活日用-无-剪辑-转化引导-生活日用-260921-无-625-头条储备-6,0.02,1,0,0.00,0.00,0.00,,,
2026-10-03,13800020336,CH-SC-广义新-10040988734451-新10元话费券-无-无-剪辑-转化引导-无-20260629-无-625-6,0.02,3,1,0.00,0.00,33.33,快手原创素材|快手非低质素材|腾讯首发素材,,
2026-10-03,14319048430,CH-SC-广义新-10128848312108-新综合频道-厨具-京喜拉新-剪辑-转化引导-厨具-260827-无-625-aigc-9,0.02,4,0,0.00,0.00,0.00,平台一组AIGC|无价格,,
2026-10-03,14631564752,CH-SC-低活-10100542418506-超级抢购-生活日用-无-剪辑-转化引导-生活日用-260921-无-625-头条储备-11,0.02,4,0,0.00,0.00,0.00,,,
2026-10-03,14197030972,信息流-小牛-电脑支架-三方主体-代运营-新人福利价-0817-10191489644462-大盘扒改-625-3,0.02,1,0,0.00,0.00,0.00,大盘扒改|福利价/无价格,,
2026-10-03,14516515890,CH-SC-低活-10113209119177-超级抢购-电动车-无-剪辑-转化引导-电动车-260907-无-625-15,0.02,1,0,0.00,0.00,0.00,心如|福利价,,
2026-10-03,14422156213,信息流-小牛-骑行支架-三方主体-代运营-新人福利价-260908-10139440032542-历史爆品-625-39,0.02,2,0,0.00,0.00,0.00,福利价/无价格|考古加素材混剪,,
2026-10-03,14631530621,CH-SC-广义新-10134706997811-新综合频道-手机通讯-京喜拉新-剪辑-转化引导-手机通讯-20260921-反向-625-头条储备-aigc-21,0.02,36,1,0.00,0.00,2.78,,,
2026-10-03,14535572537,信息流-小牛-打火机-三方主体-代运营-新人福利价-260918-10162692688878-内部实时跑量-625-52,0.02,0,1,0.00,0.00,0.00,,,
2026-10-03,14486283353,信息流-小牛-毛毯-三方主体-代运营-新人福利价-260914-10146450179286-商务选品-625-25,0.02,2,0,0.00,0.00,0.00,快手原创素材|快手非低质素材|福利价/无价格,,
2026-10-03,14488288936,信息流-小牛-大月饼-三方主体-代运营-新人福利价-260914-10163022037983-内部实时跑量-625-40,0.02,2,0,0.00,0.00,0.00,福利价/无价格|考古加素材混剪,,
2026-10-03,13776633875,CH-SC-广义新-10177393646076-新综合频道-灯饰照明-京喜拉新-剪辑-转化引导-灯饰照明-20260702-反向-625-aigc-3,0.02,2,0,0.00,0.00,0.00,平台一组AIGC|快手原创素材|快手非低质素材|无价格|福利价/无价格,,
2026-10-03,14535550854,信息流-小牛-打火机-三方主体-代运营-新人福利价-260918-10162692688878-内部实时跑量-625-5,0.02,1,0,0.00,0.00,0.00,,,
2026-10-03,14516515061,CH-SC-低活-10113209119177-超级抢购-电动车-无-剪辑-转化引导-电动车-260907-无-625-18,0.02,1,0,0.00,0.00,0.00,心如|福利价,,
2026-10-03,14488272187,信息流-小牛-大月饼-三方主体-代运营-新人福利价-260914-10163022037983-内部实时跑量-625-aigc-2,0.02,6,0,0.00,0.00,0.00,福利价/无价格|考古加素材混剪,,
2026-10-03,14408014421,CH-SC-广义新-10129955889557-新综合频道-厨具-京喜拉新-剪辑-转化引导-厨具-260904-反向-625-7,0.02,9,0,0.00,0.00,0.00,无价格,,
2026-10-03,14422256343,信息流-小牛-真空袋-三方主体-代运营-新人福利价-260908-10212584519594-内部实时跑量-625-42,0.02,4,0,0.00,0.00,0.00,福利价/无价格|考古加素材混剪,,
2026-10-03,14631516483,CH-SC-低活-10217740550325-超级抢购-箱包皮具-无-剪辑-转化引导-箱包皮具-260921-无-625-头条储备-aigc-122,0.02,2,0,0.00,0.00,0.00,,,
2026-10-03,14197473065,CH-SC-低活-10166301474829-超级抢购-厨具-无-剪辑-转化引导-厨具-20260811-无-625-aigc-8,0.02,1,0,0.00,0.00,0.00,平台一组AIGC|心如|福利价|腾讯首发素材,,
2026-10-03,13960082328,信息流-小牛-抽纸-三方主体-代运营-新人福利价-0724-10105196309536 -历史爆品-625-4,0.01,4,0,0.00,0.00,0.00,福利价/无价格|腾讯首发素材,,
2026-10-03,14444443567,信息流-小牛-陶瓷碗-三方主体-代运营-新人1分钱-260910-10129451028601-商务选品-625-22,0.01,1,0,0.00,0.00,0.00,福利价/无价格,,
2026-10-03,14488332102,信息流-小牛-大月饼-三方主体-代运营-新人福利价-260914-10163022037983-内部实时跑量-625-17,0.01,1,0,0.00,0.00,0.00,福利价/无价格|考古加素材混剪,,
2026-10-03,13536548377,CH-SC-低活-10219841541026-超级抢购加补-厨具-无-剪辑-转化引导-厨具-20260610-无-625-aigc-9,0.01,5,0,0.00,0.00,0.00,平台一组AIGC|心如|福利价|腾讯首发素材,,
2026-10-03,14372715845,信息流-小牛-旋转支架-三方主体-代运营-新人福利价-260903-10112643484929-内部实时跑量-625-39,0.01,6,0,0.00,0.00,0.00,原生|福利价/无价格|考古加素材混剪,,
2026-10-03,14631564036,CH-SC-广义新-10122178732943-新综合频道-生鲜-京喜拉新-剪辑-转化引导-10122178732943-20260921-反向-625-头条储备-13,0.01,7,0,0.00,0.00,0.00,,,
2026-10-03,14095107634,CH-SC-广义新-10138594878445-新综合频道-电动车-京喜拉新-剪辑-转化引导-电动车-20260805-无-625-13,0.01,3,0,0.00,0.00,0.00,广义新头条|快手重复素材|快手非低质素材,,
2026-10-03,14422267021,信息流-小牛-真空袋-三方主体-代运营-新人福利价-260908-10212584519594-内部实时跑量-625-36,0.01,9,0,0.00,0.00,0.00,福利价/无价格|考古加素材混剪,,
2026-10-03,14488332399,信息流-小牛-大月饼-三方主体-代运营-新人福利价-260914-10163022037983-内部实时跑量-625-15,0.01,3,0,0.00,0.00,0.00,福利价/无价格|考古加素材混剪,,
2026-10-03,14488327968,信息流-小牛-大月饼-三方主体-代运营-新人福利价-260914-10163022037983-内部实时跑量-625-19,0.01,3,0,0.00,0.00,0.00,福利价/无价格|考古加素材混剪,,
2026-10-03,14049380620,CH-SC-低活-10178946597305-超级抢购-厨具-无-剪辑-转化引导-厨具-20260728-无-625-aigc-5,0.01,2,0,0.00,0.00,0.00,平台一组AIGC|心如|快手重复素材|快手非低质素材|福利价|腾讯首发素材,,
2026-10-03,14488332052,信息流-小牛-大月饼-三方主体-代运营-新人福利价-260914-10163022037983-内部实时跑量-625-16,0.01,2,0,0.00,0.00,0.00,福利价/无价格|考古加素材混剪,,
2026-10-03,14319004236,CH-SC-广义新-10118706992345-新综合频道-纸品 -京喜拉新-剪辑-转化引导-纸品 -260827-无-625-aigc-21,0.01,1,0,0.00,0.00,0.00,平台一组AIGC|快手原创素材|快手非低质素材,,
2026-10-03,14422180540,信息流-小牛-骑行支架-三方主体-代运营-新人福利价-260908-10139440032542-历史爆品-625-21,0.01,2,0,0.00,0.00,0.00,福利价/无价格|考古加素材混剪,,
2026-10-03,14217109528,CH-SC-广义新-10140917922437-新综合频道-家庭清洁-京喜拉新-剪辑-转化引导-家庭清洁-20260813-无-625-aigc-22,0.01,7,0,0.00,0.00,0.00,平台一组AIGC|快手原创素材|快手非低质素材|无价格,,
2026-10-03,14516513909,CH-SC-低活-10113209119177-超级抢购-电动车-无-剪辑-转化引导-电动车-260907-无-625-1,0.01,2,0,0.00,0.00,0.00,心如|福利价,,
2026-10-03,13846011708,CH-SC-广义新-10140917922437-新综合频道-家庭清洁-京喜拉新-剪辑-转化引导-家庭清洁-20260710-无-625-aigc-4,0.01,2,0,0.00,0.00,0.00,平台一组AIGC|广义新头条|心如|快手重复素材|快手非低质素材|无价格|腾讯首发素材,,
2026-10-03,14444485901,信息流-小牛-陶瓷碗-三方主体-代运营-新人1分钱-260910-10129451028601-商务选品-625-51,0.01,25,1,0.00,0.00,4.00,快手原创素材|快手非低质素材|福利价/无价格,,
2026-10-03,13746328293,CH-SC-低活-10139440032542-超级抢购5元-运动户外-无-剪辑-转化引导-运动户外-20260630-无-625-aigc-6,0.01,1,0,0.00,0.00,0.00,平台一组AIGC|心如|快手重复素材|快手非低质素材|福利价|腾讯首发素材,,
2026-10-03,14374718939,信息流-小牛-苹果-三方主体-代运营-新人福利价-260903-10186710590960-历史爆品-625-8,0.01,7,0,0.00,0.00,0.00,原生|福利价/无价格|考古加素材混剪,,
2026-10-03,14488265377,信息流-小牛-大月饼-三方主体-代运营-新人福利价-260914-10163022037983-内部实时跑量-625-aigc-4,0.01,3,0,0.00,0.00,0.00,福利价/无价格|考古加素材混剪,,
2026-10-03,12851472573,荣耀-XN-短剧-通用-数字人介绍-混剪-2600320-625-11,0.01,5,0,0.00,0.00,0.00,,,
2026-10-03,14309691127,信息流-小牛-围裙-三方主体-代运营-新人福利价-260827-10117891615029-设计自选-625-43,0.01,0,0,0.00,0.00,0.00,平台一组AIGC|福利价/无价格|考古加素材混剪,,
2026-10-03,14535583024,信息流-小牛-打火机-三方主体-代运营-新人福利价-260918-10162692688878-内部实时跑量-625-41,0.01,1,0,0.00,0.00,0.00,,,
2026-10-03,14486272585,信息流-小牛-毛毯-三方主体-代运营-新人福利价-260914-10146450179286-商务选品-625-33,0.01,0,0,0.00,0.00,0.00,快手原创素材|快手非低质素材|福利价/无价格,,
2026-10-03,14369369285,信息流-小牛-菜板-三方主体-代运营-新人福利价-260903-10155000015319-内部实时跑量-625-36,0.01,1,0,0.00,0.00,0.00,原生|快手原创素材|快手非低质素材|福利价/无价格,,
2026-10-03,14422198418,信息流-小牛-小蜜桃-三方主体-代运营-新人福利价-260908-10231541696811 -深海货盘-625-43,0.01,6,0,0.00,0.00,0.00,福利价/无价格|考古加素材混剪,,
2026-10-03,13776625183,CH-SC-广义新-10177393646076-新综合频道-灯饰照明-京喜拉新-剪辑-转化引导-灯饰照明-20260702-反向-625-aigc-22,0.01,1,0,0.00,0.00,0.00,平台一组AIGC|快手原创素材|快手非低质素材|无价格|福利价/无价格,,
2026-10-03,14309327456,信息流-小牛-工具箱-三方主体-代运营-新人福利价-260827-10114015186364-内部实时跑量-625-aigc-20,0.01,5,1,0.00,0.00,20.00,平台一组AIGC|福利价/无价格|考古加素材混剪,,
2026-10-03,14488296749,信息流-小牛-大月饼-三方主体-代运营-新人福利价-260914-10163022037983-内部实时跑量-625-35,0.01,3,0,0.00,0.00,0.00,福利价/无价格|考古加素材混剪,,
2026-10-03,13145020881,荣耀-XN-影音娱乐-通用-风景-混剪-260424-625-11,0.01,7,2,0.00,0.00,28.57,,,
2026-10-03,13846344785,CH-SC-低活-10113209119177-超级抢购-电动车-无-剪辑-转化引导-电动车-20260708-无-625-11,0.01,1,0,0.00,0.00,0.00,平台一组AIGC|心如|福利价|腾讯首发素材,,
2026-10-03,14631525434,CH-SC-低活-10100542418506-超级抢购-生活日用-无-剪辑-转化引导-生活日用-260927-无-625-头条储备-aigc-72,0.01,1,0,0.00,0.00,0.00,,,
2026-10-03,13916487194,CH-SC-广义新-10040988734451-新10元话费券-无-无-剪辑-转化引导-无-20260715-无-625-17,0.01,12,0,0.00,0.00,0.00,快手原创素材|快手非低质素材|腾讯首发素材,,
2026-10-03,14422203925,信息流-小牛-小蜜桃-三方主体-代运营-新人福利价-260908-10231541696811 -深海货盘-625-36,0.01,1,0,0.00,0.00,0.00,福利价/无价格|考古加素材混剪,,
2026-10-03,13592311755,CH-SC-广义新-10139440032542-新综合频道-运动户外-京喜拉新-剪辑-转化引导-运动户外-20260616-无-625-aigc-17,0.01,4,0,0.00,0.00,0.00,平台一组AIGC|广义新头条|快手重复素材|快手非低质素材|腾讯首发素材,,
2026-10-03,14463979912,CH-SC-低活-10223570717754-超级抢购-生鲜-无-剪辑-转化引导-生鲜-260903-无-625-23,0.01,8,1,0.00,0.00,12.50,心如|福利价|腾讯首发素材,,
2026-10-03,14050222435,CH-SC-广义新-10187000434970-新综合频道-厨具-京喜拉新-剪辑-转化引导-厨具-20260730-无-625-15,0.01,56,1,0.00,0.00,1.79,广义新头条|心如|快手重复素材|快手非低质素材|腾讯首发素材,,
2026-10-03,13799981390,CH-SC-广义新-10134479334759-新综合频道-钟表眼镜-京喜拉新-剪辑-转化引导-钟表眼镜-20260703-无-625-aigc-12,0.01,1,1,0.00,0.00,100.00,平台一组AIGC|广义新头条|心如|快手重复素材|快手非低质素材|腾讯首发素材,,
2026-10-03,14488289135,信息流-小牛-大月饼-三方主体-代运营-新人福利价-260914-10163022037983-内部实时跑量-625-38,0.01,1,0,0.00,0.00,0.00,福利价/无价格|考古加素材混剪,,
2026-10-03,14407746675,CH-SC-广义新-10129955889557-新综合频道-厨具-京喜拉新-剪辑-转化引导-厨具-260904-反向-625-2,0.01,5,0,0.00,0.00,0.00,无价格,,
2026-10-03,14631512993,CH-SC-低活-10217740550325-超级抢购-箱包皮具-无-剪辑-转化引导-箱包皮具-260921-无-625-头条储备-aigc-41,0.01,1,0,0.00,0.00,0.00,,,
2026-10-03,14422243786,信息流-小牛-真空袋-三方主体-代运营-新人福利价-260908-10212584519594-内部实时跑量-625-8,0.01,1,0,0.00,0.00,0.00,福利价/无价格|考古加素材混剪,,
2026-10-03,14631554436,CH-SC-广义新-10122178732943-新综合频道-生鲜-京喜拉新-剪辑-转化引导-10122178732943-20260921-反向-625-头条储备-49,0.01,3,0,0.00,0.00,0.00,,,
2026-10-03,14631529019,CH-SC-广义新-10134706997811-新综合频道-手机通讯-京喜拉新-剪辑-转化引导-手机通讯-20260921-反向-625-头条储备-aigc-53,0.01,38,0,0.00,0.00,0.00,,,
2026-10-03,14309315147,信息流-小牛-工具箱-三方主体-代运营-新人福利价-260827-10114015186364-内部实时跑量-625-aigc-27,0.01,1,1,0.00,0.00,100.00,平台一组AIGC|福利价/无价格|考古加素材混剪,,
2026-10-03,14631530964,CH-SC-广义新-10149027879570-新综合频道-生鲜-京喜拉新-剪辑-转化引导-10122178732943-20260921-反向-625-头条储备-61,0.01,16,1,0.00,0.00,6.25,,,
2026-10-03,14631562136,CH-SC-广义新-10122178732943-新综合频道-生鲜-京喜拉新-剪辑-转化引导-10122178732943-20260921-反向-625-头条储备-18,0.01,6,0,0.00,0.00,0.00,,,
2026-10-03,14554133189,CH-SC-低活-10215783938762-超级抢购加补-生鲜-无-剪辑-转化引导-生鲜-260911-无-625-24,0.01,1,0,0.00,0.00,0.00,,,
2026-10-03,14631531592,CH-SC-广义新-10149027879570-新综合频道-生鲜-京喜拉新-剪辑-转化引导-10122178732943-20260921-反向-625-头条储备-51,0.01,2,1,0.00,0.00,50.00,,,
2026-10-03,14422211712,信息流-小牛-小蜜桃-三方主体-代运营-新人福利价-260908-10231541696811 -深海货盘-625-25,0.01,1,0,0.00,0.00,0.00,福利价/无价格|考古加素材混剪,,
2026-10-03,13873209822,CH-SC-低活-10113209119177-超级抢购-电动车-无-剪辑-转化引导-电动车-20260709-无-625-2,0.01,1,0,0.00,0.00,0.00,心如|快手重复素材|快手非低质素材|福利价|腾讯首发素材,,
2026-10-03,14631564997,CH-SC-低活-10100542418506-超级抢购-生活日用-无-剪辑-转化引导-生活日用-260921-无-625-头条储备-12,0.01,1,0,0.00,0.00,0.00,,,
2026-10-03,13800020901,CH-SC-广义新-10040988734451-新10元话费券-无-无-剪辑-转化引导-无-20260629-无-625-8,0.01,4,1,0.00,0.00,25.00,快手原创素材|快手非低质素材,,
2026-10-03,13937239631,信息流-小牛-厨房挂件-京东主体-代运营-新人福利价-0722-10162320955134-本东爆品-625-2,0.01,1,0,0.00,0.00,0.00,福利价/无价格,,
2026-10-03,14383821341,CH-SC-低活-10129955889557-超级抢购-厨具-无-剪辑-转化引导-厨具-260901-无-625-16,0.01,3,1,0.00,0.00,33.33,福利价,,
2026-10-03,14631517962,CH-SC-低活-10217740550325-超级抢购-箱包皮具-无-剪辑-转化引导-箱包皮具-260921-无-625-头条储备-aigc-102,0.01,2,0,0.00,0.00,0.00,,,
2026-10-03,14631527855,CH-SC-低活-10100542418506-超级抢购-生活日用-无-剪辑-转化引导-生活日用-260921-无-625-头条储备-40,0.01,1,0,0.00,0.00,0.00,,,
2026-10-03,14643141136,信息流-小牛-咸鸭蛋-三方主体-代运营-新人福利价-260909-10172188378015-内部实时跑量-625-头条储备-14,0.01,1,0,0.00,0.00,0.00,,,
2026-10-03,14631537330,CH-SC-广义新-10207004632704 -新综合频道-厨具-京喜拉新-剪辑-转化引导-厨具-20260921-无-625-头条储备-aigc-26,0.01,25,0,0.00,0.00,0.00,,,
2026-10-03,14422151865,信息流-小牛-骑行支架-三方主体-代运营-新人福利价-260908-10139440032542-历史爆品-625-41,0.01,11,0,0.00,0.00,0.00,福利价/无价格|考古加素材混剪,,
2026-10-03,14631546787,CH-SC-广义新-10139440032542-新综合频道-运动户外-京喜拉新-剪辑-转化引导-运动户外-20260927-无-625-58,0.01,2,0,0.00,0.00,0.00,,,
2026-10-03,14488243167,信息流-小牛-大月饼-三方主体-代运营-新人福利价-260914-10163022037983-内部实时跑量-625-aigc-13,0.01,4,0,0.00,0.00,0.00,福利价/无价格|考古加素材混剪,,
2026-10-03,14153368731,信息流-小牛-电脑支架-三方主体-代运营-新人福利价-0812-10191489644462-大盘实扒改-625-3,0.01,1,0,0.00,0.00,0.00,大盘扒改|福利价/无价格,,
2026-10-03,14374709340,信息流-小牛-苹果-三方主体-代运营-新人福利价-260903-10186710590960-历史爆品-625-19,0.01,1,0,0.00,0.00,0.00,原生|福利价/无价格|考古加素材混剪,,
2026-10-03,13522200278,CH-SC-低活-10113209119177-超级抢购加补-电动车-无-剪辑-转化引导-电动车-20260609-无-625-aigc-2,0.01,2,0,0.00,0.00,0.00,DHX扒起量0608|不对版！！|平台一组AIGC|心如|快手重复素材|快手非低质素材|腾讯首发素材,,
2026-10-03,14319046606,CH-SC-低活-10140917922437-超级抢购-家庭清洁-无-剪辑-转化引导-家庭清洁-20260820-无-625-aigc-9,0.01,2,0,0.00,0.00,0.00,平台AI测试/视频/一组智能体|平台一组AIGC|心如|快手原创素材|快手非低质素材|福利价|腾讯首发素材,,
2026-10-03,14488326502,信息流-小牛-大月饼-三方主体-代运营-新人福利价-260914-10163022037983-内部实时跑量-625-20,0.01,1,0,0.00,0.00,0.00,福利价/无价格|考古加素材混剪,,
2026-10-03,14631529248,CH-SC-广义新-10134706997811-新综合频道-手机通讯-京喜拉新-剪辑-转化引导-手机通讯-20260921-反向-625-头条储备-aigc-50,0.00,5,0,0.00,0.00,0.00,,,
2026-10-03,14631528633,CH-SC-广义新-10134706997811-新综合频道-手机通讯-京喜拉新-剪辑-转化引导-手机通讯-20260921-反向-625-头条储备-aigc-65,0.00,2,0,0.00,0.00,0.00,,,
2026-10-03,14631534476,CH-SC-广义新-10149027879570-新综合频道-生鲜-京喜拉新-剪辑-转化引导-10122178732943-20260921-反向-625-头条储备-27,0.00,2,0,0.00,0.00,0.00,,,
2026-10-03,13341769458,CH-SC-广义新-10219841541026-新综合频道-厨具-京喜拉新-剪辑-转化引导-厨具-20260520-反向-625-15,0.00,5,0,0.00,0.00,0.00,广义新头条|心如|快手重复素材|快手非低质素材|无价格|腾讯首发素材,,
2026-10-03,14631530204,CH-SC-广义新-10134706997811-新综合频道-手机通讯-京喜拉新-剪辑-转化引导-手机通讯-20260921-反向-625-头条储备-aigc-29,0.00,4,0,0.00,0.00,0.00,,,
2026-10-03,14631535548,CH-SC-广义新-10149027879570-新综合频道-生鲜-京喜拉新-剪辑-转化引导-10122178732943-20260921-反向-625-头条储备-14,0.00,1,0,0.00,0.00,0.00,,,
2026-10-03,14631533330,CH-SC-广义新-10149027879570-新综合频道-生鲜-京喜拉新-剪辑-转化引导-10122178732943-20260921-反向-625-头条储备-35,0.00,2,0,0.00,0.00,0.00,,,
2026-10-03,14562130949,CH-PRJ-采销项目-无-快手-无-无-剪辑-转化引导-无-260911-无-625-20,0.00,0,0,0.00,0.00,0.00,,,
2026-10-03,14631558022,CH-SC-广义新-10122178732943-新综合频道-生鲜-京喜拉新-剪辑-转化引导-10122178732943-20260921-反向-625-头条储备-36,0.00,2,0,0.00,0.00,0.00,,,
2026-10-03,14631543649,CH-SC-广义新-10139440032542-新综合频道-运动户外-京喜拉新-剪辑-转化引导-运动户外-20260927-无-625-75,0.00,3,0,0.00,0.00,0.00,,,
2026-10-03,14631561290,CH-SC-广义新-10122178732943-新综合频道-生鲜-京喜拉新-剪辑-转化引导-10122178732943-20260921-反向-625-头条储备-24,0.00,16,2,0.00,0.00,12.50,,,
2026-10-03,14631552736,CH-SC-广义新-10122178732943-新综合频道-生鲜-京喜拉新-剪辑-转化引导-10122178732943-20260921-反向-625-头条储备-54,0.00,1,0,0.00,0.00,0.00,,,
2026-10-03,14631535999,CH-SC-广义新-10207004632704 -新综合频道-厨具-京喜拉新-剪辑-转化引导-厨具-20260921-无-625-头条储备-aigc-41,0.00,11,0,0.00,0.00,0.00,,,
2026-10-03,14631533137,CH-SC-广义新-10149027879570-新综合频道-生鲜-京喜拉新-剪辑-转化引导-10122178732943-20260921-反向-625-头条储备-37,0.00,4,0,0.00,0.00,0.00,,,
2026-10-03,14631533370,CH-SC-广义新-10149027879570-新综合频道-生鲜-京喜拉新-剪辑-转化引导-10122178732943-20260921-反向-625-头条储备-36,0.00,2,0,0.00,0.00,0.00,,,
2026-10-03,14631535034,CH-SC-广义新-10149027879570-新综合频道-生鲜-京喜拉新-剪辑-转化引导-10122178732943-20260921-反向-625-头条储备-20,0.00,4,1,0.00,0.00,25.00,,,
2026-10-03,14318992836,CH-SC-广义新-10118706992345-新综合频道-纸品 -京喜拉新-剪辑-转化引导-纸品 -260827-无-625-aigc-42,0.00,1,0,0.00,0.00,0.00,平台一组AIGC|快手原创素材|快手非低质素材|腾讯首发素材,,
2026-10-03,14631516979,CH-SC-低活-10217740550325-超级抢购-箱包皮具-无-剪辑-转化引导-箱包皮具-260921-无-625-头条储备-aigc-116,0.00,1,0,0.00,0.00,0.00,,,
2026-10-03,14631530770,CH-SC-广义新-10134706997811-新综合频道-手机通讯-京喜拉新-剪辑-转化引导-手机通讯-20260921-反向-625-头条储备-aigc-14,0.00,1,0,0.00,0.00,0.00,,,
2026-10-03,14309742578,信息流-小牛-雨伞-三方主体-代运营-新人福利价-260828-10113643996701-大盘扒改-625-27,0.00,1,0,0.00,0.00,0.00,原生|大盘扒改|平台一组AIGC|福利价/无价格,,
2026-10-03,14444450072,信息流-小牛-陶瓷碗-三方主体-代运营-新人1分钱-260910-10129451028601-商务选品-625-13,0.00,1,0,0.00,0.00,0.00,福利价/无价格,,
2026-10-03,14631531251,CH-SC-广义新-10149027879570-新综合频道-生鲜-京喜拉新-剪辑-转化引导-10122178732943-20260921-反向-625-头条储备-57,0.00,2,0,0.00,0.00,0.00,,,
2026-10-03,14486259607,信息流-小牛-毛毯-三方主体-代运营-新人福利价-260914-10146450179286-商务选品-625-13,0.00,1,0,0.00,0.00,0.00,快手原创素材|快手非低质素材|福利价/无价格,,
2026-10-03,14486283956,信息流-小牛-毛毯-三方主体-代运营-新人福利价-260914-10146450179286-商务选品-625-24,0.00,1,0,0.00,0.00,0.00,快手原创素材|快手非低质素材|福利价/无价格,,
2026-10-03,14131190026,CH-SC-广义新-10138594878445 -新综合频道-电动车-京喜拉新-剪辑-转化引导-电动车-20260807-反选-625-6,0.00,0,0,0.00,0.00,0.00,快手原创素材|快手非低质素材|无价格,,
2026-10-03,14631551892,CH-SC-广义新-10122178732943-新综合频道-生鲜-京喜拉新-剪辑-转化引导-10122178732943-20260921-反向-625-头条储备-56,0.00,8,0,0.00,0.00,0.00,,,
2026-10-03,14631557396,CH-SC-广义新-10122178732943-新综合频道-生鲜-京喜拉新-剪辑-转化引导-10122178732943-20260921-反向-625-头条储备-39,0.00,12,1,0.00,0.00,8.33,,,
2026-10-03,14631539341,CH-SC-广义新-10207004632704 -新综合频道-厨具-京喜拉新-剪辑-转化引导-厨具-20260921-无-625-头条储备-aigc-13,0.00,2,0,0.00,0.00,0.00,,,
2026-10-03,13846321758,CH-SC-低活-10140917922437-超级抢购-家庭清洁-无-剪辑-转化引导-家庭清洁-20260708-无-625-aigc-3,0.00,1,0,0.00,0.00,0.00,平台一组AIGC|心如|快手重复素材|快手非低质素材|福利价|腾讯首发素材,,
2026-10-03,14631532560,CH-SC-广义新-10149027879570-新综合频道-生鲜-京喜拉新-剪辑-转化引导-10122178732943-20260921-反向-625-头条储备-48,0.00,5,0,0.00,0.00,0.00,,,
2026-10-03,14631563386,CH-SC-广义新-10122178732943-新综合频道-生鲜-京喜拉新-剪辑-转化引导-10122178732943-20260921-反向-625-头条储备-16,0.00,3,0,0.00,0.00,0.00,,,
2026-10-03,14088469794,CH-SC-低活-10223570717754-超级抢购-生鲜-无-剪辑-转化引导-生鲜-20260803-无-625-aigc-12,0.00,1,0,0.00,0.00,0.00,平台一组AIGC|心如|福利价|腾讯首发素材,,
2026-10-03,14631531753,CH-SC-广义新-10149027879570-新综合频道-生鲜-京喜拉新-剪辑-转化引导-10122178732943-20260921-反向-625-头条储备-50,0.00,9,0,0.00,0.00,0.00,,,
2026-10-03,14631532197,CH-SC-广义新-10149027879570-新综合频道-生鲜-京喜拉新-剪辑-转化引导-10122178732943-20260921-反向-625-头条储备-46,0.00,6,1,0.00,0.00,16.67,,,
2026-10-03,14631532620,CH-SC-广义新-10149027879570-新综合频道-生鲜-京喜拉新-剪辑-转化引导-10122178732943-20260921-反向-625-头条储备-42,0.00,18,0,0.00,0.00,0.00,,,
2026-10-03,14374709328,信息流-小牛-苹果-三方主体-代运营-新人福利价-260903-10186710590960-历史爆品-625-18,0.00,1,0,0.00,0.00,0.00,原生|福利价/无价格|考古加素材混剪,,
2026-10-03,14408021121,CH-SC-广义新-10129955889557-新综合频道-厨具-京喜拉新-剪辑-转化引导-厨具-260904-反向-625-5,0.00,1,0,0.00,0.00,0.00,无价格,,
2026-10-03,14631534598,CH-SC-广义新-10149027879570-新综合频道-生鲜-京喜拉新-剪辑-转化引导-10122178732943-20260921-反向-625-头条储备-23,0.00,1,0,0.00,0.00,0.00,,,
2026-10-03,14631553813,CH-SC-广义新-10122178732943-新综合频道-生鲜-京喜拉新-剪辑-转化引导-10122178732943-20260921-反向-625-头条储备-51,0.00,2,0,0.00,0.00,0.00,,,
2026-10-03,14631530999,CH-SC-广义新-10134706997811-新综合频道-手机通讯-京喜拉新-剪辑-转化引导-手机通讯-20260921-反向-625-头条储备-aigc-11,0.00,4,0,0.00,0.00,0.00,,,
2026-10-03,14631528919,CH-SC-广义新-10134706997811-新综合频道-手机通讯-京喜拉新-剪辑-转化引导-手机通讯-20260921-反向-625-头条储备-aigc-58,0.00,4,0,0.00,0.00,0.00,,,
2026-10-03,14631563922,CH-SC-广义新-10122178732943-新综合频道-生鲜-京喜拉新-剪辑-转化引导-10122178732943-20260921-反向-625-头条储备-11,0.00,9,0,0.00,0.00,0.00,,,
2026-10-03,14631538633,CH-SC-广义新-10207004632704 -新综合频道-厨具-京喜拉新-剪辑-转化引导-厨具-20260921-无-625-头条储备-aigc-14,0.00,29,0,0.00,0.00,0.00,,,
2026-10-03,14631557959,CH-SC-广义新-10122178732943-新综合频道-生鲜-京喜拉新-剪辑-转化引导-10122178732943-20260921-反向-625-头条储备-37,0.00,5,0,0.00,0.00,0.00,,,
2026-10-03,14131177128,CH-SC-广义新-10138594878445 -新综合频道-电动车-京喜拉新-剪辑-转化引导-电动车-20260807-反选-625-20,0.00,1,0,0.00,0.00,0.00,快手原创素材|快手非低质素材|无价格,,
2026-10-03,14631561965,CH-SC-广义新-10122178732943-新综合频道-生鲜-京喜拉新-剪辑-转化引导-10122178732943-20260921-反向-625-头条储备-19,0.00,2,0,0.00,0.00,0.00,,,
2026-10-03,14631535721,CH-SC-广义新-10149027879570-新综合频道-生鲜-京喜拉新-剪辑-转化引导-10122178732943-20260921-反向-625-头条储备-13,0.00,28,0,0.00,0.00,0.00,,,
2026-10-03,14631521022,CH-SC-低活-10139440032542-超级抢购-运动户外-无-剪辑-转化引导-运动户外-260927-无-625-头条储备-63,0.00,0,0,0.00,0.00,0.00,,,
2026-10-03,14377794282,信息流-小牛-推车置物架-三方主体-代运营-新人福利价-260903-10095828488136-大盘实时跑量-625-21,0.00,1,0,0.00,0.00,0.00,原生|福利价/无价格,,
2026-10-03,14498626380,CH-SC-低活-10161130444375-超级抢购-农资园艺-无-剪辑-转化引导-农资园艺-260908-无-625-11,0.00,0,0,0.00,0.00,0.00,心如|福利价,,
2026-10-03,14631531496,CH-SC-广义新-10149027879570-新综合频道-生鲜-京喜拉新-剪辑-转化引导-10122178732943-20260921-反向-625-头条储备-52,0.00,4,0,0.00,0.00,0.00,,,
2026-10-03,14516404311,CH-SC-低活-10176978592631-超级抢购-家具-无-剪辑-转化引导-家具-260915-无-625-12,0.00,0,0,0.00,0.00,0.00,心如|福利价,,
2026-10-03,14131185402,CH-SC-广义新-10138594878445 -新综合频道-电动车-京喜拉新-剪辑-转化引导-电动车-20260807-反选-625-12,0.00,3,0,0.00,0.00,0.00,快手原创素材|快手非低质素材|无价格,,
2026-10-03,14631534550,CH-SC-广义新-10149027879570-新综合频道-生鲜-京喜拉新-剪辑-转化引导-10122178732943-20260921-反向-625-头条储备-24,0.00,1,0,0.00,0.00,0.00,,,
2026-10-03,14631529013,CH-SC-广义新-10134706997811-新综合频道-手机通讯-京喜拉新-剪辑-转化引导-手机通讯-20260921-反向-625-头条储备-aigc-54,0.00,1,0,0.00,0.00,0.00,,,
2026-10-03,14631559614,CH-SC-广义新-10122178732943-新综合频道-生鲜-京喜拉新-剪辑-转化引导-10122178732943-20260921-反向-625-头条储备-28,0.00,7,0,0.00,0.00,0.00,,,
2026-10-03,14631551370,CH-SC-广义新-10122178732943-新综合频道-生鲜-京喜拉新-剪辑-转化引导-10122178732943-20260921-反向-625-头条储备-57,0.00,1,0,0.00,0.00,0.00,,,
2026-10-03,13145015412,荣耀-XN-影音娱乐-通用-唱歌-混剪-260424-625-7,0.00,0,0,0.00,0.00,0.00,,,
2026-10-03,14529783655,信息流-小牛-停车号码牌-三方主体-代运营-新人福利价-260917-10203964359828-内部实时跑量-625-40,0.00,0,0,0.00,0.00,0.00,,,
2026-10-03,14631531980,CH-SC-广义新-10149027879570-新综合频道-生鲜-京喜拉新-剪辑-转化引导-10122178732943-20260921-反向-625-头条储备-49,0.00,6,0,0.00,0.00,0.00,,,
2026-10-03,14631535898,CH-SC-广义新-10207004632704 -新综合频道-厨具-京喜拉新-剪辑-转化引导-厨具-20260921-无-625-头条储备-aigc-45,0.00,4,0,0.00,0.00,0.00,,,
2026-10-03,14631538349,CH-SC-广义新-10207004632704 -新综合频道-厨具-京喜拉新-剪辑-转化引导-厨具-20260921-无-625-头条储备-aigc-19,0.00,11,0,0.00,0.00,0.00,,,
2026-10-03,14631560349,CH-SC-广义新-10122178732943-新综合频道-生鲜-京喜拉新-剪辑-转化引导-10122178732943-20260921-反向-625-头条储备-27,0.00,1,0,0.00,0.00,0.00,,,
2026-10-03,14631536081,CH-SC-广义新-10207004632704 -新综合频道-厨具-京喜拉新-剪辑-转化引导-厨具-20260921-无-625-头条储备-aigc-38,0.00,4,0,0.00,0.00,0.00,,,
2026-10-03,14631558625,CH-SC-广义新-10122178732943-新综合频道-生鲜-京喜拉新-剪辑-转化引导-10122178732943-20260921-反向-625-头条储备-33,0.00,3,0,0.00,0.00,0.00,,,
2026-10-03,14247764628,CH-SC-广义新-10101267118895-新综合频道-厨具-京喜拉新-剪辑-转化引导-厨具-20260819-无-625-18,0.00,1,0,0.00,0.00,0.00,--,,
2026-10-03,14309679637,信息流-小牛-围裙-三方主体-代运营-新人福利价-260827-10117891615029-设计自选-625-58,0.00,0,0,0.00,0.00,0.00,平台一组AIGC|福利价/无价格|考古加素材混剪,,
2026-10-03,14488282802,信息流-小牛-大月饼-三方主体-代运营-新人福利价-260914-10163022037983-内部实时跑量-625-43,0.00,1,0,0.00,0.00,0.00,福利价/无价格|考古加素材混剪,,
2026-10-03,14631552211,CH-SC-广义新-10122178732943-新综合频道-生鲜-京喜拉新-剪辑-转化引导-10122178732943-20260921-反向-625-头条储备-55,0.00,30,1,0.00,0.00,3.33,,,
2026-10-03,14284743146,信息流-小牛-雨伞-三方主体-代运营-新人福利价-260825-10113643996701-大盘扒改-625-10,0.00,0,0,0.00,0.00,0.00,大盘扒改|福利价/无价格,,
2026-10-03,13988881818,CH-SC-低活-10217740550325-超级抢购-箱包皮具-无-剪辑-转化引导-箱包皮具-20260720-无-625-aigc-2,0.00,1,0,0.00,0.00,0.00,平台一组AIGC|心如|快手重复素材|快手非低质素材|福利价|腾讯首发素材,,
2026-10-03,14631532737,CH-SC-广义新-10149027879570-新综合频道-生鲜-京喜拉新-剪辑-转化引导-10122178732943-20260921-反向-625-头条储备-41,0.00,2,0,0.00,0.00,0.00,,,
2026-10-03,14631561389,CH-SC-广义新-10122178732943-新综合频道-生鲜-京喜拉新-剪辑-转化引导-10122178732943-20260921-反向-625-头条储备-23,0.00,1,0,0.00,0.00,0.00,,,
2026-10-03,14631538247,CH-SC-广义新-10207004632704 -新综合频道-厨具-京喜拉新-剪辑-转化引导-厨具-20260921-无-625-头条储备-aigc-21,0.00,3,0,0.00,0.00,0.00,,,
2026-10-03,14516402439,CH-SC-低活-10176978592631-超级抢购-家具-无-剪辑-转化引导-家具-260915-无-625-13,0.00,0,0,0.00,0.00,0.00,心如|福利价,,
2026-10-03,14422203874,信息流-小牛-小蜜桃-三方主体-代运营-新人福利价-260908-10231541696811 -深海货盘-625-38,0.00,6,0,0.00,0.00,0.00,福利价/无价格|考古加素材混剪,,
2026-10-03,14631537437,CH-SC-广义新-10207004632704 -新综合频道-厨具-京喜拉新-剪辑-转化引导-厨具-20260921-无-625-头条储备-aigc-27,0.00,1,0,0.00,0.00,0.00,,,
2026-10-03,14631535087,CH-SC-广义新-10149027879570-新综合频道-生鲜-京喜拉新-剪辑-转化引导-10122178732943-20260921-反向-625-头条储备-19,0.00,2,0,0.00,0.00,0.00,,,
2026-10-03,14631556181,CH-SC-广义新-10122178732943-新综合频道-生鲜-京喜拉新-剪辑-转化引导-10122178732943-20260921-反向-625-头条储备-42,0.00,2,0,0.00,0.00,0.00,,,
2026-10-03,14631526588,CH-SC-低活-10100542418506-超级抢购-生活日用-无-剪辑-转化引导-生活日用-260927-无-625-头条储备-aigc-61,0.00,1,0,0.00,0.00,0.00,,,
2026-10-03,12993032111,荣耀-XN-影音-通用-音乐-混剪-260403-625-1,0.00,0,0,0.00,0.00,0.00,,,
2026-10-03,14631533501,CH-SC-广义新-10149027879570-新综合频道-生鲜-京喜拉新-剪辑-转化引导-10122178732943-20260921-反向-625-头条储备-34,0.00,2,0,0.00,0.00,0.00,,,
2026-10-03,14631547841,CH-SC-广义新-10139440032542-新综合频道-运动户外-京喜拉新-剪辑-转化引导-运动户外-20260927-无-625-52,0.00,1,0,0.00,0.00,0.00,,,
2026-10-03,14631539617,CH-SC-广义新-10207004632704 -新综合频道-厨具-京喜拉新-剪辑-转化引导-厨具-20260921-无-625-头条储备-aigc-12,0.00,16,0,0.00,0.00,0.00,,,
2026-10-03,13916494785,CH-SC-广义新-10040988734451-新10元话费券-无-无-剪辑-转化引导-无-20260715-无-625-14,0.00,1,0,0.00,0.00,0.00,快手原创素材|快手非低质素材,,
2026-10-03,14631529675,CH-SC-广义新-10134706997811-新综合频道-手机通讯-京喜拉新-剪辑-转化引导-手机通讯-20260921-反向-625-头条储备-aigc-30,0.00,4,1,0.00,0.00,25.00,,,
2026-10-03,13800022684,CH-SC-广义新-10040988734451-新10元话费券-无-无-剪辑-转化引导-无-20260629-无-625-12,0.00,1,0,0.00,0.00,0.00,快手原创素材|快手非低质素材|腾讯首发素材,,
2026-10-03,14095144957,CH-SC-广义新-10136363822650-新综合频道-纸品-京喜拉新-剪辑-转化引导-纸品-20260804-无-625-9,0.00,1,1,0.00,0.00,100.00,广义新头条|快手重复素材|快手非低质素材|搬运打压素材,,
2026-10-03,14631543263,CH-SC-广义新-10139440032542-新综合频道-运动户外-京喜拉新-剪辑-转化引导-运动户外-20260927-无-625-76,0.00,1,0,0.00,0.00,0.00,,,
2026-10-03,14631516639,CH-SC-低活-10217740550325-超级抢购-箱包皮具-无-剪辑-转化引导-箱包皮具-260921-无-625-头条储备-aigc-120,0.00,1,0,0.00,0.00,0.00,,,
2026-10-03,14131180304,CH-SC-广义新-10138594878445 -新综合频道-电动车-京喜拉新-剪辑-转化引导-电动车-20260807-反选-625-15,0.00,3,0,0.00,0.00,0.00,快手重复素材|快手非低质素材|无价格,,
2026-10-03,14631551143,CH-SC-广义新-10122178732943-新综合频道-生鲜-京喜拉新-剪辑-转化引导-10122178732943-20260921-反向-625-头条储备-58,0.00,19,0,0.00,0.00,0.00,,,
2026-10-03,14631532184,CH-SC-广义新-10149027879570-新综合频道-生鲜-京喜拉新-剪辑-转化引导-10122178732943-20260921-反向-625-头条储备-47,0.00,21,1,0.00,0.00,4.76,,,
2026-10-03,14631534392,CH-SC-广义新-10149027879570-新综合频道-生鲜-京喜拉新-剪辑-转化引导-10122178732943-20260921-反向-625-头条储备-25,0.00,4,0,0.00,0.00,0.00,,,
2026-10-03,14631550059,CH-SC-广义新-10139440032542-新综合频道-运动户外-京喜拉新-剪辑-转化引导-运动户外-20260927-无-625-103,0.00,7,1,0.00,0.00,14.29,,,
2026-10-03,14631534332,CH-SC-广义新-10149027879570-新综合频道-生鲜-京喜拉新-剪辑-转化引导-10122178732943-20260921-反向-625-头条储备-26,0.00,12,0,0.00,0.00,0.00,,,
2026-10-03,14365973578,CH-SC-低活-10207774889664-超级抢购-家庭清洁-无-剪辑-转化引导-家庭清洁-20260828-无-625-白牌-19,0.00,0,0,0.00,0.00,0.00,0820白牌|快手原创素材|快手非低质素材|福利价|腾讯首发素材,,
2026-10-03,14631555991,CH-SC-广义新-10122178732943-新综合频道-生鲜-京喜拉新-剪辑-转化引导-10122178732943-20260921-反向-625-头条储备-43,0.00,2,0,0.00,0.00,0.00,,,
2026-10-03,14238394868,信息流-小牛-雨伞-三方主体-代运营-新人福利价-0820-10130866966155-内部实时跑量-625-31,0.00,1,0,0.00,0.00,0.00,有米云素材混剪|福利价/无价格|腾讯首发素材,,
2026-10-03,14383822012,CH-SC-低活-10129955889557-超级抢购-厨具-无-剪辑-转化引导-厨具-260901-无-625-9,0.00,1,1,0.00,0.00,100.00,福利价,,
2026-10-03,14631531133,CH-SC-广义新-10149027879570-新综合频道-生鲜-京喜拉新-剪辑-转化引导-10122178732943-20260921-反向-625-头条储备-60,0.00,5,0,0.00,0.00,0.00,,,
2026-10-03,14631558601,CH-SC-广义新-10122178732943-新综合频道-生鲜-京喜拉新-剪辑-转化引导-10122178732943-20260921-反向-625-头条储备-34,0.00,3,0,0.00,0.00,0.00,,,
2026-10-03,14407753988,CH-SC-广义新-10129955889557-新综合频道-厨具-京喜拉新-剪辑-转化引导-厨具-260904-反向-625-12,0.00,1,0,0.00,0.00,0.00,无价格,,
2026-10-03,14554226841,CH-SC-低活-10140917922437-超级抢购-家庭清洁-无-剪辑-转化引导-家庭清洁-20260918-无-625-aigc-6,0.00,0,0,0.00,0.00,0.00,,,
2026-10-03,14631535700,CH-SC-广义新-10149027879570-新综合频道-生鲜-京喜拉新-剪辑-转化引导-10122178732943-20260921-反向-625-头条储备-12,0.00,7,0,0.00,0.00,0.00,,,
2026-10-03,14631561493,CH-SC-广义新-10122178732943-新综合频道-生鲜-京喜拉新-剪辑-转化引导-10122178732943-20260921-反向-625-头条储备-22,0.00,1,0,0.00,0.00,0.00,,,
2026-10-03,14444494583,信息流-小牛-陶瓷碗-三方主体-代运营-新人1分钱-260910-10129451028601-商务选品-625-47,0.00,0,0,0.00,0.00,0.00,快手原创素材|快手非低质素材|福利价/无价格,,
2026-10-03,14516510742,CH-SC-低活-10113209119177-超级抢购-电动车-无-剪辑-转化引导-电动车-260907-无-625-2,0.00,1,0,0.00,0.00,0.00,心如|福利价,,
2026-10-03,14631537059,CH-SC-广义新-10207004632704 -新综合频道-厨具-京喜拉新-剪辑-转化引导-厨具-20260921-无-625-头条储备-aigc-30,0.00,15,0,0.00,0.00,0.00,,,
2026-10-03,14562134727,CH-PRJ-采销项目-无-快手-无-无-剪辑-转化引导-无-260911-无-625-11,0.00,0,0,0.00,0.00,0.00,,,
2026-10-03,14558823007,CH-SC-低活-10226092366006-超级抢购-粮油调味-无-剪辑-转化引导-粮油调味-260920-无-625-36,0.00,0,0,0.00,0.00,0.00,,,
2026-10-03,14631529525,CH-SC-广义新-10134706997811-新综合频道-手机通讯-京喜拉新-剪辑-转化引导-手机通讯-20260921-反向-625-头条储备-aigc-34,0.00,2,0,0.00,0.00,0.00,,,
2026-10-03,14631535355,CH-SC-广义新-10149027879570-新综合频道-生鲜-京喜拉新-剪辑-转化引导-10122178732943-20260921-反向-625-头条储备-16,0.00,3,0,0.00,0.00,0.00,,,
2026-10-03,14422267266,信息流-小牛-真空袋-三方主体-代运营-新人福利价-260908-10212584519594-内部实时跑量-625-29,0.00,1,0,0.00,0.00,0.00,福利价/无价格|考古加素材混剪,,
2026-10-03,14631563139,CH-SC-广义新-10122178732943-新综合频道-生鲜-京喜拉新-剪辑-转化引导-10122178732943-20260921-反向-625-头条储备-17,0.00,4,0,0.00,0.00,0.00,,,
2026-10-03,14562131260,CH-PRJ-采销项目-无-快手-无-无-剪辑-转化引导-无-260911-无-625-18,0.00,0,0,0.00,0.00,0.00,,,
2026-10-03,14631560418,CH-SC-广义新-10122178732943-新综合频道-生鲜-京喜拉新-剪辑-转化引导-10122178732943-20260921-反向-625-头条储备-26,0.00,1,0,0.00,0.00,0.00,,,
2026-10-03,14383821844,CH-SC-低活-10129955889557-超级抢购-厨具-无-剪辑-转化引导-厨具-260901-无-625-12,0.00,1,0,0.00,0.00,0.00,福利价,,
2026-10-03,14369420418,信息流-小牛-菜板-三方主体-代运营-新人福利价-260903-10155000015319-内部实时跑量-625-1,0.00,2,0,0.00,0.00,0.00,原生|快手原创素材|快手非低质素材|福利价/无价格,,
2026-10-03,14516430594,CH-SC-低活-10111392494770-超级抢购-收纳用品-无-剪辑-转化引导-收纳用品-20260911-无-625-36,0.00,1,0,0.00,0.00,0.00,心如|福利价,,
2026-10-03,14562120429,CH-PRJ-采销项目-无-快手-无-无-剪辑-转化引导-无-260915-无-625-4,0.00,0,0,0.00,1.00,0.00,,,
2026-10-03,14631554814,CH-SC-广义新-10122178732943-新综合频道-生鲜-京喜拉新-剪辑-转化引导-10122178732943-20260921-反向-625-头条储备-48,0.00,15,1,0.00,0.00,6.67,,,
2026-10-03,14631533088,CH-SC-广义新-10149027879570-新综合频道-生鲜-京喜拉新-剪辑-转化引导-10122178732943-20260921-反向-625-头条储备-43,0.00,8,0,0.00,0.00,0.00,,,
2026-10-03,14631528534,CH-SC-广义新-10134706997811-新综合频道-手机通讯-京喜拉新-剪辑-转化引导-手机通讯-20260921-反向-625-头条储备-aigc-64,0.00,9,0,0.00,0.00,0.00,,,
2026-10-03,14631555174,CH-SC-广义新-10122178732943-新综合频道-生鲜-京喜拉新-剪辑-转化引导-10122178732943-20260921-反向-625-头条储备-46,0.00,2,0,0.00,0.00,0.00,,,
2026-10-03,14631533788,CH-SC-广义新-10149027879570-新综合频道-生鲜-京喜拉新-剪辑-转化引导-10122178732943-20260921-反向-625-头条储备-29,0.00,4,0,0.00,0.00,0.00,,,
2026-10-03,14631534709,CH-SC-广义新-10149027879570-新综合频道-生鲜-京喜拉新-剪辑-转化引导-10122178732943-20260921-反向-625-头条储备-22,0.00,2,0,0.00,0.00,0.00,,,
2026-10-03,14309750869,信息流-小牛-雨伞-三方主体-代运营-新人福利价-260828-10113643996701-大盘扒改-625-17,0.00,2,0,0.00,0.00,0.00,原生|大盘扒改|平台一组AIGC|福利价/无价格,,
2026-10-03,14631531088,CH-SC-广义新-10149027879570-新综合频道-生鲜-京喜拉新-剪辑-转化引导-10122178732943-20260921-反向-625-头条储备-59,0.00,3,0,0.00,0.00,0.00,,,
2026-10-03,14631549555,CH-SC-广义新-10139440032542-新综合频道-运动户外-京喜拉新-剪辑-转化引导-运动户外-20260927-无-625-106,0.00,13,0,0.00,0.00,0.00,,,
2026-10-03,14631555462,CH-SC-广义新-10122178732943-新综合频道-生鲜-京喜拉新-剪辑-转化引导-10122178732943-20260921-反向-625-头条储备-45,0.00,2,1,0.00,0.00,50.00,,,
2026-10-03,14631536461,CH-SC-广义新-10207004632704 -新综合频道-厨具-京喜拉新-剪辑-转化引导-厨具-20260921-无-625-头条储备-aigc-36,0.00,3,1,0.00,0.00,33.33,,,
2026-10-03,14383821612,CH-SC-低活-10129955889557-超级抢购-厨具-无-剪辑-转化引导-厨具-260901-无-625-13,0.00,1,0,0.00,0.00,0.00,福利价,,
2026-10-03,14631536942,CH-SC-广义新-10207004632704 -新综合频道-厨具-京喜拉新-剪辑-转化引导-厨具-20260921-无-625-头条储备-aigc-33,0.00,6,0,0.00,0.00,0.00,,,
2026-10-03,14631540786,CH-SC-广义新-10139440032542-新综合频道-运动户外-京喜拉新-剪辑-转化引导-运动户外-20260927-无-625-90,0.00,2,0,0.00,0.00,0.00,,,
2026-10-03,14374692854,信息流-小牛-苹果-三方主体-代运营-新人福利价-260903-10186710590960-历史爆品-625-37,0.00,1,0,0.00,0.00,0.00,原生|福利价/无价格|考古加素材混剪,,
2026-10-03,14631548840,CH-SC-广义新-10139440032542-新综合频道-运动户外-京喜拉新-剪辑-转化引导-运动户外-20260927-无-625-108,0.00,5,0,0.00,0.00,0.00,,,
2026-10-03,14422217596,信息流-小牛-小蜜桃-三方主体-代运营-新人福利价-260908-10231541696811 -深海货盘-625-20,0.00,1,0,0.00,0.00,0.00,福利价/无价格|考古加素材混剪,,
2026-10-03,14631535402,CH-SC-广义新-10149027879570-新综合频道-生鲜-京喜拉新-剪辑-转化引导-10122178732943-20260921-反向-625-头条储备-15,0.00,9,0,0.00,0.00,0.00,,,
2026-10-03,14631530295,CH-SC-广义新-10134706997811-新综合频道-手机通讯-京喜拉新-剪辑-转化引导-手机通讯-20260921-反向-625-头条储备-aigc-28,0.00,17,0,0.00,0.00,0.00,,,
2026-10-03,14422216553,信息流-小牛-小蜜桃-三方主体-代运营-新人福利价-260908-10231541696811 -深海货盘-625-19,0.00,1,0,0.00,0.00,0.00,福利价/无价格|考古加素材混剪,,
2026-10-03,14631516288,CH-SC-低活-10217740550325-超级抢购-箱包皮具-无-剪辑-转化引导-箱包皮具-260921-无-625-头条储备-aigc-125,0.00,0,0,0.00,0.00,0.00,,,
2026-10-03,14631529096,CH-SC-广义新-10134706997811-新综合频道-手机通讯-京喜拉新-剪辑-转化引导-手机通讯-20260921-反向-625-头条储备-aigc-51,0.00,5,0,0.00,0.00,0.00,,,
2026-10-03,14365990471,CH-SC-低活-10098882079537-超级抢购-厨具-无-剪辑-转化引导-厨具-20260831-无-625-36,0.00,0,0,0.00,0.00,0.00,快手重复素材|快手非低质素材|福利价,,
2026-10-03,14488301363,信息流-小牛-大月饼-三方主体-代运营-新人福利价-260914-10163022037983-内部实时跑量-625-33,0.00,1,0,0.00,0.00,0.00,福利价/无价格|考古加素材混剪,,
2026-10-03,14516518956,CH-SC-低活-10113209119177-超级抢购-电动车-无-剪辑-转化引导-电动车-260907-无-625-11,0.00,1,0,0.00,0.00,0.00,心如|福利价,,
2026-10-03,14631533480,CH-SC-广义新-10149027879570-新综合频道-生鲜-京喜拉新-剪辑-转化引导-10122178732943-20260921-反向-625-头条储备-32,0.00,11,0,0.00,0.00,0.00,,,
2026-10-03,13125483830,荣耀-XN-金融-通用-壁纸-混剪-纯AIGC-260422-625-9,0.00,0,0,0.00,0.00,0.00,,,
2026-10-03,14372729671,信息流-小牛-旋转支架-三方主体-代运营-新人福利价-260903-10112643484929-内部实时跑量-625-28,0.00,5,0,0.00,0.00,0.00,原生|福利价/无价格|考古加素材混剪,,
2026-10-03,14422162495,信息流-小牛-骑行支架-三方主体-代运营-新人福利价-260908-10139440032542-历史爆品-625-31,0.00,0,0,0.00,0.00,0.00,福利价/无价格|考古加素材混剪,,
2026-10-03,14274411325,CH-SC-广义新-10136363822650-新综合频道-纸品-京喜拉新-剪辑-转化引导-纸品-20260804-无-625-aigc-7,0.00,0,0,0.00,0.00,0.00,平台AI测试/视频/一组智能体|平台一组AIGC|快手重复素材|快手非低质素材,,
2026-10-03,14562133139,CH-PRJ-采销项目-无-快手-无-无-剪辑-转化引导-无-260911-无-625-15,0.00,0,0,0.00,0.00,0.00,,,
2026-10-03,14529786185,信息流-小牛-停车号码牌-三方主体-代运营-新人福利价-260917-10203964359828-内部实时跑量-625-35,0.00,1,0,0.00,0.00,0.00,,,
2026-10-03,14631531874,CH-SC-广义新-10149027879570-新综合频道-生鲜-京喜拉新-剪辑-转化引导-10122178732943-20260921-反向-625-头条储备-55,0.00,9,0,0.00,0.00,0.00,,,
2026-10-03,14631554401,CH-SC-广义新-10122178732943-新综合频道-生鲜-京喜拉新-剪辑-转化引导-10122178732943-20260921-反向-625-头条储备-50,0.00,3,0,0.00,0.00,0.00,,,
2026-10-03,14631519538,CH-SC-低活-10139440032542-超级抢购-运动户外-无-剪辑-转化引导-运动户外-260927-无-625-头条储备-79,0.00,1,0,0.00,0.00,0.00,,,
2026-10-03,14631537599,CH-SC-广义新-10207004632704 -新综合频道-厨具-京喜拉新-剪辑-转化引导-厨具-20260921-无-625-头条储备-aigc-22,0.00,2,0,0.00,0.00,0.00,,,
2026-10-03,14631563977,CH-SC-广义新-10122178732943-新综合频道-生鲜-京喜拉新-剪辑-转化引导-10122178732943-20260921-反向-625-头条储备-12,0.00,3,0,0.00,0.00,0.00,,,
2026-10-03,14631528792,CH-SC-广义新-10134706997811-新综合频道-手机通讯-京喜拉新-剪辑-转化引导-手机通讯-20260921-反向-625-头条储备-aigc-60,0.00,2,0,0.00,0.00,0.00,,,
2026-10-03,14631538951,CH-SC-广义新-10207004632704 -新综合频道-厨具-京喜拉新-剪辑-转化引导-厨具-20260921-无-625-头条储备-aigc-16,0.00,1,0,0.00,0.00,0.00,,,
2026-10-03,14049376624,CH-SC-低活-10178946597305-超级抢购-厨具-无-剪辑-转化引导-厨具-20260728-无-625-aigc-12,0.00,1,0,0.00,0.00,0.00,平台一组AIGC|心如|快手重复素材|快手非低质素材|福利价|腾讯首发素材,,
2026-10-03,14643141004,信息流-小牛-咸鸭蛋-三方主体-代运营-新人福利价-260909-10172188378015-内部实时跑量-625-头条储备-15,0.00,1,0,0.00,0.00,0.00,,,
2026-10-03,14631536365,CH-SC-广义新-10207004632704 -新综合频道-厨具-京喜拉新-剪辑-转化引导-厨具-20260921-无-625-头条储备-aigc-37,0.00,1,0,0.00,0.00,0.00,,,
2026-10-03,14631531366,CH-SC-广义新-10149027879570-新综合频道-生鲜-京喜拉新-剪辑-转化引导-10122178732943-20260921-反向-625-头条储备-54,0.00,1,0,0.00,0.00,0.00,,,
2026-10-03,14631531156,CH-SC-广义新-10149027879570-新综合频道-生鲜-京喜拉新-剪辑-转化引导-10122178732943-20260921-反向-625-头条储备-58,0.00,5,0,0.00,0.00,0.00,,,
2026-10-03,14131428966,CH-SC-低活-10168329751492-超级抢购-生鲜-无-剪辑-转化引导-生鲜-20260807-无-625-6,0.00,0,0,0.00,0.00,0.00,心如|快手重复素材|快手非低质素材,,
2026-10-03,14247664117,信息流-小牛-旋转手机支架-三方主体-代运营-新人福利价-0821-10112643484929-内部实时跑量-625-21,0.00,2,0,0.00,0.00,0.00,有米云素材混剪|福利价/无价格|腾讯首发素材,,
2026-10-03,14631529548,CH-SC-广义新-10134706997811-新综合频道-手机通讯-京喜拉新-剪辑-转化引导-手机通讯-20260921-反向-625-头条储备-aigc-32,0.00,7,0,0.00,0.00,0.00,,,
2026-10-03,13179733873,荣耀-XN-金融-通用-壁纸-混剪-纯AIGC-26030-625-33,0.00,0,0,0.00,0.00,0.00,,,
2026-10-03,14631531783,CH-SC-广义新-10149027879570-新综合频道-生鲜-京喜拉新-剪辑-转化引导-10122178732943-20260921-反向-625-头条储备-53,0.00,9,0,0.00,0.00,0.00,,,
2026-10-03,14422218206,信息流-小牛-小蜜桃-三方主体-代运营-新人福利价-260908-10231541696811 -深海货盘-625-17,0.00,3,0,0.00,0.00,0.00,福利价/无价格|考古加素材混剪,,
2026-10-03,14631534181,CH-SC-广义新-10149027879570-新综合频道-生鲜-京喜拉新-剪辑-转化引导-10122178732943-20260921-反向-625-头条储备-31,0.00,3,0,0.00,0.00,0.00,,,
2026-10-03,14487659251,信息流-小牛-毛毯-三方主体-代运营-新人福利价-260914-10146450179286-商务选品-625-40,0.00,2,0,0.00,0.00,0.00,快手原创素材|快手非低质素材|福利价/无价格,,
2026-10-03,14444485842,信息流-小牛-陶瓷碗-三方主体-代运营-新人1分钱-260910-10129451028601-商务选品-625-52,0.00,3,0,0.00,0.00,0.00,快手原创素材|快手非低质素材|福利价/无价格,,
2026-10-03,14631530988,CH-SC-广义新-10134706997811-新综合频道-手机通讯-京喜拉新-剪辑-转化引导-手机通讯-20260921-反向-625-头条储备-aigc-12,0.00,1,0,0.00,0.00,0.00,,,
2026-10-03,14463713213,CH-SC-低活-10223570717754-超级抢购-生鲜-无-剪辑-转化引导-生鲜-260903-无-625-15,0.00,2,0,0.00,0.00,0.00,心如|福利价|腾讯首发素材,,
2026-10-03,14631538914,CH-SC-广义新-10207004632704 -新综合频道-厨具-京喜拉新-剪辑-转化引导-厨具-20260921-无-625-头条储备-aigc-15,0.00,1,0,0.00,0.00,0.00,,,
2026-10-03,14631558504,CH-SC-广义新-10122178732943-新综合频道-生鲜-京喜拉新-剪辑-转化引导-10122178732943-20260921-反向-625-头条储备-35,0.00,14,0,0.00,0.00,0.00,,,
2026-10-03,14631535404,CH-SC-广义新-10149027879570-新综合频道-生鲜-京喜拉新-剪辑-转化引导-10122178732943-20260921-反向-625-头条储备-18,0.00,2,0,0.00,0.00,0.00,,,
2026-10-03,14631532854,CH-SC-广义新-10149027879570-新综合频道-生鲜-京喜拉新-剪辑-转化引导-10122178732943-20260921-反向-625-头条储备-39,0.00,2,0,0.00,0.00,0.00,,,
2026-10-03,14407751684,CH-SC-广义新-10129955889557-新综合频道-厨具-京喜拉新-剪辑-转化引导-厨具-260904-反向-625-13,0.00,1,0,0.00,0.00,0.00,无价格,,
2026-10-03,14444460280,信息流-小牛-陶瓷碗-三方主体-代运营-新人1分钱-260910-10129451028601-商务选品-625-7,0.00,1,0,0.00,0.00,0.00,福利价/无价格,,
2026-10-03,14092640976,信息流-小牛-维达纸巾-三方主体-代运营-新人福利价-0806-100166352003-大盘实时跑量-625-33,0.00,1,0,0.00,0.00,0.00,头条/京东标点/有量素材混剪|福利价/无价格,,
2026-10-03,14631541738,CH-SC-广义新-10139440032542-新综合频道-运动户外-京喜拉新-剪辑-转化引导-运动户外-20260927-无-625-86,0.00,5,0,0.00,0.00,0.00,,,
2026-10-03,14631535741,CH-SC-广义新-10149027879570-新综合频道-生鲜-京喜拉新-剪辑-转化引导-10122178732943-20260921-反向-625-头条储备-11,0.00,7,0,0.00,0.00,0.00,,,
2026-10-03,14383820887,CH-SC-低活-10129955889557-超级抢购-厨具-无-剪辑-转化引导-厨具-260901-无-625-5,0.00,1,0,0.00,0.00,0.00,福利价,,
2026-10-03,14643117290,信息流-小牛-维达抽纸-三方主体-代运营-新人福利价-260909-100166352003-内部实时跑量-625-头条储备-8,0.00,1,0,0.00,0.00,0.00,,,
2026-10-03,14631532299,CH-SC-广义新-10149027879570-新综合频道-生鲜-京喜拉新-剪辑-转化引导-10122178732943-20260921-反向-625-头条储备-45,0.00,10,0,0.00,0.00,0.00,,,
2026-10-03,13471070287,CH-SC-广义新-10136363822650-新综合频道-家庭清洁-京喜拉新-剪辑-转化引导-家庭清洁-20260602-反向-625-3,0.00,0,0,0.00,0.00,0.00,广义新头条|快手重复素材|快手非低质素材|腾讯首发素材,,
2026-10-03,14631528752,CH-SC-广义新-10134706997811-新综合频道-手机通讯-京喜拉新-剪辑-转化引导-手机通讯-20260921-反向-625-头条储备-aigc-63,0.00,2,0,0.00,0.00,0.00,,,
2026-10-03,14562126024,CH-PRJ-采销项目-无-快手-无-无-剪辑-转化引导-无-260911-无-625-3,0.00,0,0,0.00,2.00,0.00,,,
2026-10-04,14033674081,信息流-小牛-折叠椅-京东主体-代运营-新人福利价-0731-10183713190151-设计自选-625-8,6341.76,676578,13470,37.09,171.00,1.99,福利价/无价格,,
2026-10-04,14095132360,CH-SC-广义新-10136363822650-新综合频道-纸品-京喜拉新-剪辑-转化引导-纸品-20260804-无-625-13,4165.30,322158,38661,51.42,81.00,12.00,平台AI测试/视频/一组智能体|平台一组AIGC|广义新头条|快手重复素材|快手非低质素材|腾讯首发素材,,
2026-10-04,13846397896,CH-SC-低活-10112643484929-超级抢购-手机通讯-无-剪辑-转化引导-手机通讯-20260708-无-625-aigc-1,1355.01,78083,829,30.80,44.00,1.06,DHX扒起量0706|平台一组AIGC|心如|快手重复素材|快手非低质素材|福利价|腾讯首发素材,,
2026-10-04,14029064982,信息流-小牛-折叠椅-三方主体-代运营-新人福利价-0731-10183713190151-大盘扒改-625-1,1096.67,141674,2995,20.69,53.00,2.11,大盘扒改|福利价/无价格,,
2026-10-04,13873191026,CH-SC-低活-10140917922437-超级抢购-家庭清洁-无-剪辑-转化引导-家庭清洁-20260709-无-625-aigc-2,873.85,37350,1011,20.81,42.00,2.71,平台一组AIGC|心如|快手重复素材|快手非低质素材|福利价|腾讯首发素材,,
2026-10-04,13145024268,荣耀-XN-影音娱乐-通用-萌宠-混剪-260424-625-10,697.23,109354,26250,2.21,315.00,24.00,,,
2026-10-04,14487659517,信息流-小牛-毛毯-三方主体-代运营-新人福利价-260914-10146450179286-商务选品-625-43,675.87,68030,1191,20.48,33.00,1.75,快手原创素材|快手非低质素材|福利价/无价格,,
2026-10-04,14535550616,信息流-小牛-打火机-三方主体-代运营-新人福利价-260918-10162692688878-内部实时跑量-625-7,621.20,66906,1124,34.51,18.00,1.68,,,
2026-10-04,14309304111,信息流-小牛-工具箱-三方主体-代运营-新人福利价-260827-10114015186364-内部实时跑量-625-aigc-38,560.11,27552,629,56.01,10.00,2.28,平台一组AIGC|福利价/无价格|考古加素材混剪,,
2026-10-04,13603383616,CH-SC-低活-10217740550325-超级抢购加补-箱包皮具-无-剪辑-转化引导-箱包皮具-20260617-无-625-aigc-5,532.37,36271,951,53.24,10.00,2.62,加补1分钱|平台一组AIGC|心如|快手重复素材|快手非低质素材|腾讯首发素材,,
2026-10-04,13685269854,CH-SC-低活-10233824843150-超级抢购加补-生活日用-无-剪辑-转化引导-生活日用-20260626-无-625-aigc-15,482.43,20477,562,16.64,29.00,2.74,平台一组AIGC|心如|快手重复素材|快手非低质素材|福利价|腾讯首发素材,,
2026-10-04,14535548298,信息流-小牛-打火机-三方主体-代运营-新人福利价-260918-10162692688878-内部实时跑量-625-9,321.31,18568,516,29.21,11.00,2.78,,,
2026-10-04,14299137400,CH-PRJ-采销项目-无-快手-无-无-剪辑-转化引导-无-260825-无-625-5,298.56,3184,2694,0.12,2443.00,84.61,快手重复素材|快手非低质素材,,
2026-10-04,14318965135,CH-PRJ-采销项目-无-快手-无-无-剪辑-转化引导-无-260826-无-625-4,297.56,2541,2175,0.15,1950.00,85.60,快手重复素材|快手非低质素材,,
2026-10-04,13486885202,CH-SC-广义新-无-新10元话费券-10元话费券-京喜拉新-剪辑-转化引导-10元话费券-20260605-无-625-4,258.23,10615,887,36.89,7.00,8.36,快手重复素材|快手非低质素材|腾讯首发素材,,
2026-10-04,13846375083,CH-SC-低活-10112643484929-超级抢购-手机通讯-无-剪辑-转化引导-手机通讯-20260708-无-625-aigc-6,255.61,18448,132,51.12,5.00,0.72,DHX扒起量0706|平台一组AIGC|心如|快手重复素材|快手非低质素材|福利价,,
2026-10-04,14319047409,CH-SC-低活-10140917922437-超级抢购-家庭清洁-无-剪辑-转化引导-家庭清洁-20260820-无-625-aigc-8,227.09,8600,1544,28.39,8.00,17.95,平台一组AIGC|心如|快手原创素材|快手非低质素材|福利价|腾讯首发素材,,
2026-10-04,14422248290,信息流-小牛-真空袋-三方主体-代运营-新人福利价-260908-10212584519594-内部实时跑量-625-53,202.90,20449,711,28.99,7.00,3.48,福利价/无价格|考古加素材混剪|腾讯首发素材,,
2026-10-04,14422220800,信息流-小牛-小蜜桃-三方主体-代运营-新人福利价-260908-10231541696811 -深海货盘-625-10,192.87,21581,470,8.04,24.00,2.18,福利价/无价格|考古加素材混剪,,
2026-10-04,14516513717,CH-SC-低活-10113209119177-超级抢购-电动车-无-剪辑-转化引导-电动车-260907-无-625-22,183.31,7302,1120,0.00,0.00,15.34,心如|福利价,,
2026-10-04,14516516813,CH-SC-低活-10113209119177-超级抢购-电动车-无-剪辑-转化引导-电动车-260907-无-625-13,179.73,15380,918,0.00,0.00,5.97,心如|福利价,,
2026-10-04,14486253331,信息流-小牛-毛毯-三方主体-代运营-新人福利价-260914-10146450179286-商务选品-625-18,149.87,8714,186,74.94,2.00,2.13,快手原创素材|快手非低质素材|福利价/无价格,,
2026-10-04,14318981628,CH-SC-广义新-10146456039187-新综合频道-纸品-京喜拉新-剪辑-转化引导-纸品-260827-无-625-aigc-6,149.56,8660,1349,49.85,3.00,15.58,平台AI测试/视频/一组智能体|平台一组AIGC|快手重复素材|快手非低质素材,,
2026-10-04,14374685119,信息流-小牛-苹果-三方主体-代运营-新人福利价-260903-10186710590960-历史爆品-625-42,121.41,20986,235,121.41,1.00,1.12,原生|福利价/无价格|考古加素材混剪,,
2026-10-04,14422246925,信息流-小牛-真空袋-三方主体-代运营-新人福利价-260908-10212584519594-内部实时跑量-625-54,119.85,44144,1423,14.98,8.00,3.22,福利价/无价格|考古加素材混剪|腾讯首发素材,,
2026-10-04,13603317054,CH-SC-广义新-10118706992345-新综合频道-纸品-无-剪辑-转化引导-纸品-20260617-无-625-aigc-8,112.20,38848,35088,0.76,147.00,90.32,平台一组AIGC|广义新头条|快手原创素材|快手非低质素材,,
2026-10-04,14488283013,信息流-小牛-大月饼-三方主体-代运营-新人福利价-260914-10163022037983-内部实时跑量-625-42,110.00,17429,297,110.00,1.00,1.70,福利价/无价格|考古加素材混剪,,
2026-10-04,14422273114,信息流-小牛-真空袋-三方主体-代运营-新人福利价-260908-10212584519594-内部实时跑量-625-25,103.77,6052,215,25.94,4.00,3.55,福利价/无价格|考古加素材混剪,,
2026-10-04,14319042692,CH-SC-低活-10140917922437-超级抢购-家庭清洁-无-剪辑-转化引导-家庭清洁-20260820-无-625-aigc-25,99.24,2047,140,33.08,3.00,6.84,平台一组AIGC|心如|快手重复素材|快手非低质素材|福利价|腾讯首发素材,,
2026-10-04,14488318517,信息流-小牛-大月饼-三方主体-代运营-新人福利价-260914-10163022037983-内部实时跑量-625-25,96.73,13023,235,48.37,2.00,1.80,福利价/无价格|考古加素材混剪,,
2026-10-04,14309355419,信息流-小牛-工具箱-三方主体-代运营-新人福利价-260827-10114015186364-内部实时跑量-625-aigc-1,93.72,8978,159,0.00,0.00,1.77,平台一组AIGC|福利价/无价格|考古加素材混剪,,
2026-10-04,14422193816,信息流-小牛-小蜜桃-三方主体-代运营-新人福利价-260908-10231541696811 -深海货盘-625-6,92.90,17900,615,9.29,10.00,3.44,福利价/无价格|考古加素材混剪,,
2026-10-04,14422210490,信息流-小牛-小蜜桃-三方主体-代运营-新人福利价-260908-10231541696811 -深海货盘-625-27,92.35,7824,249,8.40,11.00,3.18,福利价/无价格|考古加素材混剪,,
2026-10-04,13846015115,CH-SC-广义新-10140917922437-新综合频道-家庭清洁-京喜拉新-剪辑-转化引导-家庭清洁-20260710-无-625-aigc-11,91.40,4822,877,45.70,2.00,18.19,平台一组AIGC|广义新头条|心如|快手原创素材|快手非低质素材|无价格|腾讯首发素材,,
2026-10-04,14374704763,信息流-小牛-苹果-三方主体-代运营-新人福利价-260903-10186710590960-历史爆品-625-21,87.44,4505,122,10.93,8.00,2.71,原生|福利价/无价格|考古加素材混剪,,
2026-10-04,13522213672,CH-SC-低活-10113209119177-超级抢购加补-电动车-无-剪辑-转化引导-电动车-20260609-无-625-aigc-8,79.42,5391,1101,11.35,7.00,20.42,DHX扒起量0608|不对版！！|平台一组AIGC|心如|快手重复素材|快手非低质素材,,
2026-10-04,13614624623,CH-SC-广义新-10134479334759-新综合频道-钟表眼镜-京喜拉新-剪辑-转化引导-钟表眼镜-20260618-无-625-aigc-7,72.44,2633,181,36.22,2.00,6.87,平台一组AIGC|快手重复素材|快手非低质素材|腾讯首发素材,,
2026-10-04,14238399476,信息流-小牛-雨伞-三方主体-代运营-新人福利价-0820-10130866966155-内部实时跑量-625-17,68.66,2731,100,17.17,4.00,3.66,有米云素材混剪|福利价/无价格|腾讯首发素材,,
2026-10-04,14554168487,CH-SC-低活-10096167203452-超级抢购-纸品-大商超-剪辑-转化引导-纸品-260917-无-625-19,67.34,14965,14894,0.80,84.00,99.53,,,
2026-10-04,14535553809,信息流-小牛-打火机-三方主体-代运营-新人福利价-260918-10162692688878-内部实时跑量-625-2,65.84,3459,106,0.00,0.00,3.06,,,
2026-10-04,14086782805,信息流-小牛-陶瓷碗-三方主体-代运营-新人福利价-0806-10129451028601-客户推品-625-1,65.72,10263,157,21.91,3.00,1.53,客供|福利价/无价格,,
2026-10-04,14486276654,信息流-小牛-毛毯-三方主体-代运营-新人福利价-260914-10146450179286-商务选品-625-30,60.91,4119,117,60.91,1.00,2.84,快手原创素材|快手非低质素材|福利价/无价格,,
2026-10-04,14631527482,CH-SC-低活-10100542418506-超级抢购-生活日用-无-剪辑-转化引导-生活日用-260921-无-625-头条储备-44,59.84,3592,42,0.00,0.00,1.17,,,
2026-10-04,14422171762,信息流-小牛-骑行支架-三方主体-代运营-新人福利价-260908-10139440032542-历史爆品-625-24,56.91,4642,70,0.00,0.00,1.51,福利价/无价格|考古加素材混剪,,
2026-10-04,14033673840,信息流-小牛-折叠椅-京东主体-代运营-新人福利价-0731-10183713190151-设计自选-625-10,54.44,6232,160,18.15,3.00,2.57,福利价/无价格,,
2026-10-04,14535568614,信息流-小牛-打火机-三方主体-代运营-新人福利价-260918-10162692688878-内部实时跑量-625-56,53.28,8258,104,13.32,4.00,1.26,,,
2026-10-04,14422196886,信息流-小牛-小蜜桃-三方主体-代运营-新人福利价-260908-10231541696811 -深海货盘-625-5,52.82,3188,209,0.00,0.00,6.56,福利价/无价格|考古加素材混剪,,
2026-10-04,14092641967,信息流-小牛-维达纸巾-三方主体-代运营-新人福利价-0806-100166352003-大盘实时跑量-625-38,52.68,2360,85,0.00,0.00,3.60,头条/京东标点/有量素材混剪|福利价/无价格,,
2026-10-04,14422196839,信息流-小牛-小蜜桃-三方主体-代运营-新人福利价-260908-10231541696811 -深海货盘-625-50,52.09,5793,189,0.00,0.00,3.26,福利价/无价格|考古加素材混剪,,
2026-10-04,14319048822,CH-SC-广义新-10118706992345-新综合频道-纸品 -京喜拉新-剪辑-转化引导-纸品 -260827-无-625-aigc-8,50.79,5256,778,25.40,2.00,14.80,平台AI测试/视频/一组智能体|平台一组AIGC|快手原创素材|快手非低质素材|腾讯首发素材,,
2026-10-04,14374705055,信息流-小牛-苹果-三方主体-代运营-新人福利价-260903-10186710590960-历史爆品-625-23,47.98,6334,147,47.98,1.00,2.32,原生|福利价/无价格|考古加素材混剪,,
2026-10-04,14486259267,信息流-小牛-毛毯-三方主体-代运营-新人福利价-260914-10146450179286-商务选品-625-15,46.48,5695,275,11.62,4.00,4.83,快手原创素材|快手非低质素材|福利价/无价格,,
2026-10-04,14535548647,信息流-小牛-打火机-三方主体-代运营-新人福利价-260918-10162692688878-内部实时跑量-625-10,44.35,1405,60,0.00,0.00,4.27,,,
2026-10-04,14095134373,CH-SC-广义新-10136363822650-新综合频道-纸品-京喜拉新-剪辑-转化引导-纸品-20260804-无-625-16,43.85,4179,462,43.85,1.00,11.06,广义新头条|快手重复素材|快手非低质素材|腾讯首发素材,,
2026-10-04,13559845061,CH-PRJ-采销项目-10204138700158-快手安卓-外卖美食-无-剪辑-转化引导-外卖美食-20260612-无-625-9,42.69,582,463,0.15,292.00,79.55,快手重复素材|快手非低质素材,,
2026-10-04,14422258109,信息流-小牛-真空袋-三方主体-代运营-新人福利价-260908-10212584519594-内部实时跑量-625-41,42.64,4713,65,0.00,0.00,1.38,福利价/无价格|考古加素材混剪,,
2026-10-04,14422271056,信息流-小牛-真空袋-三方主体-代运营-新人福利价-260908-10212584519594-内部实时跑量-625-26,41.93,3873,93,13.98,3.00,2.40,福利价/无价格|考古加素材混剪,,
2026-10-04,14377778495,信息流-小牛-推车置物架-三方主体-代运营-新人福利价-260903-10095828488136-大盘实时跑量-625-35,41.61,2518,40,0.00,0.00,1.59,原生|福利价/无价格,,
2026-10-04,14516515440,CH-SC-低活-10113209119177-超级抢购-电动车-无-剪辑-转化引导-电动车-260907-无-625-17,39.07,1197,315,0.00,0.00,26.32,心如|福利价,,
2026-10-04,14033668127,信息流-小牛-折叠椅-京东主体-代运营-新人福利价-0731-10183713190151-设计自选-625-1,38.84,3293,86,0.00,0.00,2.61,福利价/无价格,,
2026-10-04,14535539490,信息流-小牛-打火机-三方主体-代运营-新人福利价-260918-10162692688878-内部实时跑量-625-17,36.65,2670,88,0.00,0.00,3.30,,,
2026-10-04,14086782388,信息流-小牛-陶瓷碗-三方主体-代运营-新人福利价-0806-10129451028601-客户推品-625-4,33.94,8413,159,16.97,2.00,1.89,客供|福利价/无价格,,
2026-10-04,14562134189,CH-PRJ-采销项目-无-快手-无-无-剪辑-转化引导-无-260911-无-625-12,33.93,742,116,4.85,7.00,15.63,,,
2026-10-04,14535556657,信息流-小牛-打火机-三方主体-代运营-新人福利价-260918-10162692688878-内部实时跑量-625-64,32.67,3189,65,16.34,2.00,2.04,,,
2026-10-04,14444502883,信息流-小牛-陶瓷碗-三方主体-代运营-新人1分钱-260910-10129451028601-商务选品-625-43,31.23,2608,46,0.00,0.00,1.76,快手原创素材|快手非低质素材|福利价/无价格,,
2026-10-04,14374705382,信息流-小牛-苹果-三方主体-代运营-新人福利价-260903-10186710590960-历史爆品-625-22,30.52,2368,51,30.52,1.00,2.15,原生|福利价/无价格|考古加素材混剪,,
2026-10-04,14318983392,CH-SC-广义新-10146456039187-新综合频道-纸品-京喜拉新-剪辑-转化引导-纸品-260827-无-625-aigc-2,30.47,2746,321,0.00,0.00,11.69,平台AI测试/视频/一组智能体|平台一组AIGC|快手重复素材|快手非低质素材,,
2026-10-04,14516318263,CH-SC-低活-10176978592631-超级抢购-家具-无-剪辑-转化引导-家具-260915-无-625-19,28.11,2302,55,0.00,0.00,2.39,心如|福利价,,
2026-10-04,14488233708,信息流-小牛-大月饼-三方主体-代运营-新人福利价-260914-10163022037983-内部实时跑量-625-5,25.55,3395,64,0.00,0.00,1.89,福利价/无价格|考古加素材混剪,,
2026-10-04,14422209845,信息流-小牛-小蜜桃-三方主体-代运营-新人福利价-260908-10231541696811 -深海货盘-625-28,25.52,1806,76,0.00,0.00,4.21,福利价/无价格|考古加素材混剪,,
2026-10-04,14535530355,信息流-小牛-打火机-三方主体-代运营-新人福利价-260918-10162692688878-内部实时跑量-625-24,25.48,1512,51,12.74,2.00,3.37,,,
2026-10-04,14535553937,信息流-小牛-打火机-三方主体-代运营-新人福利价-260918-10162692688878-内部实时跑量-625-3,25.36,1004,36,25.36,1.00,3.59,,,
2026-10-04,14535557016,信息流-小牛-打火机-三方主体-代运营-新人福利价-260918-10162692688878-内部实时跑量-625-65,25.15,2169,74,0.00,0.00,3.41,,,
2026-10-04,14516356407,CH-SC-低活-10118706992348-超级抢购加补-纸品-无-剪辑-转化引导-纸品-260914-无-625-50,24.89,247,129,0.00,0.00,52.23,心如,,
2026-10-04,14422223090,信息流-小牛-小蜜桃-三方主体-代运营-新人福利价-260908-10231541696811 -深海货盘-625-1,24.53,2681,63,0.00,0.00,2.35,福利价/无价格|考古加素材混剪,,
2026-10-04,13939939358,CH-SC-广义新-10150604147722-新综合频道-箱包皮具-京喜拉新-剪辑-转化引导-箱包皮具-20260720-反向-625-11,24.50,12433,12231,0.70,35.00,98.38,广义新头条|心如|快手重复素材|快手非低质素材,,
2026-10-04,14422276750,信息流-小牛-真空袋-三方主体-代运营-新人福利价-260908-10212584519594-内部实时跑量-625-2,24.40,1649,46,12.20,2.00,2.79,福利价/无价格|考古加素材混剪,,
2026-10-04,14535548396,信息流-小牛-打火机-三方主体-代运营-新人福利价-260918-10162692688878-内部实时跑量-625-8,23.64,2092,50,23.64,1.00,2.39,,,
2026-10-04,14319046111,CH-SC-低活-10140917922437-超级抢购-家庭清洁-无-剪辑-转化引导-家庭清洁-20260820-无-625-aigc-12,23.52,22040,44,0.00,0.00,0.20,平台AI测试/视频/一组智能体|平台一组AIGC|心如|快手原创素材|快手非低质素材|福利价,,
2026-10-04,14488250135,信息流-小牛-大月饼-三方主体-代运营-新人福利价-260914-10163022037983-内部实时跑量-625-aigc-9,21.75,5522,68,0.00,0.00,1.23,福利价/无价格|考古加素材混剪,,
2026-10-04,14487657915,信息流-小牛-毛毯-三方主体-代运营-新人福利价-260914-10146450179286-商务选品-625-42,21.48,3409,129,7.16,3.00,3.78,快手原创素材|快手非低质素材|福利价/无价格,,
2026-10-04,14562126382,CH-PRJ-采销项目-无-快手-无-无-剪辑-转化引导-无-260911-无-625-28,21.46,212,202,0.12,182.00,95.28,,,
2026-10-04,13614625693,CH-SC-广义新-10134479334759-新综合频道-钟表眼镜-京喜拉新-剪辑-转化引导-钟表眼镜-20260618-无-625-aigc-8,20.92,974,116,20.92,1.00,11.91,平台一组AIGC|快手重复素材|快手非低质素材|腾讯首发素材,,
2026-10-04,13873198936,CH-SC-低活-10140917922437-超级抢购-家庭清洁-无-剪辑-转化引导-家庭清洁-20260709-无-625-aigc-9,20.36,1052,81,10.18,2.00,7.70,平台一组AIGC|心如|快手重复素材|快手非低质素材|福利价|腾讯首发素材,,
2026-10-04,14488260041,信息流-小牛-大月饼-三方主体-代运营-新人福利价-260914-10163022037983-内部实时跑量-625-aigc-6,20.09,1536,54,0.00,0.00,3.52,福利价/无价格|考古加素材混剪,,
2026-10-04,14535547463,信息流-小牛-打火机-三方主体-代运营-新人福利价-260918-10162692688878-内部实时跑量-625-11,19.62,1264,41,0.00,0.00,3.24,,,
2026-10-04,14516362987,CH-SC-低活-10118706992348-超级抢购加补-纸品-无-剪辑-转化引导-纸品-260914-无-625-27,19.30,176,76,19.30,1.00,43.18,心如,,
2026-10-04,14529796870,信息流-小牛-停车号码牌-三方主体-代运营-新人福利价-260917-10203964359828-内部实时跑量-625-20,19.12,1936,22,19.12,1.00,1.14,,,
2026-10-04,14050217042,CH-SC-广义新-10187000434970-新综合频道-厨具-京喜拉新-剪辑-转化引导-厨具-20260730-无-625-7,19.00,4004,124,6.33,3.00,3.10,广义新头条|心如|快手重复素材|快手非低质素材|腾讯首发素材,,
2026-10-04,14535590075,信息流-小牛-打火机-三方主体-代运营-新人福利价-260918-10162692688878-内部实时跑量-625-30,18.99,1542,33,0.00,0.00,2.14,,,
2026-10-04,14535559347,信息流-小牛-打火机-三方主体-代运营-新人福利价-260918-10162692688878-内部实时跑量-625-61,18.25,3475,58,0.00,0.00,1.67,,,
2026-10-04,14529789444,信息流-小牛-停车号码牌-三方主体-代运营-新人福利价-260917-10203964359828-内部实时跑量-625-3,18.00,1262,15,18.00,1.00,1.19,,,
2026-10-04,14516404620,CH-SC-低活-10176978592631-超级抢购-家具-无-剪辑-转化引导-家具-260915-无-625-10,17.64,869,27,0.00,0.00,3.11,心如|福利价,,
2026-10-04,14422270071,信息流-小牛-真空袋-三方主体-代运营-新人福利价-260908-10212584519594-内部实时跑量-625-27,17.55,1358,36,17.55,1.00,2.65,福利价/无价格|考古加素材混剪,,
2026-10-04,14486279638,信息流-小牛-毛毯-三方主体-代运营-新人福利价-260914-10146450179286-商务选品-625-29,15.13,1579,24,0.00,0.00,1.52,快手原创素材|快手非低质素材|福利价/无价格,,
2026-10-04,14444505842,信息流-小牛-陶瓷碗-三方主体-代运营-新人1分钱-260910-10129451028601-商务选品-625-42,15.08,1445,19,0.00,0.00,1.31,快手原创素材|快手非低质素材|福利价/无价格,,
2026-10-04,14247653929,信息流-小牛-旋转手机支架-三方主体-代运营-新人福利价-0821-10112643484929-内部实时跑量-625-8,14.88,4525,120,0.00,0.00,2.65,有米云素材混剪|福利价/无价格,,
2026-10-04,14488323904,信息流-小牛-大月饼-三方主体-代运营-新人福利价-260914-10163022037983-内部实时跑量-625-22,14.30,1440,39,0.00,0.00,2.71,福利价/无价格|考古加素材混剪,,
2026-10-04,14535544644,信息流-小牛-打火机-三方主体-代运营-新人福利价-260918-10162692688878-内部实时跑量-625-13,14.02,821,22,0.00,0.00,2.68,,,
2026-10-04,14486255452,信息流-小牛-毛毯-三方主体-代运营-新人福利价-260914-10146450179286-商务选品-625-16,13.99,1734,61,4.66,3.00,3.52,快手原创素材|快手非低质素材|福利价/无价格,,
2026-10-04,13559844692,CH-PRJ-采销项目-10204138700158-快手安卓-外卖美食-无-剪辑-转化引导-外卖美食-20260612-无-625-7,13.19,202,139,0.13,102.00,68.81,快手重复素材|快手非低质素材,,
2026-10-04,14086787831,信息流-小牛-陶瓷碗-三方主体-代运营-新人福利价-0806-10129451028601-客户推品-625-2,12.81,7692,124,0.00,0.00,1.61,客供|福利价/无价格,,
2026-10-04,14374709639,信息流-小牛-苹果-三方主体-代运营-新人福利价-260903-10186710590960-历史爆品-625-17,12.13,1651,36,0.00,0.00,2.18,原生|福利价/无价格|考古加素材混剪,,
2026-10-04,14535590827,信息流-小牛-打火机-三方主体-代运营-新人福利价-260918-10162692688878-内部实时跑量-625-28,12.10,790,14,0.00,0.00,1.77,,,
2026-10-04,13486893253,CH-SC-广义新-无-新10元话费券-10元话费券-京喜拉新-剪辑-转化引导-10元话费券-20260605-无-625-18,11.89,242,92,0.00,0.00,38.02,快手原创素材|快手非低质素材,,
2026-10-04,14535543360,信息流-小牛-打火机-三方主体-代运营-新人福利价-260918-10162692688878-内部实时跑量-625-14,11.36,618,26,11.36,1.00,4.21,,,
2026-10-04,14516403810,CH-SC-低活-10176978592631-超级抢购-家具-无-剪辑-转化引导-家具-260915-无-625-11,11.30,460,14,5.65,2.00,3.04,心如|福利价,,
2026-10-04,14535561616,信息流-小牛-打火机-三方主体-代运营-新人福利价-260918-10162692688878-内部实时跑量-625-62,11.18,1769,33,5.59,2.00,1.87,,,
2026-10-04,14488285372,信息流-小牛-大月饼-三方主体-代运营-新人福利价-260914-10163022037983-内部实时跑量-625-41,10.99,1055,24,5.50,2.00,2.27,福利价/无价格|考古加素材混剪,,
2026-10-04,14535589632,信息流-小牛-打火机-三方主体-代运营-新人福利价-260918-10162692688878-内部实时跑量-625-29,10.90,1281,26,0.00,0.00,2.03,,,
2026-10-04,13125484685,荣耀-XN-金融-通用-壁纸-混剪-纯AIGC-260422-625-13,10.86,70,11,3.62,3.00,15.71,,,
2026-10-04,14488342221,信息流-小牛-大月饼-三方主体-代运营-新人福利价-260914-10163022037983-内部实时跑量-625-9,10.50,1597,57,10.50,1.00,3.57,福利价/无价格|考古加素材混剪,,
2026-10-04,14033673881,信息流-小牛-折叠椅-京东主体-代运营-新人福利价-0731-10183713190151-设计自选-625-9,10.32,559,31,5.16,2.00,5.55,福利价/无价格,,
2026-10-04,14099191213,信息流-小牛-陶瓷碗-三方主体-代运营-新人福利价-0807-10129451028601-客户推品-625-1,10.22,4368,65,0.00,0.00,1.49,客供|福利价/无价格,,
2026-10-04,14535554502,信息流-小牛-打火机-三方主体-代运营-新人福利价-260918-10162692688878-内部实时跑量-625-66,10.10,435,9,0.00,0.00,2.07,,,
2026-10-04,14486256691,信息流-小牛-毛毯-三方主体-代运营-新人福利价-260914-10146450179286-商务选品-625-14,9.93,555,17,9.93,1.00,3.06,快手原创素材|快手非低质素材|福利价/无价格,,
2026-10-04,14197432726,CH-SC-低活-10199184867564-外卖1分购-外卖美食-无-剪辑-转化引导-外卖美食-20260810-无-625-14,9.89,341,24,0.00,0.00,7.04,心如|福利价,,
2026-10-04,14535546171,信息流-小牛-打火机-三方主体-代运营-新人福利价-260918-10162692688878-内部实时跑量-625-12,9.23,681,13,9.23,1.00,1.91,,,
2026-10-04,13581450030,CH-SC-广义新-10130866966155-新综合频道-服饰内衣-京喜拉新-剪辑-转化引导-服饰内衣-20260615-反向-625-aigc-1,9.04,4494,3127,0.70,13.00,69.58,不对版！！|平台一组AIGC|广义新头条|快手重复素材|快手非低质素材|腾讯首发素材,,
2026-10-04,14529783827,信息流-小牛-停车号码牌-三方主体-代运营-新人福利价-260917-10203964359828-内部实时跑量-625-4,8.67,399,11,8.67,1.00,2.76,,,
2026-10-04,14422275891,信息流-小牛-真空袋-三方主体-代运营-新人福利价-260908-10212584519594-内部实时跑量-625-24,8.54,1339,89,0.00,0.00,6.65,福利价/无价格|考古加素材混剪,,
2026-10-04,14529797677,信息流-小牛-停车号码牌-三方主体-代运营-新人福利价-260917-10203964359828-内部实时跑量-625-19,8.14,1160,23,0.00,0.00,1.98,,,
2026-10-04,14422219317,信息流-小牛-小蜜桃-三方主体-代运营-新人福利价-260908-10231541696811 -深海货盘-625-12,8.03,884,20,0.00,0.00,2.26,福利价/无价格|考古加素材混剪,,
2026-10-04,14516446813,CH-SC-低活-10111392494770-超级抢购-收纳用品-无-剪辑-转化引导-收纳用品-20260911-无-625-5,7.85,300,7,0.00,0.00,2.33,心如|福利价,,
2026-10-04,14422195635,信息流-小牛-小蜜桃-三方主体-代运营-新人福利价-260908-10231541696811 -深海货盘-625-49,7.84,1116,21,0.00,0.00,1.88,福利价/无价格|考古加素材混剪,,
2026-10-04,14529779694,信息流-小牛-停车号码牌-三方主体-代运营-新人福利价-260917-10203964359828-内部实时跑量-625-50,7.79,284,13,0.00,0.00,4.58,,,
2026-10-04,14516415648,CH-SC-低活-10233824843150-超级抢购-收纳用品-无-剪辑-转化引导-收纳用品-260915-无-625-22,7.71,609,22,7.71,1.00,3.61,心如|福利价,,
2026-10-04,14554163462,CH-SC-低活-10096167203452-超级抢购-纸品-大商超-剪辑-转化引导-纸品-260917-无-625-11,7.60,1403,1353,1.09,7.00,96.44,,,
2026-10-04,14319045677,CH-SC-低活-10140917922437-超级抢购-家庭清洁-无-剪辑-转化引导-家庭清洁-20260820-无-625-aigc-16,7.55,4687,11,0.00,0.00,0.23,平台一组AIGC|心如|快手重复素材|快手非低质素材|福利价|腾讯首发素材,,
2026-10-04,14516368459,CH-SC-低活-10118706992348-超级抢购加补-纸品-无-剪辑-转化引导-纸品-260914-无-625-11,7.25,92,46,0.00,0.00,50.00,心如,,
2026-10-04,14422218760,信息流-小牛-小蜜桃-三方主体-代运营-新人福利价-260908-10231541696811 -深海货盘-625-15,7.10,1157,14,7.10,1.00,1.21,福利价/无价格|考古加素材混剪,,
2026-10-04,14562121259,CH-PRJ-采销项目-无-快手-无-无-剪辑-转化引导-无-260915-无-625-7,7.04,98,55,0.16,43.00,56.12,,,
2026-10-04,14516447747,CH-SC-低活-10111392494770-超级抢购-收纳用品-无-剪辑-转化引导-收纳用品-20260911-无-625-4,6.74,205,4,0.00,0.00,1.95,心如|福利价,,
2026-10-04,13957181664,信息流-小牛-保温饭盒-三方主体-代运营-新人福利价-0724-10125420247464-大盘扒改-625-3,6.72,382,31,0.00,0.00,8.12,大盘扒改|福利价/无价格,,
2026-10-04,14309351876,信息流-小牛-工具箱-三方主体-代运营-新人福利价-260827-10114015186364-内部实时跑量-625-aigc-2,6.46,762,17,0.00,0.00,2.23,平台一组AIGC|福利价/无价格|考古加素材混剪,,
2026-10-04,13846396417,CH-SC-低活-10112643484929-超级抢购-手机通讯-无-剪辑-转化引导-手机通讯-20260708-无-625-aigc-21,6.42,343,44,0.00,0.00,12.83,DHX扒起量0706|平台一组AIGC|心如|快手重复素材|快手非低质素材|福利价,,
2026-10-04,14488275783,信息流-小牛-大月饼-三方主体-代运营-新人福利价-260914-10163022037983-内部实时跑量-625-47,6.37,939,19,0.00,0.00,2.02,福利价/无价格|考古加素材混剪,,
2026-10-04,14535540774,信息流-小牛-打火机-三方主体-代运营-新人福利价-260918-10162692688878-内部实时跑量-625-16,6.33,359,14,6.33,1.00,3.90,,,
2026-10-04,14422215528,信息流-小牛-小蜜桃-三方主体-代运营-新人福利价-260908-10231541696811 -深海货盘-625-2,6.25,2493,27,6.25,1.00,1.08,福利价/无价格|考古加素材混剪,,
2026-10-04,13096002959,荣耀-XN-社交-通用-美女-混剪-纯新AIGC-260416-625-4,6.15,617,143,0.88,7.00,23.18,,,
2026-10-04,14372742082,信息流-小牛-旋转支架-三方主体-代运营-新人福利价-260903-10112643484929-内部实时跑量-625-9,5.88,215,13,0.00,0.00,6.05,原生|福利价/无价格|考古加素材混剪,,
2026-10-04,14562126024,CH-PRJ-采销项目-无-快手-无-无-剪辑-转化引导-无-260911-无-625-3,5.86,272,103,0.14,42.00,37.87,,,
2026-10-04,14554232419,CH-SC-低活-10233824843150-超级抢购-收纳用品-无-剪辑-转化引导-收纳用品-260918-无-625-24,5.75,305,7,0.00,0.00,2.30,,,
2026-10-04,14050220381,CH-SC-广义新-10187000434970-新综合频道-厨具-京喜拉新-剪辑-转化引导-厨具-20260730-无-625-12,5.70,49,14,5.70,1.00,28.57,广义新头条|心如|快手重复素材|快手非低质素材|腾讯首发素材,,
2026-10-04,14422192784,信息流-小牛-小蜜桃-三方主体-代运营-新人福利价-260908-10231541696811 -深海货盘-625-7,5.69,439,19,0.00,0.00,4.33,福利价/无价格|考古加素材混剪,,
2026-10-04,14554228899,CH-SC-低活-10140917922437-超级抢购-家庭清洁-无-剪辑-转化引导-家庭清洁-20260918-无-625-aigc-16,5.66,1820,136,0.00,0.00,7.47,,,
2026-10-04,14516446475,CH-SC-低活-10111392494770-超级抢购-收纳用品-无-剪辑-转化引导-收纳用品-20260911-无-625-6,5.59,170,2,0.00,0.00,1.18,心如|福利价,,
2026-10-04,14299135646,CH-PRJ-采销项目-无-快手-无-无-剪辑-转化引导-无-260825-无-625-7,5.46,47,25,1.37,4.00,53.19,快手重复素材|快手非低质素材,,
2026-10-04,14422274665,信息流-小牛-真空袋-三方主体-代运营-新人福利价-260908-10212584519594-内部实时跑量-625-20,5.24,201,11,0.00,0.00,5.47,福利价/无价格|考古加素材混剪,,
2026-10-04,14516359376,CH-SC-低活-10118706992348-超级抢购加补-纸品-无-剪辑-转化引导-纸品-260914-无-625-40,5.11,68,7,0.00,0.00,10.29,心如,,
2026-10-04,14422211840,信息流-小牛-小蜜桃-三方主体-代运营-新人福利价-260908-10231541696811 -深海货盘-625-3,5.11,879,35,0.00,0.00,3.98,福利价/无价格|考古加素材混剪,,
2026-10-04,14369413170,信息流-小牛-菜板-三方主体-代运营-新人福利价-260903-10155000015319-内部实时跑量-625-11,4.94,2208,51,0.00,0.00,2.31,原生|快手原创素材|快手非低质素材|福利价/无价格,,
2026-10-04,14092640964,信息流-小牛-维达纸巾-三方主体-代运营-新人福利价-0806-100166352003-大盘实时跑量-625-32,4.78,302,4,0.00,0.00,1.32,头条/京东标点/有量素材混剪|福利价/无价格,,
2026-10-04,14228306994,CH-SC-广义新-10217740550325-新综合频道-箱包皮具-京喜拉新-剪辑-转化引导-箱包皮具-20260818-无-625-aigc-16,4.70,202,1,0.00,0.00,0.50,平台一组AIGC|快手原创素材|快手非低质素材|腾讯首发素材,,
2026-10-04,13846372517,CH-SC-低活-10112643484929-超级抢购-手机通讯-无-剪辑-转化引导-手机通讯-20260708-无-625-aigc-5,4.64,119,4,0.00,0.00,3.36,DHX扒起量0706|平台一组AIGC|心如|快手重复素材|快手非低质素材|福利价,,
2026-10-04,14631526307,CH-SC-低活-10100542418506-超级抢购-生活日用-无-剪辑-转化引导-生活日用-260927-无-625-头条储备-aigc-60,4.10,117,5,4.10,1.00,4.27,,,
2026-10-04,14247658864,信息流-小牛-旋转手机支架-三方主体-代运营-新人福利价-0821-10112643484929-内部实时跑量-625-3,4.08,1265,23,0.00,0.00,1.82,有米云素材混剪|福利价/无价格|腾讯首发素材,,
2026-10-04,14369416523,信息流-小牛-菜板-三方主体-代运营-新人福利价-260903-10155000015319-内部实时跑量-625-6,4.05,596,20,0.00,0.00,3.36,原生|快手原创素材|快手非低质素材|福利价/无价格,,
2026-10-04,14092632262,信息流-小牛-西瓜-三方主体-代运营-新人福利价-0806-10215767576641-历史爆品-625-2,3.99,424,14,0.00,0.00,3.30,头条/京东标点/有量素材混剪|福利价/无价格,,
2026-10-04,13873194156,CH-SC-低活-10140917922437-超级抢购-家庭清洁-无-剪辑-转化引导-家庭清洁-20260709-无-625-aigc-5,3.98,354,4,0.00,0.00,1.13,平台一组AIGC|心如|快手重复素材|快手非低质素材|福利价|腾讯首发素材,,
2026-10-04,14529767215,信息流-小牛-停车号码牌-三方主体-代运营-新人福利价-260917-10203964359828-内部实时跑量-625-7,3.89,107,6,0.00,0.00,5.61,,,
2026-10-04,14247656476,信息流-小牛-旋转手机支架-三方主体-代运营-新人福利价-0821-10112643484929-内部实时跑量-625-4,3.77,905,31,0.00,0.00,3.43,有米云素材混剪|福利价/无价格|腾讯首发素材,,
2026-10-04,14535556841,信息流-小牛-打火机-三方主体-代运营-新人福利价-260918-10162692688878-内部实时跑量-625-1,3.75,257,1,0.00,0.00,0.39,,,
2026-10-04,14166706097,信息流-小牛-五香花生-三方主体-代运营-新人福利价-0814-10150360358365-大盘实时跑量-625-2,3.60,762,16,0.00,0.00,2.10,福利价/无价格|考古加素材混剪,,
2026-10-04,14529790599,信息流-小牛-停车号码牌-三方主体-代运营-新人福利价-260917-10203964359828-内部实时跑量-625-28,3.55,220,7,3.55,1.00,3.18,,,
2026-10-04,14369416848,信息流-小牛-菜板-三方主体-代运营-新人福利价-260903-10155000015319-内部实时跑量-625-10,3.41,642,14,0.00,0.00,2.18,原生|快手原创素材|快手非低质素材|福利价/无价格,,
2026-10-04,13846370672,CH-SC-低活-10112643484929-超级抢购-手机通讯-无-剪辑-转化引导-手机通讯-20260708-无-625-aigc-4,3.38,141,2,3.38,1.00,1.42,DHX扒起量0706|平台一组AIGC|心如|快手重复素材|快手非低质素材|福利价|腾讯首发素材,,
2026-10-04,14238406931,信息流-小牛-花洒支架-三方主体-代运营-新人福利价-0820-10116091800772-内部实时跑量-625-40,3.29,108,1,3.29,1.00,0.93,有米云素材混剪|福利价/无价格|腾讯首发素材,,
2026-10-04,14247816775,CH-SC-低活-10120514417084-超级抢购-生鲜-无-剪辑-转化引导-生鲜-20260818-无-625-aigc-7,3.29,885,15,0.00,0.00,1.69,平台一组AIGC|腾讯首发素材,,
2026-10-04,14309585942,信息流-小牛-围裙-三方主体-代运营-新人福利价-260827-10117891615029-设计自选-625-9,3.20,267,11,0.00,0.00,4.12,平台一组AIGC|福利价/无价格|考古加素材混剪,,
2026-10-04,14033672307,信息流-小牛-折叠椅-京东主体-代运营-新人福利价-0731-10183713190151-设计自选-625-5,3.11,138,10,0.00,0.00,7.25,福利价/无价格,,
2026-10-04,13776634575,CH-SC-广义新-10177393646076-新综合频道-灯饰照明-京喜拉新-剪辑-转化引导-灯饰照明-20260702-反向-625-aigc-1,3.05,360,46,0.00,0.00,12.78,平台一组AIGC|快手原创素材|快手非低质素材|无价格|福利价/无价格,,
2026-10-04,14529785501,信息流-小牛-停车号码牌-三方主体-代运营-新人福利价-260917-10203964359828-内部实时跑量-625-37,2.98,350,4,0.00,0.00,1.14,,,
2026-10-04,14369413813,信息流-小牛-菜板-三方主体-代运营-新人福利价-260903-10155000015319-内部实时跑量-625-12,2.84,593,12,0.00,0.00,2.02,原生|快手原创素材|快手非低质素材|福利价/无价格,,
2026-10-04,14377778981,信息流-小牛-推车置物架-三方主体-代运营-新人福利价-260903-10095828488136-大盘实时跑量-625-36,2.71,1223,29,0.00,0.00,2.37,原生|福利价/无价格,,
2026-10-04,14535563001,信息流-小牛-打火机-三方主体-代运营-新人福利价-260918-10162692688878-内部实时跑量-625-59,2.70,352,4,0.00,0.00,1.14,,,
2026-10-04,14631525555,CH-SC-低活-10100542418506-超级抢购-生活日用-无-剪辑-转化引导-生活日用-260927-无-625-头条储备-aigc-70,2.65,117,0,0.00,0.00,0.00,,,
2026-10-04,14488341277,信息流-小牛-大月饼-三方主体-代运营-新人福利价-260914-10163022037983-内部实时跑量-625-10,2.60,397,14,0.00,0.00,3.53,福利价/无价格|考古加素材混剪,,
2026-10-04,14486275054,信息流-小牛-毛毯-三方主体-代运营-新人福利价-260914-10146450179286-商务选品-625-31,2.60,271,3,0.00,0.00,1.11,快手原创素材|快手非低质素材|福利价/无价格,,
2026-10-04,14033669726,信息流-小牛-折叠椅-京东主体-代运营-新人福利价-0731-10183713190151-设计自选-625-2,2.60,1494,29,0.00,0.00,1.94,福利价/无价格,,
2026-10-04,14488315998,信息流-小牛-大月饼-三方主体-代运营-新人福利价-260914-10163022037983-内部实时跑量-625-26,2.59,336,8,1.30,2.00,2.38,福利价/无价格|考古加素材混剪,,
2026-10-04,14631564225,CH-SC-低活-10100542418506-超级抢购-生活日用-无-剪辑-转化引导-生活日用-260921-无-625-头条储备-15,2.54,68,4,0.00,0.00,5.88,,,
2026-10-04,14422220976,信息流-小牛-小蜜桃-三方主体-代运营-新人福利价-260908-10231541696811 -深海货盘-625-11,2.49,1120,4,0.00,0.00,0.36,福利价/无价格|考古加素材混剪,,
2026-10-04,14238399156,信息流-小牛-雨伞-三方主体-代运营-新人福利价-0820-10130866966155-内部实时跑量-625-18,2.45,83,1,0.00,0.00,1.20,有米云素材混剪|福利价/无价格|腾讯首发素材,,
2026-10-04,14247653849,信息流-小牛-旋转手机支架-三方主体-代运营-新人福利价-0821-10112643484929-内部实时跑量-625-7,2.34,340,12,0.00,0.00,3.53,有米云素材混剪|福利价/无价格|腾讯首发素材,,
2026-10-04,14422241895,信息流-小牛-真空袋-三方主体-代运营-新人福利价-260908-10212584519594-内部实时跑量-625-9,2.30,85,2,0.00,0.00,2.35,福利价/无价格|考古加素材混剪,,
2026-10-04,13536549173,CH-SC-低活-10219841541026-超级抢购加补-厨具-无-剪辑-转化引导-厨具-20260610-无-625-aigc-10,2.29,47,3,0.00,0.00,6.38,平台一组AIGC|心如|快手重复素材|快手非低质素材|福利价|腾讯首发素材,,
2026-10-04,14529783183,信息流-小牛-停车号码牌-三方主体-代运营-新人福利价-260917-10203964359828-内部实时跑量-625-42,2.27,97,6,0.00,0.00,6.19,,,
2026-10-04,14309679637,信息流-小牛-围裙-三方主体-代运营-新人福利价-260827-10117891615029-设计自选-625-58,2.27,481,7,0.00,0.00,1.46,平台一组AIGC|福利价/无价格|考古加素材混剪,,
2026-10-04,14422258082,信息流-小牛-真空袋-三方主体-代运营-新人福利价-260908-10212584519594-内部实时跑量-625-40,2.22,470,8,0.00,0.00,1.70,福利价/无价格|考古加素材混剪,,
2026-10-04,14372733516,信息流-小牛-旋转支架-三方主体-代运营-新人福利价-260903-10112643484929-内部实时跑量-625-27,2.21,67,5,0.00,0.00,7.46,原生|福利价/无价格|考古加素材混剪,,
2026-10-04,14562127091,CH-PRJ-采销项目-无-快手-无-无-剪辑-转化引导-无-260911-无-625-26,2.16,28,9,0.54,4.00,32.14,,,
2026-10-04,14488272236,信息流-小牛-大月饼-三方主体-代运营-新人福利价-260914-10163022037983-内部实时跑量-625-aigc-1,2.12,247,2,0.00,0.00,0.81,福利价/无价格|考古加素材混剪,,
2026-10-04,14247816351,CH-SC-低活-10120514417084-超级抢购-生鲜-无-剪辑-转化引导-生鲜-20260818-无-625-aigc-9,2.12,687,6,0.00,0.00,0.87,平台一组AIGC|腾讯首发素材,,
2026-10-04,14488266120,信息流-小牛-大月饼-三方主体-代运营-新人福利价-260914-10163022037983-内部实时跑量-625-aigc-5,1.99,227,4,0.00,0.00,1.76,福利价/无价格|考古加素材混剪,,
2026-10-04,13916109786,CH-SC-广义新-10155000015319-新综合频道-厨具-京喜拉新-剪辑-转化引导-厨具-20260716-无-625-aigc-2,1.92,85,2,0.00,0.00,2.35,平台一组AIGC|广义新头条|心如|无价格|腾讯首发素材,,
2026-10-04,14488259984,信息流-小牛-大月饼-三方主体-代运营-新人福利价-260914-10163022037983-内部实时跑量-625-aigc-7,1.88,374,4,0.00,0.00,1.07,福利价/无价格|考古加素材混剪,,
2026-10-04,14529785267,信息流-小牛-停车号码牌-三方主体-代运营-新人福利价-260917-10203964359828-内部实时跑量-625-38,1.86,146,4,1.86,1.00,2.74,,,
2026-10-04,14161859149,信息流-小牛-围裙-三方主体-代运营-新人福利价-0813-10117891615029-大盘实时跑量-625-3,1.86,169,5,0.00,0.00,2.96,福利价/无价格|考古加素材混剪,,
2026-10-04,14516454102,CH-SC-低活-10103917299332-超级抢购-厨具-无-剪辑-转化引导-厨具-20260911-无-625-25,1.78,975,3,0.00,0.00,0.31,心如|福利价,,
2026-10-04,13846387962,CH-SC-低活-10112643484929-超级抢购-手机通讯-无-剪辑-转化引导-手机通讯-20260708-无-625-aigc-15,1.76,109,5,0.00,0.00,4.59,DHX扒起量0706|平台一组AIGC|心如|快手重复素材|快手非低质素材|福利价,,
2026-10-04,14309586346,信息流-小牛-围裙-三方主体-代运营-新人福利价-260827-10117891615029-设计自选-625-8,1.74,66,0,0.00,0.00,0.00,平台一组AIGC|福利价/无价格|考古加素材混剪,,
2026-10-04,14372738418,信息流-小牛-旋转支架-三方主体-代运营-新人福利价-260903-10112643484929-内部实时跑量-625-14,1.71,538,18,0.00,0.00,3.35,原生|福利价/无价格|考古加素材混剪,,
2026-10-04,14050221887,CH-SC-广义新-10187000434970-新综合频道-厨具-京喜拉新-剪辑-转化引导-厨具-20260730-无-625-14,1.68,10,4,0.00,0.00,40.00,广义新头条|心如|快手重复素材|快手非低质素材|腾讯首发素材,,
2026-10-04,13846312909,CH-SC-低活-10140917922437-超级抢购-家庭清洁-无-剪辑-转化引导-家庭清洁-20260708-无-625-aigc-14,1.65,229,3,0.00,0.00,1.31,平台一组AIGC|心如|快手重复素材|快手非低质素材|福利价|腾讯首发素材,,
2026-10-04,14309678755,信息流-小牛-围裙-三方主体-代运营-新人福利价-260827-10117891615029-设计自选-625-59,1.64,899,15,0.00,0.00,1.67,平台一组AIGC|福利价/无价格|考古加素材混剪,,
2026-10-04,14422218389,信息流-小牛-小蜜桃-三方主体-代运营-新人福利价-260908-10231541696811 -深海货盘-625-16,1.53,637,7,0.00,0.00,1.10,福利价/无价格|考古加素材混剪,,
2026-10-04,14562127880,CH-PRJ-采销项目-无-快手-无-无-剪辑-转化引导-无-260911-无-625-25,1.47,175,3,0.00,0.00,1.71,,,
2026-10-04,14238402782,信息流-小牛-雨伞-三方主体-代运营-新人福利价-0820-10130866966155-内部实时跑量-625-12,1.46,614,15,0.00,0.00,2.44,有米云素材混剪|福利价/无价格|腾讯首发素材,,
2026-10-04,13603383686,CH-SC-低活-10217740550325-超级抢购加补-箱包皮具-无-剪辑-转化引导-箱包皮具-20260617-无-625-aigc-6,1.45,466,19,0.00,0.00,4.08,加补1分钱|平台一组AIGC|心如|快手重复素材|快手非低质素材|腾讯首发素材,,
2026-10-04,14050213984,CH-SC-广义新-10187000434970-新综合频道-厨具-京喜拉新-剪辑-转化引导-厨具-20260730-无-625-5,1.42,2,2,0.00,0.00,100.00,广义新头条|心如|快手重复素材|快手非低质素材,,
2026-10-04,14309350700,信息流-小牛-工具箱-三方主体-代运营-新人福利价-260827-10114015186364-内部实时跑量-625-aigc-3,1.37,87,4,0.00,0.00,4.60,平台一组AIGC|福利价/无价格|考古加素材混剪,,
2026-10-04,14516454233,CH-SC-低活-10103917299332-超级抢购-厨具-无-剪辑-转化引导-厨具-20260911-无-625-23,1.33,142,2,0.00,0.00,1.41,心如|福利价,,
2026-10-04,14422201343,信息流-小牛-小蜜桃-三方主体-代运营-新人福利价-260908-10231541696811 -深海货盘-625-45,1.29,329,1,0.00,0.00,0.30,福利价/无价格|考古加素材混剪,,
2026-10-04,14631527264,CH-SC-低活-10100542418506-超级抢购-生活日用-无-剪辑-转化引导-生活日用-260921-无-625-头条储备-aigc-1,1.25,80,2,0.00,0.00,2.50,,,
2026-10-04,14631525687,CH-SC-低活-10100542418506-超级抢购-生活日用-无-剪辑-转化引导-生活日用-260927-无-625-头条储备-aigc-67,1.23,64,2,0.00,0.00,3.12,,,
2026-10-04,14488339974,信息流-小牛-大月饼-三方主体-代运营-新人福利价-260914-10163022037983-内部实时跑量-625-11,1.22,226,1,0.00,0.00,0.44,福利价/无价格|考古加素材混剪,,
2026-10-04,14631564997,CH-SC-低活-10100542418506-超级抢购-生活日用-无-剪辑-转化引导-生活日用-260921-无-625-头条储备-12,1.16,31,1,0.00,0.00,3.23,,,
2026-10-04,14554166837,CH-SC-低活-10096167203452-超级抢购-纸品-大商超-剪辑-转化引导-纸品-260917-无-625-18,1.15,273,252,1.15,1.00,92.31,,,
2026-10-04,14377813911,信息流-小牛-推车置物架-三方主体-代运营-新人福利价-260903-10095828488136-大盘实时跑量-625-2,1.12,26,2,0.00,0.00,7.69,原生|福利价/无价格,,
2026-10-04,14049375748,CH-SC-低活-10178946597305-超级抢购-厨具-无-剪辑-转化引导-厨具-20260728-无-625-aigc-7,1.11,39,0,0.00,0.00,0.00,平台一组AIGC|心如|快手重复素材|快手非低质素材|福利价|腾讯首发素材,,
2026-10-04,14554238127,CH-SC-低活-10233824843150-超级抢购-收纳用品-无-剪辑-转化引导-收纳用品-260918-无-625-42,1.06,80,52,0.00,0.00,65.00,,,
2026-10-04,14166677299,信息流-小牛-五香花生-三方主体-代运营-新人福利价-0814-10150360358365-大盘实时跑量-625-41,1.05,84,2,0.00,0.00,2.38,福利价/无价格|考古加素材混剪,,
2026-10-04,14309676636,信息流-小牛-电脑支架-三方主体-代运营-新人福利价-260827-10191489644462-大盘实扒改-625-1,1.04,57,3,0.00,0.00,5.26,平台一组AIGC|福利价/无价格|考古加素材混剪,,
2026-10-04,14631527262,CH-SC-低活-10100542418506-超级抢购-生活日用-无-剪辑-转化引导-生活日用-260921-无-625-头条储备-9,1.01,41,2,0.00,0.00,4.88,,,
2026-10-04,14487656613,信息流-小牛-毛毯-三方主体-代运营-新人福利价-260914-10146450179286-商务选品-625-41,1.00,143,2,0.00,0.00,1.40,快手原创素材|快手非低质素材|福利价/无价格,,
2026-10-04,14422176888,信息流-小牛-骑行支架-三方主体-代运营-新人福利价-260908-10139440032542-历史爆品-625-22,0.97,69,2,0.00,0.00,2.90,福利价/无价格|考古加素材混剪,,
2026-10-04,14369369285,信息流-小牛-菜板-三方主体-代运营-新人福利价-260903-10155000015319-内部实时跑量-625-36,0.96,39,2,0.00,0.00,5.13,原生|快手原创素材|快手非低质素材|福利价/无价格,,
2026-10-04,14153366727,信息流-小牛-电脑支架-三方主体-代运营-新人福利价-0812-10191489644462-大盘实扒改-625-2,0.95,29,2,0.00,0.00,6.90,大盘扒改|福利价/无价格|腾讯首发素材,,
2026-10-04,14529767101,信息流-小牛-停车号码牌-三方主体-代运营-新人福利价-260917-10203964359828-内部实时跑量-625-8,0.94,30,1,0.00,0.00,3.33,,,
2026-10-04,13746266511,CH-SC-广义新-10196323916105-新综合频道-数码-京喜拉新-剪辑-转化引导-数码-20260630-无-625-aigc-7,0.91,44,1,0.00,0.00,2.27,平台一组AIGC|广义新头条|心如|快手原创素材|快手非低质素材,,
2026-10-04,14372718363,信息流-小牛-旋转支架-三方主体-代运营-新人福利价-260903-10112643484929-内部实时跑量-625-37,0.88,125,2,0.00,0.00,1.60,原生|福利价/无价格|考古加素材混剪,,
2026-10-04,14488336904,信息流-小牛-大月饼-三方主体-代运营-新人福利价-260914-10163022037983-内部实时跑量-625-14,0.86,144,1,0.00,0.00,0.69,福利价/无价格|考古加素材混剪,,
2026-10-04,14631528042,CH-SC-低活-10100542418506-超级抢购-生活日用-无-剪辑-转化引导-生活日用-260921-无-625-头条储备-31,0.86,20,0,0.00,0.00,0.00,,,
2026-10-04,14372738165,信息流-小牛-旋转支架-三方主体-代运营-新人福利价-260903-10112643484929-内部实时跑量-625-13,0.81,88,2,0.00,0.00,2.27,原生|福利价/无价格|考古加素材混剪,,
2026-10-04,14318962375,CH-PRJ-采销项目-无-快手-无-无-剪辑-转化引导-无-260826-无-625-21,0.81,15,6,0.14,6.00,40.00,快手重复素材|快手非低质素材,,
2026-10-04,14217056294,CH-SC-广义新-10136363822650-新综合频道-纸品-京喜拉新-剪辑-转化引导-纸品-20260813-无-625-aigc-2,0.78,432,303,0.39,2.00,70.14,平台一组AIGC|快手重复素材|快手非低质素材|腾讯首发素材,,
2026-10-04,13603318244,CH-SC-广义新-10118706992345-新综合频道-纸品-无-剪辑-转化引导-纸品-20260617-无-625-aigc-11,0.78,173,5,0.00,0.00,2.89,平台一组AIGC|广义新头条|快手原创素材|快手非低质素材,,
2026-10-04,14092631035,信息流-小牛-西瓜-三方主体-代运营-新人福利价-0806-10215767576641-历史爆品-625-1,0.76,124,5,0.00,0.00,4.03,头条/京东标点/有量素材混剪|福利价/无价格,,
2026-10-04,13846319643,CH-SC-低活-10140917922437-超级抢购-家庭清洁-无-剪辑-转化引导-家庭清洁-20260708-无-625-aigc-4,0.76,29,0,0.00,0.00,0.00,平台一组AIGC|心如|快手重复素材|快手非低质素材|福利价|腾讯首发素材,,
2026-10-04,13860551989,CH-SC-广义新-10162692688878-新综合频道-家用电器-京喜拉新-剪辑-转化引导-家用电器-20260713-无-625-aigc-6,0.73,42,0,0.00,0.00,0.00,平台一组AIGC|广义新头条|快手重复素材|快手非低质素材|无价格|腾讯首发素材,,
2026-10-04,14488324024,信息流-小牛-大月饼-三方主体-代运营-新人福利价-260914-10163022037983-内部实时跑量-625-21,0.71,113,3,0.00,0.00,2.65,福利价/无价格|考古加素材混剪,,
2026-10-04,14422208734,信息流-小牛-小蜜桃-三方主体-代运营-新人福利价-260908-10231541696811 -深海货盘-625-30,0.69,183,3,0.00,0.00,1.64,福利价/无价格|考古加素材混剪,,
2026-10-04,14529777583,信息流-小牛-停车号码牌-三方主体-代运营-新人福利价-260917-10203964359828-内部实时跑量-625-49,0.68,15,0,0.00,0.00,0.00,,,
2026-10-04,14444475775,信息流-小牛-陶瓷碗-三方主体-代运营-新人1分钱-260910-10129451028601-商务选品-625-56,0.68,53,0,0.00,0.00,0.00,福利价/无价格,,
2026-10-04,14529783411,信息流-小牛-停车号码牌-三方主体-代运营-新人福利价-260917-10203964359828-内部实时跑量-625-41,0.67,39,0,0.00,0.00,0.00,,,
2026-10-04,14407837180,CH-SC-低活-10233823947947-超级抢购-生活日用-无-剪辑-转化引导-生活日用-260902-无-625-白牌-22,0.64,33,0,0.00,0.00,0.00,0820白牌|福利价,,
2026-10-04,13746328503,CH-SC-低活-10139440032542-超级抢购5元-运动户外-无-剪辑-转化引导-运动户外-20260630-无-625-aigc-7,0.63,16,0,0.00,0.00,0.00,平台一组AIGC|心如|快手重复素材|快手非低质素材|福利价|腾讯首发素材,,
2026-10-04,13836049057,CH-SC-低活-10156776256916-超级抢购-珠宝首饰-无-剪辑-转化引导-珠宝首饰-20260703-无-625-aigc-10,0.61,23,2,0.00,0.00,8.70,平台一组AIGC|心如|快手重复素材|快手非低质素材|福利价,,
2026-10-04,14562134727,CH-PRJ-采销项目-无-快手-无-无-剪辑-转化引导-无-260911-无-625-11,0.59,4,3,0.59,1.00,75.00,,,
2026-10-04,14299115353,CH-SC-广义新-10118706992345-新综合频道-纸品-京喜拉新-剪辑-转化引导-纸品-260826-无-625-6,0.59,213,47,0.00,0.00,22.07,平台一组AIGC|快手重复素材|快手非低质素材,,
2026-10-04,14197473065,CH-SC-低活-10166301474829-超级抢购-厨具-无-剪辑-转化引导-厨具-20260811-无-625-aigc-8,0.59,41,2,0.00,0.00,4.88,平台一组AIGC|心如|福利价|腾讯首发素材,,
2026-10-04,14516512245,CH-SC-低活-10113209119177-超级抢购-电动车-无-剪辑-转化引导-电动车-260907-无-625-26,0.59,13,0,0.00,0.00,0.00,心如|福利价,,
2026-10-04,14408014421,CH-SC-广义新-10129955889557-新综合频道-厨具-京喜拉新-剪辑-转化引导-厨具-260904-反向-625-7,0.58,321,2,0.00,0.00,0.62,无价格,,
2026-10-04,14422213377,信息流-小牛-小蜜桃-三方主体-代运营-新人福利价-260908-10231541696811 -深海货盘-625-22,0.57,39,2,0.00,0.00,5.13,福利价/无价格|考古加素材混剪,,
2026-10-04,14422177532,信息流-小牛-骑行支架-三方主体-代运营-新人福利价-260908-10139440032542-历史爆品-625-23,0.57,182,2,0.00,0.00,1.10,福利价/无价格|考古加素材混剪,,
2026-10-04,14369417321,信息流-小牛-菜板-三方主体-代运营-新人福利价-260903-10155000015319-内部实时跑量-625-5,0.53,47,2,0.00,0.00,4.26,原生|快手原创素材|快手非低质素材|福利价/无价格,,
2026-10-04,13916488487,CH-SC-广义新-10040988734451-新10元话费券-无-无-剪辑-转化引导-无-20260715-无-625-23,0.53,67,3,0.00,0.00,4.48,快手原创素材|快手非低质素材|腾讯首发素材,,
2026-10-04,13836044901,CH-SC-低活-10118706992345-超级抢购-纸品-无-剪辑-转化引导-纸品-20260702-无-625-aigc-5,0.51,7,0,0.00,0.00,0.00,平台一组AIGC|心如|快手重复素材|快手非低质素材|福利价|腾讯首发素材,,
2026-10-04,14166682153,信息流-小牛-五香花生-三方主体-代运营-新人福利价-0814-10150360358365-大盘实时跑量-625-23,0.51,272,5,0.00,0.00,1.84,福利价/无价格|考古加素材混剪|腾讯首发素材,,
2026-10-04,14033672272,信息流-小牛-折叠椅-京东主体-代运营-新人福利价-0731-10183713190151-设计自选-625-6,0.51,74,0,0.00,0.00,0.00,福利价/无价格,,
2026-10-04,14535581094,信息流-小牛-打火机-三方主体-代运营-新人福利价-260918-10162692688878-内部实时跑量-625-40,0.49,15,1,0.00,0.00,6.67,,,
2026-10-04,14299137269,CH-PRJ-采销项目-无-快手-无-无-剪辑-转化引导-无-260825-无-625-3,0.46,2,1,0.00,0.00,50.00,快手重复素材|快手非低质素材,,
2026-10-04,14562128959,CH-PRJ-采销项目-无-快手-无-无-剪辑-转化引导-无-260911-无-625-23,0.46,17,7,0.15,3.00,41.18,,,
2026-10-04,14319041988,CH-SC-低活-10140917922437-超级抢购-家庭清洁-无-剪辑-转化引导-家庭清洁-20260820-无-625-aigc-2,0.45,21,1,0.00,0.00,4.76,平台AI测试/视频/一组智能体|平台一组AIGC|心如|快手原创素材|快手非低质素材|福利价,,
2026-10-04,13836049721,CH-SC-低活-10156776256916-超级抢购-珠宝首饰-无-剪辑-转化引导-珠宝首饰-20260703-无-625-aigc-9,0.44,12,0,0.00,0.00,0.00,平台一组AIGC|心如|快手重复素材|快手非低质素材|福利价,,
2026-10-04,14562121783,CH-PRJ-采销项目-无-快手-无-无-剪辑-转化引导-无-260915-无-625-10,0.44,9,7,0.11,4.00,77.78,,,
2026-10-04,13916303997,CH-SC-低活-10140917922437-超级抢购-家庭清洁-无-剪辑-转化引导-家庭清洁-20260715-无-625-aigc-15,0.43,85,2,0.00,0.00,2.35,平台一组AIGC|心如|快手重复素材|快手非低质素材|无价格|腾讯首发素材,,
2026-10-04,14422200937,信息流-小牛-小蜜桃-三方主体-代运营-新人福利价-260908-10231541696811 -深海货盘-625-44,0.43,92,2,0.00,0.00,2.17,福利价/无价格|考古加素材混剪,,
2026-10-04,14488278951,信息流-小牛-大月饼-三方主体-代运营-新人福利价-260914-10163022037983-内部实时跑量-625-44,0.43,47,0,0.00,0.00,0.00,福利价/无价格|考古加素材混剪,,
2026-10-04,14309743706,信息流-小牛-雨伞-三方主体-代运营-新人福利价-260828-10113643996701-大盘扒改-625-23,0.42,25,2,0.00,0.00,8.00,原生|大盘扒改|平台一组AIGC|福利价/无价格,,
2026-10-04,14318985581,CH-SC-广义新-10146456039187-新综合频道-纸品-京喜拉新-剪辑-转化引导-纸品-260827-无-625-aigc-11,0.41,221,67,0.00,0.00,30.32,平台一组AIGC|快手重复素材|快手非低质素材,,
2026-10-04,14535553882,信息流-小牛-打火机-三方主体-代运营-新人福利价-260918-10162692688878-内部实时跑量-625-4,0.41,78,1,0.00,0.00,1.28,,,
2026-10-04,14319050231,CH-SC-广义新-10128848312108-新综合频道-厨具-京喜拉新-剪辑-转化引导-厨具-260827-无-625-aigc-3,0.41,21,0,0.00,0.00,0.00,平台一组AIGC|无价格,,
2026-10-04,14488317553,信息流-小牛-大月饼-三方主体-代运营-新人福利价-260914-10163022037983-内部实时跑量-625-24,0.40,20,1,0.00,0.00,5.00,福利价/无价格|考古加素材混剪,,
2026-10-04,14444507027,信息流-小牛-陶瓷碗-三方主体-代运营-新人1分钱-260910-10129451028601-商务选品-625-41,0.40,24,0,0.00,0.00,0.00,快手原创素材|快手非低质素材|福利价/无价格,,
2026-10-04,14554229651,CH-SC-低活-10140917922437-超级抢购-家庭清洁-无-剪辑-转化引导-家庭清洁-20260918-无-625-aigc-3,0.40,17,0,0.00,0.00,0.00,,,
2026-10-04,14516518345,CH-SC-低活-10113209119177-超级抢购-电动车-无-剪辑-转化引导-电动车-260907-无-625-8,0.40,18,1,0.00,0.00,5.56,心如|福利价,,
2026-10-04,14422202134,信息流-小牛-小蜜桃-三方主体-代运营-新人福利价-260908-10231541696811 -深海货盘-625-4,0.39,118,6,0.00,0.00,5.08,福利价/无价格|考古加素材混剪,,
2026-10-04,14086780491,信息流-小牛-陶瓷碗-三方主体-代运营-新人福利价-0806-10129451028601-客户推品-625-3,0.39,255,1,0.00,0.00,0.39,客供|福利价/无价格,,
2026-10-04,13922151320,信息流-小牛-抽纸-京东主体-代运营-新人福利价-0721-100281253200-设计自选-625-aigc-3,0.38,34,8,0.00,0.00,23.53,平台一组AIGC|腾讯首发素材,,
2026-10-04,14631525434,CH-SC-低活-10100542418506-超级抢购-生活日用-无-剪辑-转化引导-生活日用-260927-无-625-头条储备-aigc-72,0.38,2,0,0.00,0.00,0.00,,,
2026-10-04,14463284742,CH-SC-广义新-10233824843150-新综合频道-收纳用品-京喜拉新-剪辑-转化引导-收纳用品-260908-反向-625-bdb-6,0.37,19,0,0.00,0.00,0.00,心如|无价格,,
2026-10-04,14444501631,信息流-小牛-陶瓷碗-三方主体-代运营-新人1分钱-260910-10129451028601-商务选品-625-44,0.37,49,1,0.00,0.00,2.04,快手原创素材|快手非低质素材|福利价/无价格,,
2026-10-04,13846398501,CH-SC-低活-10112643484929-超级抢购-手机通讯-无-剪辑-转化引导-手机通讯-20260708-无-625-aigc-3,0.35,17,0,0.00,0.00,0.00,DHX扒起量0706|平台一组AIGC|心如|快手重复素材|快手非低质素材|福利价,,
2026-10-04,14407748766,CH-SC-广义新-10129955889557-新综合频道-厨具-京喜拉新-剪辑-转化引导-厨具-260904-反向-625-16,0.35,2,0,0.00,0.00,0.00,无价格,,
2026-10-04,14088473390,CH-SC-低活-10223570717754-超级抢购-生鲜-无-剪辑-转化引导-生鲜-20260803-无-625-aigc-5,0.35,25,9,0.00,0.00,36.00,平台一组AIGC|心如|福利价|腾讯首发素材,,
2026-10-04,14377814518,信息流-小牛-推车置物架-三方主体-代运营-新人福利价-260903-10095828488136-大盘实时跑量-625-3,0.34,5,0,0.00,0.00,0.00,原生|福利价/无价格,,
2026-10-04,14631564752,CH-SC-低活-10100542418506-超级抢购-生活日用-无-剪辑-转化引导-生活日用-260921-无-625-头条储备-11,0.33,7,0,0.00,0.00,0.00,,,
2026-10-04,14488228055,信息流-小牛-大月饼-三方主体-代运营-新人福利价-260914-10163022037983-内部实时跑量-625-6,0.33,23,0,0.00,0.00,0.00,福利价/无价格|考古加素材混剪,,
2026-10-04,14529799195,信息流-小牛-停车号码牌-三方主体-代运营-新人福利价-260917-10203964359828-内部实时跑量-625-18,0.33,7,0,0.00,0.00,0.00,,,
2026-10-04,14554113842,CH-SC-低活-10215783938762-超级抢购加补-生鲜-无-剪辑-转化引导-生鲜-260911-无-625-42,0.29,14,0,0.00,0.00,0.00,,,
2026-10-04,14372715462,信息流-小牛-旋转支架-三方主体-代运营-新人福利价-260903-10112643484929-内部实时跑量-625-40,0.27,20,2,0.00,0.00,10.00,原生|福利价/无价格|考古加素材混剪,,
2026-10-04,13684856393,CH-SC-广义新-无-新10元话费券-10元话费券-京喜拉新-剪辑-转化引导-10元话费券-20260626-无-625-2,0.27,3,2,0.00,0.00,66.67,快手重复素材|快手非低质素材|腾讯首发素材,,
2026-10-04,14369356351,信息流-小牛-菜板-三方主体-代运营-新人福利价-260903-10155000015319-内部实时跑量-625-42,0.27,28,0,0.00,0.00,0.00,原生|快手原创素材|快手非低质素材|福利价/无价格,,
2026-10-04,12993040432,荣耀-XN-影音-通用-风景-混剪-260403-625-11,0.27,59,27,0.00,0.00,45.76,,,
2026-10-04,13916301057,CH-SC-低活-10140917922437-超级抢购-家庭清洁-无-剪辑-转化引导-家庭清洁-20260715-无-625-aigc-8,0.27,16,0,0.00,0.00,0.00,平台一组AIGC|心如|快手重复素材|快手非低质素材|无价格|腾讯首发素材,,
2026-10-04,14488288795,信息流-小牛-大月饼-三方主体-代运营-新人福利价-260914-10163022037983-内部实时跑量-625-39,0.26,52,2,0.00,0.00,3.85,福利价/无价格|考古加素材混剪,,
2026-10-04,14529781287,信息流-小牛-停车号码牌-三方主体-代运营-新人福利价-260917-10203964359828-内部实时跑量-625-46,0.26,14,0,0.00,0.00,0.00,,,
2026-10-04,14488237983,信息流-小牛-大月饼-三方主体-代运营-新人福利价-260914-10163022037983-内部实时跑量-625-2,0.26,31,0,0.00,0.00,0.00,福利价/无价格|考古加素材混剪,,
2026-10-04,14516511441,CH-SC-低活-10113209119177-超级抢购-电动车-无-剪辑-转化引导-电动车-260907-无-625-27,0.25,7,0,0.00,0.00,0.00,心如|福利价,,
2026-10-04,14554232714,CH-SC-低活-10233824843150-超级抢购-收纳用品-无-剪辑-转化引导-收纳用品-260918-无-625-23,0.25,18,0,0.00,0.00,0.00,,,
2026-10-04,14166708210,信息流-小牛-五香花生-三方主体-代运营-新人福利价-0814-10150360358365-大盘实时跑量-625-6,0.25,23,1,0.00,0.00,4.35,福利价/无价格|考古加素材混剪,,
2026-10-04,14631527390,CH-SC-低活-10100542418506-超级抢购-生活日用-无-剪辑-转化引导-生活日用-260921-无-625-头条储备-8,0.25,21,0,0.00,0.00,0.00,,,
2026-10-04,14643125438,信息流-小牛-维达抽纸-三方主体-代运营-新人福利价-260909-100166352003-内部实时跑量-625-头条储备-14,0.24,74,0,0.00,0.00,0.00,,,
2026-10-04,14050212256,CH-SC-广义新-10187000434970-新综合频道-厨具-京喜拉新-剪辑-转化引导-厨具-20260730-无-625-3,0.24,17,1,0.00,0.00,5.88,广义新头条|心如|快手重复素材|快手非低质素材|腾讯首发素材,,
2026-10-04,14033672040,信息流-小牛-折叠椅-京东主体-代运营-新人福利价-0731-10183713190151-设计自选-625-7,0.23,151,2,0.00,0.00,1.32,福利价/无价格,,
2026-10-04,14247654426,信息流-小牛-旋转手机支架-三方主体-代运营-新人福利价-0821-10112643484929-内部实时跑量-625-5,0.23,24,0,0.00,0.00,0.00,有米云素材混剪|福利价/无价格|腾讯首发素材,,
2026-10-04,13916301575,CH-SC-低活-10140917922437-超级抢购-家庭清洁-无-剪辑-转化引导-家庭清洁-20260715-无-625-aigc-9,0.23,12,0,0.00,0.00,0.00,平台一组AIGC|心如|快手重复素材|快手非低质素材|无价格|腾讯首发素材,,
2026-10-04,14369358732,信息流-小牛-菜板-三方主体-代运营-新人福利价-260903-10155000015319-内部实时跑量-625-41,0.23,24,0,0.00,0.00,0.00,原生|快手原创素材|快手非低质素材|福利价/无价格,,
2026-10-04,14554169814,CH-SC-低活-10096167203452-超级抢购-纸品-大商超-剪辑-转化引导-纸品-260917-无-625-16,0.23,76,55,0.00,0.00,72.37,,,
2026-10-04,13846011708,CH-SC-广义新-10140917922437-新综合频道-家庭清洁-京喜拉新-剪辑-转化引导-家庭清洁-20260710-无-625-aigc-4,0.22,8,0,0.00,0.00,0.00,平台一组AIGC|广义新头条|心如|快手重复素材|快手非低质素材|无价格|腾讯首发素材,,
2026-10-04,14033669638,信息流-小牛-折叠椅-京东主体-代运营-新人福利价-0731-10183713190151-设计自选-625-3,0.22,10,0,0.00,0.00,0.00,福利价/无价格,,
2026-10-04,13776598531,CH-SC-广义新-10177393646076-新综合频道-灯饰照明-京喜拉新-剪辑-转化引导-灯饰照明-20260702-反向-625-aigc-13,0.22,19,3,0.00,0.00,15.79,平台一组AIGC|快手原创素材|快手非低质素材|无价格|福利价/无价格,,
2026-10-04,14554247510,CH-SC-低活-10140917922437-超级抢购-家庭清洁-无-剪辑-转化引导-家庭清洁-20260918-无-625-aigc-启动-9,0.22,19,0,0.00,0.00,0.00,,,
2026-10-04,14049381598,CH-SC-低活-10178946597305-超级抢购-厨具-无-剪辑-转化引导-厨具-20260728-无-625-aigc-2,0.22,9,0,0.00,0.00,0.00,平台一组AIGC|心如|快手重复素材|快手非低质素材|福利价|腾讯首发素材,,
2026-10-04,14309673245,信息流-小牛-电脑支架-三方主体-代运营-新人福利价-260827-10191489644462-大盘实扒改-625-2,0.21,11,1,0.00,0.00,9.09,平台一组AIGC|福利价/无价格|考古加素材混剪,,
2026-10-04,14299137656,CH-PRJ-采销项目-无-快手-无-无-剪辑-转化引导-无-260825-无-625-2,0.21,4,2,0.21,1.00,50.00,快手重复素材|快手非低质素材,,
2026-10-04,14422244640,信息流-小牛-真空袋-三方主体-代运营-新人福利价-260908-10212584519594-内部实时跑量-625-6,0.21,7,0,0.00,0.00,0.00,福利价/无价格|考古加素材混剪,,
2026-10-04,13922152192,信息流-小牛-抽纸-京东主体-代运营-新人福利价-0721-100281253200-设计自选-625-aigc-5,0.21,12,6,0.00,0.00,50.00,平台一组AIGC|腾讯首发素材,,
2026-10-04,14374678024,信息流-小牛-苹果-三方主体-代运营-新人福利价-260903-10186710590960-历史爆品-625-48,0.21,117,2,0.00,0.00,1.71,原生|福利价/无价格|考古加素材混剪,,
2026-10-04,13603329865,CH-SC-广义新-10139440032542-新综合频道-运动户外-京喜拉新-剪辑-转化引导-运动户外-20260617-无-625-aigc10,0.20,46,1,0.00,0.00,2.17,平台一组AIGC|快手原创素材|快手非低质素材,,
2026-10-04,14238402122,信息流-小牛-雨伞-三方主体-代运营-新人福利价-0820-10130866966155-内部实时跑量-625-11,0.20,19,2,0.00,0.00,10.53,有米云素材混剪|福利价/无价格,,
2026-10-04,14516476619,CH-SC-低活-10233824843150-超级抢购-收纳用品-无-剪辑-转化引导-收纳用品-260907-无-625-86,0.20,12,1,0.00,0.00,8.33,心如|福利价,,
2026-10-04,14516512211,CH-SC-低活-10113209119177-超级抢购-电动车-无-剪辑-转化引导-电动车-260907-无-625-25,0.20,11,0,0.00,0.00,0.00,心如|福利价,,
2026-10-04,14319041746,CH-SC-低活-10140917922437-超级抢购-家庭清洁-无-剪辑-转化引导-家庭清洁-20260820-无-625-aigc-4,0.19,12,0,0.00,0.00,0.00,平台AI测试/视频/一组智能体|平台一组AIGC|心如|快手原创素材|快手非低质素材|福利价,,
2026-10-04,14486260276,信息流-小牛-毛毯-三方主体-代运营-新人福利价-260914-10146450179286-商务选品-625-11,0.19,1,0,0.00,0.00,0.00,快手原创素材|快手非低质素材|福利价/无价格,,
2026-10-04,14516509983,CH-SC-低活-10113209119177-超级抢购-电动车-无-剪辑-转化引导-电动车-260907-无-625-6,0.18,8,1,0.00,0.00,12.50,心如|福利价,,
2026-10-04,14050213136,CH-SC-广义新-10187000434970-新综合频道-厨具-京喜拉新-剪辑-转化引导-厨具-20260730-无-625-2,0.18,29,0,0.00,0.00,0.00,广义新头条|心如|快手重复素材|快手非低质素材|腾讯首发素材,,
2026-10-04,14369364164,信息流-小牛-菜板-三方主体-代运营-新人福利价-260903-10155000015319-内部实时跑量-625-38,0.18,35,1,0.00,0.00,2.86,原生|快手原创素材|快手非低质素材|福利价/无价格,,
2026-10-04,14562132957,CH-PRJ-采销项目-无-快手-无-无-剪辑-转化引导-无-260911-无-625-16,0.18,12,0,0.00,0.00,0.00,,,
2026-10-04,12851473253,荣耀-XN-短剧-通用-数字人介绍-混剪-2600320-625-13,0.17,27,5,0.00,0.00,18.52,,,
2026-10-04,14488235285,信息流-小牛-大月饼-三方主体-代运营-新人福利价-260914-10163022037983-内部实时跑量-625-4,0.16,11,0,0.00,0.00,0.00,福利价/无价格|考古加素材混剪,,
2026-10-04,14488337273,信息流-小牛-大月饼-三方主体-代运营-新人福利价-260914-10163022037983-内部实时跑量-625-12,0.16,23,0,0.00,0.00,0.00,福利价/无价格|考古加素材混剪,,
2026-10-04,14488248561,信息流-小牛-大月饼-三方主体-代运营-新人福利价-260914-10163022037983-内部实时跑量-625-aigc-11,0.16,19,0,0.00,0.00,0.00,福利价/无价格|考古加素材混剪,,
2026-10-04,14554232224,CH-SC-低活-10140917922437-超级抢购-家庭清洁-无-剪辑-转化引导-家庭清洁-20260918-无-625-aigc-11,0.16,13,0,0.00,0.00,0.00,,,
2026-10-04,14444462118,信息流-小牛-陶瓷碗-三方主体-代运营-新人1分钱-260910-10129451028601-商务选品-625-5,0.16,168,1,0.00,0.00,0.60,搬运打压素材|福利价/无价格,,
2026-10-04,13352554298,CH-SC-低活-10081585918372-超级抢购-家庭清洁纸品-无-剪辑-转化引导-家庭清洁纸品-20260521-无-625-11,0.15,4,1,0.00,0.00,25.00,快手重复素材|快手非低质素材|腾讯首发素材,,
2026-10-04,14554165694,CH-SC-低活-10096167203452-超级抢购-纸品-大商超-剪辑-转化引导-纸品-260917-无-625-110,0.15,56,30,0.00,0.00,53.57,,,
2026-10-04,14631557396,CH-SC-广义新-10122178732943-新综合频道-生鲜-京喜拉新-剪辑-转化引导-10122178732943-20260921-反向-625-头条储备-39,0.14,21,0,0.00,0.00,0.00,,,
2026-10-04,14444496607,信息流-小牛-陶瓷碗-三方主体-代运营-新人1分钱-260910-10129451028601-商务选品-625-46,0.14,20,0,0.00,0.00,0.00,快手原创素材|快手非低质素材|福利价/无价格,,
2026-10-04,14488259252,信息流-小牛-大月饼-三方主体-代运营-新人福利价-260914-10163022037983-内部实时跑量-625-aigc-8,0.14,18,0,0.00,0.00,0.00,福利价/无价格|考古加素材混剪,,
2026-10-04,14422201284,信息流-小牛-小蜜桃-三方主体-代运营-新人福利价-260908-10231541696811 -深海货盘-625-40,0.14,15,1,0.00,0.00,6.67,福利价/无价格|考古加素材混剪,,
2026-10-04,14529803168,信息流-小牛-停车号码牌-三方主体-代运营-新人福利价-260917-10203964359828-内部实时跑量-625-12,0.13,11,0,0.00,0.00,0.00,,,
2026-10-04,14488234908,信息流-小牛-大月饼-三方主体-代运营-新人福利价-260914-10163022037983-内部实时跑量-625-3,0.13,6,1,0.00,0.00,16.67,福利价/无价格|考古加素材混剪,,
2026-10-04,13916303411,CH-SC-低活-10140917922437-超级抢购-家庭清洁-无-剪辑-转化引导-家庭清洁-20260715-无-625-aigc-14,0.13,30,0,0.00,0.00,0.00,平台一组AIGC|心如|快手重复素材|快手非低质素材|无价格|腾讯首发素材,,
2026-10-04,14488296749,信息流-小牛-大月饼-三方主体-代运营-新人福利价-260914-10163022037983-内部实时跑量-625-35,0.12,27,0,0.00,0.00,0.00,福利价/无价格|考古加素材混剪,,
2026-10-04,14369420506,信息流-小牛-菜板-三方主体-代运营-新人福利价-260903-10155000015319-内部实时跑量-625-4,0.12,2,0,0.00,0.00,0.00,原生|快手原创素材|快手非低质素材|福利价/无价格,,
2026-10-04,13651815810,CH-SC-低活-10081585918372-超级抢购-家庭清洁纸品-无-剪辑-转化引导-家庭清洁纸品-20260623-无-625-aigc-15,0.12,8,0,0.00,0.00,0.00,平台一组AIGC|心如|快手重复素材|快手非低质素材|福利价|腾讯首发素材,,
2026-10-04,14516331930,CH-SC-低活-10111392494770-超级抢购加补-收纳用品-无-剪辑-转化引导-收纳用品-20260911-无-625-39,0.12,6,1,0.00,0.00,16.67,心如,,
2026-10-04,14516503592,CH-SC-低活-10233824843150-超级抢购-收纳用品-无-剪辑-转化引导-收纳用品-260907-无-625-16,0.11,6,0,0.00,0.00,0.00,心如|福利价,,
2026-10-04,13684860918,CH-SC-广义新-无-新10元话费券-10元话费券-京喜拉新-剪辑-转化引导-10元话费券-20260626-无-625-5,0.11,3,0,0.00,0.00,0.00,快手原创素材|快手非低质素材|腾讯首发素材,,
2026-10-04,14488240838,信息流-小牛-大月饼-三方主体-代运营-新人福利价-260914-10163022037983-内部实时跑量-625-1,0.10,10,0,0.00,0.00,0.00,福利价/无价格|考古加素材混剪,,
2026-10-04,14529793899,信息流-小牛-停车号码牌-三方主体-代运营-新人福利价-260917-10203964359828-内部实时跑量-625-27,0.10,12,0,0.00,0.00,0.00,,,
2026-10-04,13846397120,CH-SC-低活-10112643484929-超级抢购-手机通讯-无-剪辑-转化引导-手机通讯-20260708-无-625-aigc-2,0.10,13,1,0.00,0.00,7.69,DHX扒起量0706|平台一组AIGC|心如|快手重复素材|快手非低质素材|福利价|腾讯首发素材,,
2026-10-04,14535580536,信息流-小牛-打火机-三方主体-代运营-新人福利价-260918-10162692688878-内部实时跑量-625-43,0.09,3,1,0.00,0.00,33.33,,,
2026-10-04,14444473820,信息流-小牛-陶瓷碗-三方主体-代运营-新人1分钱-260910-10129451028601-商务选品-625-57,0.09,13,0,0.00,0.00,0.00,福利价/无价格,,
2026-10-04,14309576263,信息流-小牛-围裙-三方主体-代运营-新人福利价-260827-10117891615029-设计自选-625-14,0.09,10,0,0.00,0.00,0.00,平台一组AIGC|福利价/无价格|考古加素材混剪,,
2026-10-04,14092640976,信息流-小牛-维达纸巾-三方主体-代运营-新人福利价-0806-100166352003-大盘实时跑量-625-33,0.09,48,1,0.00,0.00,2.08,头条/京东标点/有量素材混剪|福利价/无价格,,
2026-10-04,14488299649,信息流-小牛-大月饼-三方主体-代运营-新人福利价-260914-10163022037983-内部实时跑量-625-34,0.09,26,1,0.00,0.00,3.85,福利价/无价格|考古加素材混剪,,
2026-10-04,14643125791,信息流-小牛-维达抽纸-三方主体-代运营-新人福利价-260909-100166352003-内部实时跑量-625-头条储备-13,0.09,42,1,0.00,0.00,2.38,,,
2026-10-04,14422275173,信息流-小牛-真空袋-三方主体-代运营-新人福利价-260908-10212584519594-内部实时跑量-625-19,0.09,1,0,0.00,0.00,0.00,福利价/无价格|考古加素材混剪,,
2026-10-04,14422209680,信息流-小牛-小蜜桃-三方主体-代运营-新人福利价-260908-10231541696811 -深海货盘-625-29,0.09,37,1,0.00,0.00,2.70,福利价/无价格|考古加素材混剪,,
2026-10-04,14422196291,信息流-小牛-小蜜桃-三方主体-代运营-新人福利价-260908-10231541696811 -深海货盘-625-48,0.09,9,1,0.00,0.00,11.11,福利价/无价格|考古加素材混剪,,
2026-10-04,13846337923,CH-SC-低活-10113209119177-超级抢购-电动车-无-剪辑-转化引导-电动车-20260708-无-625-5,0.08,2,0,0.00,0.00,0.00,平台一组AIGC|心如|快手原创素材|快手非低质素材|福利价|腾讯首发素材,,
2026-10-04,14535568039,信息流-小牛-打火机-三方主体-代运营-新人福利价-260918-10162692688878-内部实时跑量-625-58,0.08,20,0,0.00,0.00,0.00,,,
2026-10-04,14444443145,信息流-小牛-陶瓷碗-三方主体-代运营-新人1分钱-260910-10129451028601-商务选品-625-21,0.08,141,0,0.00,0.00,0.00,福利价/无价格,,
2026-10-04,14309670606,信息流-小牛-饭盒-三方主体-代运营-新人福利价-260827-10125420247464-设计自选-625-2,0.08,4,0,0.00,0.00,0.00,平台一组AIGC|福利价/无价格|考古加素材混剪,,
2026-10-04,13873247401,CH-SC-低活-10217740550325-超级抢购-箱包皮具-无-剪辑-转化引导-箱包皮具-20260713-无-625-aigc-1,0.08,3,0,0.00,0.00,0.00,平台一组AIGC|心如|快手重复素材|快手非低质素材|福利价|腾讯首发素材,,
2026-10-04,14554164772,CH-SC-低活-10096167203452-超级抢购-纸品-大商超-剪辑-转化引导-纸品-260917-无-625-12,0.08,33,22,0.00,0.00,66.67,,,
2026-10-04,14166680810,信息流-小牛-五香花生-三方主体-代运营-新人福利价-0814-10150360358365-大盘实时跑量-625-28,0.08,10,0,0.00,0.00,0.00,福利价/无价格|考古加素材混剪,,
2026-10-04,13916494785,CH-SC-广义新-10040988734451-新10元话费券-无-无-剪辑-转化引导-无-20260715-无-625-14,0.08,10,0,0.00,0.00,0.00,快手原创素材|快手非低质素材,,
2026-10-04,13776589156,CH-SC-广义新-10177393646076-新综合频道-灯饰照明-京喜拉新-剪辑-转化引导-灯饰照明-20260702-反向-625-aigc-9,0.08,8,0,0.00,0.00,0.00,平台一组AIGC|快手原创素材|快手非低质素材|无价格|福利价/无价格,,
2026-10-04,14487659251,信息流-小牛-毛毯-三方主体-代运营-新人福利价-260914-10146450179286-商务选品-625-40,0.08,6,1,0.00,0.00,16.67,快手原创素材|快手非低质素材|福利价/无价格,,
2026-10-04,14516507372,CH-SC-低活-10233824843150-超级抢购-收纳用品-无-剪辑-转化引导-收纳用品-260907-无-625-8,0.08,3,0,0.00,0.00,0.00,心如|福利价,,
2026-10-04,14319046045,CH-SC-低活-10140917922437-超级抢购-家庭清洁-无-剪辑-转化引导-家庭清洁-20260820-无-625-aigc-13,0.07,2,0,0.00,0.00,0.00,平台AI测试/视频/一组智能体|平台一组AIGC|心如|快手重复素材|快手非低质素材|福利价|腾讯首发素材,,
2026-10-04,14309670559,信息流-小牛-电脑支架-三方主体-代运营-新人福利价-260827-10191489644462-大盘实扒改-625-5,0.07,15,0,0.00,0.00,0.00,平台一组AIGC|福利价/无价格|考古加素材混剪,,
2026-10-04,14372729671,信息流-小牛-旋转支架-三方主体-代运营-新人福利价-260903-10112643484929-内部实时跑量-625-28,0.07,7,0,0.00,0.00,0.00,原生|福利价/无价格|考古加素材混剪,,
2026-10-04,14422243786,信息流-小牛-真空袋-三方主体-代运营-新人福利价-260908-10212584519594-内部实时跑量-625-8,0.07,24,0,0.00,0.00,0.00,福利价/无价格|考古加素材混剪,,
2026-10-04,14383821463,CH-SC-低活-10129955889557-超级抢购-厨具-无-剪辑-转化引导-厨具-260901-无-625-15,0.07,16,2,0.00,0.00,12.50,福利价,,
2026-10-04,14309750869,信息流-小牛-雨伞-三方主体-代运营-新人福利价-260828-10113643996701-大盘扒改-625-17,0.07,16,0,0.00,0.00,0.00,原生|大盘扒改|平台一组AIGC|福利价/无价格,,
2026-10-04,14309672531,信息流-小牛-电脑支架-三方主体-代运营-新人福利价-260827-10191489644462-大盘实扒改-625-4,0.07,34,1,0.00,0.00,2.94,平台一组AIGC|福利价/无价格|考古加素材混剪,,
2026-10-04,14516432425,CH-SC-低活-10111392494770-超级抢购-收纳用品-无-剪辑-转化引导-收纳用品-20260911-无-625-29,0.07,8,0,0.00,0.00,0.00,心如|福利价,,
2026-10-04,14049462509,CH-SC-低活-10154095391500-超级抢购-手机通讯-无-剪辑-转化引导-手机通讯-20260730-无-625-8,0.07,6,0,0.00,0.00,0.00,心如|快手重复素材|快手非低质素材|福利价|腾讯首发素材,,
2026-10-04,14422197698,信息流-小牛-小蜜桃-三方主体-代运营-新人福利价-260908-10231541696811 -深海货盘-625-46,0.07,10,0,0.00,0.00,0.00,福利价/无价格|考古加素材混剪,,
2026-10-04,14488311102,信息流-小牛-大月饼-三方主体-代运营-新人福利价-260914-10163022037983-内部实时跑量-625-28,0.07,48,2,0.00,0.00,4.17,福利价/无价格|考古加素材混剪,,
2026-10-04,14444498349,信息流-小牛-陶瓷碗-三方主体-代运营-新人1分钱-260910-10129451028601-商务选品-625-45,0.06,16,0,0.00,0.00,0.00,快手原创素材|快手非低质素材|福利价/无价格,,
2026-10-04,14049453611,CH-SC-低活-10203314269223-超级抢购-生鲜-无-剪辑-转化引导-生鲜-20260730-无-625-aigc-1,0.06,3,0,0.00,0.00,0.00,平台一组AIGC|心如|福利价|腾讯首发素材,,
2026-10-04,14516502500,CH-SC-低活-10233824843150-超级抢购-收纳用品-无-剪辑-转化引导-收纳用品-260907-无-625-17,0.06,5,0,0.00,0.00,0.00,心如|福利价,,
2026-10-04,14535540060,信息流-小牛-打火机-三方主体-代运营-新人福利价-260918-10162692688878-内部实时跑量-625-18,0.06,8,0,0.00,0.00,0.00,,,
2026-10-04,14562133139,CH-PRJ-采销项目-无-快手-无-无-剪辑-转化引导-无-260911-无-625-15,0.06,2,1,0.06,1.00,50.00,,,
2026-10-04,14529802744,信息流-小牛-停车号码牌-三方主体-代运营-新人福利价-260917-10203964359828-内部实时跑量-625-13,0.06,4,0,0.00,0.00,0.00,,,
2026-10-04,14535566817,信息流-小牛-打火机-三方主体-代运营-新人福利价-260918-10162692688878-内部实时跑量-625-57,0.05,14,0,0.00,0.00,0.00,,,
2026-10-04,14369373486,信息流-小牛-菜板-三方主体-代运营-新人福利价-260903-10155000015319-内部实时跑量-625-34,0.05,5,0,0.00,0.00,0.00,原生|快手原创素材|快手非低质素材|福利价/无价格,,
2026-10-04,14422218206,信息流-小牛-小蜜桃-三方主体-代运营-新人福利价-260908-10231541696811 -深海货盘-625-17,0.05,5,1,0.00,0.00,20.00,福利价/无价格|考古加素材混剪,,
2026-10-04,13486880647,CH-SC-广义新-无-新10元话费券-10元话费券-京喜拉新-剪辑-转化引导-10元话费券-20260605-无-625-21,0.05,47,1,0.00,0.00,2.13,快手原创素材|快手非低质素材,,
2026-10-04,13988881818,CH-SC-低活-10217740550325-超级抢购-箱包皮具-无-剪辑-转化引导-箱包皮具-20260720-无-625-aigc-2,0.05,2,0,0.00,0.00,0.00,平台一组AIGC|心如|快手重复素材|快手非低质素材|福利价|腾讯首发素材,,
2026-10-04,14488278413,信息流-小牛-大月饼-三方主体-代运营-新人福利价-260914-10163022037983-内部实时跑量-625-45,0.05,5,0,0.00,0.00,0.00,福利价/无价格|考古加素材混剪,,
2026-10-04,14295222924,信息流-小牛-拼豆-三方主体-代运营-新人福利价-260826-10198153252023-商务选品-625-13,0.05,113,1,0.00,0.00,0.88,--,,
2026-10-04,14319048430,CH-SC-广义新-10128848312108-新综合频道-厨具-京喜拉新-剪辑-转化引导-厨具-260827-无-625-aigc-9,0.05,4,0,0.00,0.00,0.00,平台一组AIGC|无价格,,
2026-10-04,14488272187,信息流-小牛-大月饼-三方主体-代运营-新人福利价-260914-10163022037983-内部实时跑量-625-aigc-2,0.05,12,0,0.00,0.00,0.00,福利价/无价格|考古加素材混剪,,
2026-10-04,14488265377,信息流-小牛-大月饼-三方主体-代运营-新人福利价-260914-10163022037983-内部实时跑量-625-aigc-4,0.04,3,0,0.00,0.00,0.00,福利价/无价格|考古加素材混剪,,
2026-10-04,14444436902,信息流-小牛-陶瓷碗-三方主体-代运营-新人1分钱-260910-10129451028601-商务选品-625-27,0.04,25,0,0.00,0.00,0.00,福利价/无价格,,
2026-10-04,14318978964,CH-SC-广义新-10128848312108-新综合频道-厨具-京喜拉新-剪辑-转化引导-厨具-260827-无-625-aigc-13,0.04,3,0,0.00,0.00,0.00,平台一组AIGC|无价格,,
2026-10-04,14535550854,信息流-小牛-打火机-三方主体-代运营-新人福利价-260918-10162692688878-内部实时跑量-625-5,0.04,3,0,0.00,0.00,0.00,,,
2026-10-04,14516515890,CH-SC-低活-10113209119177-超级抢购-电动车-无-剪辑-转化引导-电动车-260907-无-625-15,0.04,3,0,0.00,0.00,0.00,心如|福利价,,
2026-10-04,13341768699,CH-SC-广义新-10219841541026-新综合频道-厨具-京喜拉新-剪辑-转化引导-厨具-20260520-反向-625-14,0.04,5,4,0.00,0.00,80.00,广义新头条|心如|快手重复素材|快手非低质素材|搬运打压素材|无价格|腾讯首发素材,,
2026-10-04,14009876900,信息流-小牛-李子-京东主体-代运营-新人福利价-0729-10223570717754-设计自选-625-aigc-12,0.04,5,0,0.00,0.00,0.00,平台一组AIGC,,
2026-10-04,14444479040,信息流-小牛-陶瓷碗-三方主体-代运营-新人1分钱-260910-10129451028601-商务选品-625-54,0.04,57,2,0.00,0.00,3.51,福利价/无价格,,
2026-10-04,13684858155,CH-SC-广义新-无-新10元话费券-10元话费券-京喜拉新-剪辑-转化引导-10元话费券-20260626-无-625-4,0.04,3,1,0.00,0.00,33.33,快手原创素材|快手非低质素材|腾讯首发素材,,
2026-10-04,14318976227,CH-SC-广义新-10128848312108-新综合频道-厨具-京喜拉新-剪辑-转化引导-厨具-260827-无-625-aigc-18,0.04,3,0,0.00,0.00,0.00,平台一组AIGC|无价格,,
2026-10-04,14422203143,信息流-小牛-小蜜桃-三方主体-代运营-新人福利价-260908-10231541696811 -深海货盘-625-37,0.04,4,0,0.00,0.00,0.00,福利价/无价格|考古加素材混剪,,
2026-10-04,14422200205,信息流-小牛-小蜜桃-三方主体-代运营-新人福利价-260908-10231541696811 -深海货盘-625-41,0.04,7,0,0.00,0.00,0.00,福利价/无价格|考古加素材混剪,,
2026-10-04,14088471139,CH-SC-低活-10223570717754-超级抢购-生鲜-无-剪辑-转化引导-生鲜-20260803-无-625-aigc-1,0.03,3,0,0.00,0.00,0.00,平台一组AIGC|心如|福利价|腾讯首发素材,,
2026-10-04,14422161460,信息流-小牛-骑行支架-三方主体-代运营-新人福利价-260908-10139440032542-历史爆品-625-3,0.03,2,0,0.00,0.00,0.00,头条优质素材|福利价/无价格|考古加素材混剪,,
2026-10-04,14631561982,CH-SC-广义新-10122178732943-新综合频道-生鲜-京喜拉新-剪辑-转化引导-10122178732943-20260921-反向-625-头条储备-20,0.03,1,0,0.00,0.00,0.00,,,
2026-10-04,14516510742,CH-SC-低活-10113209119177-超级抢购-电动车-无-剪辑-转化引导-电动车-260907-无-625-2,0.03,1,0,0.00,0.00,0.00,心如|福利价,,
2026-10-04,14498626380,CH-SC-低活-10161130444375-超级抢购-农资园艺-无-剪辑-转化引导-农资园艺-260908-无-625-11,0.03,1,0,0.00,0.00,0.00,心如|福利价,,
2026-10-04,14407746537,CH-SC-广义新-10129955889557-新综合频道-厨具-京喜拉新-剪辑-转化引导-厨具-260904-反向-625-1,0.03,0,0,0.00,0.00,0.00,无价格,,
2026-10-04,13873209822,CH-SC-低活-10113209119177-超级抢购-电动车-无-剪辑-转化引导-电动车-20260709-无-625-2,0.03,2,0,0.00,0.00,0.00,心如|快手重复素材|快手非低质素材|福利价|腾讯首发素材,,
2026-10-04,14631512171,CH-SC-低活-10217740550325-超级抢购-箱包皮具-无-剪辑-转化引导-箱包皮具-260921-无-625-头条储备-aigc-47,0.03,1,0,0.00,0.00,0.00,,,
2026-10-04,14238356477,信息流-小牛-雨伞-三方主体-代运营-新人福利价-0820-10130866966155-内部实时跑量-625-8,0.03,5,0,0.00,0.00,0.00,有米云素材混剪|福利价/无价格|腾讯首发素材,,
2026-10-04,14631528792,CH-SC-广义新-10134706997811-新综合频道-手机通讯-京喜拉新-剪辑-转化引导-手机通讯-20260921-反向-625-头条储备-aigc-60,0.03,2,0,0.00,0.00,0.00,,,
2026-10-04,14631535087,CH-SC-广义新-10149027879570-新综合频道-生鲜-京喜拉新-剪辑-转化引导-10122178732943-20260921-反向-625-头条储备-19,0.03,25,0,0.00,0.00,0.00,,,
2026-10-04,14309673968,信息流-小牛-电脑支架-三方主体-代运营-新人福利价-260827-10191489644462-大盘实扒改-625-3,0.03,1,0,0.00,0.00,0.00,平台一组AIGC|福利价/无价格|考古加素材混剪,,
2026-10-04,14422217260,信息流-小牛-小蜜桃-三方主体-代运营-新人福利价-260908-10231541696811 -深海货盘-625-23,0.03,11,0,0.00,0.00,0.00,福利价/无价格|考古加素材混剪,,
2026-10-04,14488267955,信息流-小牛-大月饼-三方主体-代运营-新人福利价-260914-10163022037983-内部实时跑量-625-aigc-3,0.03,2,0,0.00,0.00,0.00,福利价/无价格|考古加素材混剪,,
2026-10-04,14247752216,CH-SC-广义新-1073108-新综合频道-水饮冲调-大商超-剪辑-转化引导-水饮冲调-20260820-无-625-aigc-12,0.03,7,0,0.00,0.00,0.00,平台一组AIGC|快手重复素材|快手非低质素材|腾讯首发素材,,
2026-10-04,14562120754,CH-PRJ-采销项目-无-快手-无-无-剪辑-转化引导-无-260915-无-625-2,0.03,5,0,0.01,3.00,0.00,,,
2026-10-04,13846309120,CH-SC-低活-10140917922437-超级抢购-家庭清洁-无-剪辑-转化引导-家庭清洁-20260708-无-625-aigc-10,0.03,1,0,0.00,0.00,0.00,平台一组AIGC|心如|快手重复素材|快手非低质素材|福利价|腾讯首发素材,,
2026-10-04,14529799542,信息流-小牛-停车号码牌-三方主体-代运营-新人福利价-260917-10203964359828-内部实时跑量-625-17,0.03,3,0,0.00,0.00,0.00,,,
2026-10-04,14631560418,CH-SC-广义新-10122178732943-新综合频道-生鲜-京喜拉新-剪辑-转化引导-10122178732943-20260921-反向-625-头条储备-26,0.03,2,1,0.00,0.00,50.00,,,
2026-10-04,14444454425,信息流-小牛-陶瓷碗-三方主体-代运营-新人1分钱-260910-10129451028601-商务选品-625-9,0.03,4,2,0.00,0.00,50.00,福利价/无价格,,
2026-10-04,14319046606,CH-SC-低活-10140917922437-超级抢购-家庭清洁-无-剪辑-转化引导-家庭清洁-20260820-无-625-aigc-9,0.03,2,0,0.00,0.00,0.00,平台AI测试/视频/一组智能体|平台一组AIGC|心如|快手原创素材|快手非低质素材|福利价|腾讯首发素材,,
2026-10-04,14422273850,信息流-小牛-真空袋-三方主体-代运营-新人福利价-260908-10212584519594-内部实时跑量-625-21,0.03,6,0,0.00,0.00,0.00,福利价/无价格|考古加素材混剪,,
2026-10-04,14422280048,信息流-小牛-真空袋-三方主体-代运营-新人福利价-260908-10212584519594-内部实时跑量-625-1,0.03,7,0,0.00,0.00,0.00,福利价/无价格|考古加素材混剪,,
2026-10-04,14516456173,CH-SC-低活-10103917299332-超级抢购-厨具-无-剪辑-转化引导-厨具-20260911-无-625-24,0.03,2,0,0.00,0.00,0.00,心如|福利价,,
2026-10-04,14422196927,信息流-小牛-小蜜桃-三方主体-代运营-新人福利价-260908-10231541696811 -深海货盘-625-47,0.03,6,1,0.00,0.00,16.67,福利价/无价格|考古加素材混剪,,
2026-10-04,14631559043,CH-SC-广义新-10122178732943-新综合频道-生鲜-京喜拉新-剪辑-转化引导-10122178732943-20260921-反向-625-头条储备-32,0.02,7,0,0.00,0.00,0.00,,,
2026-10-04,14422212744,信息流-小牛-小蜜桃-三方主体-代运营-新人福利价-260908-10231541696811 -深海货盘-625-24,0.02,5,0,0.00,0.00,0.00,福利价/无价格|考古加素材混剪,,
2026-10-04,14309742578,信息流-小牛-雨伞-三方主体-代运营-新人福利价-260828-10113643996701-大盘扒改-625-27,0.02,2,0,0.00,0.00,0.00,原生|大盘扒改|平台一组AIGC|福利价/无价格,,
2026-10-04,14631551143,CH-SC-广义新-10122178732943-新综合频道-生鲜-京喜拉新-剪辑-转化引导-10122178732943-20260921-反向-625-头条储备-58,0.02,14,0,0.00,0.00,0.00,,,
2026-10-04,14554133189,CH-SC-低活-10215783938762-超级抢购加补-生鲜-无-剪辑-转化引导-生鲜-260911-无-625-24,0.02,3,0,0.00,0.00,0.00,,,
2026-10-04,14050222435,CH-SC-广义新-10187000434970-新综合频道-厨具-京喜拉新-剪辑-转化引导-厨具-20260730-无-625-15,0.02,8,1,0.00,0.00,12.50,广义新头条|心如|快手重复素材|快手非低质素材|腾讯首发素材,,
2026-10-04,14535583024,信息流-小牛-打火机-三方主体-代运营-新人福利价-260918-10162692688878-内部实时跑量-625-41,0.02,3,0,0.00,0.00,0.00,,,
2026-10-04,13916302821,CH-SC-低活-10140917922437-超级抢购-家庭清洁-无-剪辑-转化引导-家庭清洁-20260715-无-625-aigc-12,0.02,4,0,0.00,0.00,0.00,平台一组AIGC|心如|快手重复素材|快手非低质素材|无价格|腾讯首发素材,,
2026-10-04,14516511074,CH-SC-低活-10113209119177-超级抢购-电动车-无-剪辑-转化引导-电动车-260907-无-625-28,0.02,1,0,0.00,0.00,0.00,心如|福利价,,
2026-10-04,14488278193,信息流-小牛-大月饼-三方主体-代运营-新人福利价-260914-10163022037983-内部实时跑量-625-46,0.02,0,0,0.00,0.00,0.00,福利价/无价格|考古加素材混剪,,
2026-10-04,13960082328,信息流-小牛-抽纸-三方主体-代运营-新人福利价-0724-10105196309536 -历史爆品-625-4,0.02,5,1,0.00,0.00,20.00,福利价/无价格|腾讯首发素材,,
2026-10-04,14444460280,信息流-小牛-陶瓷碗-三方主体-代运营-新人1分钱-260910-10129451028601-商务选品-625-7,0.02,38,0,0.00,0.00,0.00,福利价/无价格,,
2026-10-04,13916302351,CH-SC-低活-10140917922437-超级抢购-家庭清洁-无-剪辑-转化引导-家庭清洁-20260715-无-625-aigc-11,0.02,7,0,0.00,0.00,0.00,平台一组AIGC|心如|快手重复素材|快手非低质素材|无价格|腾讯首发素材,,
2026-10-04,13873189462,CH-SC-低活-10140917922437-超级抢购-家庭清洁-无-剪辑-转化引导-家庭清洁-20260709-无-625-aigc-1,0.02,2,0,0.00,0.00,0.00,平台一组AIGC|心如|快手重复素材|快手非低质素材|福利价|腾讯首发素材,,
2026-10-04,14562133101,CH-PRJ-采销项目-无-快手-无-无-剪辑-转化引导-无-260911-无-625-14,0.02,3,2,0.00,0.00,66.67,,,
2026-10-04,14631561493,CH-SC-广义新-10122178732943-新综合频道-生鲜-京喜拉新-剪辑-转化引导-10122178732943-20260921-反向-625-头条储备-22,0.02,7,0,0.00,0.00,0.00,,,
2026-10-04,14516445639,CH-SC-低活-10111392494770-超级抢购-收纳用品-无-剪辑-转化引导-收纳用品-20260911-无-625-7,0.02,1,0,0.00,0.00,0.00,心如|福利价,,
2026-10-04,14444494583,信息流-小牛-陶瓷碗-三方主体-代运营-新人1分钱-260910-10129451028601-商务选品-625-47,0.02,2,0,0.00,0.00,0.00,快手原创素材|快手非低质素材|福利价/无价格,,
2026-10-04,14554235160,CH-SC-低活-10233824843150-超级抢购-收纳用品-无-剪辑-转化引导-收纳用品-260918-无-625-5,0.02,2,0,0.00,0.00,0.00,,,
2026-10-04,14374718939,信息流-小牛-苹果-三方主体-代运营-新人福利价-260903-10186710590960-历史爆品-625-8,0.02,11,0,0.00,0.00,0.00,原生|福利价/无价格|考古加素材混剪,,
2026-10-04,14554245357,CH-SC-低活-10111392494770-超级抢购-收纳用品-无-剪辑-转化引导-收纳用品-20260918-无-625-启动-6,0.02,2,0,0.00,0.00,0.00,,,
2026-10-04,13873191576,CH-SC-低活-10140917922437-超级抢购-家庭清洁-无-剪辑-转化引导-家庭清洁-20260709-无-625-aigc-3,0.02,1,0,0.00,0.00,0.00,平台一组AIGC|心如|快手重复素材|快手非低质素材|福利价|腾讯首发素材,,
2026-10-04,14422217201,信息流-小牛-小蜜桃-三方主体-代运营-新人福利价-260908-10231541696811 -深海货盘-625-18,0.02,3,0,0.00,0.00,0.00,福利价/无价格|考古加素材混剪,,
2026-10-04,13776633875,CH-SC-广义新-10177393646076-新综合频道-灯饰照明-京喜拉新-剪辑-转化引导-灯饰照明-20260702-反向-625-aigc-3,0.01,2,0,0.00,0.00,0.00,平台一组AIGC|快手原创素材|快手非低质素材|无价格|福利价/无价格,,
2026-10-04,14631563386,CH-SC-广义新-10122178732943-新综合频道-生鲜-京喜拉新-剪辑-转化引导-10122178732943-20260921-反向-625-头条储备-16,0.01,2,0,0.00,0.00,0.00,,,
2026-10-04,13776599474,CH-SC-广义新-10177393646076-新综合频道-灯饰照明-京喜拉新-剪辑-转化引导-灯饰照明-20260702-反向-625-aigc-14,0.01,2,0,0.00,0.00,0.00,平台一组AIGC|快手原创素材|快手非低质素材|无价格|福利价/无价格,,
2026-10-04,14369365897,信息流-小牛-菜板-三方主体-代运营-新人福利价-260903-10155000015319-内部实时跑量-625-37,0.01,10,0,0.00,0.00,0.00,原生|快手原创素材|快手非低质素材|福利价/无价格,,
2026-10-04,13341765349,CH-SC-广义新-10219841541026-新综合频道-厨具-京喜拉新-剪辑-转化引导-厨具-20260520-反向-625-7,0.01,2,2,0.00,0.00,100.00,广义新头条|心如|快手重复素材|快手非低质素材|无价格|腾讯首发素材,,
2026-10-04,14444491999,信息流-小牛-陶瓷碗-三方主体-代运营-新人1分钱-260910-10129451028601-商务选品-625-48,0.01,3,0,0.00,0.00,0.00,快手原创素材|快手非低质素材|福利价/无价格,,
2026-10-04,14444477090,信息流-小牛-陶瓷碗-三方主体-代运营-新人1分钱-260910-10129451028601-商务选品-625-55,0.01,0,0,0.00,0.00,0.00,福利价/无价格,,
2026-10-04,14488327968,信息流-小牛-大月饼-三方主体-代运营-新人福利价-260914-10163022037983-内部实时跑量-625-19,0.01,8,0,0.00,0.00,0.00,福利价/无价格|考古加素材混剪,,
2026-10-04,14631533480,CH-SC-广义新-10149027879570-新综合频道-生鲜-京喜拉新-剪辑-转化引导-10122178732943-20260921-反向-625-头条储备-32,0.01,5,0,0.00,0.00,0.00,,,
2026-10-04,14631535548,CH-SC-广义新-10149027879570-新综合频道-生鲜-京喜拉新-剪辑-转化引导-10122178732943-20260921-反向-625-头条储备-14,0.01,2,0,0.00,0.00,0.00,,,
2026-10-04,14631535034,CH-SC-广义新-10149027879570-新综合频道-生鲜-京喜拉新-剪辑-转化引导-10122178732943-20260921-反向-625-头条储备-20,0.01,7,0,0.00,0.00,0.00,,,
2026-10-04,14631519685,CH-SC-低活-10139440032542-超级抢购-运动户外-无-剪辑-转化引导-运动户外-260927-无-625-头条储备-76,0.01,1,0,0.00,0.00,0.00,,,
2026-10-04,14309684067,信息流-小牛-围裙-三方主体-代运营-新人福利价-260827-10117891615029-设计自选-625-52,0.01,1,0,0.00,0.00,0.00,平台一组AIGC|福利价/无价格|考古加素材混剪,,
2026-10-04,14631530295,CH-SC-广义新-10134706997811-新综合频道-手机通讯-京喜拉新-剪辑-转化引导-手机通讯-20260921-反向-625-头条储备-aigc-28,0.01,9,1,0.00,0.00,11.11,,,
2026-10-04,14313076249,信息流-小牛-红薯-京东主体-代运营-福利价-260828-10120514417084-设计自选-625-7,0.01,1,0,0.00,0.00,0.00,平台一组AIGC|福利价/无价格,,
2026-10-04,14049380620,CH-SC-低活-10178946597305-超级抢购-厨具-无-剪辑-转化引导-厨具-20260728-无-625-aigc-5,0.01,1,0,0.00,0.00,0.00,平台一组AIGC|心如|快手重复素材|快手非低质素材|福利价|腾讯首发素材,,
2026-10-04,13684912714,CH-SC-广义新-无-新10元话费券-10元话费券-京喜拉新-剪辑-转化引导-10元话费券-20260626-无-625-10,0.01,5,0,0.00,0.00,0.00,快手重复素材|快手非低质素材|腾讯首发素材,,
2026-10-04,14383821230,CH-SC-低活-10129955889557-超级抢购-厨具-无-剪辑-转化引导-厨具-260901-无-625-18,0.01,3,0,0.00,0.00,0.00,福利价,,
2026-10-04,14631517733,CH-SC-低活-10217740550325-超级抢购-箱包皮具-无-剪辑-转化引导-箱包皮具-260921-无-625-头条储备-aigc-106,0.01,1,0,0.00,0.00,0.00,,,
2026-10-04,14631554401,CH-SC-广义新-10122178732943-新综合频道-生鲜-京喜拉新-剪辑-转化引导-10122178732943-20260921-反向-625-头条储备-50,0.01,5,0,0.00,0.00,0.00,,,
2026-10-04,14516500212,CH-SC-低活-10233824843150-超级抢购-收纳用品-无-剪辑-转化引导-收纳用品-260907-无-625-22,0.01,1,0,0.00,0.00,0.00,心如|福利价,,
2026-10-04,14422180540,信息流-小牛-骑行支架-三方主体-代运营-新人福利价-260908-10139440032542-历史爆品-625-21,0.01,1,0,0.00,0.00,0.00,福利价/无价格|考古加素材混剪,,
2026-10-04,14372715475,信息流-小牛-旋转支架-三方主体-代运营-新人福利价-260903-10112643484929-内部实时跑量-625-41,0.01,2,0,0.00,0.00,0.00,原生|福利价/无价格|考古加素材混剪,,
2026-10-04,14631564909,CH-SC-低活-10100542418506-超级抢购-生活日用-无-剪辑-转化引导-生活日用-260921-无-625-头条储备-14,0.01,2,0,0.00,0.00,0.00,,,
2026-10-04,14299136746,CH-PRJ-采销项目-无-快手-无-无-剪辑-转化引导-无-260825-无-625-6,0.01,3,0,0.00,0.00,0.00,快手重复素材|快手非低质素材,,
2026-10-04,14631555462,CH-SC-广义新-10122178732943-新综合频道-生鲜-京喜拉新-剪辑-转化引导-10122178732943-20260921-反向-625-头条储备-45,0.01,16,0,0.00,0.00,0.00,,,
2026-10-04,14422262012,信息流-小牛-真空袋-三方主体-代运营-新人福利价-260908-10212584519594-内部实时跑量-625-39,0.01,3,0,0.00,0.00,0.00,福利价/无价格|考古加素材混剪,,
2026-10-04,14372742341,信息流-小牛-旋转支架-三方主体-代运营-新人福利价-260903-10112643484929-内部实时跑量-625-10,0.01,1,0,0.00,0.00,0.00,原生|福利价/无价格|考古加素材混剪,,
2026-10-04,14092633666,信息流-小牛-西瓜-三方主体-代运营-新人福利价-0806-10215767576641-历史爆品-625-11,0.01,2,0,0.00,0.00,0.00,头条/京东标点/不带角标|福利价/无价格|腾讯首发素材,,
2026-10-04,14516504290,CH-SC-低活-10233824843150-超级抢购-收纳用品-无-剪辑-转化引导-收纳用品-260907-无-625-15,0.01,6,0,0.00,0.00,0.00,心如|福利价,,
2026-10-04,14529774970,信息流-小牛-停车号码牌-三方主体-代运营-新人福利价-260917-10203964359828-内部实时跑量-625-55,0.01,1,0,0.00,0.00,0.00,,,
2026-10-04,14422149663,信息流-小牛-骑行支架-三方主体-代运营-新人福利价-260908-10139440032542-历史爆品-625-42,0.01,1,0,0.00,0.00,0.00,头条优质素材|福利价/无价格|考古加素材混剪,,
2026-10-04,14365976623,CH-SC-低活-10207774889664-超级抢购-家庭清洁-无-剪辑-转化引导-家庭清洁-20260828-无-625-白牌-5,0.01,1,0,0.00,0.00,0.00,0820白牌|快手原创素材|快手非低质素材|福利价|腾讯首发素材,,
2026-10-04,14309598153,信息流-小牛-围裙-三方主体-代运营-新人福利价-260827-10117891615029-设计自选-625-4,0.01,11,2,0.00,0.00,18.18,平台一组AIGC|福利价/无价格|考古加素材混剪,,
2026-10-04,12851484247,荣耀-XN-短剧-通用-数字人介绍-混剪-2600320-625-48,0.01,3,0,0.00,0.00,0.00,,,
2026-10-04,14486259607,信息流-小牛-毛毯-三方主体-代运营-新人福利价-260914-10146450179286-商务选品-625-13,0.01,2,0,0.00,0.00,0.00,快手原创素材|快手非低质素材|福利价/无价格,,
2026-10-04,13684912102,CH-SC-广义新-无-新10元话费券-10元话费券-京喜拉新-剪辑-转化引导-10元话费券-20260626-无-625-8,0.01,4,0,0.00,0.00,0.00,快手原创素材|快手非低质素材|腾讯首发素材,,
2026-10-04,14631534181,CH-SC-广义新-10149027879570-新综合频道-生鲜-京喜拉新-剪辑-转化引导-10122178732943-20260921-反向-625-头条储备-31,0.01,6,0,0.00,0.00,0.00,,,
2026-10-04,14372718762,信息流-小牛-旋转支架-三方主体-代运营-新人福利价-260903-10112643484929-内部实时跑量-625-35,0.01,4,0,0.00,0.00,0.00,原生|福利价/无价格|考古加素材混剪,,
2026-10-04,13846344785,CH-SC-低活-10113209119177-超级抢购-电动车-无-剪辑-转化引导-电动车-20260708-无-625-11,0.01,1,0,0.00,0.00,0.00,平台一组AIGC|心如|福利价|腾讯首发素材,,
2026-10-04,14516515599,CH-SC-低活-10113209119177-超级抢购-电动车-无-剪辑-转化引导-电动车-260907-无-625-16,0.01,2,0,0.00,0.00,0.00,心如|福利价,,
2026-10-04,14529788972,信息流-小牛-停车号码牌-三方主体-代运营-新人福利价-260917-10203964359828-内部实时跑量-625-34,0.01,2,0,0.00,0.00,0.00,,,
2026-10-04,13881551454,CH-SC-广义新-10177393646076-新综合频道-灯饰照明-京喜拉新-剪辑-转化引导-灯饰照明-20260715-无-625-9,0.01,4,0,0.00,0.00,0.00,广义新头条|快手重复素材|快手非低质素材|腾讯首发素材,,
2026-10-04,14463715652,CH-SC-低活-10223570717754-超级抢购-生鲜-无-剪辑-转化引导-生鲜-260903-无-625-13,0.01,2,1,0.00,0.00,50.00,心如|福利价,,
2026-10-04,14535580726,信息流-小牛-打火机-三方主体-代运营-新人福利价-260918-10162692688878-内部实时跑量-625-42,0.01,1,0,0.00,0.00,0.00,,,
2026-10-04,13916487194,CH-SC-广义新-10040988734451-新10元话费券-无-无-剪辑-转化引导-无-20260715-无-625-17,0.01,4,0,0.00,0.00,0.00,快手原创素材|快手非低质素材|腾讯首发素材,,
2026-10-04,14631535999,CH-SC-广义新-10207004632704 -新综合频道-厨具-京喜拉新-剪辑-转化引导-厨具-20260921-无-625-头条储备-aigc-41,0.01,17,0,0.00,0.00,0.00,,,
2026-10-04,14486277124,信息流-小牛-毛毯-三方主体-代运营-新人福利价-260914-10146450179286-商务选品-625-32,0.01,2,0,0.00,0.00,0.00,快手原创素材|快手非低质素材|福利价/无价格,,
2026-10-04,14131428966,CH-SC-低活-10168329751492-超级抢购-生鲜-无-剪辑-转化引导-生鲜-20260807-无-625-6,0.00,0,0,0.00,0.00,0.00,心如|快手重复素材|快手非低质素材,,
2026-10-04,13145015412,荣耀-XN-影音娱乐-通用-唱歌-混剪-260424-625-7,0.00,0,0,0.00,0.00,0.00,,,
2026-10-04,14422213367,信息流-小牛-小蜜桃-三方主体-代运营-新人福利价-260908-10231541696811 -深海货盘-625-26,0.00,1,0,0.00,0.00,0.00,福利价/无价格|考古加素材混剪,,
2026-10-04,13248257845,荣耀-XN-影音娱乐-通用-风景-混剪-260508-625-5,0.00,0,0,0.00,4.00,0.00,,,
2026-10-04,13471070035,CH-SC-广义新-10136363822650-新综合频道-家庭清洁-京喜拉新-剪辑-转化引导-家庭清洁-20260602-反向-625-1,0.00,0,0,0.00,0.00,0.00,广义新头条|快手重复素材|快手非低质素材|腾讯首发素材,,
2026-10-04,14631530204,CH-SC-广义新-10134706997811-新综合频道-手机通讯-京喜拉新-剪辑-转化引导-手机通讯-20260921-反向-625-头条储备-aigc-29,0.00,1,0,0.00,0.00,0.00,,,
2026-10-04,14422192441,信息流-小牛-小蜜桃-三方主体-代运营-新人福利价-260908-10231541696811 -深海货盘-625-9,0.00,2,0,0.00,0.00,0.00,福利价/无价格|考古加素材混剪,,
2026-10-04,14050219049,CH-SC-广义新-10187000434970-新综合频道-厨具-京喜拉新-剪辑-转化引导-厨具-20260730-无-625-10,0.00,2,0,0.00,0.00,0.00,广义新头条|心如|快手重复素材|快手非低质素材|腾讯首发素材,,
2026-10-04,14444468946,信息流-小牛-陶瓷碗-三方主体-代运营-新人1分钱-260910-10129451028601-商务选品-625-2,0.00,1,0,0.00,0.00,0.00,福利价/无价格,,
2026-10-04,14422156348,信息流-小牛-骑行支架-三方主体-代运营-新人福利价-260908-10139440032542-历史爆品-625-36,0.00,1,0,0.00,0.00,0.00,福利价/无价格|考古加素材混剪,,
2026-10-04,14631532184,CH-SC-广义新-10149027879570-新综合频道-生鲜-京喜拉新-剪辑-转化引导-10122178732943-20260921-反向-625-头条储备-47,0.00,0,0,0.00,0.00,0.00,,,
2026-10-04,14372712333,信息流-小牛-旋转支架-三方主体-代运营-新人福利价-260903-10112643484929-内部实时跑量-625-45,0.00,1,0,0.00,0.00,0.00,原生|福利价/无价格|考古加素材混剪,,
2026-10-04,13471070287,CH-SC-广义新-10136363822650-新综合频道-家庭清洁-京喜拉新-剪辑-转化引导-家庭清洁-20260602-反向-625-3,0.00,0,0,0.00,0.00,0.00,广义新头条|快手重复素材|快手非低质素材|腾讯首发素材,,
2026-10-04,14631536365,CH-SC-广义新-10207004632704 -新综合频道-厨具-京喜拉新-剪辑-转化引导-厨具-20260921-无-625-头条储备-aigc-37,0.00,4,0,0.00,0.00,0.00,,,
2026-10-04,14161866879,信息流-小牛-围裙-三方主体-代运营-新人福利价-0813-10117891615029-大盘实时跑量-625-1,0.00,2,0,0.00,0.00,0.00,福利价/无价格|考古加素材混剪,,
2026-10-04,14153374432,信息流-小牛-饭盒-三方主体-代运营-新人福利价-0812-10125420247464-大盘实扒改-625-1,0.00,1,1,0.00,0.00,100.00,大盘扒改|福利价/无价格,,
2026-10-04,14631530999,CH-SC-广义新-10134706997811-新综合频道-手机通讯-京喜拉新-剪辑-转化引导-手机通讯-20260921-反向-625-头条储备-aigc-11,0.00,7,0,0.00,0.00,0.00,,,
2026-10-04,14631530219,CH-SC-广义新-10134706997811-新综合频道-手机通讯-京喜拉新-剪辑-转化引导-手机通讯-20260921-反向-625-头条储备-aigc-23,0.00,8,0,0.00,0.00,0.00,,,
2026-10-04,14422156514,信息流-小牛-骑行支架-三方主体-代运营-新人福利价-260908-10139440032542-历史爆品-625-37,0.00,1,0,0.00,0.00,0.00,福利价/无价格|考古加素材混剪,,
2026-10-04,14631563922,CH-SC-广义新-10122178732943-新综合频道-生鲜-京喜拉新-剪辑-转化引导-10122178732943-20260921-反向-625-头条储备-11,0.00,1,0,0.00,0.00,0.00,,,
2026-10-04,14422261609,信息流-小牛-真空袋-三方主体-代运营-新人福利价-260908-10212584519594-内部实时跑量-625-37,0.00,1,0,0.00,0.00,0.00,福利价/无价格|考古加素材混剪,,
2026-10-04,14372713690,信息流-小牛-旋转支架-三方主体-代运营-新人福利价-260903-10112643484929-内部实时跑量-625-42,0.00,2,1,0.00,0.00,50.00,原生|福利价/无价格|考古加素材混剪,,
2026-10-04,14631528919,CH-SC-广义新-10134706997811-新综合频道-手机通讯-京喜拉新-剪辑-转化引导-手机通讯-20260921-反向-625-头条储备-aigc-58,0.00,2,0,0.00,0.00,0.00,,,
2026-10-04,14631534332,CH-SC-广义新-10149027879570-新综合频道-生鲜-京喜拉新-剪辑-转化引导-10122178732943-20260921-反向-625-头条储备-26,0.00,7,0,0.00,0.00,0.00,,,
2026-10-04,14407746675,CH-SC-广义新-10129955889557-新综合频道-厨具-京喜拉新-剪辑-转化引导-厨具-260904-反向-625-2,0.00,1,0,0.00,0.00,0.00,无价格,,
2026-10-04,14422205041,信息流-小牛-小蜜桃-三方主体-代运营-新人福利价-260908-10231541696811 -深海货盘-625-34,0.00,1,0,0.00,0.00,0.00,福利价/无价格|考古加素材混剪,,
2026-10-04,14422150862,信息流-小牛-骑行支架-三方主体-代运营-新人福利价-260908-10139440032542-历史爆品-625-46,0.00,1,0,0.00,0.00,0.00,福利价/无价格|考古加素材混剪,,
2026-10-04,14444439611,信息流-小牛-陶瓷碗-三方主体-代运营-新人1分钱-260910-10129451028601-商务选品-625-26,0.00,0,0,0.00,0.00,0.00,福利价/无价格,,
2026-10-04,14631559614,CH-SC-广义新-10122178732943-新综合频道-生鲜-京喜拉新-剪辑-转化引导-10122178732943-20260921-反向-625-头条储备-28,0.00,12,2,0.00,0.00,16.67,,,
2026-10-04,14444452250,信息流-小牛-陶瓷碗-三方主体-代运营-新人1分钱-260910-10129451028601-商务选品-625-10,0.00,2,0,0.00,0.00,0.00,福利价/无价格,,
2026-10-04,13873197666,CH-SC-低活-10140917922437-超级抢购-家庭清洁-无-剪辑-转化引导-家庭清洁-20260709-无-625-aigc-7,0.00,1,0,0.00,0.00,0.00,平台一组AIGC|心如|快手重复素材|快手非低质素材|福利价|腾讯首发素材,,
2026-10-04,14631531753,CH-SC-广义新-10149027879570-新综合频道-生鲜-京喜拉新-剪辑-转化引导-10122178732943-20260921-反向-625-头条储备-50,0.00,6,1,0.00,0.00,16.67,,,
2026-10-04,14486261432,信息流-小牛-毛毯-三方主体-代运营-新人福利价-260914-10146450179286-商务选品-625-9,0.00,0,0,0.00,0.00,0.00,快手原创素材|快手非低质素材|福利价/无价格,,
2026-10-04,14422192671,信息流-小牛-小蜜桃-三方主体-代运营-新人福利价-260908-10231541696811 -深海货盘-625-8,0.00,1,0,0.00,0.00,0.00,福利价/无价格|考古加素材混剪,,
2026-10-04,14631561965,CH-SC-广义新-10122178732943-新综合频道-生鲜-京喜拉新-剪辑-转化引导-10122178732943-20260921-反向-625-头条储备-19,0.00,1,0,0.00,0.00,0.00,,,
2026-10-04,14444447271,信息流-小牛-陶瓷碗-三方主体-代运营-新人1分钱-260910-10129451028601-商务选品-625-18,0.00,0,0,0.00,0.00,0.00,福利价/无价格,,
2026-10-04,14631531366,CH-SC-广义新-10149027879570-新综合频道-生鲜-京喜拉新-剪辑-转化引导-10122178732943-20260921-反向-625-头条储备-54,0.00,1,0,0.00,0.00,0.00,,,
2026-10-04,14631532367,CH-SC-广义新-10149027879570-新综合频道-生鲜-京喜拉新-剪辑-转化引导-10122178732943-20260921-反向-625-头条储备-44,0.00,0,0,0.00,0.00,0.00,,,
2026-10-04,14631535700,CH-SC-广义新-10149027879570-新综合频道-生鲜-京喜拉新-剪辑-转化引导-10122178732943-20260921-反向-625-头条储备-12,0.00,11,1,0.00,0.00,9.09,,,
2026-10-04,14631535898,CH-SC-广义新-10207004632704 -新综合频道-厨具-京喜拉新-剪辑-转化引导-厨具-20260921-无-625-头条储备-aigc-45,0.00,2,0,0.00,0.00,0.00,,,
2026-10-04,14631561389,CH-SC-广义新-10122178732943-新综合频道-生鲜-京喜拉新-剪辑-转化引导-10122178732943-20260921-反向-625-头条储备-23,0.00,1,0,0.00,0.00,0.00,,,
2026-10-04,14516414038,CH-SC-低活-10233824843150-超级抢购-收纳用品-无-剪辑-转化引导-收纳用品-260915-无-625-21,0.00,0,0,0.00,0.00,0.00,心如|福利价,,
2026-10-04,14631529548,CH-SC-广义新-10134706997811-新综合频道-手机通讯-京喜拉新-剪辑-转化引导-手机通讯-20260921-反向-625-头条储备-aigc-32,0.00,1,0,0.00,0.00,0.00,,,
2026-10-04,14197435441,CH-SC-低活-10199184867564-外卖1分购-外卖美食-无-剪辑-转化引导-外卖美食-20260810-无-625-7,0.00,1,0,0.00,0.00,0.00,心如|搬运打压素材|福利价,,
2026-10-04,14631551892,CH-SC-广义新-10122178732943-新综合频道-生鲜-京喜拉新-剪辑-转化引导-10122178732943-20260921-反向-625-头条储备-56,0.00,1,0,0.00,0.00,0.00,,,
2026-10-04,14631520299,CH-SC-低活-10139440032542-超级抢购-运动户外-无-剪辑-转化引导-运动户外-260927-无-625-头条储备-65,0.00,1,0,0.00,0.00,0.00,,,
2026-10-04,14422208475,信息流-小牛-小蜜桃-三方主体-代运营-新人福利价-260908-10231541696811 -深海货盘-625-33,0.00,2,0,0.00,0.00,0.00,福利价/无价格|考古加素材混剪,,
2026-10-04,14631552211,CH-SC-广义新-10122178732943-新综合频道-生鲜-京喜拉新-剪辑-转化引导-10122178732943-20260921-反向-625-头条储备-55,0.00,5,0,0.00,0.00,0.00,,,
2026-10-04,14131169842,CH-SC-广义新-10138594878445 -新综合频道-电动车-京喜拉新-剪辑-转化引导-电动车-20260807-反选-625-1,0.00,1,0,0.00,0.00,0.00,快手重复素材|快手非低质素材|无价格,,
2026-10-04,14554240556,CH-SC-低活-10111392494770-超级抢购-收纳用品-无-剪辑-转化引导-收纳用品-20260918-无-625-启动-2,0.00,1,0,0.00,0.00,0.00,,,
2026-10-04,14365974192,CH-SC-低活-10207774889664-超级抢购-家庭清洁-无-剪辑-转化引导-家庭清洁-20260828-无-625-白牌-17,0.00,0,0,0.00,0.00,0.00,0820白牌|快手原创素材|快手非低质素材|福利价|腾讯首发素材,,
2026-10-04,14643122441,信息流-小牛-维达抽纸-三方主体-代运营-新人福利价-260909-100166352003-内部实时跑量-625-头条储备-28,0.00,1,0,0.00,0.00,0.00,,,
2026-10-04,14631532737,CH-SC-广义新-10149027879570-新综合频道-生鲜-京喜拉新-剪辑-转化引导-10122178732943-20260921-反向-625-头条储备-41,0.00,2,0,0.00,0.00,0.00,,,
2026-10-04,14631528811,CH-SC-广义新-10134706997811-新综合频道-手机通讯-京喜拉新-剪辑-转化引导-手机通讯-20260921-反向-625-头条储备-aigc-59,0.00,12,0,0.00,0.00,0.00,,,
2026-10-04,14444521708,信息流-小牛-陶瓷碗-三方主体-代运营-新人1分钱-260910-10129451028601-商务选品-625-36,0.00,4,0,0.00,0.00,0.00,快手原创素材|快手非低质素材|福利价/无价格,,
2026-10-04,14197493764,CH-SC-低活-10081585918372-超级抢购-纸品-无-剪辑-转化引导-纸品-20260803-无-625-aigc-8,0.00,0,0,0.00,0.00,0.00,平台一组AIGC|心如|快手重复素材|快手非低质素材|福利价|腾讯首发素材,,
2026-10-04,14444436324,信息流-小牛-陶瓷碗-三方主体-代运营-新人1分钱-260910-10129451028601-商务选品-625-29,0.00,1,0,0.00,0.00,0.00,福利价/无价格,,
2026-10-04,14095144957,CH-SC-广义新-10136363822650-新综合频道-纸品-京喜拉新-剪辑-转化引导-纸品-20260804-无-625-9,0.00,0,0,0.00,0.00,0.00,广义新头条|快手重复素材|快手非低质素材|搬运打压素材,,
2026-10-04,14422216553,信息流-小牛-小蜜桃-三方主体-代运营-新人福利价-260908-10231541696811 -深海货盘-625-19,0.00,1,0,0.00,0.00,0.00,福利价/无价格|考古加素材混剪,,
2026-10-04,14631534392,CH-SC-广义新-10149027879570-新综合频道-生鲜-京喜拉新-剪辑-转化引导-10122178732943-20260921-反向-625-头条储备-25,0.00,1,0,0.00,0.00,0.00,,,
2026-10-04,14444454433,信息流-小牛-陶瓷碗-三方主体-代运营-新人1分钱-260910-10129451028601-商务选品-625-8,0.00,4,0,0.00,0.00,0.00,福利价/无价格,,
2026-10-04,14631535404,CH-SC-广义新-10149027879570-新综合频道-生鲜-京喜拉新-剪辑-转化引导-10122178732943-20260921-反向-625-头条储备-18,0.00,2,0,0.00,0.00,0.00,,,
2026-10-04,14562130949,CH-PRJ-采销项目-无-快手-无-无-剪辑-转化引导-无-260911-无-625-20,0.00,0,0,0.00,0.00,0.00,,,
2026-10-04,14631558504,CH-SC-广义新-10122178732943-新综合频道-生鲜-京喜拉新-剪辑-转化引导-10122178732943-20260921-反向-625-头条储备-35,0.00,7,0,0.00,0.00,0.00,,,
2026-10-04,14631532854,CH-SC-广义新-10149027879570-新综合频道-生鲜-京喜拉新-剪辑-转化引导-10122178732943-20260921-反向-625-头条储备-39,0.00,0,0,0.00,0.00,0.00,,,
2026-10-04,14197502167,CH-SC-低活-10081585918372-超级抢购-纸品-无-剪辑-转化引导-纸品-20260803-无-625-aigc-16,0.00,1,0,0.00,0.00,0.00,平台一组AIGC|心如|快手重复素材|快手非低质素材|福利价|腾讯首发素材,,
2026-10-04,14516518803,CH-SC-低活-10113209119177-超级抢购-电动车-无-剪辑-转化引导-电动车-260907-无-625-10,0.00,1,0,0.00,0.00,0.00,心如|福利价,,
2026-10-04,14486253022,信息流-小牛-毛毯-三方主体-代运营-新人福利价-260914-10146450179286-商务选品-625-19,0.00,1,0,0.00,0.00,0.00,快手原创素材|快手非低质素材|福利价/无价格,,
2026-10-04,14631530621,CH-SC-广义新-10134706997811-新综合频道-手机通讯-京喜拉新-剪辑-转化引导-手机通讯-20260921-反向-625-头条储备-aigc-21,0.00,1,0,0.00,0.00,0.00,,,
2026-10-04,14631528633,CH-SC-广义新-10134706997811-新综合频道-手机通讯-京喜拉新-剪辑-转化引导-手机通讯-20260921-反向-625-头条储备-aigc-65,0.00,2,0,0.00,0.00,0.00,,,
2026-10-04,14631531980,CH-SC-广义新-10149027879570-新综合频道-生鲜-京喜拉新-剪辑-转化引导-10122178732943-20260921-反向-625-头条储备-49,0.00,1,0,0.00,0.00,0.00,,,
2026-10-04,14631558625,CH-SC-广义新-10122178732943-新综合频道-生鲜-京喜拉新-剪辑-转化引导-10122178732943-20260921-反向-625-头条储备-33,0.00,5,0,0.00,0.00,0.00,,,
2026-10-04,14516438408,CH-SC-低活-10111392494770-超级抢购-收纳用品-无-剪辑-转化引导-收纳用品-20260911-无-625-18,0.00,1,0,0.00,0.00,0.00,心如|福利价,,
2026-10-04,14309315147,信息流-小牛-工具箱-三方主体-代运营-新人福利价-260827-10114015186364-内部实时跑量-625-aigc-27,0.00,3,0,0.00,0.00,0.00,平台一组AIGC|福利价/无价格|考古加素材混剪,,
2026-10-04,14562120429,CH-PRJ-采销项目-无-快手-无-无-剪辑-转化引导-无-260915-无-625-4,0.00,1,0,0.00,0.00,0.00,,,
2026-10-04,14631538406,CH-SC-广义新-10207004632704 -新综合频道-厨具-京喜拉新-剪辑-转化引导-厨具-20260921-无-625-头条储备-aigc-17,0.00,2,0,0.00,0.00,0.00,,,
2026-10-04,14422214727,信息流-小牛-小蜜桃-三方主体-代运营-新人福利价-260908-10231541696811 -深海货盘-625-21,0.00,1,0,0.00,0.00,0.00,福利价/无价格|考古加素材混剪,,
2026-10-04,14444445282,信息流-小牛-陶瓷碗-三方主体-代运营-新人1分钱-260910-10129451028601-商务选品-625-20,0.00,1,0,0.00,0.00,0.00,福利价/无价格,,
2026-10-04,14631517201,CH-SC-低活-10217740550325-超级抢购-箱包皮具-无-剪辑-转化引导-箱包皮具-260921-无-625-头条储备-aigc-113,0.00,0,0,0.00,0.00,0.00,,,
2026-10-04,14377815668,信息流-小牛-推车置物架-三方主体-代运营-新人福利价-260903-10095828488136-大盘实时跑量-625-1,0.00,2,0,0.00,0.00,0.00,原生|福利价/无价格,,
2026-10-04,13684860501,CH-SC-广义新-无-新10元话费券-10元话费券-京喜拉新-剪辑-转化引导-10元话费券-20260626-无-625-7,0.00,1,0,0.00,0.00,0.00,快手原创素材|快手非低质素材|腾讯首发素材,,
2026-10-04,14444447374,信息流-小牛-陶瓷碗-三方主体-代运营-新人1分钱-260910-10129451028601-商务选品-625-17,0.00,2,0,0.00,0.00,0.00,福利价/无价格,,
2026-10-04,14444439327,信息流-小牛-陶瓷碗-三方主体-代运营-新人1分钱-260910-10129451028601-商务选品-625-25,0.00,1,0,0.00,0.00,0.00,福利价/无价格,,
2026-10-04,14080115003,信息流-小牛-维达纸巾-三方主体-代运营-新人福利价-0804-100166352003-实时爆品表-625-1,0.00,2,0,0.00,0.00,0.00,福利价/无价格,,
2026-10-04,14631513843,CH-SC-低活-10217740550325-超级抢购-箱包皮具-无-剪辑-转化引导-箱包皮具-260921-无-625-头条储备-aigc-32,0.00,1,0,0.00,0.00,0.00,,,
2026-10-04,14631531496,CH-SC-广义新-10149027879570-新综合频道-生鲜-京喜拉新-剪辑-转化引导-10122178732943-20260921-反向-625-头条储备-52,0.00,3,0,0.00,0.00,0.00,,,
2026-10-04,14516404311,CH-SC-低活-10176978592631-超级抢购-家具-无-剪辑-转化引导-家具-260915-无-625-12,0.00,0,0,0.00,0.00,0.00,心如|福利价,,
2026-10-04,14444470046,信息流-小牛-陶瓷碗-三方主体-代运营-新人1分钱-260910-10129451028601-商务选品-625-4,0.00,2,0,0.00,0.00,0.00,头条首发素材|福利价/无价格,,
2026-10-04,14247664117,信息流-小牛-旋转手机支架-三方主体-代运营-新人福利价-0821-10112643484929-内部实时跑量-625-21,0.00,2,0,0.00,0.00,0.00,有米云素材混剪|福利价/无价格|腾讯首发素材,,
2026-10-04,14631535402,CH-SC-广义新-10149027879570-新综合频道-生鲜-京喜拉新-剪辑-转化引导-10122178732943-20260921-反向-625-头条储备-15,0.00,0,0,0.00,0.00,0.00,,,
2026-10-04,14309691127,信息流-小牛-围裙-三方主体-代运营-新人福利价-260827-10117891615029-设计自选-625-43,0.00,1,0,0.00,0.00,0.00,平台一组AIGC|福利价/无价格|考古加素材混剪,,
2026-10-04,13352562264,CH-SC-低活-10081585918372-超级抢购-家庭清洁纸品-无-剪辑-转化引导-家庭清洁纸品-20260521-无-625-8,0.00,0,0,0.00,0.00,0.00,快手重复素材|快手非低质素材|腾讯首发素材,,
2026-10-04,14631561290,CH-SC-广义新-10122178732943-新综合频道-生鲜-京喜拉新-剪辑-转化引导-10122178732943-20260921-反向-625-头条储备-24,0.00,7,0,0.00,0.00,0.00,,,
2026-10-04,14631531783,CH-SC-广义新-10149027879570-新综合频道-生鲜-京喜拉新-剪辑-转化引导-10122178732943-20260921-反向-625-头条储备-53,0.00,2,0,0.00,0.00,0.00,,,
2026-10-04,14444444569,信息流-小牛-陶瓷碗-三方主体-代运营-新人1分钱-260910-10129451028601-商务选品-625-19,0.00,3,0,0.00,0.00,0.00,福利价/无价格,,
2026-10-04,14444435838,信息流-小牛-陶瓷碗-三方主体-代运营-新人1分钱-260910-10129451028601-商务选品-625-28,0.00,0,0,0.00,0.00,0.00,福利价/无价格,,
2026-10-04,14516516314,CH-SC-低活-10113209119177-超级抢购-电动车-无-剪辑-转化引导-电动车-260907-无-625-14,0.00,2,0,0.00,0.00,0.00,心如|福利价,,
2026-10-04,14444441903,信息流-小牛-陶瓷碗-三方主体-代运营-新人1分钱-260910-10129451028601-商务选品-625-23,0.00,7,0,0.00,0.00,0.00,福利价/无价格,,
2026-10-04,14444453899,信息流-小牛-陶瓷碗-三方主体-代运营-新人1分钱-260910-10129451028601-商务选品-625-11,0.00,3,0,0.00,0.00,0.00,福利价/无价格,,
2026-10-04,14631531874,CH-SC-广义新-10149027879570-新综合频道-生鲜-京喜拉新-剪辑-转化引导-10122178732943-20260921-反向-625-头条储备-55,0.00,2,0,0.00,0.00,0.00,,,
2026-10-04,14422151865,信息流-小牛-骑行支架-三方主体-代运营-新人福利价-260908-10139440032542-历史爆品-625-41,0.00,2,0,0.00,0.00,0.00,福利价/无价格|考古加素材混剪,,
2026-10-04,12993032111,荣耀-XN-影音-通用-音乐-混剪-260403-625-1,0.00,0,0,0.00,0.00,0.00,,,
2026-10-04,13179783246,荣耀-XN-社交-通用-聊天券-混剪-260429-625-5,0.00,0,0,0.00,0.00,0.00,,,
2026-10-04,14535536280,信息流-小牛-打火机-三方主体-代运营-新人福利价-260918-10162692688878-内部实时跑量-625-27,0.00,5,0,0.00,0.00,0.00,,,
2026-10-04,14631537330,CH-SC-广义新-10207004632704 -新综合频道-厨具-京喜拉新-剪辑-转化引导-厨具-20260921-无-625-头条储备-aigc-26,0.00,2,0,0.00,0.00,0.00,,,
2026-10-04,14516402439,CH-SC-低活-10176978592631-超级抢购-家具-无-剪辑-转化引导-家具-260915-无-625-13,0.00,0,0,0.00,0.00,0.00,心如|福利价,,
2026-10-04,14631529525,CH-SC-广义新-10134706997811-新综合频道-手机通讯-京喜拉新-剪辑-转化引导-手机通讯-20260921-反向-625-头条储备-aigc-34,0.00,3,0,0.00,0.00,0.00,,,
2026-10-04,14374679452,信息流-小牛-苹果-三方主体-代运营-新人福利价-260903-10186710590960-历史爆品-625-47,0.00,2,0,0.00,0.00,0.00,原生|福利价/无价格|考古加素材混剪,,
2026-10-04,14562126450,CH-PRJ-采销项目-无-快手-无-无-剪辑-转化引导-无-260911-无-625-1,0.00,0,0,0.00,1.00,0.00,,,
2026-10-04,14631535741,CH-SC-广义新-10149027879570-新综合频道-生鲜-京喜拉新-剪辑-转化引导-10122178732943-20260921-反向-625-头条储备-11,0.00,1,0,0.00,0.00,0.00,,,
2026-10-04,14444434356,信息流-小牛-陶瓷碗-三方主体-代运营-新人1分钱-260910-10129451028601-商务选品-625-30,0.00,0,0,0.00,0.00,0.00,福利价/无价格,,
2026-10-04,14422275771,信息流-小牛-真空袋-三方主体-代运营-新人福利价-260908-10212584519594-内部实时跑量-625-18,0.00,1,0,0.00,0.00,0.00,福利价/无价格|考古加素材混剪,,
2026-10-04,14631552736,CH-SC-广义新-10122178732943-新综合频道-生鲜-京喜拉新-剪辑-转化引导-10122178732943-20260921-反向-625-头条储备-54,0.00,1,0,0.00,0.00,0.00,,,
2026-10-04,13800020336,CH-SC-广义新-10040988734451-新10元话费券-无-无-剪辑-转化引导-无-20260629-无-625-6,0.00,0,0,0.00,0.00,0.00,快手原创素材|快手非低质素材|腾讯首发素材,,
2026-10-04,14444450072,信息流-小牛-陶瓷碗-三方主体-代运营-新人1分钱-260910-10129451028601-商务选品-625-13,0.00,3,0,0.00,0.00,0.00,福利价/无价格,,
2026-10-04,14444472118,信息流-小牛-陶瓷碗-三方主体-代运营-新人1分钱-260910-10129451028601-商务选品-625-1,0.00,2,0,0.00,0.00,0.00,福利价/无价格,,
2026-10-04,14562120515,CH-PRJ-采销项目-无-快手-无-无-剪辑-转化引导-无-260915-无-625-3,0.00,0,0,0.00,11.00,0.00,,,
2026-10-04,14631526756,CH-SC-低活-10100542418506-超级抢购-生活日用-无-剪辑-转化引导-生活日用-260927-无-625-头条储备-aigc-51,0.00,1,0,0.00,0.00,0.00,,,
2026-10-04,13685269945,CH-SC-低活-10233824843150-超级抢购加补-生活日用-无-剪辑-转化引导-生活日用-20260626-无-625-aigc-13,0.00,0,0,0.00,0.00,0.00,平台一组AIGC|心如|快手重复素材|快手非低质素材|福利价|腾讯首发素材,,
2026-10-04,13846321758,CH-SC-低活-10140917922437-超级抢购-家庭清洁-无-剪辑-转化引导-家庭清洁-20260708-无-625-aigc-3,0.00,0,0,0.00,0.00,0.00,平台一组AIGC|心如|快手重复素材|快手非低质素材|福利价|腾讯首发素材,,
2026-10-04,14309575783,信息流-小牛-围裙-三方主体-代运营-新人福利价-260827-10117891615029-设计自选-625-12,0.00,2,0,0.00,0.00,0.00,平台一组AIGC|福利价/无价格|考古加素材混剪,,
2026-10-04,14488282802,信息流-小牛-大月饼-三方主体-代运营-新人福利价-260914-10163022037983-内部实时跑量-625-43,0.00,1,1,0.00,0.00,100.00,福利价/无价格|考古加素材混剪,,
2026-10-04,14444462864,信息流-小牛-陶瓷碗-三方主体-代运营-新人1分钱-260910-10129451028601-商务选品-625-6,0.00,24,0,0.00,0.00,0.00,搬运打压素材|福利价/无价格,,
2026-10-04,14631535721,CH-SC-广义新-10149027879570-新综合频道-生鲜-京喜拉新-剪辑-转化引导-10122178732943-20260921-反向-625-头条储备-13,0.00,1,0,0.00,0.00,0.00,,,
2026-10-04,14444451204,信息流-小牛-陶瓷碗-三方主体-代运营-新人1分钱-260910-10129451028601-商务选品-625-12,0.00,8,0,0.00,0.00,0.00,福利价/无价格,,
2026-10-04,14488294813,信息流-小牛-大月饼-三方主体-代运营-新人福利价-260914-10163022037983-内部实时跑量-625-36,0.00,1,0,0.00,0.00,0.00,福利价/无价格|考古加素材混剪,,
2026-10-04,14444443567,信息流-小牛-陶瓷碗-三方主体-代运营-新人1分钱-260910-10129451028601-商务选品-625-22,0.00,6,0,0.00,0.00,0.00,福利价/无价格,,
2026-10-04,14631535033,CH-SC-广义新-10149027879570-新综合频道-生鲜-京喜拉新-剪辑-转化引导-10122178732943-20260921-反向-625-头条储备-21,0.00,1,0,0.00,0.00,0.00,,,
2026-10-05,14033674081,信息流-小牛-折叠椅-京东主体-代运营-新人福利价-0731-10183713190151-设计自选-625-8,4865.72,535254,10231,43.06,113.00,1.91,福利价/无价格,,
2026-10-05,14029064982,信息流-小牛-折叠椅-三方主体-代运营-新人福利价-0731-10183713190151-大盘扒改-625-1,4449.08,488702,8625,28.89,154.00,1.76,大盘扒改|福利价/无价格,,
2026-10-05,13614624623,CH-SC-广义新-10134479334759-新综合频道-钟表眼镜-京喜拉新-剪辑-转化引导-钟表眼镜-20260618-无-625-aigc-7,1693.61,83528,2998,52.93,32.00,3.59,平台一组AIGC|快手重复素材|快手非低质素材|腾讯首发素材,,
2026-10-05,13873191026,CH-SC-低活-10140917922437-超级抢购-家庭清洁-无-剪辑-转化引导-家庭清洁-20260709-无-625-aigc-2,1645.84,72019,1746,27.43,60.00,2.42,平台一组AIGC|心如|快手重复素材|快手非低质素材|福利价|腾讯首发素材,,
2026-10-05,14095132360,CH-SC-广义新-10136363822650-新综合频道-纸品-京喜拉新-剪辑-转化引导-纸品-20260804-无-625-13,1553.26,109496,11452,67.53,23.00,10.46,平台AI测试/视频/一组智能体|平台一组AIGC|广义新头条|快手重复素材|快手非低质素材|腾讯首发素材,,
2026-10-05,13145024268,荣耀-XN-影音娱乐-通用-萌宠-混剪-260424-625-10,641.35,88211,21838,1.59,403.00,24.76,,,
2026-10-05,14487659517,信息流-小牛-毛毯-三方主体-代运营-新人福利价-260914-10146450179286-商务选品-625-43,629.67,64869,1245,21.71,29.00,1.92,快手原创素材|快手非低质素材|福利价/无价格,,
2026-10-05,13846397896,CH-SC-低活-10112643484929-超级抢购-手机通讯-无-剪辑-转化引导-手机通讯-20260708-无-625-aigc-1,606.89,27784,502,21.67,28.00,1.81,DHX扒起量0706|平台一组AIGC|心如|快手重复素材|快手非低质素材|福利价|腾讯首发素材,,
2026-10-05,14535550616,信息流-小牛-打火机-三方主体-代运营-新人福利价-260918-10162692688878-内部实时跑量-625-7,552.66,47832,931,30.70,18.00,1.95,,,
2026-10-05,14486253331,信息流-小牛-毛毯-三方主体-代运营-新人福利价-260914-10146450179286-商务选品-625-18,544.49,30415,540,25.93,21.00,1.78,快手原创素材|快手非低质素材|福利价/无价格,,
2026-10-05,13685269854,CH-SC-低活-10233824843150-超级抢购加补-生活日用-无-剪辑-转化引导-生活日用-20260626-无-625-aigc-15,543.48,17817,535,16.47,33.00,3.00,平台一组AIGC|心如|快手重复素材|快手非低质素材|福利价|腾讯首发素材,,
2026-10-05,13846375083,CH-SC-低活-10112643484929-超级抢购-手机通讯-无-剪辑-转化引导-手机通讯-20260708-无-625-aigc-6,401.57,30046,275,50.20,8.00,0.92,DHX扒起量0706|平台一组AIGC|心如|快手重复素材|快手非低质素材|福利价,,
2026-10-05,14535548298,信息流-小牛-打火机-三方主体-代运营-新人福利价-260918-10162692688878-内部实时跑量-625-9,360.79,21933,500,21.22,17.00,2.28,,,
2026-10-05,13603383616,CH-SC-低活-10217740550325-超级抢购加补-箱包皮具-无-剪辑-转化引导-箱包皮具-20260617-无-625-aigc-5,355.90,22993,697,88.98,4.00,3.03,加补1分钱|平台一组AIGC|心如|快手重复素材|快手非低质素材|腾讯首发素材,,
2026-10-05,14318965135,CH-PRJ-采销项目-无-快手-无-无-剪辑-转化引导-无-260826-无-625-4,258.74,2504,2163,0.14,1891.00,86.38,快手重复素材|快手非低质素材,,
2026-10-05,14535568614,信息流-小牛-打火机-三方主体-代运营-新人福利价-260918-10162692688878-内部实时跑量-625-56,243.98,19579,389,18.77,13.00,1.99,,,
2026-10-05,14422248290,信息流-小牛-真空袋-三方主体-代运营-新人福利价-260908-10212584519594-内部实时跑量-625-53,223.90,36719,1078,13.17,17.00,2.94,福利价/无价格|考古加素材混剪|腾讯首发素材,,
2026-10-05,14516404620,CH-SC-低活-10176978592631-超级抢购-家具-无-剪辑-转化引导-家具-260915-无-625-10,217.14,8528,206,54.29,4.00,2.42,心如|福利价,,
2026-10-05,14562134189,CH-PRJ-采销项目-无-快手-无-无-剪辑-转化引导-无-260911-无-625-12,208.84,8281,763,3.16,66.00,9.21,,,
2026-10-05,14377778495,信息流-小牛-推车置物架-三方主体-代运营-新人福利价-260903-10095828488136-大盘实时跑量-625-35,194.59,9692,164,48.65,4.00,1.69,原生|福利价/无价格,,
2026-10-05,14299137400,CH-PRJ-采销项目-无-快手-无-无-剪辑-转化引导-无-260825-无-625-5,191.21,2109,1734,0.12,1580.00,82.22,快手重复素材|快手非低质素材,,
2026-10-05,14319047409,CH-SC-低活-10140917922437-超级抢购-家庭清洁-无-剪辑-转化引导-家庭清洁-20260820-无-625-aigc-8,171.68,6837,317,34.34,5.00,4.64,平台一组AIGC|心如|快手原创素材|快手非低质素材|福利价|腾讯首发素材,,
2026-10-05,14422220800,信息流-小牛-小蜜桃-三方主体-代运营-新人福利价-260908-10231541696811 -深海货盘-625-10,150.96,16721,376,16.77,9.00,2.25,福利价/无价格|考古加素材混剪,,
2026-10-05,14238399476,信息流-小牛-雨伞-三方主体-代运营-新人福利价-0820-10130866966155-内部实时跑量-625-17,145.33,10509,213,29.07,5.00,2.03,有米云素材混剪|福利价/无价格|腾讯首发素材,,
2026-10-05,14422246925,信息流-小牛-真空袋-三方主体-代运营-新人福利价-260908-10212584519594-内部实时跑量-625-54,123.49,43228,1261,7.72,16.00,2.92,福利价/无价格|考古加素材混剪|腾讯首发素材,,
2026-10-05,14086782388,信息流-小牛-陶瓷碗-三方主体-代运营-新人福利价-0806-10129451028601-客户推品-625-4,110.16,25054,214,110.16,1.00,0.85,客供|福利价/无价格,,
2026-10-05,14422270071,信息流-小牛-真空袋-三方主体-代运营-新人福利价-260908-10212584519594-内部实时跑量-625-27,107.32,11057,169,21.46,5.00,1.53,福利价/无价格|考古加素材混剪,,
2026-10-05,13486885202,CH-SC-广义新-无-新10元话费券-10元话费券-京喜拉新-剪辑-转化引导-10元话费券-20260605-无-625-4,98.71,4327,270,16.45,6.00,6.24,快手重复素材|快手非低质素材|腾讯首发素材,,
2026-10-05,13486893253,CH-SC-广义新-无-新10元话费券-10元话费券-京喜拉新-剪辑-转化引导-10元话费券-20260605-无-625-18,90.19,1297,676,22.55,4.00,52.12,快手原创素材|快手非低质素材,,
2026-10-05,13614625693,CH-SC-广义新-10134479334759-新综合频道-钟表眼镜-京喜拉新-剪辑-转化引导-钟表眼镜-20260618-无-625-aigc-8,89.92,12874,5708,89.92,1.00,44.34,平台一组AIGC|快手重复素材|快手非低质素材|腾讯首发素材,,
2026-10-05,13860544273,CH-SC-广义新-10162692688878-新综合频道-家用电器-京喜拉新-剪辑-转化引导-家用电器-20260713-无-625-aigc-2,88.48,7411,77,88.48,1.00,1.04,平台一组AIGC|广义新头条|快手原创素材|快手非低质素材|无价格|腾讯首发素材,,
2026-10-05,14535548396,信息流-小牛-打火机-三方主体-代运营-新人福利价-260918-10162692688878-内部实时跑量-625-8,87.23,6994,162,21.81,4.00,2.32,,,
2026-10-05,14374705382,信息流-小牛-苹果-三方主体-代运营-新人福利价-260903-10186710590960-历史爆品-625-22,78.35,4282,145,13.06,6.00,3.39,原生|福利价/无价格|考古加素材混剪,,
2026-10-05,13603317054,CH-SC-广义新-10118706992345-新综合频道-纸品-无-剪辑-转化引导-纸品-20260617-无-625-aigc-8,73.41,28295,23879,0.76,96.00,84.39,平台一组AIGC|广义新头条|快手原创素材|快手非低质素材,,
2026-10-05,14422273114,信息流-小牛-真空袋-三方主体-代运营-新人福利价-260908-10212584519594-内部实时跑量-625-25,72.72,4052,130,36.36,2.00,3.21,福利价/无价格|考古加素材混剪,,
2026-10-05,14488233708,信息流-小牛-大月饼-三方主体-代运营-新人福利价-260914-10163022037983-内部实时跑量-625-5,72.37,8974,152,72.37,1.00,1.69,福利价/无价格|考古加素材混剪,,
2026-10-05,14535553809,信息流-小牛-打火机-三方主体-代运营-新人福利价-260918-10162692688878-内部实时跑量-625-2,71.97,4268,121,14.39,5.00,2.84,,,
2026-10-05,14319042692,CH-SC-低活-10140917922437-超级抢购-家庭清洁-无-剪辑-转化引导-家庭清洁-20260820-无-625-aigc-25,70.24,1703,91,35.12,2.00,5.34,平台一组AIGC|心如|快手重复素材|快手非低质素材|福利价|腾讯首发素材,,
2026-10-05,14422271056,信息流-小牛-真空袋-三方主体-代运营-新人福利价-260908-10212584519594-内部实时跑量-625-26,67.88,7672,170,16.97,4.00,2.22,福利价/无价格|考古加素材混剪,,
2026-10-05,14033668127,信息流-小牛-折叠椅-京东主体-代运营-新人福利价-0731-10183713190151-设计自选-625-1,65.69,10481,162,21.90,3.00,1.55,福利价/无价格,,
2026-10-05,14092632262,信息流-小牛-西瓜-三方主体-代运营-新人福利价-0806-10215767576641-历史爆品-625-2,64.34,5564,182,0.00,0.00,3.27,头条/京东标点/有量素材混剪|福利价/无价格,,
2026-10-05,13846015115,CH-SC-广义新-10140917922437-新综合频道-家庭清洁-京喜拉新-剪辑-转化引导-家庭清洁-20260710-无-625-aigc-11,63.17,2118,451,15.79,4.00,21.29,平台一组AIGC|广义新头条|心如|快手原创素材|快手非低质素材|无价格|腾讯首发素材,,
2026-10-05,14422276750,信息流-小牛-真空袋-三方主体-代运营-新人福利价-260908-10212584519594-内部实时跑量-625-2,62.32,15875,209,15.58,4.00,1.32,福利价/无价格|考古加素材混剪,,
2026-10-05,14422171762,信息流-小牛-骑行支架-三方主体-代运营-新人福利价-260908-10139440032542-历史爆品-625-24,62.30,3261,68,62.30,1.00,2.09,福利价/无价格|考古加素材混剪,,
2026-10-05,14487657915,信息流-小牛-毛毯-三方主体-代运营-新人福利价-260914-10146450179286-商务选品-625-42,55.08,12653,536,9.18,6.00,4.24,快手原创素材|快手非低质素材|福利价/无价格,,
2026-10-05,14422196886,信息流-小牛-小蜜桃-三方主体-代运营-新人福利价-260908-10231541696811 -深海货盘-625-5,54.36,3319,189,27.18,2.00,5.69,福利价/无价格|考古加素材混剪,,
2026-10-05,14309355419,信息流-小牛-工具箱-三方主体-代运营-新人福利价-260827-10114015186364-内部实时跑量-625-aigc-1,49.69,6418,111,49.69,1.00,1.73,平台一组AIGC|福利价/无价格|考古加素材混剪,,
2026-10-05,13248257845,荣耀-XN-影音娱乐-通用-风景-混剪-260508-625-5,48.44,6804,3311,0.91,53.00,48.66,,,
2026-10-05,14535557016,信息流-小牛-打火机-三方主体-代运营-新人福利价-260918-10162692688878-内部实时跑量-625-65,45.34,3884,94,22.67,2.00,2.42,,,
2026-10-05,14488285372,信息流-小牛-大月饼-三方主体-代运营-新人福利价-260914-10163022037983-内部实时跑量-625-41,43.96,7963,93,43.96,1.00,1.17,福利价/无价格|考古加素材混剪,,
2026-10-05,14422209845,信息流-小牛-小蜜桃-三方主体-代运营-新人福利价-260908-10231541696811 -深海货盘-625-28,42.94,4247,136,0.00,0.00,3.20,福利价/无价格|考古加素材混剪,,
2026-10-05,14535539490,信息流-小牛-打火机-三方主体-代运营-新人福利价-260918-10162692688878-内部实时跑量-625-17,42.48,3147,133,21.24,2.00,4.23,,,
2026-10-05,14374704763,信息流-小牛-苹果-三方主体-代运营-新人福利价-260903-10186710590960-历史爆品-625-21,41.79,2247,59,20.90,2.00,2.63,原生|福利价/无价格|考古加素材混剪,,
2026-10-05,14631527482,CH-SC-低活-10100542418506-超级抢购-生活日用-无-剪辑-转化引导-生活日用-260921-无-625-头条储备-44,41.72,2285,32,0.00,0.00,1.40,,,
2026-10-05,13873198936,CH-SC-低活-10140917922437-超级抢购-家庭清洁-无-剪辑-转化引导-家庭清洁-20260709-无-625-aigc-9,41.64,1932,86,13.88,3.00,4.45,平台一组AIGC|心如|快手重复素材|快手非低质素材|福利价|腾讯首发素材,,
2026-10-05,14486259267,信息流-小牛-毛毯-三方主体-代运营-新人福利价-260914-10146450179286-商务选品-625-15,41.03,2588,81,20.52,2.00,3.13,快手原创素材|快手非低质素材|福利价/无价格,,
2026-10-05,14535553937,信息流-小牛-打火机-三方主体-代运营-新人福利价-260918-10162692688878-内部实时跑量-625-3,40.87,1763,57,20.44,2.00,3.23,,,
2026-10-05,14309304111,信息流-小牛-工具箱-三方主体-代运营-新人福利价-260827-10114015186364-内部实时跑量-625-aigc-38,40.02,3763,57,20.01,2.00,1.51,平台一组AIGC|福利价/无价格|考古加素材混剪,,
2026-10-05,14486255452,信息流-小牛-毛毯-三方主体-代运营-新人福利价-260914-10146450179286-商务选品-625-16,39.78,3421,133,13.26,3.00,3.89,快手原创素材|快手非低质素材|福利价/无价格,,
2026-10-05,13559845061,CH-PRJ-采销项目-10204138700158-快手安卓-外卖美食-无-剪辑-转化引导-外卖美食-20260612-无-625-9,39.08,734,468,0.19,211.00,63.76,快手重复素材|快手非低质素材,,
2026-10-05,14535530355,信息流-小牛-打火机-三方主体-代运营-新人福利价-260918-10162692688878-内部实时跑量-625-24,38.01,1745,60,0.00,0.00,3.44,,,
2026-10-05,14422195635,信息流-小牛-小蜜桃-三方主体-代运营-新人福利价-260908-10231541696811 -深海货盘-625-49,37.49,5333,82,37.49,1.00,1.54,福利价/无价格|考古加素材混剪,,
2026-10-05,14319048822,CH-SC-广义新-10118706992345-新综合频道-纸品 -京喜拉新-剪辑-转化引导-纸品 -260827-无-625-aigc-8,36.85,3589,420,12.28,3.00,11.70,平台AI测试/视频/一组智能体|平台一组AIGC|快手原创素材|快手非低质素材|腾讯首发素材,,
2026-10-05,14516447747,CH-SC-低活-10111392494770-超级抢购-收纳用品-无-剪辑-转化引导-收纳用品-20260911-无-625-4,36.02,2496,46,36.02,1.00,1.84,心如|福利价,,
2026-10-05,14554232419,CH-SC-低活-10233824843150-超级抢购-收纳用品-无-剪辑-转化引导-收纳用品-260918-无-625-24,35.71,1481,23,17.86,2.00,1.55,,,
2026-10-05,14086782805,信息流-小牛-陶瓷碗-三方主体-代运营-新人福利价-0806-10129451028601-客户推品-625-1,35.11,6253,92,0.00,0.00,1.47,客供|福利价/无价格,,
2026-10-05,14033673840,信息流-小牛-折叠椅-京东主体-代运营-新人福利价-0731-10183713190151-设计自选-625-10,35.09,3409,96,0.00,0.00,2.82,福利价/无价格,,
2026-10-05,13125485797,荣耀-XN-金融-通用-壁纸-混剪-纯AIGC-260422-625-18,35.08,487,168,2.70,13.00,34.50,,,
2026-10-05,14318981628,CH-SC-广义新-10146456039187-新综合频道-纸品-京喜拉新-剪辑-转化引导-纸品-260827-无-625-aigc-6,33.02,560,65,33.02,1.00,11.61,平台AI测试/视频/一组智能体|平台一组AIGC|快手重复素材|快手非低质素材,,
2026-10-05,14299135646,CH-PRJ-采销项目-无-快手-无-无-剪辑-转化引导-无-260825-无-625-7,32.79,301,142,0.94,35.00,47.18,快手重复素材|快手非低质素材,,
2026-10-05,14554168487,CH-SC-低活-10096167203452-超级抢购-纸品-大商超-剪辑-转化引导-纸品-260917-无-625-19,31.92,5929,5900,0.64,50.00,99.51,,,
2026-10-05,14535590827,信息流-小牛-打火机-三方主体-代运营-新人福利价-260918-10162692688878-内部实时跑量-625-28,31.79,1695,54,31.79,1.00,3.19,,,
2026-10-05,14516446475,CH-SC-低活-10111392494770-超级抢购-收纳用品-无-剪辑-转化引导-收纳用品-20260911-无-625-6,30.30,1062,29,30.30,1.00,2.73,心如|福利价,,
2026-10-05,14535556657,信息流-小牛-打火机-三方主体-代运营-新人福利价-260918-10162692688878-内部实时跑量-625-64,29.54,2992,70,0.00,0.00,2.34,,,
2026-10-05,14422258109,信息流-小牛-真空袋-三方主体-代运营-新人福利价-260908-10212584519594-内部实时跑量-625-41,29.39,3739,41,14.70,2.00,1.10,福利价/无价格|考古加素材混剪,,
2026-10-05,14516446813,CH-SC-低活-10111392494770-超级抢购-收纳用品-无-剪辑-转化引导-收纳用品-20260911-无-625-5,27.46,721,17,0.00,0.00,2.36,心如|福利价,,
2026-10-05,14422218760,信息流-小牛-小蜜桃-三方主体-代运营-新人福利价-260908-10231541696811 -深海货盘-625-15,27.19,2739,37,27.19,1.00,1.35,福利价/无价格|考古加素材混剪,,
2026-10-05,14516362987,CH-SC-低活-10118706992348-超级抢购加补-纸品-无-剪辑-转化引导-纸品-260914-无-625-27,26.90,292,139,8.97,3.00,47.60,心如,,
2026-10-05,14488342221,信息流-小牛-大月饼-三方主体-代运营-新人福利价-260914-10163022037983-内部实时跑量-625-9,26.45,5391,147,26.45,1.00,2.73,福利价/无价格|考古加素材混剪,,
2026-10-05,13939939358,CH-SC-广义新-10150604147722-新综合频道-箱包皮具-京喜拉新-剪辑-转化引导-箱包皮具-20260720-反向-625-11,26.20,13522,13250,0.85,31.00,97.99,广义新头条|心如|快手重复素材|快手非低质素材,,
2026-10-05,14422193816,信息流-小牛-小蜜桃-三方主体-代运营-新人福利价-260908-10231541696811 -深海货盘-625-6,25.73,5390,199,0.00,0.00,3.69,福利价/无价格|考古加素材混剪,,
2026-10-05,14099191213,信息流-小牛-陶瓷碗-三方主体-代运营-新人福利价-0807-10129451028601-客户推品-625-1,25.18,5773,65,0.00,0.00,1.13,客供|福利价/无价格,,
2026-10-05,14444502883,信息流-小牛-陶瓷碗-三方主体-代运营-新人1分钱-260910-10129451028601-商务选品-625-43,24.89,3573,44,24.89,1.00,1.23,快手原创素材|快手非低质素材|福利价/无价格,,
2026-10-05,13096002959,荣耀-XN-社交-通用-美女-混剪-纯新AIGC-260416-625-4,24.77,2341,660,2.75,9.00,28.19,,,
2026-10-05,14486279638,信息流-小牛-毛毯-三方主体-代运营-新人福利价-260914-10146450179286-商务选品-625-29,24.76,2081,39,0.00,0.00,1.87,快手原创素材|快手非低质素材|福利价/无价格,,
2026-10-05,14535561616,信息流-小牛-打火机-三方主体-代运营-新人福利价-260918-10162692688878-内部实时跑量-625-62,24.55,2537,55,24.55,1.00,2.17,,,
2026-10-05,14535547463,信息流-小牛-打火机-三方主体-代运营-新人福利价-260918-10162692688878-内部实时跑量-625-11,23.96,1158,48,23.96,1.00,4.15,,,
2026-10-05,14319046111,CH-SC-低活-10140917922437-超级抢购-家庭清洁-无-剪辑-转化引导-家庭清洁-20260820-无-625-aigc-12,23.82,23248,39,0.00,0.00,0.17,平台AI测试/视频/一组智能体|平台一组AIGC|心如|快手原创素材|快手非低质素材|福利价,,
2026-10-05,14488250135,信息流-小牛-大月饼-三方主体-代运营-新人福利价-260914-10163022037983-内部实时跑量-625-aigc-9,23.53,3666,65,23.53,1.00,1.77,福利价/无价格|考古加素材混剪,,
2026-10-05,14422275891,信息流-小牛-真空袋-三方主体-代运营-新人福利价-260908-10212584519594-内部实时跑量-625-24,23.19,2536,142,11.60,2.00,5.60,福利价/无价格|考古加素材混剪,,
2026-10-05,14377814518,信息流-小牛-推车置物架-三方主体-代运营-新人福利价-260903-10095828488136-大盘实时跑量-625-3,22.66,429,19,0.00,0.00,4.43,原生|福利价/无价格,,
2026-10-05,14631526307,CH-SC-低活-10100542418506-超级抢购-生活日用-无-剪辑-转化引导-生活日用-260927-无-625-头条储备-aigc-60,22.64,528,24,22.64,1.00,4.55,,,
2026-10-05,14422210490,信息流-小牛-小蜜桃-三方主体-代运营-新人福利价-260908-10231541696811 -深海货盘-625-27,22.14,3167,84,11.07,2.00,2.65,福利价/无价格|考古加素材混剪,,
2026-10-05,14422196839,信息流-小牛-小蜜桃-三方主体-代运营-新人福利价-260908-10231541696811 -深海货盘-625-50,22.12,4589,180,22.12,1.00,3.92,福利价/无价格|考古加素材混剪,,
2026-10-05,14535548647,信息流-小牛-打火机-三方主体-代运营-新人福利价-260918-10162692688878-内部实时跑量-625-10,21.72,993,46,10.86,2.00,4.63,,,
2026-10-05,14516318263,CH-SC-低活-10176978592631-超级抢购-家具-无-剪辑-转化引导-家具-260915-无-625-19,21.72,1489,34,0.00,0.00,2.28,心如|福利价,,
2026-10-05,14535590075,信息流-小牛-打火机-三方主体-代运营-新人福利价-260918-10162692688878-内部实时跑量-625-30,18.72,1448,38,0.00,0.00,2.62,,,
2026-10-05,13522213672,CH-SC-低活-10113209119177-超级抢购加补-电动车-无-剪辑-转化引导-电动车-20260609-无-625-aigc-8,18.25,926,93,0.00,0.00,10.04,DHX扒起量0608|不对版！！|平台一组AIGC|心如|快手重复素材|快手非低质素材,,
2026-10-05,14488260041,信息流-小牛-大月饼-三方主体-代运营-新人福利价-260914-10163022037983-内部实时跑量-625-aigc-6,16.58,1119,36,16.58,1.00,3.22,福利价/无价格|考古加素材混剪,,
2026-10-05,14529785501,信息流-小牛-停车号码牌-三方主体-代运营-新人福利价-260917-10203964359828-内部实时跑量-625-37,15.60,1386,18,0.00,0.00,1.30,,,
2026-10-05,14486256691,信息流-小牛-毛毯-三方主体-代运营-新人福利价-260914-10146450179286-商务选品-625-14,15.46,1471,71,7.73,2.00,4.83,快手原创素材|快手非低质素材|福利价/无价格,,
2026-10-05,13559844692,CH-PRJ-采销项目-10204138700158-快手安卓-外卖美食-无-剪辑-转化引导-外卖美食-20260612-无-625-7,15.30,377,175,0.16,98.00,46.42,快手重复素材|快手非低质素材,,
2026-10-05,14516403810,CH-SC-低活-10176978592631-超级抢购-家具-无-剪辑-转化引导-家具-260915-无-625-11,14.44,521,14,0.00,0.00,2.69,心如|福利价,,
2026-10-05,13581450030,CH-SC-广义新-10130866966155-新综合频道-服饰内衣-京喜拉新-剪辑-转化引导-服饰内衣-20260615-反向-625-aigc-1,13.95,5705,4364,0.70,20.00,76.49,不对版！！|平台一组AIGC|广义新头条|快手重复素材|快手非低质素材|腾讯首发素材,,
2026-10-05,14374685119,信息流-小牛-苹果-三方主体-代运营-新人福利价-260903-10186710590960-历史爆品-625-42,13.88,2431,46,0.00,0.00,1.89,原生|福利价/无价格|考古加素材混剪,,
2026-10-05,14562132957,CH-PRJ-采销项目-无-快手-无-无-剪辑-转化引导-无-260911-无-625-16,13.62,578,205,0.13,105.00,35.47,,,
2026-10-05,14529783827,信息流-小牛-停车号码牌-三方主体-代运营-新人福利价-260917-10203964359828-内部实时跑量-625-4,13.44,1009,14,0.00,0.00,1.39,,,
2026-10-05,14535546171,信息流-小牛-打火机-三方主体-代运营-新人福利价-260918-10162692688878-内部实时跑量-625-12,12.07,491,19,0.00,0.00,3.87,,,
2026-10-05,14535543360,信息流-小牛-打火机-三方主体-代运营-新人福利价-260918-10162692688878-内部实时跑量-625-14,12.00,538,23,12.00,1.00,4.28,,,
2026-10-05,14247656476,信息流-小牛-旋转手机支架-三方主体-代运营-新人福利价-0821-10112643484929-内部实时跑量-625-4,11.69,1102,40,0.00,0.00,3.63,有米云素材混剪|福利价/无价格|腾讯首发素材,,
2026-10-05,14422223090,信息流-小牛-小蜜桃-三方主体-代运营-新人福利价-260908-10231541696811 -深海货盘-625-1,11.23,1996,35,11.23,1.00,1.75,福利价/无价格|考古加素材混剪,,
2026-10-05,14374705055,信息流-小牛-苹果-三方主体-代运营-新人福利价-260903-10186710590960-历史爆品-625-23,11.22,1485,67,0.00,0.00,4.51,原生|福利价/无价格|考古加素材混剪,,
2026-10-05,14050217042,CH-SC-广义新-10187000434970-新综合频道-厨具-京喜拉新-剪辑-转化引导-厨具-20260730-无-625-7,9.77,1672,146,9.77,1.00,8.73,广义新头条|心如|快手重复素材|快手非低质素材|腾讯首发素材,,
2026-10-05,13776634575,CH-SC-广义新-10177393646076-新综合频道-灯饰照明-京喜拉新-剪辑-转化引导-灯饰照明-20260702-反向-625-aigc-1,9.50,967,203,0.00,0.00,20.99,平台一组AIGC|快手原创素材|快手非低质素材|无价格|福利价/无价格,,
2026-10-05,14153374432,信息流-小牛-饭盒-三方主体-代运营-新人福利价-0812-10125420247464-大盘实扒改-625-1,9.44,4788,91,0.00,0.00,1.90,大盘扒改|福利价/无价格,,
2026-10-05,14247653929,信息流-小牛-旋转手机支架-三方主体-代运营-新人福利价-0821-10112643484929-内部实时跑量-625-8,9.41,3301,112,9.41,1.00,3.39,有米云素材混剪|福利价/无价格,,
2026-10-05,14197432726,CH-SC-低活-10199184867564-外卖1分购-外卖美食-无-剪辑-转化引导-外卖美食-20260810-无-625-14,9.09,372,11,9.09,1.00,2.96,心如|福利价,,
2026-10-05,14369416848,信息流-小牛-菜板-三方主体-代运营-新人福利价-260903-10155000015319-内部实时跑量-625-10,9.00,2575,72,0.00,0.00,2.80,原生|快手原创素材|快手非低质素材|福利价/无价格,,
2026-10-05,14488283013,信息流-小牛-大月饼-三方主体-代运营-新人福利价-260914-10163022037983-内部实时跑量-625-42,8.87,711,35,0.00,0.00,4.92,福利价/无价格|考古加素材混剪,,
2026-10-05,14535563001,信息流-小牛-打火机-三方主体-代运营-新人福利价-260918-10162692688878-内部实时跑量-625-59,8.73,843,16,0.00,0.00,1.90,,,
2026-10-05,14238399156,信息流-小牛-雨伞-三方主体-代运营-新人福利价-0820-10130866966155-内部实时跑量-625-18,8.40,646,12,0.00,0.00,1.86,有米云素材混剪|福利价/无价格|腾讯首发素材,,
2026-10-05,13144592868,荣耀-XN-金融-通用-引导下载-混剪-纯AIGC-260423-625-3,8.20,359,39,8.20,1.00,10.86,,,
2026-10-05,14516356407,CH-SC-低活-10118706992348-超级抢购加补-纸品-无-剪辑-转化引导-纸品-260914-无-625-50,8.17,129,72,0.00,0.00,55.81,心如,,
2026-10-05,14516359376,CH-SC-低活-10118706992348-超级抢购加补-纸品-无-剪辑-转化引导-纸品-260914-无-625-40,8.11,100,29,8.11,1.00,29.00,心如,,
2026-10-05,14092631035,信息流-小牛-西瓜-三方主体-代运营-新人福利价-0806-10215767576641-历史爆品-625-1,7.73,663,25,0.00,0.00,3.77,头条/京东标点/有量素材混剪|福利价/无价格,,
2026-10-05,14369416523,信息流-小牛-菜板-三方主体-代运营-新人福利价-260903-10155000015319-内部实时跑量-625-6,7.71,1226,52,0.00,0.00,4.24,原生|快手原创素材|快手非低质素材|福利价/无价格,,
2026-10-05,14422258082,信息流-小牛-真空袋-三方主体-代运营-新人福利价-260908-10212584519594-内部实时跑量-625-40,7.37,1235,20,0.00,0.00,1.62,福利价/无价格|考古加素材混剪,,
2026-10-05,14554240556,CH-SC-低活-10111392494770-超级抢购-收纳用品-无-剪辑-转化引导-收纳用品-20260918-无-625-启动-2,7.31,462,8,0.00,0.00,1.73,,,
2026-10-05,14488315998,信息流-小牛-大月饼-三方主体-代运营-新人福利价-260914-10163022037983-内部实时跑量-625-26,7.29,803,27,7.29,1.00,3.36,福利价/无价格|考古加素材混剪,,
2026-10-05,14228306994,CH-SC-广义新-10217740550325-新综合频道-箱包皮具-京喜拉新-剪辑-转化引导-箱包皮具-20260818-无-625-aigc-16,7.07,173,7,0.00,0.00,4.05,平台一组AIGC|快手原创素材|快手非低质素材|腾讯首发素材,,
2026-10-05,13957181664,信息流-小牛-保温饭盒-三方主体-代运营-新人福利价-0724-10125420247464-大盘扒改-625-3,6.96,129,17,0.00,0.00,13.18,大盘扒改|福利价/无价格,,
2026-10-05,14422215528,信息流-小牛-小蜜桃-三方主体-代运营-新人福利价-260908-10231541696811 -深海货盘-625-2,6.85,1835,13,0.00,0.00,0.71,福利价/无价格|考古加素材混剪,,
2026-10-05,13684860918,CH-SC-广义新-无-新10元话费券-10元话费券-京喜拉新-剪辑-转化引导-10元话费券-20260626-无-625-5,6.76,184,63,0.00,0.00,34.24,快手原创素材|快手非低质素材|腾讯首发素材,,
2026-10-05,14488318517,信息流-小牛-大月饼-三方主体-代运营-新人福利价-260914-10163022037983-内部实时跑量-625-25,6.23,1041,26,0.00,0.00,2.50,福利价/无价格|考古加素材混剪,,
2026-10-05,14422219317,信息流-小牛-小蜜桃-三方主体-代运营-新人福利价-260908-10231541696811 -深海货盘-625-12,6.13,429,10,0.00,0.00,2.33,福利价/无价格|考古加素材混剪,,
2026-10-05,14488323904,信息流-小牛-大月饼-三方主体-代运营-新人福利价-260914-10163022037983-内部实时跑量-625-22,6.12,673,37,0.00,0.00,5.50,福利价/无价格|考古加素材混剪,,
2026-10-05,14488237983,信息流-小牛-大月饼-三方主体-代运营-新人福利价-260914-10163022037983-内部实时跑量-625-2,5.70,1038,27,0.00,0.00,2.60,福利价/无价格|考古加素材混剪,,
2026-10-05,14033673881,信息流-小牛-折叠椅-京东主体-代运营-新人福利价-0731-10183713190151-设计自选-625-9,5.70,352,10,0.00,0.00,2.84,福利价/无价格,,
2026-10-05,14095134373,CH-SC-广义新-10136363822650-新综合频道-纸品-京喜拉新-剪辑-转化引导-纸品-20260804-无-625-16,5.67,188,16,0.00,0.00,8.51,广义新头条|快手重复素材|快手非低质素材|腾讯首发素材,,
2026-10-05,14529785267,信息流-小牛-停车号码牌-三方主体-代运营-新人福利价-260917-10203964359828-内部实时跑量-625-38,5.44,449,2,0.00,0.00,0.45,,,
2026-10-05,13846396417,CH-SC-低活-10112643484929-超级抢购-手机通讯-无-剪辑-转化引导-手机通讯-20260708-无-625-aigc-21,5.43,277,72,0.00,0.00,25.99,DHX扒起量0706|平台一组AIGC|心如|快手重复素材|快手非低质素材|福利价,,
2026-10-05,14562120429,CH-PRJ-采销项目-无-快手-无-无-剪辑-转化引导-无-260915-无-625-4,5.35,111,70,0.10,51.00,63.06,,,
2026-10-05,14529767215,信息流-小牛-停车号码牌-三方主体-代运营-新人福利价-260917-10203964359828-内部实时跑量-625-7,5.33,137,5,0.00,0.00,3.65,,,
2026-10-05,14488266120,信息流-小牛-大月饼-三方主体-代运营-新人福利价-260914-10163022037983-内部实时跑量-625-aigc-5,4.91,704,21,4.91,1.00,2.98,福利价/无价格|考古加素材混剪,,
2026-10-05,14535589632,信息流-小牛-打火机-三方主体-代运营-新人福利价-260918-10162692688878-内部实时跑量-625-29,4.86,478,15,4.86,1.00,3.14,,,
2026-10-05,14488275783,信息流-小牛-大月饼-三方主体-代运营-新人福利价-260914-10163022037983-内部实时跑量-625-47,4.60,611,10,0.00,0.00,1.64,福利价/无价格|考古加素材混剪,,
2026-10-05,14535581094,信息流-小牛-打火机-三方主体-代运营-新人福利价-260918-10162692688878-内部实时跑量-625-40,4.55,207,13,0.00,0.00,6.28,,,
2026-10-05,14516512245,CH-SC-低活-10113209119177-超级抢购-电动车-无-剪辑-转化引导-电动车-260907-无-625-26,4.47,507,8,0.00,0.00,1.58,心如|福利价,,
2026-10-05,14247653849,信息流-小牛-旋转手机支架-三方主体-代运营-新人福利价-0821-10112643484929-内部实时跑量-625-7,4.46,525,21,0.00,0.00,4.00,有米云素材混剪|福利价/无价格|腾讯首发素材,,
2026-10-05,14422177532,信息流-小牛-骑行支架-三方主体-代运营-新人福利价-260908-10139440032542-历史爆品-625-23,4.21,470,7,0.00,0.00,1.49,福利价/无价格|考古加素材混剪,,
2026-10-05,14562134727,CH-PRJ-采销项目-无-快手-无-无-剪辑-转化引导-无-260911-无-625-11,4.03,183,58,0.13,31.00,31.69,,,
2026-10-05,14422192784,信息流-小牛-小蜜桃-三方主体-代运营-新人福利价-260908-10231541696811 -深海货盘-625-7,3.89,289,15,0.00,0.00,5.19,福利价/无价格|考古加素材混剪,,
2026-10-05,13846372517,CH-SC-低活-10112643484929-超级抢购-手机通讯-无-剪辑-转化引导-手机通讯-20260708-无-625-aigc-5,3.87,158,6,0.00,0.00,3.80,DHX扒起量0706|平台一组AIGC|心如|快手重复素材|快手非低质素材|福利价,,
2026-10-05,14631564225,CH-SC-低活-10100542418506-超级抢购-生活日用-无-剪辑-转化引导-生活日用-260921-无-625-头条储备-15,3.74,101,3,0.00,0.00,2.97,,,
2026-10-05,14372738418,信息流-小牛-旋转支架-三方主体-代运营-新人福利价-260903-10112643484929-内部实时跑量-625-14,3.67,1228,39,0.00,0.00,3.18,原生|福利价/无价格|考古加素材混剪,,
2026-10-05,14050213136,CH-SC-广义新-10187000434970-新综合频道-厨具-京喜拉新-剪辑-转化引导-厨具-20260730-无-625-2,3.66,235,4,0.00,0.00,1.70,广义新头条|心如|快手重复素材|快手非低质素材|腾讯首发素材,,
2026-10-05,14161859149,信息流-小牛-围裙-三方主体-代运营-新人福利价-0813-10117891615029-大盘实时跑量-625-3,3.63,266,5,0.00,0.00,1.88,福利价/无价格|考古加素材混剪,,
2026-10-05,14516368459,CH-SC-低活-10118706992348-超级抢购加补-纸品-无-剪辑-转化引导-纸品-260914-无-625-11,3.62,87,44,0.00,0.00,50.57,心如,,
2026-10-05,14631525555,CH-SC-低活-10100542418506-超级抢购-生活日用-无-剪辑-转化引导-生活日用-260927-无-625-头条储备-aigc-70,3.62,137,3,0.00,0.00,2.19,,,
2026-10-05,14422274665,信息流-小牛-真空袋-三方主体-代运营-新人福利价-260908-10212584519594-内部实时跑量-625-20,3.51,193,11,0.00,0.00,5.70,福利价/无价格|考古加素材混剪,,
2026-10-05,14562126382,CH-PRJ-采销项目-无-快手-无-无-剪辑-转化引导-无-260911-无-625-28,3.48,28,26,0.12,28.00,92.86,,,
2026-10-05,14631527262,CH-SC-低活-10100542418506-超级抢购-生活日用-无-剪辑-转化引导-生活日用-260921-无-625-头条储备-9,3.44,103,3,0.00,0.00,2.91,,,
2026-10-05,14488324024,信息流-小牛-大月饼-三方主体-代运营-新人福利价-260914-10163022037983-内部实时跑量-625-21,3.39,880,13,0.00,0.00,1.48,福利价/无价格|考古加素材混剪,,
2026-10-05,13846370672,CH-SC-低活-10112643484929-超级抢购-手机通讯-无-剪辑-转化引导-手机通讯-20260708-无-625-aigc-4,3.29,149,5,0.00,0.00,3.36,DHX扒起量0706|平台一组AIGC|心如|快手重复素材|快手非低质素材|福利价|腾讯首发素材,,
2026-10-05,14529789444,信息流-小牛-停车号码牌-三方主体-代运营-新人福利价-260917-10203964359828-内部实时跑量-625-3,3.14,211,6,0.00,0.00,2.84,,,
2026-10-05,14086787831,信息流-小牛-陶瓷碗-三方主体-代运营-新人福利价-0806-10129451028601-客户推品-625-2,3.12,1152,20,0.00,0.00,1.74,客供|福利价/无价格,,
2026-10-05,14562121259,CH-PRJ-采销项目-无-快手-无-无-剪辑-转化引导-无-260915-无-625-7,2.94,34,25,0.13,22.00,73.53,,,
2026-10-05,14529779694,信息流-小牛-停车号码牌-三方主体-代运营-新人福利价-260917-10203964359828-内部实时跑量-625-50,2.90,91,4,0.00,0.00,4.40,,,
2026-10-05,14553575618,CH-SC-广义新-10118706992345-新综合频道-纸品 -京喜拉新-剪辑-转化引导-纸品 -260918-无-625-aigc-启动-8,2.89,131,12,0.00,0.00,9.16,,,
2026-10-05,14422218389,信息流-小牛-小蜜桃-三方主体-代运营-新人福利价-260908-10231541696811 -深海货盘-625-16,2.73,1009,4,0.00,0.00,0.40,福利价/无价格|考古加素材混剪,,
2026-10-05,13341765349,CH-SC-广义新-10219841541026-新综合频道-厨具-京喜拉新-剪辑-转化引导-厨具-20260520-反向-625-7,2.65,128,95,0.00,0.00,74.22,广义新头条|心如|快手重复素材|快手非低质素材|无价格|腾讯首发素材,,
2026-10-05,13836049057,CH-SC-低活-10156776256916-超级抢购-珠宝首饰-无-剪辑-转化引导-珠宝首饰-20260703-无-625-aigc-10,2.63,118,6,0.00,0.00,5.08,平台一组AIGC|心如|快手重复素材|快手非低质素材|福利价,,
2026-10-05,14535556841,信息流-小牛-打火机-三方主体-代运营-新人福利价-260918-10162692688878-内部实时跑量-625-1,2.62,101,3,0.00,0.00,2.97,,,
2026-10-05,14562126024,CH-PRJ-采销项目-无-快手-无-无-剪辑-转化引导-无-260911-无-625-3,2.62,72,27,0.17,15.00,37.50,,,
2026-10-05,14377813911,信息流-小牛-推车置物架-三方主体-代运营-新人福利价-260903-10095828488136-大盘实时跑量-625-2,2.60,55,5,0.00,0.00,9.09,原生|福利价/无价格,,
2026-10-05,14486275054,信息流-小牛-毛毯-三方主体-代运营-新人福利价-260914-10146450179286-商务选品-625-31,2.55,322,3,0.00,0.00,0.93,快手原创素材|快手非低质素材|福利价/无价格,,
2026-10-05,14535544644,信息流-小牛-打火机-三方主体-代运营-新人福利价-260918-10162692688878-内部实时跑量-625-13,2.53,152,3,0.00,0.00,1.97,,,
2026-10-05,14422201343,信息流-小牛-小蜜桃-三方主体-代运营-新人福利价-260908-10231541696811 -深海货盘-625-45,2.48,396,7,0.00,0.00,1.77,福利价/无价格|考古加素材混剪,,
2026-10-05,14092641967,信息流-小牛-维达纸巾-三方主体-代运营-新人福利价-0806-100166352003-大盘实时跑量-625-38,2.44,90,3,0.00,0.00,3.33,头条/京东标点/有量素材混剪|福利价/无价格,,
2026-10-05,14422211840,信息流-小牛-小蜜桃-三方主体-代运营-新人福利价-260908-10231541696811 -深海货盘-625-3,2.44,507,7,0.00,0.00,1.38,福利价/无价格|考古加素材混剪,,
2026-10-05,14516454102,CH-SC-低活-10103917299332-超级抢购-厨具-无-剪辑-转化引导-厨具-20260911-无-625-25,2.40,1308,8,0.00,0.00,0.61,心如|福利价,,
2026-10-05,14309351876,信息流-小牛-工具箱-三方主体-代运营-新人福利价-260827-10114015186364-内部实时跑量-625-aigc-2,2.29,254,3,0.00,0.00,1.18,平台一组AIGC|福利价/无价格|考古加素材混剪,,
2026-10-05,14422262012,信息流-小牛-真空袋-三方主体-代运营-新人福利价-260908-10212584519594-内部实时跑量-625-39,2.27,332,5,2.27,1.00,1.51,福利价/无价格|考古加素材混剪,,
2026-10-05,14486276654,信息流-小牛-毛毯-三方主体-代运营-新人福利价-260914-10146450179286-商务选品-625-30,2.25,207,6,0.00,0.00,2.90,快手原创素材|快手非低质素材|福利价/无价格,,
2026-10-05,14516509983,CH-SC-低活-10113209119177-超级抢购-电动车-无-剪辑-转化引导-电动车-260907-无-625-6,2.19,54,2,0.00,0.00,3.70,心如|福利价,,
2026-10-05,13846397120,CH-SC-低活-10112643484929-超级抢购-手机通讯-无-剪辑-转化引导-手机通讯-20260708-无-625-aigc-2,2.19,271,24,0.00,0.00,8.86,DHX扒起量0706|平台一组AIGC|心如|快手重复素材|快手非低质素材|福利价|腾讯首发素材,,
2026-10-05,14374709639,信息流-小牛-苹果-三方主体-代运营-新人福利价-260903-10186710590960-历史爆品-625-17,2.17,272,12,0.00,0.00,4.41,原生|福利价/无价格|考古加素材混剪,,
2026-10-05,14033672307,信息流-小牛-折叠椅-京东主体-代运营-新人福利价-0731-10183713190151-设计自选-625-5,2.12,75,3,0.00,0.00,4.00,福利价/无价格,,
2026-10-05,14554163462,CH-SC-低活-10096167203452-超级抢购-纸品-大商超-剪辑-转化引导-纸品-260917-无-625-11,1.94,328,311,0.65,3.00,94.82,,,
2026-10-05,14318962375,CH-PRJ-采销项目-无-快手-无-无-剪辑-转化引导-无-260826-无-625-21,1.83,28,18,0.12,15.00,64.29,快手重复素材|快手非低质素材,,
2026-10-05,14033669726,信息流-小牛-折叠椅-京东主体-代运营-新人福利价-0731-10183713190151-设计自选-625-2,1.83,669,11,0.00,0.00,1.64,福利价/无价格,,
2026-10-05,14422202134,信息流-小牛-小蜜桃-三方主体-代运营-新人福利价-260908-10231541696811 -深海货盘-625-4,1.81,869,16,0.00,0.00,1.84,福利价/无价格|考古加素材混剪,,
2026-10-05,14488341277,信息流-小牛-大月饼-三方主体-代运营-新人福利价-260914-10163022037983-内部实时跑量-625-10,1.78,225,2,0.00,0.00,0.89,福利价/无价格|考古加素材混剪,,
2026-10-05,13922151320,信息流-小牛-抽纸-京东主体-代运营-新人福利价-0721-100281253200-设计自选-625-aigc-3,1.71,70,29,0.00,0.00,41.43,平台一组AIGC|腾讯首发素材,,
2026-10-05,14562127880,CH-PRJ-采销项目-无-快手-无-无-剪辑-转化引导-无-260911-无-625-25,1.69,44,2,0.00,0.00,4.55,,,
2026-10-05,14535559347,信息流-小牛-打火机-三方主体-代运营-新人福利价-260918-10162692688878-内部实时跑量-625-61,1.63,283,5,0.00,0.00,1.77,,,
2026-10-05,13846387962,CH-SC-低活-10112643484929-超级抢购-手机通讯-无-剪辑-转化引导-手机通讯-20260708-无-625-aigc-15,1.61,72,1,0.00,0.00,1.39,DHX扒起量0706|平台一组AIGC|心如|快手重复素材|快手非低质素材|福利价,,
2026-10-05,13341766059,CH-SC-广义新-10219841541026-新综合频道-厨具-京喜拉新-剪辑-转化引导-厨具-20260520-反向-625-8,1.60,350,1,0.00,0.00,0.29,广义新头条|心如|快手重复素材|快手非低质素材|无价格|腾讯首发素材,,
2026-10-05,14488339974,信息流-小牛-大月饼-三方主体-代运营-新人福利价-260914-10163022037983-内部实时跑量-625-11,1.56,329,0,0.00,0.00,0.00,福利价/无价格|考古加素材混剪,,
2026-10-05,14631528042,CH-SC-低活-10100542418506-超级抢购-生活日用-无-剪辑-转化引导-生活日用-260921-无-625-头条储备-31,1.50,104,2,0.00,0.00,1.92,,,
2026-10-05,13846337923,CH-SC-低活-10113209119177-超级抢购-电动车-无-剪辑-转化引导-电动车-20260708-无-625-5,1.39,54,0,0.00,0.00,0.00,平台一组AIGC|心如|快手原创素材|快手非低质素材|福利价|腾讯首发素材,,
2026-10-05,13916487194,CH-SC-广义新-10040988734451-新10元话费券-无-无-剪辑-转化引导-无-20260715-无-625-17,1.36,151,2,0.00,0.00,1.32,快手原创素材|快手非低质素材|腾讯首发素材,,
2026-10-05,14217056294,CH-SC-广义新-10136363822650-新综合频道-纸品-京喜拉新-剪辑-转化引导-纸品-20260813-无-625-aigc-2,1.35,741,528,0.00,0.00,71.26,平台一组AIGC|快手重复素材|快手非低质素材|腾讯首发素材,,
2026-10-05,13916488487,CH-SC-广义新-10040988734451-新10元话费券-无-无-剪辑-转化引导-无-20260715-无-625-23,1.35,1034,17,0.00,0.00,1.64,快手原创素材|快手非低质素材|腾讯首发素材,,
2026-10-05,14372738165,信息流-小牛-旋转支架-三方主体-代运营-新人福利价-260903-10112643484929-内部实时跑量-625-13,1.31,215,10,0.00,0.00,4.65,原生|福利价/无价格|考古加素材混剪,,
2026-10-05,14488259252,信息流-小牛-大月饼-三方主体-代运营-新人福利价-260914-10163022037983-内部实时跑量-625-aigc-8,1.25,151,2,0.00,0.00,1.32,福利价/无价格|考古加素材混剪,,
2026-10-05,13603383686,CH-SC-低活-10217740550325-超级抢购加补-箱包皮具-无-剪辑-转化引导-箱包皮具-20260617-无-625-aigc-6,1.23,284,11,0.00,0.00,3.87,加补1分钱|平台一组AIGC|心如|快手重复素材|快手非低质素材|腾讯首发素材,,
2026-10-05,14529790599,信息流-小牛-停车号码牌-三方主体-代运营-新人福利价-260917-10203964359828-内部实时跑量-625-28,1.22,82,0,0.00,0.00,0.00,,,
2026-10-05,14516512211,CH-SC-低活-10113209119177-超级抢购-电动车-无-剪辑-转化引导-电动车-260907-无-625-25,1.16,36,1,0.00,0.00,2.78,心如|福利价,,
2026-10-05,14529797677,信息流-小牛-停车号码牌-三方主体-代运营-新人福利价-260917-10203964359828-内部实时跑量-625-19,1.13,103,0,0.00,0.00,0.00,,,
2026-10-05,13776598531,CH-SC-广义新-10177393646076-新综合频道-灯饰照明-京喜拉新-剪辑-转化引导-灯饰照明-20260702-反向-625-aigc-13,1.11,37,2,0.00,0.00,5.41,平台一组AIGC|快手原创素材|快手非低质素材|无价格|福利价/无价格,,
2026-10-05,14309679637,信息流-小牛-围裙-三方主体-代运营-新人福利价-260827-10117891615029-设计自选-625-58,1.08,320,11,0.00,0.00,3.44,平台一组AIGC|福利价/无价格|考古加素材混剪,,
2026-10-05,14529783411,信息流-小牛-停车号码牌-三方主体-代运营-新人福利价-260917-10203964359828-内部实时跑量-625-41,1.01,53,1,0.00,0.00,1.89,,,
2026-10-05,14369413813,信息流-小牛-菜板-三方主体-代运营-新人福利价-260903-10155000015319-内部实时跑量-625-12,1.00,86,2,0.00,0.00,2.33,原生|快手原创素材|快手非低质素材|福利价/无价格,,
2026-10-05,13922152192,信息流-小牛-抽纸-京东主体-代运营-新人福利价-0721-100281253200-设计自选-625-aigc-5,1.00,41,17,0.00,0.00,41.46,平台一组AIGC|腾讯首发素材,,
2026-10-05,14631519928,CH-SC-低活-10139440032542-超级抢购-运动户外-无-剪辑-转化引导-运动户外-260927-无-625-头条储备-72,1.00,37,2,0.00,0.00,5.41,,,
2026-10-05,13873189462,CH-SC-低活-10140917922437-超级抢购-家庭清洁-无-剪辑-转化引导-家庭清洁-20260709-无-625-aigc-1,0.98,72,2,0.00,0.00,2.78,平台一组AIGC|心如|快手重复素材|快手非低质素材|福利价|腾讯首发素材,,
2026-10-05,14488259984,信息流-小牛-大月饼-三方主体-代运营-新人福利价-260914-10163022037983-内部实时跑量-625-aigc-7,0.94,132,1,0.00,0.00,0.76,福利价/无价格|考古加素材混剪,,
2026-10-05,14516476619,CH-SC-低活-10233824843150-超级抢购-收纳用品-无-剪辑-转化引导-收纳用品-260907-无-625-86,0.90,32,3,0.00,0.00,9.38,心如|福利价,,
2026-10-05,14372742082,信息流-小牛-旋转支架-三方主体-代运营-新人福利价-260903-10112643484929-内部实时跑量-625-9,0.90,30,3,0.00,0.00,10.00,原生|福利价/无价格|考古加素材混剪,,
2026-10-05,14554238127,CH-SC-低活-10233824843150-超级抢购-收纳用品-无-剪辑-转化引导-收纳用品-260918-无-625-42,0.88,98,70,0.00,0.00,71.43,,,
2026-10-05,14369413170,信息流-小牛-菜板-三方主体-代运营-新人福利价-260903-10155000015319-内部实时跑量-625-11,0.88,375,6,0.00,0.00,1.60,原生|快手原创素材|快手非低质素材|福利价/无价格,,
2026-10-05,14369356351,信息流-小牛-菜板-三方主体-代运营-新人福利价-260903-10155000015319-内部实时跑量-625-42,0.84,137,1,0.00,0.00,0.73,原生|快手原创素材|快手非低质素材|福利价/无价格,,
2026-10-05,14529777583,信息流-小牛-停车号码牌-三方主体-代运营-新人福利价-260917-10203964359828-内部实时跑量-625-49,0.83,60,1,0.00,0.00,1.67,,,
2026-10-05,14562127091,CH-PRJ-采销项目-无-快手-无-无-剪辑-转化引导-无-260911-无-625-26,0.78,33,10,0.16,5.00,30.30,,,
2026-10-05,14516503592,CH-SC-低活-10233824843150-超级抢购-收纳用品-无-剪辑-转化引导-收纳用品-260907-无-625-16,0.77,20,6,0.00,0.00,30.00,心如|福利价,,
2026-10-05,13873194156,CH-SC-低活-10140917922437-超级抢购-家庭清洁-无-剪辑-转化引导-家庭清洁-20260709-无-625-aigc-5,0.76,71,0,0.00,0.00,0.00,平台一组AIGC|心如|快手重复素材|快手非低质素材|福利价|腾讯首发素材,,
2026-10-05,14554166837,CH-SC-低活-10096167203452-超级抢购-纸品-大商超-剪辑-转化引导-纸品-260917-无-625-18,0.76,152,136,0.00,0.00,89.47,,,
2026-10-05,14088473390,CH-SC-低活-10223570717754-超级抢购-生鲜-无-剪辑-转化引导-生鲜-20260803-无-625-aigc-5,0.76,69,26,0.00,0.00,37.68,平台一组AIGC|心如|福利价|腾讯首发素材,,
2026-10-05,13746266511,CH-SC-广义新-10196323916105-新综合频道-数码-京喜拉新-剪辑-转化引导-数码-20260630-无-625-aigc-7,0.75,32,1,0.00,0.00,3.12,平台一组AIGC|广义新头条|心如|快手原创素材|快手非低质素材,,
2026-10-05,14369358732,信息流-小牛-菜板-三方主体-代运营-新人福利价-260903-10155000015319-内部实时跑量-625-41,0.74,90,1,0.00,0.00,1.11,原生|快手原创素材|快手非低质素材|福利价/无价格,,
2026-10-05,14516415648,CH-SC-低活-10233824843150-超级抢购-收纳用品-无-剪辑-转化引导-收纳用品-260915-无-625-22,0.72,47,2,0.00,0.00,4.26,心如|福利价,,
2026-10-05,14631525687,CH-SC-低活-10100542418506-超级抢购-生活日用-无-剪辑-转化引导-生活日用-260927-无-625-头条储备-aigc-67,0.72,56,0,0.00,0.00,0.00,,,
2026-10-05,14535568039,信息流-小牛-打火机-三方主体-代运营-新人福利价-260918-10162692688878-内部实时跑量-625-58,0.70,101,0,0.00,0.00,0.00,,,
2026-10-05,14562128959,CH-PRJ-采销项目-无-快手-无-无-剪辑-转化引导-无-260911-无-625-23,0.69,29,11,0.14,5.00,37.93,,,
2026-10-05,14318983392,CH-SC-广义新-10146456039187-新综合频道-纸品-京喜拉新-剪辑-转化引导-纸品-260827-无-625-aigc-2,0.63,34,4,0.00,0.00,11.76,平台AI测试/视频/一组智能体|平台一组AIGC|快手重复素材|快手非低质素材,,
2026-10-05,14422241895,信息流-小牛-真空袋-三方主体-代运营-新人福利价-260908-10212584519594-内部实时跑量-625-9,0.59,22,0,0.00,0.00,0.00,福利价/无价格|考古加素材混剪,,
2026-10-05,14369420506,信息流-小牛-菜板-三方主体-代运营-新人福利价-260903-10155000015319-内部实时跑量-625-4,0.57,45,0,0.00,0.00,0.00,原生|快手原创素材|快手非低质素材|福利价/无价格,,
2026-10-05,13836049721,CH-SC-低活-10156776256916-超级抢购-珠宝首饰-无-剪辑-转化引导-珠宝首饰-20260703-无-625-aigc-9,0.57,15,0,0.00,0.00,0.00,平台一组AIGC|心如|快手重复素材|快手非低质素材|福利价,,
2026-10-05,14498626380,CH-SC-低活-10161130444375-超级抢购-农资园艺-无-剪辑-转化引导-农资园艺-260908-无-625-11,0.57,43,1,0.00,0.00,2.33,心如|福利价,,
2026-10-05,14516511074,CH-SC-低活-10113209119177-超级抢购-电动车-无-剪辑-转化引导-电动车-260907-无-625-28,0.55,23,3,0.55,1.00,13.04,心如|福利价,,
2026-10-05,14631527264,CH-SC-低活-10100542418506-超级抢购-生活日用-无-剪辑-转化引导-生活日用-260921-无-625-头条储备-aigc-1,0.55,24,0,0.00,0.00,0.00,,,
2026-10-05,14631519334,CH-SC-低活-10139440032542-超级抢购-运动户外-无-剪辑-转化引导-运动户外-260927-无-625-头条储备-86,0.53,13,0,0.00,0.00,0.00,,,
2026-10-05,13603318244,CH-SC-广义新-10118706992345-新综合频道-纸品-无-剪辑-转化引导-纸品-20260617-无-625-aigc-11,0.50,127,8,0.00,0.00,6.30,平台一组AIGC|广义新头条|快手原创素材|快手非低质素材,,
2026-10-05,13916109786,CH-SC-广义新-10155000015319-新综合频道-厨具-京喜拉新-剪辑-转化引导-厨具-20260716-无-625-aigc-2,0.50,35,0,0.00,0.00,0.00,平台一组AIGC|广义新头条|心如|无价格|腾讯首发素材,,
2026-10-05,14050212256,CH-SC-广义新-10187000434970-新综合频道-厨具-京喜拉新-剪辑-转化引导-厨具-20260730-无-625-3,0.49,20,1,0.00,0.00,5.00,广义新头条|心如|快手重复素材|快手非低质素材|腾讯首发素材,,
2026-10-05,14369417321,信息流-小牛-菜板-三方主体-代运营-新人福利价-260903-10155000015319-内部实时跑量-625-5,0.48,46,2,0.00,0.00,4.35,原生|快手原创素材|快手非低质素材|福利价/无价格,,
2026-10-05,13846398501,CH-SC-低活-10112643484929-超级抢购-手机通讯-无-剪辑-转化引导-手机通讯-20260708-无-625-aigc-3,0.48,29,1,0.00,0.00,3.45,DHX扒起量0706|平台一组AIGC|心如|快手重复素材|快手非低质素材|福利价,,
2026-10-05,14033672272,信息流-小牛-折叠椅-京东主体-代运营-新人福利价-0731-10183713190151-设计自选-625-6,0.47,46,2,0.00,0.00,4.35,福利价/无价格,,
2026-10-05,14407837180,CH-SC-低活-10233823947947-超级抢购-生活日用-无-剪辑-转化引导-生活日用-260902-无-625-白牌-22,0.46,23,0,0.00,0.00,0.00,0820白牌|福利价,,
2026-10-05,14535540774,信息流-小牛-打火机-三方主体-代运营-新人福利价-260918-10162692688878-内部实时跑量-625-16,0.46,66,1,0.00,0.00,1.52,,,
2026-10-05,14554247510,CH-SC-低活-10140917922437-超级抢购-家庭清洁-无-剪辑-转化引导-家庭清洁-20260918-无-625-aigc-启动-9,0.46,57,0,0.00,0.00,0.00,,,
2026-10-05,14562121783,CH-PRJ-采销项目-无-快手-无-无-剪辑-转化引导-无-260915-无-625-10,0.46,9,6,0.12,4.00,66.67,,,
2026-10-05,14554228899,CH-SC-低活-10140917922437-超级抢购-家庭清洁-无-剪辑-转化引导-家庭清洁-20260918-无-625-aigc-16,0.46,375,0,0.00,0.00,0.00,,,
2026-10-05,14319045677,CH-SC-低活-10140917922437-超级抢购-家庭清洁-无-剪辑-转化引导-家庭清洁-20260820-无-625-aigc-16,0.46,301,0,0.00,0.00,0.00,平台一组AIGC|心如|快手重复素材|快手非低质素材|福利价|腾讯首发素材,,
2026-10-05,14049375748,CH-SC-低活-10178946597305-超级抢购-厨具-无-剪辑-转化引导-厨具-20260728-无-625-aigc-7,0.45,14,0,0.00,0.00,0.00,平台一组AIGC|心如|快手重复素材|快手非低质素材|福利价|腾讯首发素材,,
2026-10-05,14529796870,信息流-小牛-停车号码牌-三方主体-代运营-新人福利价-260917-10203964359828-内部实时跑量-625-20,0.45,62,1,0.00,0.00,1.61,,,
2026-10-05,14631564997,CH-SC-低活-10100542418506-超级抢购-生活日用-无-剪辑-转化引导-生活日用-260921-无-625-头条储备-12,0.45,25,1,0.00,0.00,4.00,,,
2026-10-05,13916303997,CH-SC-低活-10140917922437-超级抢购-家庭清洁-无-剪辑-转化引导-家庭清洁-20260715-无-625-aigc-15,0.43,43,3,0.00,0.00,6.98,平台一组AIGC|心如|快手重复素材|快手非低质素材|无价格|腾讯首发素材,,
2026-10-05,14299138754,CH-PRJ-采销项目-无-快手-无-无-剪辑-转化引导-无-260825-无-625-1,0.43,8,2,0.22,2.00,25.00,快手重复素材|快手非低质素材,,
2026-10-05,14422220976,信息流-小牛-小蜜桃-三方主体-代运营-新人福利价-260908-10231541696811 -深海货盘-625-11,0.41,134,0,0.00,0.00,0.00,福利价/无价格|考古加素材混剪,,
2026-10-05,14562126352,CH-PRJ-采销项目-无-快手-无-无-剪辑-转化引导-无-260911-无-625-29,0.41,4,4,0.10,4.00,100.00,,,
2026-10-05,14033669638,信息流-小牛-折叠椅-京东主体-代运营-新人福利价-0731-10183713190151-设计自选-625-3,0.40,75,2,0.00,0.00,2.67,福利价/无价格,,
2026-10-05,14488235285,信息流-小牛-大月饼-三方主体-代运营-新人福利价-260914-10163022037983-内部实时跑量-625-4,0.39,52,1,0.00,0.00,1.92,福利价/无价格|考古加素材混剪,,
2026-10-05,14444475775,信息流-小牛-陶瓷碗-三方主体-代运营-新人1分钱-260910-10129451028601-商务选品-625-56,0.38,21,1,0.00,0.00,4.76,福利价/无价格,,
2026-10-05,14631527390,CH-SC-低活-10100542418506-超级抢购-生活日用-无-剪辑-转化引导-生活日用-260921-无-625-头条储备-8,0.37,30,0,0.00,0.00,0.00,,,
2026-10-05,14374709340,信息流-小牛-苹果-三方主体-代运营-新人福利价-260903-10186710590960-历史爆品-625-19,0.37,194,3,0.00,0.00,1.55,原生|福利价/无价格|考古加素材混剪,,
2026-10-05,13846312909,CH-SC-低活-10140917922437-超级抢购-家庭清洁-无-剪辑-转化引导-家庭清洁-20260708-无-625-aigc-14,0.36,45,1,0.00,0.00,2.22,平台一组AIGC|心如|快手重复素材|快手非低质素材|福利价|腾讯首发素材,,
2026-10-05,14631515912,CH-SC-低活-10217740550325-超级抢购-箱包皮具-无-剪辑-转化引导-箱包皮具-260921-无-625-头条储备-aigc-131,0.35,20,2,0.00,0.00,10.00,,,
2026-10-05,14488327968,信息流-小牛-大月饼-三方主体-代运营-新人福利价-260914-10163022037983-内部实时跑量-625-19,0.35,13,1,0.00,0.00,7.69,福利价/无价格|考古加素材混剪,,
2026-10-05,13916302821,CH-SC-低活-10140917922437-超级抢购-家庭清洁-无-剪辑-转化引导-家庭清洁-20260715-无-625-aigc-12,0.34,42,0,0.00,0.00,0.00,平台一组AIGC|心如|快手重复素材|快手非低质素材|无价格|腾讯首发素材,,
2026-10-05,13916301575,CH-SC-低活-10140917922437-超级抢购-家庭清洁-无-剪辑-转化引导-家庭清洁-20260715-无-625-aigc-9,0.34,32,1,0.00,0.00,3.12,平台一组AIGC|心如|快手重复素材|快手非低质素材|无价格|腾讯首发素材,,
2026-10-05,13916301057,CH-SC-低活-10140917922437-超级抢购-家庭清洁-无-剪辑-转化引导-家庭清洁-20260715-无-625-aigc-8,0.32,27,1,0.00,0.00,3.70,平台一组AIGC|心如|快手重复素材|快手非低质素材|无价格|腾讯首发素材,,
2026-10-05,13846319643,CH-SC-低活-10140917922437-超级抢购-家庭清洁-无-剪辑-转化引导-家庭清洁-20260708-无-625-aigc-4,0.30,16,0,0.00,0.00,0.00,平台一组AIGC|心如|快手重复素材|快手非低质素材|福利价|腾讯首发素材,,
2026-10-05,13536549173,CH-SC-低活-10219841541026-超级抢购加补-厨具-无-剪辑-转化引导-厨具-20260610-无-625-aigc-10,0.30,28,2,0.00,0.00,7.14,平台一组AIGC|心如|快手重复素材|快手非低质素材|福利价|腾讯首发素材,,
2026-10-05,14318978964,CH-SC-广义新-10128848312108-新综合频道-厨具-京喜拉新-剪辑-转化引导-厨具-260827-无-625-aigc-13,0.29,12,1,0.00,0.00,8.33,平台一组AIGC|无价格,,
2026-10-05,14631513973,CH-SC-低活-10217740550325-超级抢购-箱包皮具-无-剪辑-转化引导-箱包皮具-260921-无-625-头条储备-aigc-25,0.29,8,0,0.00,0.00,0.00,,,
2026-10-05,13916303411,CH-SC-低活-10140917922437-超级抢购-家庭清洁-无-剪辑-转化引导-家庭清洁-20260715-无-625-aigc-14,0.29,35,0,0.00,0.00,0.00,平台一组AIGC|心如|快手重复素材|快手非低质素材|无价格|腾讯首发素材,,
2026-10-05,14631564752,CH-SC-低活-10100542418506-超级抢购-生活日用-无-剪辑-转化引导-生活日用-260921-无-625-头条储备-11,0.28,12,0,0.00,0.00,0.00,,,
2026-10-05,14516311266,CH-SC-低活-10176978592631-超级抢购-家具-无-剪辑-转化引导-家具-260915-无-625-30,0.28,2,1,0.00,0.00,50.00,心如|福利价,,
2026-10-05,14319047167,CH-SC-低活-10140917922437-超级抢购-家庭清洁-无-剪辑-转化引导-家庭清洁-20260820-无-625-aigc-10,0.27,4,3,0.00,0.00,75.00,平台一组AIGC|心如|快手原创素材|快手非低质素材|福利价|腾讯首发素材,,
2026-10-05,14197473065,CH-SC-低活-10166301474829-超级抢购-厨具-无-剪辑-转化引导-厨具-20260811-无-625-aigc-8,0.27,10,2,0.00,0.00,20.00,平台一组AIGC|心如|福利价|腾讯首发素材,,
2026-10-05,14299115353,CH-SC-广义新-10118706992345-新综合频道-纸品-京喜拉新-剪辑-转化引导-纸品-260826-无-625-6,0.25,106,35,0.00,0.00,33.02,平台一组AIGC|快手重复素材|快手非低质素材,,
2026-10-05,14529793899,信息流-小牛-停车号码牌-三方主体-代运营-新人福利价-260917-10203964359828-内部实时跑量-625-27,0.25,25,0,0.00,0.00,0.00,,,
2026-10-05,14554245357,CH-SC-低活-10111392494770-超级抢购-收纳用品-无-剪辑-转化引导-收纳用品-20260918-无-625-启动-6,0.25,11,0,0.00,0.00,0.00,,,
2026-10-05,14422208734,信息流-小牛-小蜜桃-三方主体-代运营-新人福利价-260908-10231541696811 -深海货盘-625-30,0.24,88,2,0.00,0.00,2.27,福利价/无价格|考古加素材混剪,,
2026-10-05,14153374451,信息流-小牛-饭盒-三方主体-代运营-新人福利价-0812-10125420247464-大盘实扒改-625-2,0.24,31,1,0.00,0.00,3.23,大盘扒改|福利价/无价格,,
2026-10-05,14369364164,信息流-小牛-菜板-三方主体-代运营-新人福利价-260903-10155000015319-内部实时跑量-625-38,0.24,154,5,0.00,0.00,3.25,原生|快手原创素材|快手非低质素材|福利价/无价格,,
2026-10-05,14554133189,CH-SC-低活-10215783938762-超级抢购加补-生鲜-无-剪辑-转化引导-生鲜-260911-无-625-24,0.24,11,0,0.00,0.00,0.00,,,
2026-10-05,14488288795,信息流-小牛-大月饼-三方主体-代运营-新人福利价-260914-10163022037983-内部实时跑量-625-39,0.23,57,1,0.00,0.00,1.75,福利价/无价格|考古加素材混剪,,
2026-10-05,14422280048,信息流-小牛-真空袋-三方主体-代运营-新人福利价-260908-10212584519594-内部实时跑量-625-1,0.23,67,0,0.00,0.00,0.00,福利价/无价格|考古加素材混剪,,
2026-10-05,14444473820,信息流-小牛-陶瓷碗-三方主体-代运营-新人1分钱-260910-10129451028601-商务选品-625-57,0.23,23,0,0.00,0.00,0.00,福利价/无价格,,
2026-10-05,14049462509,CH-SC-低活-10154095391500-超级抢购-手机通讯-无-剪辑-转化引导-手机通讯-20260730-无-625-8,0.22,6,0,0.00,0.00,0.00,心如|快手重复素材|快手非低质素材|福利价|腾讯首发素材,,
2026-10-05,14488336904,信息流-小牛-大月饼-三方主体-代运营-新人福利价-260914-10163022037983-内部实时跑量-625-14,0.22,40,0,0.00,0.00,0.00,福利价/无价格|考古加素材混剪,,
2026-10-05,13746328503,CH-SC-低活-10139440032542-超级抢购5元-运动户外-无-剪辑-转化引导-运动户外-20260630-无-625-aigc-7,0.22,10,0,0.00,0.00,0.00,平台一组AIGC|心如|快手重复素材|快手非低质素材|福利价|腾讯首发素材,,
2026-10-05,14488272236,信息流-小牛-大月饼-三方主体-代运营-新人福利价-260914-10163022037983-内部实时跑量-625-aigc-1,0.21,19,3,0.00,0.00,15.79,福利价/无价格|考古加素材混剪,,
2026-10-05,14369369285,信息流-小牛-菜板-三方主体-代运营-新人福利价-260903-10155000015319-内部实时跑量-625-36,0.21,24,2,0.00,0.00,8.33,原生|快手原创素材|快手非低质素材|福利价/无价格,,
2026-10-05,14516518803,CH-SC-低活-10113209119177-超级抢购-电动车-无-剪辑-转化引导-电动车-260907-无-625-10,0.20,5,1,0.00,0.00,20.00,心如|福利价,,
2026-10-05,14299137269,CH-PRJ-采销项目-无-快手-无-无-剪辑-转化引导-无-260825-无-625-3,0.20,11,4,0.00,0.00,36.36,快手重复素材|快手非低质素材,,
2026-10-05,14369365897,信息流-小牛-菜板-三方主体-代运营-新人福利价-260903-10155000015319-内部实时跑量-625-37,0.20,96,2,0.00,0.00,2.08,原生|快手原创素材|快手非低质素材|福利价/无价格,,
2026-10-05,14516511441,CH-SC-低活-10113209119177-超级抢购-电动车-无-剪辑-转化引导-电动车-260907-无-625-27,0.20,9,0,0.00,0.00,0.00,心如|福利价,,
2026-10-05,14050220381,CH-SC-广义新-10187000434970-新综合频道-厨具-京喜拉新-剪辑-转化引导-厨具-20260730-无-625-12,0.19,8,2,0.00,0.00,25.00,广义新头条|心如|快手重复素材|快手非低质素材|腾讯首发素材,,
2026-10-05,14516312133,CH-SC-低活-10176978592631-超级抢购-家具-无-剪辑-转化引导-家具-260915-无-625-29,0.19,5,1,0.00,0.00,20.00,心如|福利价,,
2026-10-05,14374712151,信息流-小牛-苹果-三方主体-代运营-新人福利价-260903-10186710590960-历史爆品-625-14,0.19,10,1,0.00,0.00,10.00,原生|福利价/无价格|考古加素材混剪,,
2026-10-05,14631519620,CH-SC-低活-10139440032542-超级抢购-运动户外-无-剪辑-转化引导-运动户外-260927-无-625-头条储备-78,0.18,13,1,0.00,0.00,7.69,,,
2026-10-05,14554232224,CH-SC-低活-10140917922437-超级抢购-家庭清洁-无-剪辑-转化引导-家庭清洁-20260918-无-625-aigc-11,0.18,34,0,0.00,0.00,0.00,,,
2026-10-05,14444507027,信息流-小牛-陶瓷碗-三方主体-代运营-新人1分钱-260910-10129451028601-商务选品-625-41,0.18,8,0,0.00,0.00,0.00,快手原创素材|快手非低质素材|福利价/无价格,,
2026-10-05,14529783183,信息流-小牛-停车号码牌-三方主体-代运营-新人福利价-260917-10203964359828-内部实时跑量-625-42,0.18,1,0,0.00,0.00,0.00,,,
2026-10-05,14365974192,CH-SC-低活-10207774889664-超级抢购-家庭清洁-无-剪辑-转化引导-家庭清洁-20260828-无-625-白牌-17,0.18,17,1,0.00,0.00,5.88,0820白牌|快手原创素材|快手非低质素材|福利价|腾讯首发素材,,
2026-10-05,13860551989,CH-SC-广义新-10162692688878-新综合频道-家用电器-京喜拉新-剪辑-转化引导-家用电器-20260713-无-625-aigc-6,0.18,11,0,0.00,0.00,0.00,平台一组AIGC|广义新头条|快手重复素材|快手非低质素材|无价格|腾讯首发素材,,
2026-10-05,13873197666,CH-SC-低活-10140917922437-超级抢购-家庭清洁-无-剪辑-转化引导-家庭清洁-20260709-无-625-aigc-7,0.17,10,1,0.00,0.00,10.00,平台一组AIGC|心如|快手重复素材|快手非低质素材|福利价|腾讯首发素材,,
2026-10-05,14554113842,CH-SC-低活-10215783938762-超级抢购加补-生鲜-无-剪辑-转化引导-生鲜-260911-无-625-42,0.16,4,1,0.00,0.00,25.00,,,
2026-10-05,14422209680,信息流-小牛-小蜜桃-三方主体-代运营-新人福利价-260908-10231541696811 -深海货盘-625-29,0.16,25,0,0.00,0.00,0.00,福利价/无价格|考古加素材混剪,,
2026-10-05,14488234908,信息流-小牛-大月饼-三方主体-代运营-新人福利价-260914-10163022037983-内部实时跑量-625-3,0.15,12,0,0.00,0.00,0.00,福利价/无价格|考古加素材混剪,,
2026-10-05,14295232879,信息流-小牛-拼豆-三方主体-代运营-新人福利价-260826-10198153252023-商务选品-625-19,0.15,7,0,0.00,0.00,0.00,--,,
2026-10-05,14309743706,信息流-小牛-雨伞-三方主体-代运营-新人福利价-260828-10113643996701-大盘扒改-625-23,0.14,52,2,0.00,0.00,3.85,原生|大盘扒改|平台一组AIGC|福利价/无价格,,
2026-10-05,14562131260,CH-PRJ-采销项目-无-快手-无-无-剪辑-转化引导-无-260911-无-625-18,0.14,4,3,0.05,3.00,75.00,,,
2026-10-05,14488278413,信息流-小牛-大月饼-三方主体-代运营-新人福利价-260914-10163022037983-内部实时跑量-625-45,0.14,6,0,0.00,0.00,0.00,福利价/无价格|考古加素材混剪,,
2026-10-05,14407748766,CH-SC-广义新-10129955889557-新综合频道-厨具-京喜拉新-剪辑-转化引导-厨具-260904-反向-625-16,0.14,5,1,0.00,0.00,20.00,无价格,,
2026-10-05,14631513843,CH-SC-低活-10217740550325-超级抢购-箱包皮具-无-剪辑-转化引导-箱包皮具-260921-无-625-头条储备-aigc-32,0.13,4,1,0.00,0.00,25.00,,,
2026-10-05,14631519385,CH-SC-低活-10139440032542-超级抢购-运动户外-无-剪辑-转化引导-运动户外-260927-无-625-头条储备-85,0.13,11,0,0.00,0.00,0.00,,,
2026-10-05,14422217260,信息流-小牛-小蜜桃-三方主体-代运营-新人福利价-260908-10231541696811 -深海货盘-625-23,0.13,2,0,0.00,0.00,0.00,福利价/无价格|考古加素材混剪,,
2026-10-05,14516314494,CH-SC-低活-10176978592631-超级抢购-家具-无-剪辑-转化引导-家具-260915-无-625-25,0.13,2,0,0.00,0.00,0.00,心如|福利价,,
2026-10-05,14422189950,信息流-小牛-骑行支架-三方主体-代运营-新人福利价-260908-10139440032542-历史爆品-625-1,0.13,1,0,0.00,0.00,0.00,福利价/无价格|考古加素材混剪,,
2026-10-05,14488317553,信息流-小牛-大月饼-三方主体-代运营-新人福利价-260914-10163022037983-内部实时跑量-625-24,0.13,7,0,0.00,0.00,0.00,福利价/无价格|考古加素材混剪,,
2026-10-05,14631525434,CH-SC-低活-10100542418506-超级抢购-生活日用-无-剪辑-转化引导-生活日用-260927-无-625-头条储备-aigc-72,0.13,10,0,0.00,0.00,0.00,,,
2026-10-05,14516406667,CH-SC-低活-10176978592631-超级抢购-家具-无-剪辑-转化引导-家具-260915-无-625-8,0.13,2,1,0.00,0.00,50.00,心如|福利价,,
2026-10-05,14529781287,信息流-小牛-停车号码牌-三方主体-代运营-新人福利价-260917-10203964359828-内部实时跑量-625-46,0.12,1,0,0.00,0.00,0.00,,,
2026-10-05,14529802963,信息流-小牛-停车号码牌-三方主体-代运营-新人福利价-260917-10203964359828-内部实时跑量-625-11,0.12,27,0,0.00,0.00,0.00,,,
2026-10-05,14516515061,CH-SC-低活-10113209119177-超级抢购-电动车-无-剪辑-转化引导-电动车-260907-无-625-18,0.12,7,0,0.00,0.00,0.00,心如|福利价,,
2026-10-05,14488296749,信息流-小牛-大月饼-三方主体-代运营-新人福利价-260914-10163022037983-内部实时跑量-625-35,0.11,18,0,0.00,0.00,0.00,福利价/无价格|考古加素材混剪,,
2026-10-05,14319050231,CH-SC-广义新-10128848312108-新综合频道-厨具-京喜拉新-剪辑-转化引导-厨具-260827-无-625-aigc-3,0.11,5,0,0.00,0.00,0.00,平台一组AIGC|无价格,,
2026-10-05,14516314341,CH-SC-低活-10176978592631-超级抢购-家具-无-剪辑-转化引导-家具-260915-无-625-26,0.11,2,0,0.00,0.00,0.00,心如|福利价,,
2026-10-05,14529767101,信息流-小牛-停车号码牌-三方主体-代运营-新人福利价-260917-10203964359828-内部实时跑量-625-8,0.11,5,0,0.00,0.00,0.00,,,
2026-10-05,14562133139,CH-PRJ-采销项目-无-快手-无-无-剪辑-转化引导-无-260911-无-625-15,0.11,6,1,0.00,0.00,16.67,,,
2026-10-05,14554169814,CH-SC-低活-10096167203452-超级抢购-纸品-大商超-剪辑-转化引导-纸品-260917-无-625-16,0.11,41,32,0.00,0.00,78.05,,,
2026-10-05,14009876900,信息流-小牛-李子-京东主体-代运营-新人福利价-0729-10223570717754-设计自选-625-aigc-12,0.11,7,0,0.00,0.00,0.00,平台一组AIGC,,
2026-10-05,14516401983,CH-SC-低活-10176978592631-超级抢购-家具-无-剪辑-转化引导-家具-260915-无-625-14,0.10,0,0,0.00,0.00,0.00,心如|福利价,,
2026-10-05,14529803168,信息流-小牛-停车号码牌-三方主体-代运营-新人福利价-260917-10203964359828-内部实时跑量-625-12,0.10,14,0,0.00,0.00,0.00,,,
2026-10-05,14319047642,CH-SC-广义新-10118706992345-新综合频道-纸品 -京喜拉新-剪辑-转化引导-纸品 -260827-无-625-aigc-9,0.10,32,4,0.00,0.00,12.50,平台一组AIGC|快手原创素材|快手非低质素材|腾讯首发素材,,
2026-10-05,13916494785,CH-SC-广义新-10040988734451-新10元话费券-无-无-剪辑-转化引导-无-20260715-无-625-14,0.10,24,0,0.00,0.00,0.00,快手原创素材|快手非低质素材,,
2026-10-05,14631520852,CH-SC-低活-10139440032542-超级抢购-运动户外-无-剪辑-转化引导-运动户外-260927-无-625-头条储备-62,0.10,7,0,0.00,0.00,0.00,,,
2026-10-05,14422149663,信息流-小牛-骑行支架-三方主体-代运营-新人福利价-260908-10139440032542-历史爆品-625-42,0.10,1,0,0.00,0.00,0.00,头条优质素材|福利价/无价格|考古加素材混剪,,
2026-10-05,14299136746,CH-PRJ-采销项目-无-快手-无-无-剪辑-转化引导-无-260825-无-625-6,0.10,4,2,0.00,0.00,50.00,快手重复素材|快手非低质素材,,
2026-10-05,14383821463,CH-SC-低活-10129955889557-超级抢购-厨具-无-剪辑-转化引导-厨具-260901-无-625-15,0.10,16,2,0.00,0.00,12.50,福利价,,
2026-10-05,14166706097,信息流-小牛-五香花生-三方主体-代运营-新人福利价-0814-10150360358365-大盘实时跑量-625-2,0.10,9,0,0.00,0.00,0.00,福利价/无价格|考古加素材混剪,,
2026-10-05,14422200937,信息流-小牛-小蜜桃-三方主体-代运营-新人福利价-260908-10231541696811 -深海货盘-625-44,0.10,53,0,0.00,0.00,0.00,福利价/无价格|考古加素材混剪,,
2026-10-05,14422275173,信息流-小牛-真空袋-三方主体-代运营-新人福利价-260908-10212584519594-内部实时跑量-625-19,0.09,10,0,0.00,0.00,0.00,福利价/无价格|考古加素材混剪,,
2026-10-05,14554165694,CH-SC-低活-10096167203452-超级抢购-纸品-大商超-剪辑-转化引导-纸品-260917-无-625-110,0.09,22,13,0.00,0.00,59.09,,,
2026-10-05,14516502500,CH-SC-低活-10233824843150-超级抢购-收纳用品-无-剪辑-转化引导-收纳用品-260907-无-625-17,0.09,8,0,0.00,0.00,0.00,心如|福利价,,
2026-10-05,13341768699,CH-SC-广义新-10219841541026-新综合频道-厨具-京喜拉新-剪辑-转化引导-厨具-20260520-反向-625-14,0.09,5,0,0.00,0.00,0.00,广义新头条|心如|快手重复素材|快手非低质素材|搬运打压素材|无价格|腾讯首发素材,,
2026-10-05,13881551454,CH-SC-广义新-10177393646076-新综合频道-灯饰照明-京喜拉新-剪辑-转化引导-灯饰照明-20260715-无-625-9,0.09,5,0,0.00,0.00,0.00,广义新头条|快手重复素材|快手非低质素材|腾讯首发素材,,
2026-10-05,14408014421,CH-SC-广义新-10129955889557-新综合频道-厨具-京喜拉新-剪辑-转化引导-厨具-260904-反向-625-7,0.09,26,1,0.00,0.00,3.85,无价格,,
2026-10-05,14529799542,信息流-小牛-停车号码牌-三方主体-代运营-新人福利价-260917-10203964359828-内部实时跑量-625-17,0.08,1,0,0.00,0.00,0.00,,,
2026-10-05,13486880647,CH-SC-广义新-无-新10元话费券-10元话费券-京喜拉新-剪辑-转化引导-10元话费券-20260605-无-625-21,0.08,82,1,0.00,0.00,1.22,快手原创素材|快手非低质素材,,
2026-10-05,14444436902,信息流-小牛-陶瓷碗-三方主体-代运营-新人1分钱-260910-10129451028601-商务选品-625-27,0.08,70,2,0.00,0.00,2.86,福利价/无价格,,
2026-10-05,14407746537,CH-SC-广义新-10129955889557-新综合频道-厨具-京喜拉新-剪辑-转化引导-厨具-260904-反向-625-1,0.08,10,2,0.00,0.00,20.00,无价格,,
2026-10-05,14516518345,CH-SC-低活-10113209119177-超级抢购-电动车-无-剪辑-转化引导-电动车-260907-无-625-8,0.08,7,0,0.00,0.00,0.00,心如|福利价,,
2026-10-05,14631544340,CH-SC-广义新-10139440032542-新综合频道-运动户外-京喜拉新-剪辑-转化引导-运动户外-20260927-无-625-71,0.08,1,0,0.00,0.00,0.00,,,
2026-10-05,14516504290,CH-SC-低活-10233824843150-超级抢购-收纳用品-无-剪辑-转化引导-收纳用品-260907-无-625-15,0.08,50,2,0.00,0.00,4.00,心如|福利价,,
2026-10-05,14516456173,CH-SC-低活-10103917299332-超级抢购-厨具-无-剪辑-转化引导-厨具-20260911-无-625-24,0.08,5,0,0.00,0.00,0.00,心如|福利价,,
2026-10-05,14092640964,信息流-小牛-维达纸巾-三方主体-代运营-新人福利价-0806-100166352003-大盘实时跑量-625-32,0.08,4,0,0.00,0.00,0.00,头条/京东标点/有量素材混剪|福利价/无价格,,
2026-10-05,14383821478,CH-SC-低活-10129955889557-超级抢购-厨具-无-剪辑-转化引导-厨具-260901-无-625-14,0.08,9,0,0.00,0.00,0.00,福利价,,
2026-10-05,13846344785,CH-SC-低活-10113209119177-超级抢购-电动车-无-剪辑-转化引导-电动车-20260708-无-625-11,0.08,6,0,0.00,0.00,0.00,平台一组AIGC|心如|福利价|腾讯首发素材,,
2026-10-05,14631512171,CH-SC-低活-10217740550325-超级抢购-箱包皮具-无-剪辑-转化引导-箱包皮具-260921-无-625-头条储备-aigc-47,0.07,3,0,0.00,0.00,0.00,,,
2026-10-05,14247816775,CH-SC-低活-10120514417084-超级抢购-生鲜-无-剪辑-转化引导-生鲜-20260818-无-625-aigc-7,0.07,29,0,0.00,0.00,0.00,平台一组AIGC|腾讯首发素材,,
2026-10-05,14516515890,CH-SC-低活-10113209119177-超级抢购-电动车-无-剪辑-转化引导-电动车-260907-无-625-15,0.07,5,0,0.00,0.00,0.00,心如|福利价,,
2026-10-05,13988881818,CH-SC-低活-10217740550325-超级抢购-箱包皮具-无-剪辑-转化引导-箱包皮具-20260720-无-625-aigc-2,0.07,8,0,0.00,0.00,0.00,平台一组AIGC|心如|快手重复素材|快手非低质素材|福利价|腾讯首发素材,,
2026-10-05,14299137656,CH-PRJ-采销项目-无-快手-无-无-剪辑-转化引导-无-260825-无-625-2,0.07,14,1,0.00,0.00,7.14,快手重复素材|快手非低质素材,,
2026-10-05,14488243167,信息流-小牛-大月饼-三方主体-代运营-新人福利价-260914-10163022037983-内部实时跑量-625-aigc-13,0.07,18,0,0.00,0.00,0.00,福利价/无价格|考古加素材混剪,,
2026-10-05,14516513717,CH-SC-低活-10113209119177-超级抢购-电动车-无-剪辑-转化引导-电动车-260907-无-625-22,0.07,2,0,0.00,0.00,0.00,心如|福利价,,
2026-10-05,14422201284,信息流-小牛-小蜜桃-三方主体-代运营-新人福利价-260908-10231541696811 -深海货盘-625-40,0.07,7,0,0.00,0.00,0.00,福利价/无价格|考古加素材混剪,,
2026-10-05,13873191576,CH-SC-低活-10140917922437-超级抢购-家庭清洁-无-剪辑-转化引导-家庭清洁-20260709-无-625-aigc-3,0.07,2,0,0.00,0.00,0.00,平台一组AIGC|心如|快手重复素材|快手非低质素材|福利价|腾讯首发素材,,
2026-10-05,14318976227,CH-SC-广义新-10128848312108-新综合频道-厨具-京喜拉新-剪辑-转化引导-厨具-260827-无-625-aigc-18,0.06,5,0,0.00,0.00,0.00,平台一组AIGC|无价格,,
2026-10-05,14374718939,信息流-小牛-苹果-三方主体-代运营-新人福利价-260903-10186710590960-历史爆品-625-8,0.06,7,0,0.00,0.00,0.00,原生|福利价/无价格|考古加素材混剪,,
2026-10-05,14631517733,CH-SC-低活-10217740550325-超级抢购-箱包皮具-无-剪辑-转化引导-箱包皮具-260921-无-625-头条储备-aigc-106,0.06,3,0,0.00,0.00,0.00,,,
2026-10-05,14049381598,CH-SC-低活-10178946597305-超级抢购-厨具-无-剪辑-转化引导-厨具-20260728-无-625-aigc-2,0.06,2,0,0.00,0.00,0.00,平台一组AIGC|心如|快手重复素材|快手非低质素材|福利价|腾讯首发素材,,
2026-10-05,14488265377,信息流-小牛-大月饼-三方主体-代运营-新人福利价-260914-10163022037983-内部实时跑量-625-aigc-4,0.06,2,1,0.00,0.00,50.00,福利价/无价格|考古加素材混剪,,
2026-10-05,14562120298,CH-PRJ-采销项目-无-快手-无-无-剪辑-转化引导-无-260915-无-625-6,0.06,5,0,0.00,0.00,0.00,,,
2026-10-05,14535553882,信息流-小牛-打火机-三方主体-代运营-新人福利价-260918-10162692688878-内部实时跑量-625-4,0.06,8,1,0.00,0.00,12.50,,,
2026-10-05,14488240838,信息流-小牛-大月饼-三方主体-代运营-新人福利价-260914-10163022037983-内部实时跑量-625-1,0.06,9,0,0.00,0.00,0.00,福利价/无价格|考古加素材混剪,,
2026-10-05,14319041746,CH-SC-低活-10140917922437-超级抢购-家庭清洁-无-剪辑-转化引导-家庭清洁-20260820-无-625-aigc-4,0.06,10,0,0.00,0.00,0.00,平台AI测试/视频/一组智能体|平台一组AIGC|心如|快手原创素材|快手非低质素材|福利价,,
2026-10-05,14487656613,信息流-小牛-毛毯-三方主体-代运营-新人福利价-260914-10146450179286-商务选品-625-41,0.06,13,0,0.00,0.00,0.00,快手原创素材|快手非低质素材|福利价/无价格,,
2026-10-05,14309678755,信息流-小牛-围裙-三方主体-代运营-新人福利价-260827-10117891615029-设计自选-625-59,0.06,21,0,0.00,0.00,0.00,平台一组AIGC|福利价/无价格|考古加素材混剪,,
2026-10-05,14631514190,CH-SC-低活-10217740550325-超级抢购-箱包皮具-无-剪辑-转化引导-箱包皮具-260921-无-625-头条储备-aigc-19,0.05,1,1,0.00,0.00,100.00,,,
2026-10-05,14488311102,信息流-小牛-大月饼-三方主体-代运营-新人福利价-260914-10163022037983-内部实时跑量-625-28,0.05,4,0,0.00,0.00,0.00,福利价/无价格|考古加素材混剪,,
2026-10-05,13873209822,CH-SC-低活-10113209119177-超级抢购-电动车-无-剪辑-转化引导-电动车-20260709-无-625-2,0.05,4,0,0.00,0.00,0.00,心如|快手重复素材|快手非低质素材|福利价|腾讯首发素材,,
2026-10-05,13352554298,CH-SC-低活-10081585918372-超级抢购-家庭清洁纸品-无-剪辑-转化引导-家庭清洁纸品-20260521-无-625-11,0.05,4,0,0.00,0.00,0.00,快手重复素材|快手非低质素材|腾讯首发素材,,
2026-10-05,14369420418,信息流-小牛-菜板-三方主体-代运营-新人福利价-260903-10155000015319-内部实时跑量-625-1,0.05,78,0,0.00,0.00,0.00,原生|快手原创素材|快手非低质素材|福利价/无价格,,
2026-10-05,14529779876,信息流-小牛-停车号码牌-三方主体-代运营-新人福利价-260917-10203964359828-内部实时跑量-625-45,0.05,2,0,0.00,0.00,0.00,,,
2026-10-05,14554229651,CH-SC-低活-10140917922437-超级抢购-家庭清洁-无-剪辑-转化引导-家庭清洁-20260918-无-625-aigc-3,0.05,5,0,0.00,0.00,0.00,,,
2026-10-05,14631519685,CH-SC-低活-10139440032542-超级抢购-运动户外-无-剪辑-转化引导-运动户外-260927-无-625-头条储备-76,0.05,3,0,0.00,0.00,0.00,,,
2026-10-05,14529786914,信息流-小牛-停车号码牌-三方主体-代运营-新人福利价-260917-10203964359828-内部实时跑量-625-33,0.05,2,0,0.00,0.00,0.00,,,
2026-10-05,13776589156,CH-SC-广义新-10177393646076-新综合频道-灯饰照明-京喜拉新-剪辑-转化引导-灯饰照明-20260702-反向-625-aigc-9,0.05,3,0,0.00,0.00,0.00,平台一组AIGC|快手原创素材|快手非低质素材|无价格|福利价/无价格,,
2026-10-05,14319048430,CH-SC-广义新-10128848312108-新综合频道-厨具-京喜拉新-剪辑-转化引导-厨具-260827-无-625-aigc-9,0.05,4,0,0.00,0.00,0.00,平台一组AIGC|无价格,,
2026-10-05,14274408876,CH-SC-广义新-10136363822650-新综合频道-纸品-京喜拉新-剪辑-转化引导-纸品-20260804-无-625-aigc-3,0.05,12,4,0.00,0.00,33.33,平台一组AIGC|快手重复素材|快手非低质素材|腾讯首发素材,,
2026-10-05,14374678024,信息流-小牛-苹果-三方主体-代运营-新人福利价-260903-10186710590960-历史爆品-625-48,0.04,6,0,0.00,0.00,0.00,原生|福利价/无价格|考古加素材混剪,,
2026-10-05,14444454433,信息流-小牛-陶瓷碗-三方主体-代运营-新人1分钱-260910-10129451028601-商务选品-625-8,0.04,40,3,0.00,0.00,7.50,福利价/无价格,,
2026-10-05,14049453611,CH-SC-低活-10203314269223-超级抢购-生鲜-无-剪辑-转化引导-生鲜-20260730-无-625-aigc-1,0.04,6,0,0.00,0.00,0.00,平台一组AIGC|心如|福利价|腾讯首发素材,,
2026-10-05,14049380620,CH-SC-低活-10178946597305-超级抢购-厨具-无-剪辑-转化引导-厨具-20260728-无-625-aigc-5,0.04,2,0,0.00,0.00,0.00,平台一组AIGC|心如|快手重复素材|快手非低质素材|福利价|腾讯首发素材,,
2026-10-05,14535554502,信息流-小牛-打火机-三方主体-代运营-新人福利价-260918-10162692688878-内部实时跑量-625-66,0.04,2,0,0.00,0.00,0.00,,,
2026-10-05,14554235160,CH-SC-低活-10233824843150-超级抢购-收纳用品-无-剪辑-转化引导-收纳用品-260918-无-625-5,0.04,2,0,0.00,0.00,0.00,,,
2026-10-05,14422180540,信息流-小牛-骑行支架-三方主体-代运营-新人福利价-260908-10139440032542-历史爆品-625-21,0.04,2,0,0.00,0.00,0.00,福利价/无价格|考古加素材混剪,,
2026-10-05,14319041988,CH-SC-低活-10140917922437-超级抢购-家庭清洁-无-剪辑-转化引导-家庭清洁-20260820-无-625-aigc-2,0.04,5,0,0.00,0.00,0.00,平台AI测试/视频/一组智能体|平台一组AIGC|心如|快手原创素材|快手非低质素材|福利价,,
2026-10-05,14319046045,CH-SC-低活-10140917922437-超级抢购-家庭清洁-无-剪辑-转化引导-家庭清洁-20260820-无-625-aigc-13,0.04,5,0,0.00,0.00,0.00,平台AI测试/视频/一组智能体|平台一组AIGC|心如|快手重复素材|快手非低质素材|福利价|腾讯首发素材,,
2026-10-05,13836044901,CH-SC-低活-10118706992345-超级抢购-纸品-无-剪辑-转化引导-纸品-20260702-无-625-aigc-5,0.04,7,1,0.00,0.00,14.29,平台一组AIGC|心如|快手重复素材|快手非低质素材|福利价|腾讯首发素材,,
2026-10-05,14562120754,CH-PRJ-采销项目-无-快手-无-无-剪辑-转化引导-无-260915-无-625-2,0.04,7,0,0.04,1.00,0.00,,,
2026-10-05,14422197698,信息流-小牛-小蜜桃-三方主体-代运营-新人福利价-260908-10231541696811 -深海货盘-625-46,0.04,11,1,0.00,0.00,9.09,福利价/无价格|考古加素材混剪,,
2026-10-05,14554164772,CH-SC-低活-10096167203452-超级抢购-纸品-大商超-剪辑-转化引导-纸品-260917-无-625-12,0.04,12,10,0.00,0.00,83.33,,,
2026-10-05,14535583024,信息流-小牛-打火机-三方主体-代运营-新人福利价-260918-10162692688878-内部实时跑量-625-41,0.04,2,0,0.00,0.00,0.00,,,
2026-10-05,14407747691,CH-SC-广义新-10129955889557-新综合频道-厨具-京喜拉新-剪辑-转化引导-厨具-260904-反向-625-14,0.03,6,0,0.00,0.00,0.00,无价格,,
2026-10-05,12851483817,荣耀-XN-短剧-通用-数字人介绍-混剪-2600320-625-47,0.03,43,0,0.00,0.00,0.00,,,
2026-10-05,14631520168,CH-SC-低活-10139440032542-超级抢购-运动户外-无-剪辑-转化引导-运动户外-260927-无-625-头条储备-68,0.03,2,0,0.00,0.00,0.00,,,
2026-10-05,14444477090,信息流-小牛-陶瓷碗-三方主体-代运营-新人1分钱-260910-10129451028601-商务选品-625-55,0.03,10,0,0.00,0.00,0.00,福利价/无价格,,
2026-10-05,14488299649,信息流-小牛-大月饼-三方主体-代运营-新人福利价-260914-10163022037983-内部实时跑量-625-34,0.03,7,1,0.00,0.00,14.29,福利价/无价格|考古加素材混剪,,
2026-10-05,14318992836,CH-SC-广义新-10118706992345-新综合频道-纸品 -京喜拉新-剪辑-转化引导-纸品 -260827-无-625-aigc-42,0.03,6,0,0.00,0.00,0.00,平台一组AIGC|快手原创素材|快手非低质素材|腾讯首发素材,,
2026-10-05,13846011708,CH-SC-广义新-10140917922437-新综合频道-家庭清洁-京喜拉新-剪辑-转化引导-家庭清洁-20260710-无-625-aigc-4,0.03,4,0,0.00,0.00,0.00,平台一组AIGC|广义新头条|心如|快手重复素材|快手非低质素材|无价格|腾讯首发素材,,
2026-10-05,14383821341,CH-SC-低活-10129955889557-超级抢购-厨具-无-剪辑-转化引导-厨具-260901-无-625-16,0.03,5,0,0.00,0.00,0.00,福利价,,
2026-10-05,14050222435,CH-SC-广义新-10187000434970-新综合频道-厨具-京喜拉新-剪辑-转化引导-厨具-20260730-无-625-15,0.03,3,0,0.00,0.00,0.00,广义新头条|心如|快手重复素材|快手非低质素材|腾讯首发素材,,
2026-10-05,14631519191,CH-SC-低活-10139440032542-超级抢购-运动户外-无-剪辑-转化引导-运动户外-260927-无-625-头条储备-90,0.03,3,0,0.00,0.00,0.00,,,
2026-10-05,14092640976,信息流-小牛-维达纸巾-三方主体-代运营-新人福利价-0806-100166352003-大盘实时跑量-625-33,0.03,1,0,0.00,0.00,0.00,头条/京东标点/有量素材混剪|福利价/无价格,,
2026-10-05,14516516314,CH-SC-低活-10113209119177-超级抢购-电动车-无-剪辑-转化引导-电动车-260907-无-625-14,0.03,1,0,0.00,0.00,0.00,心如|福利价,,
2026-10-05,14372733516,信息流-小牛-旋转支架-三方主体-代运营-新人福利价-260903-10112643484929-内部实时跑量-625-27,0.03,7,1,0.00,0.00,14.29,原生|福利价/无价格|考古加素材混剪,,
2026-10-05,13746353346,CH-SC-低活-10112643484929-超级抢购加补-手机通讯-无-剪辑-转化引导-手机通讯-20260630-无-625-10,0.03,35,2,0.00,0.00,5.71,加补1分钱|心如|快手重复素材|快手非低质素材,,
2026-10-05,14374689955,信息流-小牛-苹果-三方主体-代运营-新人福利价-260903-10186710590960-历史爆品-625-38,0.03,1,0,0.00,0.00,0.00,原生|福利价/无价格|考古加素材混剪,,
2026-10-05,14309598153,信息流-小牛-围裙-三方主体-代运营-新人福利价-260827-10117891615029-设计自选-625-4,0.03,17,1,0.00,0.00,5.88,平台一组AIGC|福利价/无价格|考古加素材混剪,,
2026-10-05,14408020460,CH-SC-广义新-10129955889557-新综合频道-厨具-京喜拉新-剪辑-转化引导-厨具-260904-反向-625-3,0.03,3,0,0.00,0.00,0.00,无价格,,
2026-10-05,14309684067,信息流-小牛-围裙-三方主体-代运营-新人福利价-260827-10117891615029-设计自选-625-52,0.03,16,0,0.00,0.00,0.00,平台一组AIGC|福利价/无价格|考古加素材混剪,,
2026-10-05,14529799195,信息流-小牛-停车号码牌-三方主体-代运营-新人福利价-260917-10203964359828-内部实时跑量-625-18,0.03,1,0,0.00,0.00,0.00,,,
2026-10-05,14562133101,CH-PRJ-采销项目-无-快手-无-无-剪辑-转化引导-无-260911-无-625-14,0.03,1,1,0.00,0.00,100.00,,,
2026-10-05,14488278951,信息流-小牛-大月饼-三方主体-代运营-新人福利价-260914-10163022037983-内部实时跑量-625-44,0.03,4,0,0.00,0.00,0.00,福利价/无价格|考古加素材混剪,,
2026-10-05,14488228055,信息流-小牛-大月饼-三方主体-代运营-新人福利价-260914-10163022037983-内部实时跑量-625-6,0.02,3,0,0.00,0.00,0.00,福利价/无价格|考古加素材混剪,,
2026-10-05,14422212744,信息流-小牛-小蜜桃-三方主体-代运营-新人福利价-260908-10231541696811 -深海货盘-625-24,0.02,14,0,0.00,0.00,0.00,福利价/无价格|考古加素材混剪,,
2026-10-05,14444496607,信息流-小牛-陶瓷碗-三方主体-代运营-新人1分钱-260910-10129451028601-商务选品-625-46,0.02,7,0,0.00,0.00,0.00,快手原创素材|快手非低质素材|福利价/无价格,,
2026-10-05,14422200205,信息流-小牛-小蜜桃-三方主体-代运营-新人福利价-260908-10231541696811 -深海货盘-625-41,0.02,4,0,0.00,0.00,0.00,福利价/无价格|考古加素材混剪,,
2026-10-05,14463284742,CH-SC-广义新-10233824843150-新综合频道-收纳用品-京喜拉新-剪辑-转化引导-收纳用品-260908-反向-625-bdb-6,0.02,2,0,0.00,0.00,0.00,心如|无价格,,
2026-10-05,14516515599,CH-SC-低活-10113209119177-超级抢购-电动车-无-剪辑-转化引导-电动车-260907-无-625-16,0.02,3,0,0.00,0.00,0.00,心如|福利价,,
2026-10-05,13651815810,CH-SC-低活-10081585918372-超级抢购-家庭清洁纸品-无-剪辑-转化引导-家庭清洁纸品-20260623-无-625-aigc-15,0.02,4,0,0.00,0.00,0.00,平台一组AIGC|心如|快手重复素材|快手非低质素材|福利价|腾讯首发素材,,
2026-10-05,14274407536,CH-SC-广义新-10136363822650-新综合频道-纸品-京喜拉新-剪辑-转化引导-纸品-20260804-无-625-aigc-1,0.02,2,1,0.00,0.00,50.00,平台一组AIGC|快手重复素材|快手非低质素材|腾讯首发素材,,
2026-10-05,14554232714,CH-SC-低活-10233824843150-超级抢购-收纳用品-无-剪辑-转化引导-收纳用品-260918-无-625-23,0.02,3,0,0.00,0.00,0.00,,,
2026-10-05,14422218206,信息流-小牛-小蜜桃-三方主体-代运营-新人福利价-260908-10231541696811 -深海货盘-625-17,0.02,10,0,0.00,0.00,0.00,福利价/无价格|考古加素材混剪,,
2026-10-05,14444443145,信息流-小牛-陶瓷碗-三方主体-代运营-新人1分钱-260910-10129451028601-商务选品-625-21,0.02,9,0,0.00,0.00,0.00,福利价/无价格,,
2026-10-05,14318987854,CH-SC-广义新-10118706992345-新综合频道-纸品 -京喜拉新-剪辑-转化引导-纸品 -260827-无-625-aigc-2,0.02,10,1,0.00,0.00,10.00,平台一组AIGC|快手重复素材|快手非低质素材|腾讯首发素材,,
2026-10-05,14407751684,CH-SC-广义新-10129955889557-新综合频道-厨具-京喜拉新-剪辑-转化引导-厨具-260904-反向-625-13,0.02,5,0,0.00,0.00,0.00,无价格,,
2026-10-05,14166680810,信息流-小牛-五香花生-三方主体-代运营-新人福利价-0814-10150360358365-大盘实时跑量-625-28,0.02,2,0,0.00,0.00,0.00,福利价/无价格|考古加素材混剪,,
2026-10-05,14407754942,CH-SC-广义新-10129955889557-新综合频道-厨具-京喜拉新-剪辑-转化引导-厨具-260904-反向-625-10,0.02,2,1,0.00,0.00,50.00,无价格,,
2026-10-05,14309565784,信息流-小牛-围裙-三方主体-代运营-新人福利价-260827-10117891615029-设计自选-625-18,0.02,1,0,0.00,0.00,0.00,平台一组AIGC|福利价/无价格|考古加素材混剪,,
2026-10-05,14319046606,CH-SC-低活-10140917922437-超级抢购-家庭清洁-无-剪辑-转化引导-家庭清洁-20260820-无-625-aigc-9,0.02,4,0,0.00,0.00,0.00,平台AI测试/视频/一组智能体|平台一组AIGC|心如|快手原创素材|快手非低质素材|福利价|腾讯首发素材,,
2026-10-05,14238402782,信息流-小牛-雨伞-三方主体-代运营-新人福利价-0820-10130866966155-内部实时跑量-625-12,0.02,22,1,0.00,0.00,4.55,有米云素材混剪|福利价/无价格|腾讯首发素材,,
2026-10-05,14488288936,信息流-小牛-大月饼-三方主体-代运营-新人福利价-260914-10163022037983-内部实时跑量-625-40,0.02,5,1,0.00,0.00,20.00,福利价/无价格|考古加素材混剪,,
2026-10-05,14444439327,信息流-小牛-陶瓷碗-三方主体-代运营-新人1分钱-260910-10129451028601-商务选品-625-25,0.02,22,1,0.00,0.00,4.55,福利价/无价格,,
2026-10-05,14631519538,CH-SC-低活-10139440032542-超级抢购-运动户外-无-剪辑-转化引导-运动户外-260927-无-625-头条储备-79,0.02,17,0,0.00,0.00,0.00,,,
2026-10-05,14516454233,CH-SC-低活-10103917299332-超级抢购-厨具-无-剪辑-转化引导-厨具-20260911-无-625-23,0.02,6,1,0.00,0.00,16.67,心如|福利价,,
2026-10-05,14050221887,CH-SC-广义新-10187000434970-新综合频道-厨具-京喜拉新-剪辑-转化引导-厨具-20260730-无-625-14,0.02,1,0,0.00,0.00,0.00,广义新头条|心如|快手重复素材|快手非低质素材|腾讯首发素材,,
2026-10-05,14422196291,信息流-小牛-小蜜桃-三方主体-代运营-新人福利价-260908-10231541696811 -深海货盘-625-48,0.02,2,0,0.00,0.00,0.00,福利价/无价格|考古加素材混剪,,
2026-10-05,14516516813,CH-SC-低活-10113209119177-超级抢购-电动车-无-剪辑-转化引导-电动车-260907-无-625-13,0.02,4,1,0.00,0.00,25.00,心如|福利价,,
2026-10-05,14247752216,CH-SC-广义新-1073108-新综合频道-水饮冲调-大商超-剪辑-转化引导-水饮冲调-20260820-无-625-aigc-12,0.01,3,0,0.00,0.00,0.00,平台一组AIGC|快手重复素材|快手非低质素材|腾讯首发素材,,
2026-10-05,14529788972,信息流-小牛-停车号码牌-三方主体-代运营-新人福利价-260917-10203964359828-内部实时跑量-625-34,0.01,2,0,0.00,0.00,0.00,,,
2026-10-05,14319002640,CH-SC-广义新-10118706992345-新综合频道-纸品 -京喜拉新-剪辑-转化引导-纸品 -260827-无-625-aigc-22,0.01,2,0,0.00,0.00,0.00,平台一组AIGC|快手重复素材|快手非低质素材|腾讯首发素材,,
2026-10-05,14383821612,CH-SC-低活-10129955889557-超级抢购-厨具-无-剪辑-转化引导-厨具-260901-无-625-13,0.01,1,0,0.00,0.00,0.00,福利价,,
2026-10-05,14383821237,CH-SC-低活-10129955889557-超级抢购-厨具-无-剪辑-转化引导-厨具-260901-无-625-17,0.01,1,0,0.00,0.00,0.00,福利价,,
2026-10-05,14631521022,CH-SC-低活-10139440032542-超级抢购-运动户外-无-剪辑-转化引导-运动户外-260927-无-625-头条储备-63,0.01,2,0,0.00,0.00,0.00,,,
2026-10-05,14516500212,CH-SC-低活-10233824843150-超级抢购-收纳用品-无-剪辑-转化引导-收纳用品-260907-无-625-22,0.01,8,1,0.00,0.00,12.50,心如|福利价,,
2026-10-05,14535536280,信息流-小牛-打火机-三方主体-代运营-新人福利价-260918-10162692688878-内部实时跑量-625-27,0.01,1,0,0.00,0.00,0.00,,,
2026-10-05,14488294813,信息流-小牛-大月饼-三方主体-代运营-新人福利价-260914-10163022037983-内部实时跑量-625-36,0.01,2,0,0.00,0.00,0.00,福利价/无价格|考古加素材混剪,,
2026-10-05,14488311392,信息流-小牛-大月饼-三方主体-代运营-新人福利价-260914-10163022037983-内部实时跑量-625-27,0.01,4,0,0.00,0.00,0.00,福利价/无价格|考古加素材混剪,,
2026-10-05,14553575477,CH-SC-广义新-10118706992345-新综合频道-纸品 -京喜拉新-剪辑-转化引导-纸品 -260918-无-625-aigc-启动-9,0.01,6,0,0.00,0.00,0.00,,,
2026-10-05,14238388892,信息流-小牛-雨伞-三方主体-代运营-新人福利价-0820-10130866966155-内部实时跑量-625-40,0.01,1,0,0.00,0.00,0.00,有米云素材混剪|福利价/无价格|腾讯首发素材,,
2026-10-05,14631519470,CH-SC-低活-10139440032542-超级抢购-运动户外-无-剪辑-转化引导-运动户外-260927-无-625-头条储备-82,0.01,1,0,0.00,0.00,0.00,,,
2026-10-05,14529774970,信息流-小牛-停车号码牌-三方主体-代运营-新人福利价-260917-10203964359828-内部实时跑量-625-55,0.01,2,0,0.00,0.00,0.00,,,
2026-10-05,14488301363,信息流-小牛-大月饼-三方主体-代运营-新人福利价-260914-10163022037983-内部实时跑量-625-33,0.01,1,0,0.00,0.00,0.00,福利价/无价格|考古加素材混剪,,
2026-10-05,14631519819,CH-SC-低活-10139440032542-超级抢购-运动户外-无-剪辑-转化引导-运动户外-260927-无-625-头条储备-74,0.01,2,0,0.00,0.00,0.00,,,
2026-10-05,14383822012,CH-SC-低活-10129955889557-超级抢购-厨具-无-剪辑-转化引导-厨具-260901-无-625-9,0.01,6,0,0.00,0.00,0.00,福利价,,
2026-10-05,13776633875,CH-SC-广义新-10177393646076-新综合频道-灯饰照明-京喜拉新-剪辑-转化引导-灯饰照明-20260702-反向-625-aigc-3,0.01,2,0,0.00,0.00,0.00,平台一组AIGC|快手原创素材|快手非低质素材|无价格|福利价/无价格,,
2026-10-05,14309315147,信息流-小牛-工具箱-三方主体-代运营-新人福利价-260827-10114015186364-内部实时跑量-625-aigc-27,0.01,1,0,0.00,0.00,0.00,平台一组AIGC|福利价/无价格|考古加素材混剪,,
2026-10-05,14553576159,CH-SC-广义新-10118706992345-新综合频道-纸品 -京喜拉新-剪辑-转化引导-纸品 -260918-无-625-aigc-启动-7,0.01,14,0,0.00,0.00,0.00,,,
2026-10-05,14369373486,信息流-小牛-菜板-三方主体-代运营-新人福利价-260903-10155000015319-内部实时跑量-625-34,0.01,6,0,0.00,0.00,0.00,原生|快手原创素材|快手非低质素材|福利价/无价格,,
2026-10-05,14383821230,CH-SC-低活-10129955889557-超级抢购-厨具-无-剪辑-转化引导-厨具-260901-无-625-18,0.01,2,0,0.00,0.00,0.00,福利价,,
2026-10-05,14631519092,CH-SC-低活-10139440032542-超级抢购-运动户外-无-剪辑-转化引导-运动户外-260927-无-625-头条储备-91,0.01,7,0,0.00,0.00,0.00,,,
2026-10-05,14369410337,信息流-小牛-菜板-三方主体-代运营-新人福利价-260903-10155000015319-内部实时跑量-625-13,0.01,1,0,0.00,0.00,0.00,原生|快手原创素材|快手非低质素材|福利价/无价格,,
2026-10-05,14444462118,信息流-小牛-陶瓷碗-三方主体-代运营-新人1分钱-260910-10129451028601-商务选品-625-5,0.01,12,0,0.00,0.00,0.00,搬运打压素材|福利价/无价格,,
2026-10-05,14516331930,CH-SC-低活-10111392494770-超级抢购加补-收纳用品-无-剪辑-转化引导-收纳用品-20260911-无-625-39,0.01,1,0,0.00,0.00,0.00,心如,,
2026-10-05,14318996965,CH-SC-广义新-10118706992345-新综合频道-纸品 -京喜拉新-剪辑-转化引导-纸品 -260827-无-625-aigc-32,0.01,5,1,0.00,0.00,20.00,平台一组AIGC|快手原创素材|快手非低质素材,,
2026-10-05,14444439175,信息流-小牛-陶瓷碗-三方主体-代运营-新人1分钱-260910-10129451028601-商务选品-625-24,0.01,37,2,0.00,0.00,5.41,福利价/无价格,,
2026-10-05,14422158002,信息流-小牛-骑行支架-三方主体-代运营-新人福利价-260908-10139440032542-历史爆品-625-33,0.01,2,0,0.00,0.00,0.00,头条优质素材|福利价/无价格|考古加素材混剪,,
2026-10-05,14033672040,信息流-小牛-折叠椅-京东主体-代运营-新人福利价-0731-10183713190151-设计自选-625-7,0.01,1,0,0.00,0.00,0.00,福利价/无价格,,
2026-10-05,14309676636,信息流-小牛-电脑支架-三方主体-代运营-新人福利价-260827-10191489644462-大盘实扒改-625-1,0.01,1,0,0.00,0.00,0.00,平台一组AIGC|福利价/无价格|考古加素材混剪,,
2026-10-05,14309750869,信息流-小牛-雨伞-三方主体-代运营-新人福利价-260828-10113643996701-大盘扒改-625-17,0.01,18,0,0.00,0.00,0.00,原生|大盘扒改|平台一组AIGC|福利价/无价格,,
2026-10-05,14631519386,CH-SC-低活-10139440032542-超级抢购-运动户外-无-剪辑-转化引导-运动户外-260927-无-625-头条储备-84,0.01,1,0,0.00,0.00,0.00,,,
2026-10-05,14516432425,CH-SC-低活-10111392494770-超级抢购-收纳用品-无-剪辑-转化引导-收纳用品-20260911-无-625-29,0.01,1,0,0.00,0.00,0.00,心如|福利价,,
2026-10-05,14407747277,CH-SC-广义新-10129955889557-新综合频道-厨具-京喜拉新-剪辑-转化引导-厨具-260904-反向-625-15,0.01,1,1,0.00,0.00,100.00,无价格,,
2026-10-05,14488272187,信息流-小牛-大月饼-三方主体-代运营-新人福利价-260914-10163022037983-内部实时跑量-625-aigc-2,0.01,3,0,0.00,0.00,0.00,福利价/无价格|考古加素材混剪,,
2026-10-05,14374679452,信息流-小牛-苹果-三方主体-代运营-新人福利价-260903-10186710590960-历史爆品-625-47,0.01,10,0,0.00,0.00,0.00,原生|福利价/无价格|考古加素材混剪,,
2026-10-05,13916302351,CH-SC-低活-10140917922437-超级抢购-家庭清洁-无-剪辑-转化引导-家庭清洁-20260715-无-625-aigc-11,0.01,8,0,0.00,0.00,0.00,平台一组AIGC|心如|快手重复素材|快手非低质素材|无价格|腾讯首发素材,,
2026-10-05,14318995241,CH-SC-广义新-10118706992345-新综合频道-纸品 -京喜拉新-剪辑-转化引导-纸品 -260827-无-625-aigc-35,0.01,3,1,0.00,0.00,33.33,平台一组AIGC|快手重复素材|快手非低质素材,,
2026-10-05,14372718762,信息流-小牛-旋转支架-三方主体-代运营-新人福利价-260903-10112643484929-内部实时跑量-625-35,0.01,1,0,0.00,0.00,0.00,原生|福利价/无价格|考古加素材混剪,,
2026-10-05,14631519265,CH-SC-低活-10139440032542-超级抢购-运动户外-无-剪辑-转化引导-运动户外-260927-无-625-头条储备-89,0.01,6,1,0.00,0.00,16.67,,,
2026-10-05,14516406591,CH-SC-低活-10176978592631-超级抢购-家具-无-剪辑-转化引导-家具-260915-无-625-7,0.00,1,0,0.00,0.00,0.00,心如|福利价,,
2026-10-05,14408018397,CH-SC-广义新-10129955889557-新综合频道-厨具-京喜拉新-剪辑-转化引导-厨具-260904-反向-625-6,0.00,2,0,0.00,0.00,0.00,无价格,,
2026-10-05,13407968711,CH-SC-广义新-10162692688878-新综合频道-家用电器-京喜拉新-剪辑-转化引导-家用电器-20260527-无-625-6,0.00,2,0,0.00,0.00,0.00,广义新头条|快手重复素材|快手非低质素材,,
2026-10-05,14631547765,CH-SC-广义新-10139440032542-新综合频道-运动户外-京喜拉新-剪辑-转化引导-运动户外-20260927-无-625-53,0.00,2,0,0.00,0.00,0.00,,,
2026-10-05,14444479040,信息流-小牛-陶瓷碗-三方主体-代运营-新人1分钱-260910-10129451028601-商务选品-625-54,0.00,5,0,0.00,0.00,0.00,福利价/无价格,,
2026-10-05,12993040432,荣耀-XN-影音-通用-风景-混剪-260403-625-11,0.00,0,0,0.00,0.00,0.00,,,
2026-10-05,14488295031,信息流-小牛-大月饼-三方主体-代运营-新人福利价-260914-10163022037983-内部实时跑量-625-37,0.00,1,0,0.00,0.00,0.00,福利价/无价格|考古加素材混剪,,
2026-10-05,14631544951,CH-SC-广义新-10139440032542-新综合频道-运动户外-京喜拉新-剪辑-转化引导-运动户外-20260927-无-625-69,0.00,1,0,0.00,0.00,0.00,,,
2026-10-05,14407760645,CH-SC-广义新-10129955889557-新综合频道-厨具-京喜拉新-剪辑-转化引导-厨具-260904-反向-625-8,0.00,3,0,0.00,0.00,0.00,无价格,,
2026-10-05,13407967057,CH-SC-广义新-10162692688878-新综合频道-家用电器-京喜拉新-剪辑-转化引导-家用电器-20260527-无-625-5,0.00,2,0,0.00,0.00,0.00,广义新头条|快手重复素材|快手非低质素材,,
2026-10-05,14444441903,信息流-小牛-陶瓷碗-三方主体-代运营-新人1分钱-260910-10129451028601-商务选品-625-23,0.00,1,0,0.00,0.00,0.00,福利价/无价格,,
2026-10-05,14631550125,CH-SC-广义新-10139440032542-新综合频道-运动户外-京喜拉新-剪辑-转化引导-运动户外-20260927-无-625-102,0.00,2,0,0.00,0.00,0.00,,,
2026-10-05,14553578818,CH-SC-广义新-10118706992345-新综合频道-纸品 -京喜拉新-剪辑-转化引导-纸品 -260918-无-625-aigc-启动-3,0.00,1,0,0.00,0.00,0.00,,,
2026-10-05,14488322684,信息流-小牛-大月饼-三方主体-代运营-新人福利价-260914-10163022037983-内部实时跑量-625-23,0.00,1,0,0.00,0.00,0.00,福利价/无价格|考古加素材混剪,,
2026-10-05,14631540021,CH-SC-广义新-10139440032542-新综合频道-运动户外-京喜拉新-剪辑-转化引导-运动户外-20260927-无-625-96,0.00,1,0,0.00,0.00,0.00,,,
2026-10-05,14631518494,CH-SC-低活-10139440032542-超级抢购-运动户外-无-剪辑-转化引导-运动户外-260927-无-625-头条储备-98,0.00,1,0,0.00,0.00,0.00,,,
2026-10-05,12993032111,荣耀-XN-影音-通用-音乐-混剪-260403-625-1,0.00,0,0,0.00,0.00,0.00,,,
2026-10-05,13480776040,CH-SC-广义新-10219841541026-新综合频道-厨具-京喜拉新-剪辑-转化引导-厨具-20260604-反向-625-14,0.00,0,0,0.00,0.00,0.00,心如|快手原创素材|快手非低质素材|腾讯首发素材,,
2026-10-05,14631545074,CH-SC-广义新-10139440032542-新综合频道-运动户外-京喜拉新-剪辑-转化引导-运动户外-20260927-无-625-67,0.00,1,0,0.00,0.00,0.00,,,
2026-10-05,14516402439,CH-SC-低活-10176978592631-超级抢购-家具-无-剪辑-转化引导-家具-260915-无-625-13,0.00,0,0,0.00,0.00,0.00,心如|福利价,,
2026-10-05,14238352803,信息流-小牛-打火机-三方主体-代运营-新人福利价-0820-10162692688878-内部实时跑量-625-11,0.00,1,0,0.00,0.00,0.00,有米云素材混剪|福利价/无价格|腾讯首发素材,,
2026-10-05,14444452250,信息流-小牛-陶瓷碗-三方主体-代运营-新人1分钱-260910-10129451028601-商务选品-625-10,0.00,1,0,0.00,0.00,0.00,福利价/无价格,,
2026-10-05,14422267021,信息流-小牛-真空袋-三方主体-代运营-新人福利价-260908-10212584519594-内部实时跑量-625-36,0.00,1,0,0.00,0.00,0.00,福利价/无价格|考古加素材混剪,,
2026-10-05,14631542332,CH-SC-广义新-10139440032542-新综合频道-运动户外-京喜拉新-剪辑-转化引导-运动户外-20260927-无-625-82,0.00,3,0,0.00,0.00,0.00,,,
2026-10-05,14422273850,信息流-小牛-真空袋-三方主体-代运营-新人福利价-260908-10212584519594-内部实时跑量-625-21,0.00,1,0,0.00,0.00,0.00,福利价/无价格|考古加素材混剪,,
2026-10-05,14422176888,信息流-小牛-骑行支架-三方主体-代运营-新人福利价-260908-10139440032542-历史爆品-625-22,0.00,1,0,0.00,0.00,0.00,福利价/无价格|考古加素材混剪,,
2026-10-05,14631521034,CH-SC-低活-10139440032542-超级抢购-运动户外-无-剪辑-转化引导-运动户外-260927-无-625-头条储备-102,0.00,1,0,0.00,0.00,0.00,,,
2026-10-05,14422192441,信息流-小牛-小蜜桃-三方主体-代运营-新人福利价-260908-10231541696811 -深海货盘-625-9,0.00,0,0,0.00,0.00,0.00,福利价/无价格|考古加素材混剪,,
2026-10-05,14422216553,信息流-小牛-小蜜桃-三方主体-代运营-新人福利价-260908-10231541696811 -深海货盘-625-19,0.00,1,0,0.00,0.00,0.00,福利价/无价格|考古加素材混剪,,
2026-10-05,14309742578,信息流-小牛-雨伞-三方主体-代运营-新人福利价-260828-10113643996701-大盘扒改-625-27,0.00,0,0,0.00,0.00,0.00,原生|大盘扒改|平台一组AIGC|福利价/无价格,,
2026-10-05,13846349846,CH-SC-低活-10113209119177-超级抢购-电动车-无-剪辑-转化引导-电动车-20260708-无-625-17,0.00,0,0,0.00,0.00,0.00,平台一组AIGC|心如|福利价|腾讯首发素材,,
2026-10-05,14444453899,信息流-小牛-陶瓷碗-三方主体-代运营-新人1分钱-260910-10129451028601-商务选品-625-11,0.00,2,0,0.00,0.00,0.00,福利价/无价格,,
2026-10-05,14444521708,信息流-小牛-陶瓷碗-三方主体-代运营-新人1分钱-260910-10129451028601-商务选品-625-36,0.00,1,0,0.00,0.00,0.00,快手原创素材|快手非低质素材|福利价/无价格,,
2026-10-05,14631548840,CH-SC-广义新-10139440032542-新综合频道-运动户外-京喜拉新-剪辑-转化引导-运动户外-20260927-无-625-108,0.00,6,0,0.00,0.00,0.00,,,
2026-10-05,14274411325,CH-SC-广义新-10136363822650-新综合频道-纸品-京喜拉新-剪辑-转化引导-纸品-20260804-无-625-aigc-7,0.00,0,0,0.00,0.00,0.00,平台AI测试/视频/一组智能体|平台一组AIGC|快手重复素材|快手非低质素材,,
2026-10-05,14535580726,信息流-小牛-打火机-三方主体-代运营-新人福利价-260918-10162692688878-内部实时跑量-625-42,0.00,3,0,0.00,0.00,0.00,,,
2026-10-05,14631520012,CH-SC-低活-10139440032542-超级抢购-运动户外-无-剪辑-转化引导-运动户外-260927-无-625-头条储备-69,0.00,4,0,0.00,0.00,0.00,,,
2026-10-05,13536548377,CH-SC-低活-10219841541026-超级抢购加补-厨具-无-剪辑-转化引导-厨具-20260610-无-625-aigc-9,0.00,2,0,0.00,0.00,0.00,平台一组AIGC|心如|福利价|腾讯首发素材,,
2026-10-05,14444460280,信息流-小牛-陶瓷碗-三方主体-代运营-新人1分钱-260910-10129451028601-商务选品-625-7,0.00,11,0,0.00,0.00,0.00,福利价/无价格,,
2026-10-05,14631546935,CH-SC-广义新-10139440032542-新综合频道-运动户外-京喜拉新-剪辑-转化引导-运动户外-20260927-无-625-55,0.00,3,0,0.00,0.00,0.00,,,
2026-10-05,14422159087,信息流-小牛-骑行支架-三方主体-代运营-新人福利价-260908-10139440032542-历史爆品-625-34,0.00,1,0,0.00,0.00,0.00,福利价/无价格|考古加素材混剪,,
2026-10-05,13179783246,荣耀-XN-社交-通用-聊天券-混剪-260429-625-5,0.00,0,0,0.00,0.00,0.00,,,
2026-10-05,14487659251,信息流-小牛-毛毯-三方主体-代运营-新人福利价-260914-10146450179286-商务选品-625-40,0.00,1,0,0.00,0.00,0.00,快手原创素材|快手非低质素材|福利价/无价格,,
2026-10-05,14309350700,信息流-小牛-工具箱-三方主体-代运营-新人福利价-260827-10114015186364-内部实时跑量-625-aigc-3,0.00,3,0,0.00,0.00,0.00,平台一组AIGC|福利价/无价格|考古加素材混剪,,
2026-10-05,14318984371,CH-SC-广义新-10146456039187-新综合频道-纸品-京喜拉新-剪辑-转化引导-纸品-260827-无-625-aigc-1,0.00,0,0,0.00,0.00,0.00,平台AI测试/视频/一组智能体|平台一组AIGC|快手重复素材|快手非低质素材,,
2026-10-05,14562120515,CH-PRJ-采销项目-无-快手-无-无-剪辑-转化引导-无-260915-无-625-3,0.00,0,0,0.00,4.00,0.00,,,
2026-10-05,14516510742,CH-SC-低活-10113209119177-超级抢购-电动车-无-剪辑-转化引导-电动车-260907-无-625-2,0.00,1,0,0.00,0.00,0.00,心如|福利价,,
2026-10-05,14488248561,信息流-小牛-大月饼-三方主体-代运营-新人福利价-260914-10163022037983-内部实时跑量-625-aigc-11,0.00,2,0,0.00,0.00,0.00,福利价/无价格|考古加素材混剪,,
2026-10-05,13957178306,信息流-小牛-保温饭盒-三方主体-代运营-新人福利价-0724-10125420247464-大盘扒改-625-4,0.00,0,0,0.00,0.00,0.00,大盘扒改|福利价/无价格,,
2026-10-05,14631518945,CH-SC-低活-10139440032542-超级抢购-运动户外-无-剪辑-转化引导-运动户外-260927-无-625-头条储备-95,0.00,2,0,0.00,0.00,0.00,,,
2026-10-05,14247816351,CH-SC-低活-10120514417084-超级抢购-生鲜-无-剪辑-转化引导-生鲜-20260818-无-625-aigc-9,0.00,6,0,0.00,0.00,0.00,平台一组AIGC|腾讯首发素材,,
2026-10-05,14369386919,信息流-小牛-菜板-三方主体-代运营-新人福利价-260903-10155000015319-内部实时跑量-625-29,0.00,0,0,0.00,0.00,0.00,原生|快手原创素材|快手非低质素材|福利价/无价格,,
2026-10-05,13145015412,荣耀-XN-影音娱乐-通用-唱歌-混剪-260424-625-7,0.00,0,0,0.00,0.00,0.00,,,
2026-10-05,14374723695,信息流-小牛-苹果-三方主体-代运营-新人福利价-260903-10186710590960-历史爆品-625-4,0.00,2,0,0.00,0.00,0.00,原生|福利价/无价格|考古加素材混剪,,
2026-10-05,14631526588,CH-SC-低活-10100542418506-超级抢购-生活日用-无-剪辑-转化引导-生活日用-260927-无-625-头条储备-aigc-61,0.00,1,0,0.00,0.00,0.00,,,
2026-10-05,14444462864,信息流-小牛-陶瓷碗-三方主体-代运营-新人1分钱-260910-10129451028601-商务选品-625-6,0.00,0,0,0.00,0.00,0.00,搬运打压素材|福利价/无价格,,
2026-10-05,14444505842,信息流-小牛-陶瓷碗-三方主体-代运营-新人1分钱-260910-10129451028601-商务选品-625-42,0.00,12,1,0.00,0.00,8.33,快手原创素材|快手非低质素材|福利价/无价格,,
2026-10-05,13471070287,CH-SC-广义新-10136363822650-新综合频道-家庭清洁-京喜拉新-剪辑-转化引导-家庭清洁-20260602-反向-625-3,0.00,0,0,0.00,0.00,0.00,广义新头条|快手重复素材|快手非低质素材|腾讯首发素材,,
2026-10-05,14197493764,CH-SC-低活-10081585918372-超级抢购-纸品-无-剪辑-转化引导-纸品-20260803-无-625-aigc-8,0.00,0,0,0.00,0.00,0.00,平台一组AIGC|心如|快手重复素材|快手非低质素材|福利价|腾讯首发素材,,
2026-10-05,14631540072,CH-SC-广义新-10139440032542-新综合频道-运动户外-京喜拉新-剪辑-转化引导-运动户外-20260927-无-625-95,0.00,0,0,0.00,0.00,0.00,,,
2026-10-05,13559845298,CH-PRJ-采销项目-10204138700158-快手安卓-外卖美食-无-剪辑-转化引导-外卖美食-20260612-无-625-1,0.00,0,0,0.00,0.00,0.00,快手重复素材|快手非低质素材,,
2026-10-05,14309767971,信息流-小牛-雨伞-三方主体-代运营-新人福利价-260828-10113643996701-大盘扒改-625-77,0.00,1,0,0.00,0.00,0.00,原生|大盘扒改|平台一组AIGC|福利价/无价格,,
2026-10-05,14374703523,信息流-小牛-苹果-三方主体-代运营-新人福利价-260903-10186710590960-历史爆品-625-24,0.00,1,0,0.00,0.00,0.00,原生|福利价/无价格|考古加素材混剪,,
2026-10-05,13685269945,CH-SC-低活-10233824843150-超级抢购加补-生活日用-无-剪辑-转化引导-生活日用-20260626-无-625-aigc-13,0.00,0,0,0.00,0.00,0.00,平台一组AIGC|心如|快手重复素材|快手非低质素材|福利价|腾讯首发素材,,
2026-10-05,14050213984,CH-SC-广义新-10187000434970-新综合频道-厨具-京喜拉新-剪辑-转化引导-厨具-20260730-无-625-5,0.00,1,0,0.00,0.00,0.00,广义新头条|心如|快手重复素材|快手非低质素材,,
2026-10-05,14444435838,信息流-小牛-陶瓷碗-三方主体-代运营-新人1分钱-260910-10129451028601-商务选品-625-28,0.00,2,0,0.00,0.00,0.00,福利价/无价格,,
2026-10-05,14295221538,信息流-小牛-拼豆-三方主体-代运营-新人福利价-260826-10198153252023-商务选品-625-14,0.00,2,0,0.00,0.00,0.00,头条首发素材,,
2026-10-05,14553580374,CH-SC-广义新-10118706992345-新综合频道-纸品 -京喜拉新-剪辑-转化引导-纸品 -260918-无-625-aigc-启动-4,0.00,8,1,0.00,0.00,12.50,,,
2026-10-05,14383821159,CH-SC-低活-10129955889557-超级抢购-厨具-无-剪辑-转化引导-厨具-260901-无-625-1,0.00,0,0,0.00,0.00,0.00,福利价,,
2026-10-05,14444436324,信息流-小牛-陶瓷碗-三方主体-代运营-新人1分钱-260910-10129451028601-商务选品-625-29,0.00,1,0,0.00,0.00,0.00,福利价/无价格,,
2026-10-05,14422184456,信息流-小牛-骑行支架-三方主体-代运营-新人福利价-260908-10139440032542-历史爆品-625-15,0.00,0,0,0.00,0.00,0.00,福利价/无价格|考古加素材混剪,,
2026-10-05,14295222924,信息流-小牛-拼豆-三方主体-代运营-新人福利价-260826-10198153252023-商务选品-625-13,0.00,9,0,0.00,0.00,0.00,--,,
2026-10-05,14444454425,信息流-小牛-陶瓷碗-三方主体-代运营-新人1分钱-260910-10129451028601-商务选品-625-9,0.00,3,0,0.00,0.00,0.00,福利价/无价格,,
2026-10-05,14516404311,CH-SC-低活-10176978592631-超级抢购-家具-无-剪辑-转化引导-家具-260915-无-625-12,0.00,0,0,0.00,0.00,0.00,心如|福利价,,
2026-10-05,14562130949,CH-PRJ-采销项目-无-快手-无-无-剪辑-转化引导-无-260911-无-625-20,0.00,0,0,0.00,0.00,0.00,,,
2026-10-05,14318996795,CH-SC-广义新-10118706992345-新综合频道-纸品 -京喜拉新-剪辑-转化引导-纸品 -260827-无-625-aigc-31,0.00,1,1,0.00,0.00,100.00,平台AI测试/视频/一组智能体|平台一组AIGC|快手重复素材|快手非低质素材|腾讯首发素材,,
2026-10-05,14554226841,CH-SC-低活-10140917922437-超级抢购-家庭清洁-无-剪辑-转化引导-家庭清洁-20260918-无-625-aigc-6,0.00,0,0,0.00,0.00,0.00,,,
2026-10-05,14166682153,信息流-小牛-五香花生-三方主体-代运营-新人福利价-0814-10150360358365-大盘实时跑量-625-23,0.00,14,2,0.00,0.00,14.29,福利价/无价格|考古加素材混剪|腾讯首发素材,,
2026-10-05,14631544421,CH-SC-广义新-10139440032542-新综合频道-运动户外-京喜拉新-剪辑-转化引导-运动户外-20260927-无-625-72,0.00,2,0,0.00,0.00,0.00,,,
2026-10-05,14408021121,CH-SC-广义新-10129955889557-新综合频道-厨具-京喜拉新-剪辑-转化引导-厨具-260904-反向-625-5,0.00,2,0,0.00,0.00,0.00,无价格,,
2026-10-05,14299111691,CH-SC-广义新-10118706992345-新综合频道-纸品-京喜拉新-剪辑-转化引导-纸品-260826-无-625-9,0.00,3,0,0.00,0.00,0.00,平台一组AIGC|快手重复素材|快手非低质素材|腾讯首发素材,,
2026-10-05,14299117329,CH-SC-广义新-10118706992345-新综合频道-纸品-京喜拉新-剪辑-转化引导-纸品-260826-无-625-4,0.00,2,0,0.00,0.00,0.00,平台一组AIGC|快手原创素材|快手非低质素材,,
2026-10-05,14631527392,CH-SC-低活-10100542418506-超级抢购-生活日用-无-剪辑-转化引导-生活日用-260921-无-625-头条储备-aigc-14,0.00,2,0,0.00,0.00,0.00,,,
2026-10-05,14553574375,CH-SC-广义新-10118706992345-新综合频道-纸品 -京喜拉新-剪辑-转化引导-纸品 -260918-无-625-aigc-启动-12,0.00,19,0,0.00,0.00,0.00,,,
2026-10-05,14486260276,信息流-小牛-毛毯-三方主体-代运营-新人福利价-260914-10146450179286-商务选品-625-11,0.00,1,0,0.00,0.00,0.00,快手原创素材|快手非低质素材|福利价/无价格,,
2026-10-05,14631526059,CH-SC-低活-10100542418506-超级抢购-生活日用-无-剪辑-转化引导-生活日用-260927-无-625-头条储备-aigc-63,0.00,1,0,0.00,0.00,0.00,,,
2026-10-05,14631527043,CH-SC-低活-10100542418506-超级抢购-生活日用-无-剪辑-转化引导-生活日用-260927-无-625-头条储备-aigc-52,0.00,1,0,0.00,0.00,0.00,,,
2026-10-05,14631548090,CH-SC-广义新-10139440032542-新综合频道-运动户外-京喜拉新-剪辑-转化引导-运动户外-20260927-无-625-51,0.00,3,1,0.00,0.00,33.33,,,
2026-10-05,14284743146,信息流-小牛-雨伞-三方主体-代运营-新人福利价-260825-10113643996701-大盘扒改-625-10,0.00,1,0,0.00,0.00,0.00,大盘扒改|福利价/无价格,,
2026-10-05,14050219049,CH-SC-广义新-10187000434970-新综合频道-厨具-京喜拉新-剪辑-转化引导-厨具-20260730-无-625-10,0.00,0,0,0.00,0.00,0.00,广义新头条|心如|快手重复素材|快手非低质素材|腾讯首发素材,,
2026-10-05,14631545456,CH-SC-广义新-10139440032542-新综合频道-运动户外-京喜拉新-剪辑-转化引导-运动户外-20260927-无-625-65,0.00,6,0,0.00,0.00,0.00,,,
2026-10-05,14407753465,CH-SC-广义新-10129955889557-新综合频道-厨具-京喜拉新-剪辑-转化引导-厨具-260904-反向-625-11,0.00,7,1,0.00,0.00,14.29,无价格,,
2026-10-05,14553592958,CH-SC-广义新-10177677707229 -新综合频道-收纳用品-京喜拉新-剪辑-转化引导-收纳用品-260916-无-625-7,0.00,0,0,0.00,0.00,0.00,,,
2026-10-05,14050167123,CH-SC-广义新-10136363822650-新综合频道-纸品-京喜拉新-剪辑-转化引导-纸品-20260728-无-625-9,0.00,0,0,0.00,0.00,0.00,广义新头条|心如|快手重复素材|快手非低质素材|腾讯首发素材,,
2026-10-05,14488300972,信息流-小牛-大月饼-三方主体-代运营-新人福利价-260914-10163022037983-内部实时跑量-625-32,0.00,1,0,0.00,0.00,0.00,福利价/无价格|考古加素材混剪,,
2026-10-05,14516515440,CH-SC-低活-10113209119177-超级抢购-电动车-无-剪辑-转化引导-电动车-260907-无-625-17,0.00,0,0,0.00,0.00,0.00,心如|福利价,,
2026-10-05,14309575783,信息流-小牛-围裙-三方主体-代运营-新人福利价-260827-10117891615029-设计自选-625-12,0.00,1,0,0.00,0.00,0.00,平台一组AIGC|福利价/无价格|考古加素材混剪,,
2026-10-05,14553579027,CH-SC-广义新-10118706992345-新综合频道-纸品 -京喜拉新-剪辑-转化引导-纸品 -260918-无-625-aigc-启动-6,0.00,9,0,0.00,0.00,0.00,,,
2026-10-05,14631550059,CH-SC-广义新-10139440032542-新综合频道-运动户外-京喜拉新-剪辑-转化引导-运动户外-20260927-无-625-103,0.00,1,0,0.00,0.00,0.00,,,
2026-10-05,14141874142,CH-SC-广义新-10136363822650-新综合频道-家庭清洁-京喜拉新-剪辑-转化引导-家庭清洁-20260810-反向-625-aigc-17,0.00,0,0,0.00,0.00,0.00,平台一组AIGC|快手原创素材|快手非低质素材|腾讯首发素材,,
2026-10-05,13125484685,荣耀-XN-金融-通用-壁纸-混剪-纯AIGC-260422-625-13,0.00,0,0,0.00,0.00,0.00,,,
2026-10-05,14444439611,信息流-小牛-陶瓷碗-三方主体-代运营-新人1分钱-260910-10129451028601-商务选品-625-26,0.00,1,0,0.00,0.00,0.00,福利价/无价格,,
2026-10-05,14631520626,CH-SC-低活-10139440032542-超级抢购-运动户外-无-剪辑-转化引导-运动户外-260927-无-625-头条储备-70,0.00,0,0,0.00,0.00,0.00,,,
2026-10-05,13873247401,CH-SC-低活-10217740550325-超级抢购-箱包皮具-无-剪辑-转化引导-箱包皮具-20260713-无-625-aigc-1,0.00,2,0,0.00,0.00,0.00,平台一组AIGC|心如|快手重复素材|快手非低质素材|福利价|腾讯首发素材,,
2026-10-05,14407746675,CH-SC-广义新-10129955889557-新综合频道-厨具-京喜拉新-剪辑-转化引导-厨具-260904-反向-625-2,0.00,2,0,0.00,0.00,0.00,无价格,,
2026-10-05,14486277124,信息流-小牛-毛毯-三方主体-代运营-新人福利价-260914-10146450179286-商务选品-625-32,0.00,1,0,0.00,0.00,0.00,快手原创素材|快手非低质素材|福利价/无价格,,
2026-10-05,14050219598,CH-SC-广义新-10187000434970-新综合频道-厨具-京喜拉新-剪辑-转化引导-厨具-20260730-无-625-9,0.00,0,0,0.00,0.00,0.00,广义新头条|心如|快手重复素材|快手非低质素材,,
2026-10-06,14033674081,信息流-小牛-折叠椅-京东主体-代运营-新人福利价-0731-10183713190151-设计自选-625-8,1857.21,211129,3717,45.30,41.00,1.76,福利价/无价格,,
2026-10-06,14029064982,信息流-小牛-折叠椅-三方主体-代运营-新人福利价-0731-10183713190151-大盘扒改-625-1,1793.08,171591,2757,47.19,38.00,1.61,大盘扒改|福利价/无价格,,
2026-10-06,14095132360,CH-SC-广义新-10136363822650-新综合频道-纸品-京喜拉新-剪辑-转化引导-纸品-20260804-无-625-13,1448.77,106324,13596,55.72,26.00,12.79,平台AI测试/视频/一组智能体|平台一组AIGC|广义新头条|快手重复素材|快手非低质素材|腾讯首发素材,,
2026-10-06,13873191026,CH-SC-低活-10140917922437-超级抢购-家庭清洁-无-剪辑-转化引导-家庭清洁-20260709-无-625-aigc-2,1060.29,61188,2348,11.16,95.00,3.84,平台一组AIGC|心如|快手重复素材|快手非低质素材|福利价|腾讯首发素材,,
2026-10-06,14535556841,信息流-小牛-打火机-三方主体-代运营-新人福利价-260918-10162692688878-内部实时跑量-625-1,833.56,84340,1082,20.84,40.00,1.28,,,
2026-10-06,13685269854,CH-SC-低活-10233824843150-超级抢购加补-生活日用-无-剪辑-转化引导-生活日用-20260626-无-625-aigc-15,767.19,33045,665,38.36,20.00,2.01,平台一组AIGC|心如|快手重复素材|快手非低质素材|福利价|腾讯首发素材,,
2026-10-06,14535550616,信息流-小牛-打火机-三方主体-代运营-新人福利价-260918-10162692688878-内部实时跑量-625-7,750.31,77905,2501,12.94,58.00,3.21,,,
2026-10-06,14486253331,信息流-小牛-毛毯-三方主体-代运营-新人福利价-260914-10146450179286-商务选品-625-18,637.02,49518,724,31.85,20.00,1.46,快手原创素材|快手非低质素材|福利价/无价格,,
2026-10-06,14487659517,信息流-小牛-毛毯-三方主体-代运营-新人福利价-260914-10146450179286-商务选品-625-43,551.96,58008,2144,12.27,45.00,3.70,快手原创素材|快手非低质素材|福利价/无价格,,
2026-10-06,13846375083,CH-SC-低活-10112643484929-超级抢购-手机通讯-无-剪辑-转化引导-手机通讯-20260708-无-625-aigc-6,484.23,32703,242,69.18,7.00,0.74,DHX扒起量0706|平台一组AIGC|心如|快手重复素材|快手非低质素材|福利价,,
2026-10-06,13614624623,CH-SC-广义新-10134479334759-新综合频道-钟表眼镜-京喜拉新-剪辑-转化引导-钟表眼镜-20260618-无-625-aigc-7,472.35,25764,1079,52.48,9.00,4.19,平台一组AIGC|快手重复素材|快手非低质素材|腾讯首发素材,,
2026-10-06,13145024268,荣耀-XN-影音娱乐-通用-萌宠-混剪-260424-625-10,420.54,107760,12915,1.59,264.00,11.98,,,
2026-10-06,13860544273,CH-SC-广义新-10162692688878-新综合频道-家用电器-京喜拉新-剪辑-转化引导-家用电器-20260713-无-625-aigc-2,416.02,23848,232,69.34,6.00,0.97,平台一组AIGC|广义新头条|快手原创素材|快手非低质素材|无价格|腾讯首发素材,,
2026-10-06,14535568614,信息流-小牛-打火机-三方主体-代运营-新人福利价-260918-10162692688878-内部实时跑量-625-56,383.99,39124,955,16.70,23.00,2.44,,,
2026-10-06,13846397896,CH-SC-低活-10112643484929-超级抢购-手机通讯-无-剪辑-转化引导-手机通讯-20260708-无-625-aigc-1,360.03,20136,295,30.00,12.00,1.47,DHX扒起量0706|平台一组AIGC|心如|快手重复素材|快手非低质素材|福利价|腾讯首发素材,,
2026-10-06,13486893253,CH-SC-广义新-无-新10元话费券-10元话费券-京喜拉新-剪辑-转化引导-10元话费券-20260605-无-625-18,356.36,5440,2283,23.76,15.00,41.97,快手原创素材|快手非低质素材,,
2026-10-06,13846015115,CH-SC-广义新-10140917922437-新综合频道-家庭清洁-京喜拉新-剪辑-转化引导-家庭清洁-20260710-无-625-aigc-11,296.89,7654,1723,21.21,14.00,22.51,平台一组AIGC|广义新头条|心如|快手原创素材|快手非低质素材|无价格|腾讯首发素材,,
2026-10-06,14299137400,CH-PRJ-采销项目-无-快手-无-无-剪辑-转化引导-无-260825-无-625-5,291.38,5613,3315,0.12,2471.00,59.06,快手重复素材|快手非低质素材,,
2026-10-06,14318965135,CH-PRJ-采销项目-无-快手-无-无-剪辑-转化引导-无-260826-无-625-4,287.23,2876,2379,0.14,2089.00,82.72,快手重复素材|快手非低质素材,,
2026-10-06,14422248290,信息流-小牛-真空袋-三方主体-代运营-新人福利价-260908-10212584519594-内部实时跑量-625-53,252.69,36219,654,36.10,7.00,1.81,福利价/无价格|考古加素材混剪|腾讯首发素材,,
2026-10-06,14535548298,信息流-小牛-打火机-三方主体-代运营-新人福利价-260918-10162692688878-内部实时跑量-625-9,219.39,18631,978,10.45,21.00,5.25,,,
2026-10-06,13486885202,CH-SC-广义新-无-新10元话费券-10元话费券-京喜拉新-剪辑-转化引导-10元话费券-20260605-无-625-4,185.13,7596,583,20.57,9.00,7.68,快手重复素材|快手非低质素材|腾讯首发素材,,
2026-10-06,14562134189,CH-PRJ-采销项目-无-快手-无-无-剪辑-转化引导-无-260911-无-625-12,177.48,6065,723,3.17,56.00,11.92,,,
2026-10-06,14422220800,信息流-小牛-小蜜桃-三方主体-代运营-新人福利价-260908-10231541696811 -深海货盘-625-10,170.61,15952,332,34.12,5.00,2.08,福利价/无价格|考古加素材混剪,,
2026-10-06,14319047409,CH-SC-低活-10140917922437-超级抢购-家庭清洁-无-剪辑-转化引导-家庭清洁-20260820-无-625-aigc-8,157.31,6700,1065,19.66,8.00,15.90,平台一组AIGC|心如|快手原创素材|快手非低质素材|福利价|腾讯首发素材,,
2026-10-06,13603383616,CH-SC-低活-10217740550325-超级抢购加补-箱包皮具-无-剪辑-转化引导-箱包皮具-20260617-无-625-aigc-5,149.87,8658,288,49.96,3.00,3.33,加补1分钱|平台一组AIGC|心如|快手重复素材|快手非低质素材|腾讯首发素材,,
2026-10-06,13846396417,CH-SC-低活-10112643484929-超级抢购-手机通讯-无-剪辑-转化引导-手机通讯-20260708-无-625-aigc-21,132.89,2045,629,18.98,7.00,30.76,DHX扒起量0706|平台一组AIGC|心如|快手重复素材|快手非低质素材|福利价,,
2026-10-06,14486256691,信息流-小牛-毛毯-三方主体-代运营-新人福利价-260914-10146450179286-商务选品-625-14,108.16,11076,580,7.21,15.00,5.24,快手原创素材|快手非低质素材|福利价/无价格,,
2026-10-06,14444502883,信息流-小牛-陶瓷碗-三方主体-代运营-新人1分钱-260910-10129451028601-商务选品-625-43,108.15,10155,153,36.05,3.00,1.51,快手原创素材|快手非低质素材|福利价/无价格,,
2026-10-06,14422246925,信息流-小牛-真空袋-三方主体-代运营-新人福利价-260908-10212584519594-内部实时跑量-625-54,105.97,12387,243,21.19,5.00,1.96,福利价/无价格|考古加素材混剪|腾讯首发素材,,
2026-10-06,14535556657,信息流-小牛-打火机-三方主体-代运营-新人福利价-260918-10162692688878-内部实时跑量-625-64,105.74,10635,357,17.62,6.00,3.36,,,
2026-10-06,14319048822,CH-SC-广义新-10118706992345-新综合频道-纸品 -京喜拉新-剪辑-转化引导-纸品 -260827-无-625-aigc-8,100.03,14787,986,50.02,2.00,6.67,平台AI测试/视频/一组智能体|平台一组AIGC|快手原创素材|快手非低质素材|腾讯首发素材,,
2026-10-06,14488318517,信息流-小牛-大月饼-三方主体-代运营-新人福利价-260914-10163022037983-内部实时跑量-625-25,91.03,9671,203,22.76,4.00,2.10,福利价/无价格|考古加素材混剪,,
2026-10-06,14422258109,信息流-小牛-真空袋-三方主体-代运营-新人福利价-260908-10212584519594-内部实时跑量-625-41,89.26,11878,169,22.32,4.00,1.42,福利价/无价格|考古加素材混剪,,
2026-10-06,14535548396,信息流-小牛-打火机-三方主体-代运营-新人福利价-260918-10162692688878-内部实时跑量-625-8,87.78,7179,272,12.54,7.00,3.79,,,
2026-10-06,14516404620,CH-SC-低活-10176978592631-超级抢购-家具-无-剪辑-转化引导-家具-260915-无-625-10,84.49,3908,67,42.25,2.00,1.71,心如|福利价,,
2026-10-06,14309355419,信息流-小牛-工具箱-三方主体-代运营-新人福利价-260827-10114015186364-内部实时跑量-625-aigc-1,78.03,8730,151,26.01,3.00,1.73,平台一组AIGC|福利价/无价格|考古加素材混剪,,
2026-10-06,13145014793,荣耀-XN-影音娱乐-通用-唱歌-混剪-260424-625-6,77.36,23142,12493,1.49,52.00,53.98,,,
2026-10-06,14486255452,信息流-小牛-毛毯-三方主体-代运营-新人福利价-260914-10146450179286-商务选品-625-16,69.02,11488,210,23.01,3.00,1.83,快手原创素材|快手非低质素材|福利价/无价格,,
2026-10-06,14488315998,信息流-小牛-大月饼-三方主体-代运营-新人福利价-260914-10163022037983-内部实时跑量-625-26,65.93,7727,161,10.99,6.00,2.08,福利价/无价格|考古加素材混剪,,
2026-10-06,14422271056,信息流-小牛-真空袋-三方主体-代运营-新人福利价-260908-10212584519594-内部实时跑量-625-26,65.61,7097,101,32.81,2.00,1.42,福利价/无价格|考古加素材混剪,,
2026-10-06,14535557016,信息流-小牛-打火机-三方主体-代运营-新人福利价-260918-10162692688878-内部实时跑量-625-65,59.72,4590,113,59.72,1.00,2.46,,,
2026-10-06,14488283013,信息流-小牛-大月饼-三方主体-代运营-新人福利价-260914-10163022037983-内部实时跑量-625-42,59.34,4773,114,29.67,2.00,2.39,福利价/无价格|考古加素材混剪,,
2026-10-06,13603317054,CH-SC-广义新-10118706992345-新综合频道-纸品-无-剪辑-转化引导-纸品-20260617-无-625-aigc-8,58.46,23577,19750,0.82,71.00,83.77,平台一组AIGC|广义新头条|快手原创素材|快手非低质素材,,
2026-10-06,14238399476,信息流-小牛-雨伞-三方主体-代运营-新人福利价-0820-10130866966155-内部实时跑量-625-17,58.23,2306,90,19.41,3.00,3.90,有米云素材混剪|福利价/无价格|腾讯首发素材,,
2026-10-06,13684860918,CH-SC-广义新-无-新10元话费券-10元话费券-京喜拉新-剪辑-转化引导-10元话费券-20260626-无-625-5,55.02,1794,680,27.51,2.00,37.90,快手原创素材|快手非低质素材|腾讯首发素材,,
2026-10-06,14535548647,信息流-小牛-打火机-三方主体-代运营-新人福利价-260918-10162692688878-内部实时跑量-625-10,53.27,3018,114,0.00,0.00,3.78,,,
2026-10-06,14529779694,信息流-小牛-停车号码牌-三方主体-代运营-新人福利价-260917-10203964359828-内部实时跑量-625-50,52.82,12290,86,17.61,3.00,0.70,,,
2026-10-06,14631527482,CH-SC-低活-10100542418506-超级抢购-生活日用-无-剪辑-转化引导-生活日用-260921-无-625-头条储备-44,50.21,8679,112,12.55,4.00,1.29,,,
2026-10-06,14535553937,信息流-小牛-打火机-三方主体-代运营-新人福利价-260918-10162692688878-内部实时跑量-625-3,49.46,3355,70,49.46,1.00,2.09,,,
2026-10-06,14488342221,信息流-小牛-大月饼-三方主体-代运营-新人福利价-260914-10163022037983-内部实时跑量-625-9,47.56,5750,132,15.85,3.00,2.30,福利价/无价格|考古加素材混剪,,
2026-10-06,14535530355,信息流-小牛-打火机-三方主体-代运营-新人福利价-260918-10162692688878-内部实时跑量-625-24,47.35,2625,141,47.35,1.00,5.37,,,
2026-10-06,14488260041,信息流-小牛-大月饼-三方主体-代运营-新人福利价-260914-10163022037983-内部实时跑量-625-aigc-6,40.29,4863,89,40.29,1.00,1.83,福利价/无价格|考古加素材混剪,,
2026-10-06,14309304111,信息流-小牛-工具箱-三方主体-代运营-新人福利价-260827-10114015186364-内部实时跑量-625-aigc-38,39.58,3840,58,0.00,0.00,1.51,平台一组AIGC|福利价/无价格|考古加素材混剪,,
2026-10-06,14033668127,信息流-小牛-折叠椅-京东主体-代运营-新人福利价-0731-10183713190151-设计自选-625-1,39.25,5212,122,0.00,0.00,2.34,福利价/无价格,,
2026-10-06,14488233708,信息流-小牛-大月饼-三方主体-代运营-新人福利价-260914-10163022037983-内部实时跑量-625-5,35.91,4936,79,0.00,0.00,1.60,福利价/无价格|考古加素材混剪,,
2026-10-06,14422276750,信息流-小牛-真空袋-三方主体-代运营-新人福利价-260908-10212584519594-内部实时跑量-625-2,35.27,4562,80,11.76,3.00,1.75,福利价/无价格|考古加素材混剪,,
2026-10-06,14535590075,信息流-小牛-打火机-三方主体-代运营-新人福利价-260918-10162692688878-内部实时跑量-625-30,33.14,2329,78,11.05,3.00,3.35,,,
2026-10-06,14554168487,CH-SC-低活-10096167203452-超级抢购-纸品-大商超-剪辑-转化引导-纸品-260917-无-625-19,32.35,5444,5392,0.85,38.00,99.04,,,
2026-10-06,14318981628,CH-SC-广义新-10146456039187-新综合频道-纸品-京喜拉新-剪辑-转化引导-纸品-260827-无-625-aigc-6,31.38,1626,175,31.38,1.00,10.76,平台AI测试/视频/一组智能体|平台一组AIGC|快手重复素材|快手非低质素材,,
2026-10-06,14643141673,信息流-小牛-咸鸭蛋-三方主体-代运营-新人福利价-260909-10172188378015-内部实时跑量-625-头条储备-1,31.19,2465,33,31.19,1.00,1.34,,,
2026-10-06,14422171762,信息流-小牛-骑行支架-三方主体-代运营-新人福利价-260908-10139440032542-历史爆品-625-24,31.12,1512,27,31.12,1.00,1.79,福利价/无价格|考古加素材混剪,,
2026-10-06,14487657915,信息流-小牛-毛毯-三方主体-代运营-新人福利价-260914-10146450179286-商务选品-625-42,31.06,3422,84,31.06,1.00,2.45,快手原创素材|快手非低质素材|福利价/无价格,,
2026-10-06,14372738165,信息流-小牛-旋转支架-三方主体-代运营-新人福利价-260903-10112643484929-内部实时跑量-625-13,30.66,4855,83,0.00,0.00,1.71,原生|福利价/无价格|考古加素材混剪,,
2026-10-06,14422209845,信息流-小牛-小蜜桃-三方主体-代运营-新人福利价-260908-10231541696811 -深海货盘-625-28,30.35,2717,83,15.18,2.00,3.05,福利价/无价格|考古加素材混剪,,
2026-10-06,14086782805,信息流-小牛-陶瓷碗-三方主体-代运营-新人福利价-0806-10129451028601-客户推品-625-1,30.21,5067,72,0.00,0.00,1.42,客供|福利价/无价格,,
2026-10-06,14092632262,信息流-小牛-西瓜-三方主体-代运营-新人福利价-0806-10215767576641-历史爆品-625-2,29.69,1980,89,14.85,2.00,4.49,头条/京东标点/有量素材混剪|福利价/无价格,,
2026-10-06,14516446475,CH-SC-低活-10111392494770-超级抢购-收纳用品-无-剪辑-转化引导-收纳用品-20260911-无-625-6,28.61,1213,31,0.00,0.00,2.56,心如|福利价,,
2026-10-06,14033673840,信息流-小牛-折叠椅-京东主体-代运营-新人福利价-0731-10183713190151-设计自选-625-10,28.49,3368,92,0.00,0.00,2.73,福利价/无价格,,
2026-10-06,14535539490,信息流-小牛-打火机-三方主体-代运营-新人福利价-260918-10162692688878-内部实时跑量-625-17,27.58,2104,81,0.00,0.00,3.85,,,
2026-10-06,14422196886,信息流-小牛-小蜜桃-三方主体-代运营-新人福利价-260908-10231541696811 -深海货盘-625-5,27.32,1889,122,0.00,0.00,6.46,福利价/无价格|考古加素材混剪,,
2026-10-06,13614625693,CH-SC-广义新-10134479334759-新综合频道-钟表眼镜-京喜拉新-剪辑-转化引导-钟表眼镜-20260618-无-625-aigc-8,26.80,3197,1170,26.80,1.00,36.60,平台一组AIGC|快手重复素材|快手非低质素材|腾讯首发素材,,
2026-10-06,14374704763,信息流-小牛-苹果-三方主体-代运营-新人福利价-260903-10186710590960-历史爆品-625-21,26.56,1561,49,26.56,1.00,3.14,原生|福利价/无价格|考古加素材混剪,,
2026-10-06,14516446813,CH-SC-低活-10111392494770-超级抢购-收纳用品-无-剪辑-转化引导-收纳用品-20260911-无-625-5,25.75,880,16,25.75,1.00,1.82,心如|福利价,,
2026-10-06,14319042692,CH-SC-低活-10140917922437-超级抢购-家庭清洁-无-剪辑-转化引导-家庭清洁-20260820-无-625-aigc-25,25.74,1688,73,8.58,3.00,4.32,平台一组AIGC|心如|快手重复素材|快手非低质素材|福利价|腾讯首发素材,,
2026-10-06,14535590827,信息流-小牛-打火机-三方主体-代运营-新人福利价-260918-10162692688878-内部实时跑量-625-28,25.42,1322,36,0.00,0.00,2.72,,,
2026-10-06,14422273114,信息流-小牛-真空袋-三方主体-代运营-新人福利价-260908-10212584519594-内部实时跑量-625-25,25.40,1821,64,25.40,1.00,3.51,福利价/无价格|考古加素材混剪,,
2026-10-06,14529783827,信息流-小牛-停车号码牌-三方主体-代运营-新人福利价-260917-10203964359828-内部实时跑量-625-4,25.01,2084,36,25.01,1.00,1.73,,,
2026-10-06,14086782388,信息流-小牛-陶瓷碗-三方主体-代运营-新人福利价-0806-10129451028601-客户推品-625-4,24.75,2130,29,24.75,1.00,1.36,客供|福利价/无价格,,
2026-10-06,14374709639,信息流-小牛-苹果-三方主体-代运营-新人福利价-260903-10186710590960-历史爆品-625-17,24.57,1672,40,0.00,0.00,2.39,原生|福利价/无价格|考古加素材混剪,,
2026-10-06,14374705382,信息流-小牛-苹果-三方主体-代运营-新人福利价-260903-10186710590960-历史爆品-625-22,23.12,1325,36,0.00,0.00,2.72,原生|福利价/无价格|考古加素材混剪,,
2026-10-06,14319046111,CH-SC-低活-10140917922437-超级抢购-家庭清洁-无-剪辑-转化引导-家庭清洁-20260820-无-625-aigc-12,22.13,20109,15,0.00,0.00,0.07,平台AI测试/视频/一组智能体|平台一组AIGC|心如|快手原创素材|快手非低质素材|福利价,,
2026-10-06,14488323904,信息流-小牛-大月饼-三方主体-代运营-新人福利价-260914-10163022037983-内部实时跑量-625-22,21.79,2761,52,21.79,1.00,1.88,福利价/无价格|考古加素材混剪,,
2026-10-06,14488275783,信息流-小牛-大月饼-三方主体-代运营-新人福利价-260914-10163022037983-内部实时跑量-625-47,20.31,2020,57,0.00,0.00,2.82,福利价/无价格|考古加素材混剪,,
2026-10-06,14488285372,信息流-小牛-大月饼-三方主体-代运营-新人福利价-260914-10163022037983-内部实时跑量-625-41,19.87,3135,39,9.94,2.00,1.24,福利价/无价格|考古加素材混剪,,
2026-10-06,14529789444,信息流-小牛-停车号码牌-三方主体-代运营-新人福利价-260917-10203964359828-内部实时跑量-625-3,19.69,2717,37,0.00,0.00,1.36,,,
2026-10-06,14488266120,信息流-小牛-大月饼-三方主体-代运营-新人福利价-260914-10163022037983-内部实时跑量-625-aigc-5,19.34,2416,46,19.34,1.00,1.90,福利价/无价格|考古加素材混剪,,
2026-10-06,13163379262,荣耀-XN-金融-通用-鸡汤-混剪-260428-625-35,19.33,441,186,1.93,10.00,42.18,,,
2026-10-06,14535547463,信息流-小牛-打火机-三方主体-代运营-新人福利价-260918-10162692688878-内部实时跑量-625-11,18.26,1086,42,0.00,0.00,3.87,,,
2026-10-06,14562132957,CH-PRJ-采销项目-无-快手-无-无-剪辑-转化引导-无-260911-无-625-16,17.92,838,393,0.12,155.00,46.90,,,
2026-10-06,14050217042,CH-SC-广义新-10187000434970-新综合频道-厨具-京喜拉新-剪辑-转化引导-厨具-20260730-无-625-7,16.40,3441,278,5.47,3.00,8.08,广义新头条|心如|快手重复素材|快手非低质素材|腾讯首发素材,,
2026-10-06,14092631035,信息流-小牛-西瓜-三方主体-代运营-新人福利价-0806-10215767576641-历史爆品-625-1,15.91,7051,197,0.00,0.00,2.79,头条/京东标点/有量素材混剪|福利价/无价格,,
2026-10-06,14422262012,信息流-小牛-真空袋-三方主体-代运营-新人福利价-260908-10212584519594-内部实时跑量-625-39,15.59,3154,20,0.00,0.00,0.63,福利价/无价格|考古加素材混剪,,
2026-10-06,14535561616,信息流-小牛-打火机-三方主体-代运营-新人福利价-260918-10162692688878-内部实时跑量-625-62,15.12,1790,31,0.00,0.00,1.73,,,
2026-10-06,13559844692,CH-PRJ-采销项目-10204138700158-快手安卓-外卖美食-无-剪辑-转化引导-外卖美食-20260612-无-625-7,14.84,214,139,0.13,112.00,64.95,快手重复素材|快手非低质素材,,
2026-10-06,14422275891,信息流-小牛-真空袋-三方主体-代运营-新人福利价-260908-10212584519594-内部实时跑量-625-24,14.81,901,42,0.00,0.00,4.66,福利价/无价格|考古加素材混剪,,
2026-10-06,14422196839,信息流-小牛-小蜜桃-三方主体-代运营-新人福利价-260908-10231541696811 -深海货盘-625-50,14.74,2225,66,0.00,0.00,2.97,福利价/无价格|考古加素材混剪,,
2026-10-06,13559845061,CH-PRJ-采销项目-10204138700158-快手安卓-外卖美食-无-剪辑-转化引导-外卖美食-20260612-无-625-9,14.69,253,144,0.13,112.00,56.92,快手重复素材|快手非低质素材,,
2026-10-06,14535546171,信息流-小牛-打火机-三方主体-代运营-新人福利价-260918-10162692688878-内部实时跑量-625-12,14.51,950,79,7.26,2.00,8.32,,,
2026-10-06,14535553809,信息流-小牛-打火机-三方主体-代运营-新人福利价-260918-10162692688878-内部实时跑量-625-2,14.23,1314,21,0.00,0.00,1.60,,,
2026-10-06,14486259267,信息流-小牛-毛毯-三方主体-代运营-新人福利价-260914-10146450179286-商务选品-625-15,14.00,643,19,14.00,1.00,2.95,快手原创素材|快手非低质素材|福利价/无价格,,
2026-10-06,13873198936,CH-SC-低活-10140917922437-超级抢购-家庭清洁-无-剪辑-转化引导-家庭清洁-20260709-无-625-aigc-9,13.98,316,23,13.98,1.00,7.28,平台一组AIGC|心如|快手重复素材|快手非低质素材|福利价|腾讯首发素材,,
2026-10-06,14197432726,CH-SC-低活-10199184867564-外卖1分购-外卖美食-无-剪辑-转化引导-外卖美食-20260810-无-625-14,13.90,578,26,0.00,0.00,4.50,心如|福利价,,
2026-10-06,14422218760,信息流-小牛-小蜜桃-三方主体-代运营-新人福利价-260908-10231541696811 -深海货盘-625-15,13.83,2343,60,0.00,0.00,2.56,福利价/无价格|考古加素材混剪,,
2026-10-06,14422210490,信息流-小牛-小蜜桃-三方主体-代运营-新人福利价-260908-10231541696811 -深海货盘-625-27,13.40,1276,37,6.70,2.00,2.90,福利价/无价格|考古加素材混剪,,
2026-10-06,13873189462,CH-SC-低活-10140917922437-超级抢购-家庭清洁-无-剪辑-转化引导-家庭清洁-20260709-无-625-aigc-1,13.26,517,8,0.00,0.00,1.55,平台一组AIGC|心如|快手重复素材|快手非低质素材|福利价|腾讯首发素材,,
2026-10-06,14422223090,信息流-小牛-小蜜桃-三方主体-代运营-新人福利价-260908-10231541696811 -深海货盘-625-1,12.97,1281,29,0.00,0.00,2.26,福利价/无价格|考古加素材混剪,,
2026-10-06,13846387962,CH-SC-低活-10112643484929-超级抢购-手机通讯-无-剪辑-转化引导-手机通讯-20260708-无-625-aigc-15,12.89,1065,43,6.45,2.00,4.04,DHX扒起量0706|平台一组AIGC|心如|快手重复素材|快手非低质素材|福利价,,
2026-10-06,14529785267,信息流-小牛-停车号码牌-三方主体-代运营-新人福利价-260917-10203964359828-内部实时跑量-625-38,12.59,1044,11,0.00,0.00,1.05,,,
2026-10-06,14529785501,信息流-小牛-停车号码牌-三方主体-代运营-新人福利价-260917-10203964359828-内部实时跑量-625-37,12.45,955,20,0.00,0.00,2.09,,,
2026-10-06,14488272236,信息流-小牛-大月饼-三方主体-代运营-新人福利价-260914-10163022037983-内部实时跑量-625-aigc-1,12.12,1763,37,0.00,0.00,2.10,福利价/无价格|考古加素材混剪,,
2026-10-06,13581450030,CH-SC-广义新-10130866966155-新综合频道-服饰内衣-京喜拉新-剪辑-转化引导-服饰内衣-20260615-反向-625-aigc-1,11.63,5136,4282,0.55,21.00,83.37,不对版！！|平台一组AIGC|广义新头条|快手重复素材|快手非低质素材|腾讯首发素材,,
2026-10-06,14488250135,信息流-小牛-大月饼-三方主体-代运营-新人福利价-260914-10163022037983-内部实时跑量-625-aigc-9,11.54,1825,25,0.00,0.00,1.37,福利价/无价格|考古加素材混剪,,
2026-10-06,14369369285,信息流-小牛-菜板-三方主体-代运营-新人福利价-260903-10155000015319-内部实时跑量-625-36,11.14,4714,71,0.00,0.00,1.51,原生|快手原创素材|快手非低质素材|福利价/无价格,,
2026-10-06,14099191213,信息流-小牛-陶瓷碗-三方主体-代运营-新人福利价-0807-10129451028601-客户推品-625-1,10.38,1834,35,0.00,0.00,1.91,客供|福利价/无价格,,
2026-10-06,14529796870,信息流-小牛-停车号码牌-三方主体-代运营-新人福利价-260917-10203964359828-内部实时跑量-625-20,10.32,1348,16,0.00,0.00,1.19,,,
2026-10-06,13522213672,CH-SC-低活-10113209119177-超级抢购加补-电动车-无-剪辑-转化引导-电动车-20260609-无-625-aigc-8,10.12,414,9,0.00,0.00,2.17,DHX扒起量0608|不对版！！|平台一组AIGC|心如|快手重复素材|快手非低质素材,,
2026-10-06,14088473390,CH-SC-低活-10223570717754-超级抢购-生鲜-无-剪辑-转化引导-生鲜-20260803-无-625-aigc-5,9.86,706,344,4.93,2.00,48.73,平台一组AIGC|心如|福利价|腾讯首发素材,,
2026-10-06,14422270071,信息流-小牛-真空袋-三方主体-代运营-新人福利价-260908-10212584519594-内部实时跑量-625-27,9.85,946,27,0.00,0.00,2.85,福利价/无价格|考古加素材混剪,,
2026-10-06,13939939358,CH-SC-广义新-10150604147722-新综合频道-箱包皮具-京喜拉新-剪辑-转化引导-箱包皮具-20260720-反向-625-11,9.69,5323,5228,0.65,15.00,98.22,广义新头条|心如|快手重复素材|快手非低质素材,,
2026-10-06,14631526307,CH-SC-低活-10100542418506-超级抢购-生活日用-无-剪辑-转化引导-生活日用-260927-无-625-头条储备-aigc-60,9.44,277,13,0.00,0.00,4.69,,,
2026-10-06,14643140701,信息流-小牛-咸鸭蛋-三方主体-代运营-新人福利价-260909-10172188378015-内部实时跑量-625-头条储备-2,9.32,526,7,0.00,0.00,1.33,,,
2026-10-06,14488237983,信息流-小牛-大月饼-三方主体-代运营-新人福利价-260914-10163022037983-内部实时跑量-625-2,9.18,1171,26,0.00,0.00,2.22,福利价/无价格|考古加素材混剪,,
2026-10-06,14535543360,信息流-小牛-打火机-三方主体-代运营-新人福利价-260918-10162692688878-内部实时跑量-625-14,9.01,438,14,0.00,0.00,3.20,,,
2026-10-06,14422193816,信息流-小牛-小蜜桃-三方主体-代运营-新人福利价-260908-10231541696811 -深海货盘-625-6,8.86,1214,31,0.00,0.00,2.55,福利价/无价格|考古加素材混剪,,
2026-10-06,13603318244,CH-SC-广义新-10118706992345-新综合频道-纸品-无-剪辑-转化引导-纸品-20260617-无-625-aigc-11,8.82,3243,175,8.82,1.00,5.40,平台一组AIGC|广义新头条|快手原创素材|快手非低质素材,,
2026-10-06,13957181664,信息流-小牛-保温饭盒-三方主体-代运营-新人福利价-0724-10125420247464-大盘扒改-625-3,8.14,236,18,0.00,0.00,7.63,大盘扒改|福利价/无价格,,
2026-10-06,14488341277,信息流-小牛-大月饼-三方主体-代运营-新人福利价-260914-10163022037983-内部实时跑量-625-10,7.94,1141,22,7.94,1.00,1.93,福利价/无价格|考古加素材混剪,,
2026-10-06,14247653929,信息流-小牛-旋转手机支架-三方主体-代运营-新人福利价-0821-10112643484929-内部实时跑量-625-8,7.88,2123,62,0.00,0.00,2.92,有米云素材混剪|福利价/无价格,,
2026-10-06,14228306994,CH-SC-广义新-10217740550325-新综合频道-箱包皮具-京喜拉新-剪辑-转化引导-箱包皮具-20260818-无-625-aigc-16,7.83,229,5,0.00,0.00,2.18,平台一组AIGC|快手原创素材|快手非低质素材|腾讯首发素材,,
2026-10-06,14516318263,CH-SC-低活-10176978592631-超级抢购-家具-无-剪辑-转化引导-家具-260915-无-625-19,7.67,362,11,0.00,0.00,3.04,心如|福利价,,
2026-10-06,14422219317,信息流-小牛-小蜜桃-三方主体-代运营-新人福利价-260908-10231541696811 -深海货盘-625-12,7.55,322,13,0.00,0.00,4.04,福利价/无价格|考古加素材混剪,,
2026-10-06,14529777583,信息流-小牛-停车号码牌-三方主体-代运营-新人福利价-260917-10203964359828-内部实时跑量-625-49,7.29,314,7,0.00,0.00,2.23,,,
2026-10-06,14529767215,信息流-小牛-停车号码牌-三方主体-代运营-新人福利价-260917-10203964359828-内部实时跑量-625-7,7.12,241,13,0.00,0.00,5.39,,,
2026-10-06,14516403810,CH-SC-低活-10176978592631-超级抢购-家具-无-剪辑-转化引导-家具-260915-无-625-11,6.75,184,7,0.00,0.00,3.80,心如|福利价,,
2026-10-06,13341765349,CH-SC-广义新-10219841541026-新综合频道-厨具-京喜拉新-剪辑-转化引导-厨具-20260520-反向-625-7,6.43,255,153,0.00,0.00,60.00,广义新头条|心如|快手重复素材|快手非低质素材|无价格|腾讯首发素材,,
2026-10-06,13846372517,CH-SC-低活-10112643484929-超级抢购-手机通讯-无-剪辑-转化引导-手机通讯-20260708-无-625-aigc-5,6.04,576,10,0.00,0.00,1.74,DHX扒起量0706|平台一组AIGC|心如|快手重复素材|快手非低质素材|福利价,,
2026-10-06,14318983392,CH-SC-广义新-10146456039187-新综合频道-纸品-京喜拉新-剪辑-转化引导-纸品-260827-无-625-aigc-2,6.02,263,21,0.00,0.00,7.98,平台AI测试/视频/一组智能体|平台一组AIGC|快手重复素材|快手非低质素材,,
2026-10-06,14086787831,信息流-小牛-陶瓷碗-三方主体-代运营-新人福利价-0806-10129451028601-客户推品-625-2,6.01,1627,46,0.00,0.00,2.83,客供|福利价/无价格,,
2026-10-06,14516447747,CH-SC-低活-10111392494770-超级抢购-收纳用品-无-剪辑-转化引导-收纳用品-20260911-无-625-4,5.99,228,6,0.00,0.00,2.63,心如|福利价,,
2026-10-06,14535554502,信息流-小牛-打火机-三方主体-代运营-新人福利价-260918-10162692688878-内部实时跑量-625-66,5.98,694,11,0.00,0.00,1.59,,,
2026-10-06,14319045677,CH-SC-低活-10140917922437-超级抢购-家庭清洁-无-剪辑-转化引导-家庭清洁-20260820-无-625-aigc-16,5.97,3657,4,0.00,0.00,0.11,平台一组AIGC|心如|快手重复素材|快手非低质素材|福利价|腾讯首发素材,,
2026-10-06,14488324024,信息流-小牛-大月饼-三方主体-代运营-新人福利价-260914-10163022037983-内部实时跑量-625-21,5.87,2002,41,0.00,0.00,2.05,福利价/无价格|考古加素材混剪,,
2026-10-06,14486276654,信息流-小牛-毛毯-三方主体-代运营-新人福利价-260914-10146450179286-商务选品-625-30,5.75,300,10,0.00,0.00,3.33,快手原创素材|快手非低质素材|福利价/无价格,,
2026-10-06,14161864700,信息流-小牛-围裙-三方主体-代运营-新人福利价-0813-10117891615029-大盘实时跑量-625-2,5.72,2502,44,0.00,0.00,1.76,福利价/无价格|考古加素材混剪,,
2026-10-06,14033672307,信息流-小牛-折叠椅-京东主体-代运营-新人福利价-0731-10183713190151-设计自选-625-5,5.65,170,11,0.00,0.00,6.47,福利价/无价格,,
2026-10-06,14299135646,CH-PRJ-采销项目-无-快手-无-无-剪辑-转化引导-无-260825-无-625-7,5.51,67,25,1.38,4.00,37.31,快手重复素材|快手非低质素材,,
2026-10-06,13846398501,CH-SC-低活-10112643484929-超级抢购-手机通讯-无-剪辑-转化引导-手机通讯-20260708-无-625-aigc-3,5.32,337,6,0.00,0.00,1.78,DHX扒起量0706|平台一组AIGC|心如|快手重复素材|快手非低质素材|福利价,,
2026-10-06,13846370672,CH-SC-低活-10112643484929-超级抢购-手机通讯-无-剪辑-转化引导-手机通讯-20260708-无-625-aigc-4,5.16,371,13,0.00,0.00,3.50,DHX扒起量0706|平台一组AIGC|心如|快手重复素材|快手非低质素材|福利价|腾讯首发素材,,
2026-10-06,13486892792,CH-SC-广义新-无-新10元话费券-10元话费券-京喜拉新-剪辑-转化引导-10元话费券-20260605-无-625-14,5.13,91,43,0.00,0.00,47.25,快手重复素材|快手非低质素材|腾讯首发素材,,
2026-10-06,14554232419,CH-SC-低活-10233824843150-超级抢购-收纳用品-无-剪辑-转化引导-收纳用品-260918-无-625-24,4.92,262,2,0.00,0.00,0.76,,,
2026-10-06,14486279638,信息流-小牛-毛毯-三方主体-代运营-新人福利价-260914-10146450179286-商务选品-625-29,4.59,263,10,0.00,0.00,3.80,快手原创素材|快手非低质素材|福利价/无价格,,
2026-10-06,14153374451,信息流-小牛-饭盒-三方主体-代运营-新人福利价-0812-10125420247464-大盘实扒改-625-2,4.12,283,3,0.00,0.00,1.06,大盘扒改|福利价/无价格,,
2026-10-06,14153374432,信息流-小牛-饭盒-三方主体-代运营-新人福利价-0812-10125420247464-大盘实扒改-625-1,4.10,932,8,0.00,0.00,0.86,大盘扒改|福利价/无价格,,
2026-10-06,14488278951,信息流-小牛-大月饼-三方主体-代运营-新人福利价-260914-10163022037983-内部实时跑量-625-44,3.96,396,14,0.00,0.00,3.54,福利价/无价格|考古加素材混剪,,
2026-10-06,14529783183,信息流-小牛-停车号码牌-三方主体-代运营-新人福利价-260917-10203964359828-内部实时跑量-625-42,3.83,190,4,3.83,1.00,2.11,,,
2026-10-06,14377778495,信息流-小牛-推车置物架-三方主体-代运营-新人福利价-260903-10095828488136-大盘实时跑量-625-35,3.75,78,4,0.00,0.00,5.13,原生|福利价/无价格,,
2026-10-06,14516454102,CH-SC-低活-10103917299332-超级抢购-厨具-无-剪辑-转化引导-厨具-20260911-无-625-25,3.75,1797,6,0.00,0.00,0.33,心如|福利价,,
2026-10-06,14554228899,CH-SC-低活-10140917922437-超级抢购-家庭清洁-无-剪辑-转化引导-家庭清洁-20260918-无-625-aigc-16,3.56,2027,32,0.00,0.00,1.58,,,
2026-10-06,13603383686,CH-SC-低活-10217740550325-超级抢购加补-箱包皮具-无-剪辑-转化引导-箱包皮具-20260617-无-625-aigc-6,3.49,328,5,0.00,0.00,1.52,加补1分钱|平台一组AIGC|心如|快手重复素材|快手非低质素材|腾讯首发素材,,
2026-10-06,14488339974,信息流-小牛-大月饼-三方主体-代运营-新人福利价-260914-10163022037983-内部实时跑量-625-11,3.46,341,0,0.00,0.00,0.00,福利价/无价格|考古加素材混剪,,
2026-10-06,14422274665,信息流-小牛-真空袋-三方主体-代运营-新人福利价-260908-10212584519594-内部实时跑量-625-20,3.45,285,7,0.00,0.00,2.46,福利价/无价格|考古加素材混剪,,
2026-10-06,14529783411,信息流-小牛-停车号码牌-三方主体-代运营-新人福利价-260917-10203964359828-内部实时跑量-625-41,3.35,275,2,0.00,0.00,0.73,,,
2026-10-06,14422195635,信息流-小牛-小蜜桃-三方主体-代运营-新人福利价-260908-10231541696811 -深海货盘-625-49,3.11,808,4,0.00,0.00,0.50,福利价/无价格|考古加素材混剪,,
2026-10-06,14374685119,信息流-小牛-苹果-三方主体-代运营-新人福利价-260903-10186710590960-历史爆品-625-42,3.08,611,9,0.00,0.00,1.47,原生|福利价/无价格|考古加素材混剪,,
2026-10-06,14033673881,信息流-小牛-折叠椅-京东主体-代运营-新人福利价-0731-10183713190151-设计自选-625-9,2.97,90,4,0.00,0.00,4.44,福利价/无价格,,
2026-10-06,14529793899,信息流-小牛-停车号码牌-三方主体-代运营-新人福利价-260917-10203964359828-内部实时跑量-625-27,2.95,210,0,0.00,0.00,0.00,,,
2026-10-06,14050213136,CH-SC-广义新-10187000434970-新综合频道-厨具-京喜拉新-剪辑-转化引导-厨具-20260730-无-625-2,2.83,238,6,0.00,0.00,2.52,广义新头条|心如|快手重复素材|快手非低质素材|腾讯首发素材,,
2026-10-06,14247653849,信息流-小牛-旋转手机支架-三方主体-代运营-新人福利价-0821-10112643484929-内部实时跑量-625-7,2.75,201,8,0.00,0.00,3.98,有米云素材混剪|福利价/无价格|腾讯首发素材,,
2026-10-06,14309351876,信息流-小牛-工具箱-三方主体-代运营-新人福利价-260827-10114015186364-内部实时跑量-625-aigc-2,2.68,341,7,0.00,0.00,2.05,平台一组AIGC|福利价/无价格|考古加素材混剪,,
2026-10-06,13836049057,CH-SC-低活-10156776256916-超级抢购-珠宝首饰-无-剪辑-转化引导-珠宝首饰-20260703-无-625-aigc-10,2.66,117,7,0.00,0.00,5.98,平台一组AIGC|心如|快手重复素材|快手非低质素材|福利价,,
2026-10-06,14374705055,信息流-小牛-苹果-三方主体-代运营-新人福利价-260903-10186710590960-历史爆品-625-23,2.56,606,13,0.00,0.00,2.15,原生|福利价/无价格|考古加素材混剪,,
2026-10-06,14562126024,CH-PRJ-采销项目-无-快手-无-无-剪辑-转化引导-无-260911-无-625-3,2.44,61,31,0.12,20.00,50.82,,,
2026-10-06,14369413170,信息流-小牛-菜板-三方主体-代运营-新人福利价-260903-10155000015319-内部实时跑量-625-11,2.36,910,21,0.00,0.00,2.31,原生|快手原创素材|快手非低质素材|福利价/无价格,,
2026-10-06,14217056294,CH-SC-广义新-10136363822650-新综合频道-纸品-京喜拉新-剪辑-转化引导-纸品-20260813-无-625-aigc-2,2.23,1160,791,0.74,3.00,68.19,平台一组AIGC|快手重复素材|快手非低质素材|腾讯首发素材,,
2026-10-06,14516362987,CH-SC-低活-10118706992348-超级抢购加补-纸品-无-剪辑-转化引导-纸品-260914-无-625-27,2.20,44,19,0.00,0.00,43.18,心如,,
2026-10-06,14444505842,信息流-小牛-陶瓷碗-三方主体-代运营-新人1分钱-260910-10129451028601-商务选品-625-42,2.20,269,4,0.00,0.00,1.49,快手原创素材|快手非低质素材|福利价/无价格,,
2026-10-06,14369416848,信息流-小牛-菜板-三方主体-代运营-新人福利价-260903-10155000015319-内部实时跑量-625-10,2.19,876,6,0.00,0.00,0.68,原生|快手原创素材|快手非低质素材|福利价/无价格,,
2026-10-06,13916301057,CH-SC-低活-10140917922437-超级抢购-家庭清洁-无-剪辑-转化引导-家庭清洁-20260715-无-625-aigc-8,2.10,95,4,2.10,1.00,4.21,平台一组AIGC|心如|快手重复素材|快手非低质素材|无价格|腾讯首发素材,,
2026-10-06,14369413813,信息流-小牛-菜板-三方主体-代运营-新人福利价-260903-10155000015319-内部实时跑量-625-12,2.03,144,2,0.00,0.00,1.39,原生|快手原创素材|快手非低质素材|福利价/无价格,,
2026-10-06,14516312133,CH-SC-低活-10176978592631-超级抢购-家具-无-剪辑-转化引导-家具-260915-无-625-29,1.99,46,5,0.00,0.00,10.87,心如|福利价,,
2026-10-06,13916487194,CH-SC-广义新-10040988734451-新10元话费券-无-无-剪辑-转化引导-无-20260715-无-625-17,1.91,209,4,0.00,0.00,1.91,快手原创素材|快手非低质素材|腾讯首发素材,,
2026-10-06,14562126382,CH-PRJ-采销项目-无-快手-无-无-剪辑-转化引导-无-260911-无-625-28,1.85,14,13,0.17,11.00,92.86,,,
2026-10-06,14554240556,CH-SC-低活-10111392494770-超级抢购-收纳用品-无-剪辑-转化引导-收纳用品-20260918-无-625-启动-2,1.71,55,0,0.00,0.00,0.00,,,
2026-10-06,14247656476,信息流-小牛-旋转手机支架-三方主体-代运营-新人福利价-0821-10112643484929-内部实时跑量-625-4,1.68,355,11,0.00,0.00,3.10,有米云素材混剪|福利价/无价格|腾讯首发素材,,
2026-10-06,14486275054,信息流-小牛-毛毯-三方主体-代运营-新人福利价-260914-10146450179286-商务选品-625-31,1.67,217,5,0.00,0.00,2.30,快手原创素材|快手非低质素材|福利价/无价格,,
2026-10-06,14554163462,CH-SC-低活-10096167203452-超级抢购-纸品-大商超-剪辑-转化引导-纸品-260917-无-625-11,1.51,291,284,0.76,2.00,97.59,,,
2026-10-06,14033669726,信息流-小牛-折叠椅-京东主体-代运营-新人福利价-0731-10183713190151-设计自选-625-2,1.50,476,8,0.00,0.00,1.68,福利价/无价格,,
2026-10-06,14422202134,信息流-小牛-小蜜桃-三方主体-代运营-新人福利价-260908-10231541696811 -深海货盘-625-4,1.41,485,10,0.00,0.00,2.06,福利价/无价格|考古加素材混剪,,
2026-10-06,14631528042,CH-SC-低活-10100542418506-超级抢购-生活日用-无-剪辑-转化引导-生活日用-260921-无-625-头条储备-31,1.28,77,3,0.00,0.00,3.90,,,
2026-10-06,14299137269,CH-PRJ-采销项目-无-快手-无-无-剪辑-转化引导-无-260825-无-625-3,1.27,55,26,0.08,15.00,47.27,快手重复素材|快手非低质素材,,
2026-10-06,14529779876,信息流-小牛-停车号码牌-三方主体-代运营-新人福利价-260917-10203964359828-内部实时跑量-625-45,1.20,37,3,0.00,0.00,8.11,,,
2026-10-06,14516359376,CH-SC-低活-10118706992348-超级抢购加补-纸品-无-剪辑-转化引导-纸品-260914-无-625-40,1.17,108,5,0.00,0.00,4.63,心如,,
2026-10-06,14369416523,信息流-小牛-菜板-三方主体-代运营-新人福利价-260903-10155000015319-内部实时跑量-625-6,1.12,108,3,0.00,0.00,2.78,原生|快手原创素材|快手非低质素材|福利价/无价格,,
2026-10-06,14238399156,信息流-小牛-雨伞-三方主体-代运营-新人福利价-0820-10130866966155-内部实时跑量-625-18,1.08,38,3,0.00,0.00,7.89,有米云素材混剪|福利价/无价格|腾讯首发素材,,
2026-10-06,14643141113,信息流-小牛-咸鸭蛋-三方主体-代运营-新人福利价-260909-10172188378015-内部实时跑量-625-头条储备-13,1.07,43,0,0.00,0.00,0.00,,,
2026-10-06,14631564225,CH-SC-低活-10100542418506-超级抢购-生活日用-无-剪辑-转化引导-生活日用-260921-无-625-头条储备-15,1.06,35,0,0.00,0.00,0.00,,,
2026-10-06,14562127880,CH-PRJ-采销项目-无-快手-无-无-剪辑-转化引导-无-260911-无-625-25,1.04,15,0,0.00,0.00,0.00,,,
2026-10-06,14516460481,CH-SC-低活-10103917299332-超级抢购-厨具-无-剪辑-转化引导-厨具-20260911-无-625-9,1.02,34,0,0.00,0.00,0.00,心如|福利价,,
2026-10-06,14422215528,信息流-小牛-小蜜桃-三方主体-代运营-新人福利价-260908-10231541696811 -深海货盘-625-2,1.01,332,5,0.00,0.00,1.51,福利价/无价格|考古加素材混剪,,
2026-10-06,14516368459,CH-SC-低活-10118706992348-超级抢购加补-纸品-无-剪辑-转化引导-纸品-260914-无-625-11,0.98,27,14,0.00,0.00,51.85,心如,,
2026-10-06,14516415648,CH-SC-低活-10233824843150-超级抢购-收纳用品-无-剪辑-转化引导-收纳用品-260915-无-625-22,0.93,54,1,0.00,0.00,1.85,心如|福利价,,
2026-10-06,14369358732,信息流-小牛-菜板-三方主体-代运营-新人福利价-260903-10155000015319-内部实时跑量-625-41,0.93,181,3,0.00,0.00,1.66,原生|快手原创素材|快手非低质素材|福利价/无价格,,
2026-10-06,14422241895,信息流-小牛-真空袋-三方主体-代运营-新人福利价-260908-10212584519594-内部实时跑量-625-9,0.92,94,0,0.00,0.00,0.00,福利价/无价格|考古加素材混剪,,
2026-10-06,14529797677,信息流-小牛-停车号码牌-三方主体-代运营-新人福利价-260917-10203964359828-内部实时跑量-625-19,0.91,75,0,0.00,0.00,0.00,,,
2026-10-06,13776634575,CH-SC-广义新-10177393646076-新综合频道-灯饰照明-京喜拉新-剪辑-转化引导-灯饰照明-20260702-反向-625-aigc-1,0.90,66,5,0.00,0.00,7.58,平台一组AIGC|快手原创素材|快手非低质素材|无价格|福利价/无价格,,
2026-10-06,14488336904,信息流-小牛-大月饼-三方主体-代运营-新人福利价-260914-10163022037983-内部实时跑量-625-14,0.90,348,2,0.00,0.00,0.57,福利价/无价格|考古加素材混剪,,
2026-10-06,14562128959,CH-PRJ-采销项目-无-快手-无-无-剪辑-转化引导-无-260911-无-625-23,0.89,15,11,0.11,8.00,73.33,,,
2026-10-06,14372715462,信息流-小牛-旋转支架-三方主体-代运营-新人福利价-260903-10112643484929-内部实时跑量-625-40,0.87,225,7,0.00,0.00,3.11,原生|福利价/无价格|考古加素材混剪,,
2026-10-06,13916109786,CH-SC-广义新-10155000015319-新综合频道-厨具-京喜拉新-剪辑-转化引导-厨具-20260716-无-625-aigc-2,0.86,45,2,0.00,0.00,4.44,平台一组AIGC|广义新头条|心如|无价格|腾讯首发素材,,
2026-10-06,14562127091,CH-PRJ-采销项目-无-快手-无-无-剪辑-转化引导-无-260911-无-625-26,0.85,26,6,0.17,5.00,23.08,,,
2026-10-06,14562121259,CH-PRJ-采销项目-无-快手-无-无-剪辑-转化引导-无-260915-无-625-7,0.79,14,8,0.11,7.00,57.14,,,
2026-10-06,14369365897,信息流-小牛-菜板-三方主体-代运营-新人福利价-260903-10155000015319-内部实时跑量-625-37,0.79,503,8,0.00,0.00,1.59,原生|快手原创素材|快手非低质素材|福利价/无价格,,
2026-10-06,14529799542,信息流-小牛-停车号码牌-三方主体-代运营-新人福利价-260917-10203964359828-内部实时跑量-625-17,0.78,13,0,0.00,0.00,0.00,,,
2026-10-06,13846319643,CH-SC-低活-10140917922437-超级抢购-家庭清洁-无-剪辑-转化引导-家庭清洁-20260708-无-625-aigc-4,0.76,34,4,0.00,0.00,11.76,平台一组AIGC|心如|快手重复素材|快手非低质素材|福利价|腾讯首发素材,,
2026-10-06,14516356407,CH-SC-低活-10118706992348-超级抢购加补-纸品-无-剪辑-转化引导-纸品-260914-无-625-50,0.73,22,13,0.00,0.00,59.09,心如,,
2026-10-06,14299136746,CH-PRJ-采销项目-无-快手-无-无-剪辑-转化引导-无-260825-无-625-6,0.71,15,7,0.36,2.00,46.67,快手重复素材|快手非低质素材,,
2026-10-06,14050220381,CH-SC-广义新-10187000434970-新综合频道-厨具-京喜拉新-剪辑-转化引导-厨具-20260730-无-625-12,0.71,8,2,0.00,0.00,25.00,广义新头条|心如|快手重复素材|快手非低质素材|腾讯首发素材,,
2026-10-06,14631525555,CH-SC-低活-10100542418506-超级抢购-生活日用-无-剪辑-转化引导-生活日用-260927-无-625-头条储备-aigc-70,0.71,30,0,0.00,0.00,0.00,,,
2026-10-06,14372738418,信息流-小牛-旋转支架-三方主体-代运营-新人福利价-260903-10112643484929-内部实时跑量-625-14,0.69,260,8,0.00,0.00,3.08,原生|福利价/无价格|考古加素材混剪,,
2026-10-06,14422258082,信息流-小牛-真空袋-三方主体-代运营-新人福利价-260908-10212584519594-内部实时跑量-625-40,0.69,236,7,0.00,0.00,2.97,福利价/无价格|考古加素材混剪,,
2026-10-06,14535589632,信息流-小牛-打火机-三方主体-代运营-新人福利价-260918-10162692688878-内部实时跑量-625-29,0.65,65,1,0.00,0.00,1.54,,,
2026-10-06,14631519334,CH-SC-低活-10139440032542-超级抢购-运动户外-无-剪辑-转化引导-运动户外-260927-无-625-头条储备-86,0.65,10,1,0.00,0.00,10.00,,,
2026-10-06,14643138666,信息流-小牛-咸鸭蛋-三方主体-代运营-新人福利价-260909-10172188378015-内部实时跑量-625-头条储备-3,0.64,47,3,0.00,0.00,6.38,,,
2026-10-06,14535559347,信息流-小牛-打火机-三方主体-代运营-新人福利价-260918-10162692688878-内部实时跑量-625-61,0.64,82,0,0.00,0.00,0.00,,,
2026-10-06,14535540774,信息流-小牛-打火机-三方主体-代运营-新人福利价-260918-10162692688878-内部实时跑量-625-16,0.64,17,0,0.00,0.00,0.00,,,
2026-10-06,14554166837,CH-SC-低活-10096167203452-超级抢购-纸品-大商超-剪辑-转化引导-纸品-260917-无-625-18,0.61,131,105,0.00,0.00,80.15,,,
2026-10-06,14535544644,信息流-小牛-打火机-三方主体-代运营-新人福利价-260918-10162692688878-内部实时跑量-625-13,0.61,28,3,0.00,0.00,10.71,,,
2026-10-06,14369356351,信息流-小牛-菜板-三方主体-代运营-新人福利价-260903-10155000015319-内部实时跑量-625-42,0.61,469,2,0.00,0.00,0.43,原生|快手原创素材|快手非低质素材|福利价/无价格,,
2026-10-06,14319049415,CH-SC-广义新-10118706992345-新综合频道-纸品 -京喜拉新-剪辑-转化引导-纸品 -260827-无-625-aigc-5,0.60,583,1,0.00,0.00,0.17,平台一组AIGC|快手原创素材|快手非低质素材|腾讯首发素材,,
2026-10-06,13916303997,CH-SC-低活-10140917922437-超级抢购-家庭清洁-无-剪辑-转化引导-家庭清洁-20260715-无-625-aigc-15,0.60,90,5,0.00,0.00,5.56,平台一组AIGC|心如|快手重复素材|快手非低质素材|无价格|腾讯首发素材,,
2026-10-06,14444436902,信息流-小牛-陶瓷碗-三方主体-代运营-新人1分钱-260910-10129451028601-商务选品-625-27,0.59,116,5,0.00,0.00,4.31,福利价/无价格,,
2026-10-06,14372718762,信息流-小牛-旋转支架-三方主体-代运营-新人福利价-260903-10112643484929-内部实时跑量-625-35,0.59,29,3,0.00,0.00,10.34,原生|福利价/无价格|考古加素材混剪,,
2026-10-06,14631564752,CH-SC-低活-10100542418506-超级抢购-生活日用-无-剪辑-转化引导-生活日用-260921-无-625-头条储备-11,0.58,3,0,0.00,0.00,0.00,,,
2026-10-06,14422177532,信息流-小牛-骑行支架-三方主体-代运营-新人福利价-260908-10139440032542-历史爆品-625-23,0.58,32,1,0.00,0.00,3.12,福利价/无价格|考古加素材混剪,,
2026-10-06,14095134373,CH-SC-广义新-10136363822650-新综合频道-纸品-京喜拉新-剪辑-转化引导-纸品-20260804-无-625-16,0.57,78,10,0.00,0.00,12.82,广义新头条|快手重复素材|快手非低质素材|腾讯首发素材,,
2026-10-06,14529781287,信息流-小牛-停车号码牌-三方主体-代运营-新人福利价-260917-10203964359828-内部实时跑量-625-46,0.56,14,0,0.00,0.00,0.00,,,
2026-10-06,14088470419,CH-SC-低活-10223570717754-超级抢购-生鲜-无-剪辑-转化引导-生鲜-20260803-无-625-aigc-13,0.56,137,1,0.00,0.00,0.73,平台一组AIGC|心如|福利价|腾讯首发素材,,
2026-10-06,14631517945,CH-SC-低活-10217740550325-超级抢购-箱包皮具-无-剪辑-转化引导-箱包皮具-260921-无-625-头条储备-aigc-104,0.54,9,0,0.00,0.00,0.00,,,
2026-10-06,13536549173,CH-SC-低活-10219841541026-超级抢购加补-厨具-无-剪辑-转化引导-厨具-20260610-无-625-aigc-10,0.54,23,1,0.00,0.00,4.35,平台一组AIGC|心如|快手重复素材|快手非低质素材|福利价|腾讯首发素材,,
2026-10-06,14374689955,信息流-小牛-苹果-三方主体-代运营-新人福利价-260903-10186710590960-历史爆品-625-38,0.54,95,0,0.00,0.00,0.00,原生|福利价/无价格|考古加素材混剪,,
2026-10-06,14516460872,CH-SC-低活-10103917299332-超级抢购-厨具-无-剪辑-转化引导-厨具-20260911-无-625-7,0.53,11,0,0.00,0.00,0.00,心如|福利价,,
2026-10-06,14299137656,CH-PRJ-采销项目-无-快手-无-无-剪辑-转化引导-无-260825-无-625-2,0.53,21,4,0.27,2.00,19.05,快手重复素材|快手非低质素材,,
2026-10-06,14299134117,CH-PRJ-采销项目-无-快手-无-无-剪辑-转化引导-无-260825-无-625-10,0.53,6,5,0.18,3.00,83.33,快手重复素材|快手非低质素材,,
2026-10-06,13916488487,CH-SC-广义新-10040988734451-新10元话费券-无-无-剪辑-转化引导-无-20260715-无-625-23,0.50,364,10,0.00,0.00,2.75,快手原创素材|快手非低质素材|腾讯首发素材,,
2026-10-06,14631513973,CH-SC-低活-10217740550325-超级抢购-箱包皮具-无-剪辑-转化引导-箱包皮具-260921-无-625-头条储备-aigc-25,0.49,7,0,0.00,0.00,0.00,,,
2026-10-06,14422192784,信息流-小牛-小蜜桃-三方主体-代运营-新人福利价-260908-10231541696811 -深海货盘-625-7,0.48,29,4,0.00,0.00,13.79,福利价/无价格|考古加素材混剪,,
2026-10-06,14631529525,CH-SC-广义新-10134706997811-新综合频道-手机通讯-京喜拉新-剪辑-转化引导-手机通讯-20260921-反向-625-头条储备-aigc-34,0.48,476,1,0.00,0.00,0.21,,,
2026-10-06,14554232224,CH-SC-低活-10140917922437-超级抢购-家庭清洁-无-剪辑-转化引导-家庭清洁-20260918-无-625-aigc-11,0.47,55,1,0.00,0.00,1.82,,,
2026-10-06,14631527262,CH-SC-低活-10100542418506-超级抢购-生活日用-无-剪辑-转化引导-生活日用-260921-无-625-头条储备-9,0.47,14,0,0.00,0.00,0.00,,,
2026-10-06,13815434561,CH-PRJ-采销项目-10227170510852-快手-本地生活-无-剪辑-转化引导-本地生活-20260710-无-625-8,0.46,14,7,0.08,6.00,50.00,快手重复素材|快手非低质素材,,
2026-10-06,14562131260,CH-PRJ-采销项目-无-快手-无-无-剪辑-转化引导-无-260911-无-625-18,0.45,20,8,0.08,6.00,40.00,,,
2026-10-06,13922151320,信息流-小牛-抽纸-京东主体-代运营-新人福利价-0721-100281253200-设计自选-625-aigc-3,0.44,28,8,0.00,0.00,28.57,平台一组AIGC|腾讯首发素材,,
2026-10-06,14516512245,CH-SC-低活-10113209119177-超级抢购-电动车-无-剪辑-转化引导-电动车-260907-无-625-26,0.43,21,0,0.00,0.00,0.00,心如|福利价,,
2026-10-06,14217113190,CH-SC-广义新-10140917922437-新综合频道-家庭清洁-京喜拉新-剪辑-转化引导-家庭清洁-20260813-无-625-aigc-20,0.43,427,0,0.00,0.00,0.00,平台一组AIGC|快手重复素材|快手非低质素材|无价格,,
2026-10-06,14299138754,CH-PRJ-采销项目-无-快手-无-无-剪辑-转化引导-无-260825-无-625-1,0.43,20,4,0.22,2.00,20.00,快手重复素材|快手非低质素材,,
2026-10-06,14631527264,CH-SC-低活-10100542418506-超级抢购-生活日用-无-剪辑-转化引导-生活日用-260921-无-625-头条储备-aigc-1,0.42,55,0,0.00,0.00,0.00,,,
2026-10-06,13746328503,CH-SC-低活-10139440032542-超级抢购5元-运动户外-无-剪辑-转化引导-运动户外-20260630-无-625-aigc-7,0.41,12,0,0.00,0.00,0.00,平台一组AIGC|心如|快手重复素材|快手非低质素材|福利价|腾讯首发素材,,
2026-10-06,14529767101,信息流-小牛-停车号码牌-三方主体-代运营-新人福利价-260917-10203964359828-内部实时跑量-625-8,0.41,18,0,0.00,0.00,0.00,,,
2026-10-06,13873194156,CH-SC-低活-10140917922437-超级抢购-家庭清洁-无-剪辑-转化引导-家庭清洁-20260709-无-625-aigc-5,0.40,20,0,0.00,0.00,0.00,平台一组AIGC|心如|快手重复素材|快手非低质素材|福利价|腾讯首发素材,,
2026-10-06,14299115353,CH-SC-广义新-10118706992345-新综合频道-纸品-京喜拉新-剪辑-转化引导-纸品-260826-无-625-6,0.40,202,82,0.40,1.00,40.59,平台一组AIGC|快手重复素材|快手非低质素材,,
2026-10-06,14529802963,信息流-小牛-停车号码牌-三方主体-代运营-新人福利价-260917-10203964359828-内部实时跑量-625-11,0.39,45,1,0.00,0.00,2.22,,,
2026-10-06,14535581094,信息流-小牛-打火机-三方主体-代运营-新人福利价-260918-10162692688878-内部实时跑量-625-40,0.39,49,1,0.00,0.00,2.04,,,
2026-10-06,13145012865,荣耀-XN-影音娱乐-通用-唱歌-混剪-260424-625-2,0.38,19,2,0.00,0.00,10.53,,,
2026-10-06,14529803168,信息流-小牛-停车号码牌-三方主体-代运营-新人福利价-260917-10203964359828-内部实时跑量-625-12,0.36,24,1,0.00,0.00,4.17,,,
2026-10-06,13815440329,CH-PRJ-采销项目-10227170510852-快手-本地生活-无-剪辑-转化引导-本地生活-20260710-无-625-14,0.36,10,4,0.18,2.00,40.00,快手重复素材|快手非低质素材,,
2026-10-06,14095144957,CH-SC-广义新-10136363822650-新综合频道-纸品-京喜拉新-剪辑-转化引导-纸品-20260804-无-625-9,0.36,22,5,0.00,0.00,22.73,广义新头条|快手重复素材|快手非低质素材|搬运打压素材,,
2026-10-06,13815431986,CH-PRJ-采销项目-10227170510852-快手-本地生活-无-剪辑-转化引导-本地生活-20260710-无-625-5,0.35,15,9,0.12,3.00,60.00,快手重复素材|快手非低质素材,,
2026-10-06,13776598531,CH-SC-广义新-10177393646076-新综合频道-灯饰照明-京喜拉新-剪辑-转化引导-灯饰照明-20260702-反向-625-aigc-13,0.35,15,0,0.00,0.00,0.00,平台一组AIGC|快手原创素材|快手非低质素材|无价格|福利价/无价格,,
2026-10-06,14516511441,CH-SC-低活-10113209119177-超级抢购-电动车-无-剪辑-转化引导-电动车-260907-无-625-27,0.35,10,0,0.00,0.00,0.00,心如|福利价,,
2026-10-06,14488235285,信息流-小牛-大月饼-三方主体-代运营-新人福利价-260914-10163022037983-内部实时跑量-625-4,0.34,51,1,0.00,0.00,1.96,福利价/无价格|考古加素材混剪,,
2026-10-06,14516512211,CH-SC-低活-10113209119177-超级抢购-电动车-无-剪辑-转化引导-电动车-260907-无-625-25,0.33,12,0,0.00,0.00,0.00,心如|福利价,,
2026-10-06,13746266511,CH-SC-广义新-10196323916105-新综合频道-数码-京喜拉新-剪辑-转化引导-数码-20260630-无-625-aigc-7,0.32,18,0,0.00,0.00,0.00,平台一组AIGC|广义新头条|心如|快手原创素材|快手非低质素材,,
2026-10-06,14554113842,CH-SC-低活-10215783938762-超级抢购加补-生鲜-无-剪辑-转化引导-生鲜-260911-无-625-42,0.32,17,1,0.00,0.00,5.88,,,
2026-10-06,14516318984,CH-SC-低活-10176978592631-超级抢购-家具-无-剪辑-转化引导-家具-260915-无-625-18,0.32,10,1,0.00,0.00,10.00,心如|福利价,,
2026-10-06,14516509983,CH-SC-低活-10113209119177-超级抢购-电动车-无-剪辑-转化引导-电动车-260907-无-625-6,0.32,7,0,0.00,0.00,0.00,心如|福利价,,
2026-10-06,14529774970,信息流-小牛-停车号码牌-三方主体-代运营-新人福利价-260917-10203964359828-内部实时跑量-625-55,0.30,34,0,0.00,0.00,0.00,,,
2026-10-06,14033672272,信息流-小牛-折叠椅-京东主体-代运营-新人福利价-0731-10183713190151-设计自选-625-6,0.30,39,0,0.00,0.00,0.00,福利价/无价格,,
2026-10-06,14369364164,信息流-小牛-菜板-三方主体-代运营-新人福利价-260903-10155000015319-内部实时跑量-625-38,0.30,26,1,0.00,0.00,3.85,原生|快手原创素材|快手非低质素材|福利价/无价格,,
2026-10-06,14516458195,CH-SC-低活-10103917299332-超级抢购-厨具-无-剪辑-转化引导-厨具-20260911-无-625-13,0.29,10,0,0.00,0.00,0.00,心如|福利价,,
2026-10-06,14516406667,CH-SC-低活-10176978592631-超级抢购-家具-无-剪辑-转化引导-家具-260915-无-625-8,0.29,6,1,0.00,0.00,16.67,心如|福利价,,
2026-10-06,13922152192,信息流-小牛-抽纸-京东主体-代运营-新人福利价-0721-100281253200-设计自选-625-aigc-5,0.29,18,8,0.00,0.00,44.44,平台一组AIGC|腾讯首发素材,,
2026-10-06,14033669638,信息流-小牛-折叠椅-京东主体-代运营-新人福利价-0731-10183713190151-设计自选-625-3,0.28,26,1,0.00,0.00,3.85,福利价/无价格,,
2026-10-06,14422159087,信息流-小牛-骑行支架-三方主体-代运营-新人福利价-260908-10139440032542-历史爆品-625-34,0.28,27,0,0.00,0.00,0.00,福利价/无价格|考古加素材混剪,,
2026-10-06,13873191576,CH-SC-低活-10140917922437-超级抢购-家庭清洁-无-剪辑-转化引导-家庭清洁-20260709-无-625-aigc-3,0.28,4,0,0.00,0.00,0.00,平台一组AIGC|心如|快手重复素材|快手非低质素材|福利价|腾讯首发素材,,
2026-10-06,14488243167,信息流-小牛-大月饼-三方主体-代运营-新人福利价-260914-10163022037983-内部实时跑量-625-aigc-13,0.28,6,0,0.00,0.00,0.00,福利价/无价格|考古加素材混剪,,
2026-10-06,14049381598,CH-SC-低活-10178946597305-超级抢购-厨具-无-剪辑-转化引导-厨具-20260728-无-625-aigc-2,0.27,13,3,0.00,0.00,23.08,平台一组AIGC|心如|快手重复素材|快手非低质素材|福利价|腾讯首发素材,,
2026-10-06,14631525687,CH-SC-低活-10100542418506-超级抢购-生活日用-无-剪辑-转化引导-生活日用-260927-无-625-头条储备-aigc-67,0.27,15,1,0.00,0.00,6.67,,,
2026-10-06,14488259984,信息流-小牛-大月饼-三方主体-代运营-新人福利价-260914-10163022037983-内部实时跑量-625-aigc-7,0.26,38,0,0.00,0.00,0.00,福利价/无价格|考古加素材混剪,,
2026-10-06,14318962375,CH-PRJ-采销项目-无-快手-无-无-剪辑-转化引导-无-260826-无-625-21,0.25,3,2,0.25,1.00,66.67,快手重复素材|快手非低质素材,,
2026-10-06,14197435278,CH-SC-低活-10199184867564-外卖1分购-外卖美食-无-剪辑-转化引导-外卖美食-20260810-无-625-11,0.25,28,1,0.00,0.00,3.57,心如|福利价,,
2026-10-06,14422218389,信息流-小牛-小蜜桃-三方主体-代运营-新人福利价-260908-10231541696811 -深海货盘-625-16,0.25,76,2,0.00,0.00,2.63,福利价/无价格|考古加素材混剪,,
2026-10-06,14422211840,信息流-小牛-小蜜桃-三方主体-代运营-新人福利价-260908-10231541696811 -深海货盘-625-3,0.25,524,4,0.00,0.00,0.76,福利价/无价格|考古加素材混剪,,
2026-10-06,14422201343,信息流-小牛-小蜜桃-三方主体-代运营-新人福利价-260908-10231541696811 -深海货盘-625-45,0.24,68,0,0.00,0.00,0.00,福利价/无价格|考古加素材混剪,,
2026-10-06,14516511074,CH-SC-低活-10113209119177-超级抢购-电动车-无-剪辑-转化引导-电动车-260907-无-625-28,0.23,10,0,0.00,0.00,0.00,心如|福利价,,
2026-10-06,14643140061,信息流-小牛-咸鸭蛋-三方主体-代运营-新人福利价-260909-10172188378015-内部实时跑量-625-头条储备-21,0.22,9,1,0.00,0.00,11.11,,,
2026-10-06,14535563001,信息流-小牛-打火机-三方主体-代运营-新人福利价-260918-10162692688878-内部实时跑量-625-59,0.21,14,0,0.00,0.00,0.00,,,
2026-10-06,14444475775,信息流-小牛-陶瓷碗-三方主体-代运营-新人1分钱-260910-10129451028601-商务选品-625-56,0.21,11,0,0.00,0.00,0.00,福利价/无价格,,
2026-10-06,14274420506,CH-SC-广义新-10136363822650-新综合频道-纸品-京喜拉新-剪辑-转化引导-纸品-20260804-无-625-aigc-23,0.21,2,0,0.00,0.00,0.00,平台一组AIGC|快手重复素材|快手非低质素材|腾讯首发素材,,
2026-10-06,14516458898,CH-SC-低活-10103917299332-超级抢购-厨具-无-剪辑-转化引导-厨具-20260911-无-625-11,0.20,10,0,0.00,0.00,0.00,心如|福利价,,
2026-10-06,14516432425,CH-SC-低活-10111392494770-超级抢购-收纳用品-无-剪辑-转化引导-收纳用品-20260911-无-625-29,0.20,3,1,0.00,0.00,33.33,心如|福利价,,
2026-10-06,13836049721,CH-SC-低活-10156776256916-超级抢购-珠宝首饰-无-剪辑-转化引导-珠宝首饰-20260703-无-625-aigc-9,0.20,6,0,0.00,0.00,0.00,平台一组AIGC|心如|快手重复素材|快手非低质素材|福利价,,
2026-10-06,14498626380,CH-SC-低活-10161130444375-超级抢购-农资园艺-无-剪辑-转化引导-农资园艺-260908-无-625-11,0.19,10,0,0.00,0.00,0.00,心如|福利价,,
2026-10-06,14529790599,信息流-小牛-停车号码牌-三方主体-代运营-新人福利价-260917-10203964359828-内部实时跑量-625-28,0.18,20,1,0.00,0.00,5.00,,,
2026-10-06,14166708210,信息流-小牛-五香花生-三方主体-代运营-新人福利价-0814-10150360358365-大盘实时跑量-625-6,0.17,22,0,0.00,0.00,0.00,福利价/无价格|考古加素材混剪,,
2026-10-06,14487656613,信息流-小牛-毛毯-三方主体-代运营-新人福利价-260914-10146450179286-商务选品-625-41,0.17,15,0,0.00,0.00,0.00,快手原创素材|快手非低质素材|福利价/无价格,,
2026-10-06,14238406931,信息流-小牛-花洒支架-三方主体-代运营-新人福利价-0820-10116091800772-内部实时跑量-625-40,0.17,5,0,0.00,0.00,0.00,有米云素材混剪|福利价/无价格|腾讯首发素材,,
2026-10-06,14049375748,CH-SC-低活-10178946597305-超级抢购-厨具-无-剪辑-转化引导-厨具-20260728-无-625-aigc-7,0.16,8,0,0.00,0.00,0.00,平台一组AIGC|心如|快手重复素材|快手非低质素材|福利价|腾讯首发素材,,
2026-10-06,14319047642,CH-SC-广义新-10118706992345-新综合频道-纸品 -京喜拉新-剪辑-转化引导-纸品 -260827-无-625-aigc-9,0.16,140,2,0.00,0.00,1.43,平台一组AIGC|快手原创素材|快手非低质素材|腾讯首发素材,,
2026-10-06,14516455565,CH-SC-低活-10103917299332-超级抢购-厨具-无-剪辑-转化引导-厨具-20260911-无-625-20,0.16,14,0,0.00,0.00,0.00,心如|福利价,,
2026-10-06,14422267021,信息流-小牛-真空袋-三方主体-代运营-新人福利价-260908-10212584519594-内部实时跑量-625-36,0.16,67,1,0.00,0.00,1.49,福利价/无价格|考古加素材混剪,,
2026-10-06,14274413574,CH-SC-广义新-10136363822650-新综合频道-纸品-京喜拉新-剪辑-转化引导-纸品-20260804-无-625-aigc-11,0.16,15,6,0.00,0.00,40.00,平台AI测试/视频/一组智能体|平台一组AIGC|快手重复素材|快手非低质素材|腾讯首发素材,,
2026-10-06,14516314494,CH-SC-低活-10176978592631-超级抢购-家具-无-剪辑-转化引导-家具-260915-无-625-25,0.16,10,1,0.00,0.00,10.00,心如|福利价,,
2026-10-06,14372733516,信息流-小牛-旋转支架-三方主体-代运营-新人福利价-260903-10112643484929-内部实时跑量-625-27,0.16,16,0,0.00,0.00,0.00,原生|福利价/无价格|考古加素材混剪,,
2026-10-06,14631530204,CH-SC-广义新-10134706997811-新综合频道-手机通讯-京喜拉新-剪辑-转化引导-手机通讯-20260921-反向-625-头条储备-aigc-29,0.15,151,0,0.00,0.00,0.00,,,
2026-10-06,13916301575,CH-SC-低活-10140917922437-超级抢购-家庭清洁-无-剪辑-转化引导-家庭清洁-20260715-无-625-aigc-9,0.15,15,0,0.00,0.00,0.00,平台一组AIGC|心如|快手重复素材|快手非低质素材|无价格|腾讯首发素材,,
2026-10-06,14166677299,信息流-小牛-五香花生-三方主体-代运营-新人福利价-0814-10150360358365-大盘实时跑量-625-41,0.15,18,2,0.00,0.00,11.11,福利价/无价格|考古加素材混剪,,
2026-10-06,14516456173,CH-SC-低活-10103917299332-超级抢购-厨具-无-剪辑-转化引导-厨具-20260911-无-625-24,0.14,8,0,0.00,0.00,0.00,心如|福利价,,
2026-10-06,14319047802,CH-SC-广义新-10118706992345-新综合频道-纸品 -京喜拉新-剪辑-转化引导-纸品 -260827-无-625-aigc-7,0.14,31,7,0.00,0.00,22.58,平台AI测试/视频/一组智能体|平台一组AIGC|快手原创素材|快手非低质素材|腾讯首发素材,,
2026-10-06,14463715652,CH-SC-低活-10223570717754-超级抢购-生鲜-无-剪辑-转化引导-生鲜-260903-无-625-13,0.14,107,0,0.00,0.00,0.00,心如|福利价,,
2026-10-06,14369417321,信息流-小牛-菜板-三方主体-代运营-新人福利价-260903-10155000015319-内部实时跑量-625-5,0.13,9,0,0.00,0.00,0.00,原生|快手原创素材|快手非低质素材|福利价/无价格,,
2026-10-06,14488234908,信息流-小牛-大月饼-三方主体-代运营-新人福利价-260914-10163022037983-内部实时跑量-625-3,0.13,5,1,0.00,0.00,20.00,福利价/无价格|考古加素材混剪,,
2026-10-06,14274410219,CH-SC-广义新-10136363822650-新综合频道-纸品-京喜拉新-剪辑-转化引导-纸品-20260804-无-625-aigc-5,0.13,12,2,0.00,0.00,16.67,平台一组AIGC|快手重复素材|快手非低质素材|腾讯首发素材,,
2026-10-06,14422151925,信息流-小牛-骑行支架-三方主体-代运营-新人福利价-260908-10139440032542-历史爆品-625-40,0.13,7,0,0.00,0.00,0.00,福利价/无价格|考古加素材混剪,,
2026-10-06,14050212256,CH-SC-广义新-10187000434970-新综合频道-厨具-京喜拉新-剪辑-转化引导-厨具-20260730-无-625-3,0.12,19,0,0.00,0.00,0.00,广义新头条|心如|快手重复素材|快手非低质素材|腾讯首发素材,,
2026-10-06,14407746537,CH-SC-广义新-10129955889557-新综合频道-厨具-京喜拉新-剪辑-转化引导-厨具-260904-反向-625-1,0.12,8,0,0.00,0.00,0.00,无价格,,
2026-10-06,14643141731,信息流-小牛-咸鸭蛋-三方主体-代运营-新人福利价-260909-10172188378015-内部实时跑量-625-头条储备-10,0.12,1,0,0.00,0.00,0.00,,,
2026-10-06,14516458455,CH-SC-低活-10103917299332-超级抢购-厨具-无-剪辑-转化引导-厨具-20260911-无-625-12,0.12,6,0,0.00,0.00,0.00,心如|福利价,,
2026-10-06,14217119216,CH-SC-广义新-10140917922437-新综合频道-家庭清洁-京喜拉新-剪辑-转化引导-家庭清洁-20260813-无-625-aigc-16,0.12,120,0,0.00,0.00,0.00,平台一组AIGC|快手重复素材|快手非低质素材|无价格,,
2026-10-06,14319046045,CH-SC-低活-10140917922437-超级抢购-家庭清洁-无-剪辑-转化引导-家庭清洁-20260820-无-625-aigc-13,0.12,6,0,0.00,0.00,0.00,平台AI测试/视频/一组智能体|平台一组AIGC|心如|快手重复素材|快手非低质素材|福利价|腾讯首发素材,,
2026-10-06,13916302821,CH-SC-低活-10140917922437-超级抢购-家庭清洁-无-剪辑-转化引导-家庭清洁-20260715-无-625-aigc-12,0.11,10,0,0.00,0.00,0.00,平台一组AIGC|心如|快手重复素材|快手非低质素材|无价格|腾讯首发素材,,
2026-10-06,14516461327,CH-SC-低活-10103917299332-超级抢购-厨具-无-剪辑-转化引导-厨具-20260911-无-625-6,0.11,7,0,0.00,0.00,0.00,心如|福利价,,
2026-10-06,13846397120,CH-SC-低活-10112643484929-超级抢购-手机通讯-无-剪辑-转化引导-手机通讯-20260708-无-625-aigc-2,0.11,32,2,0.00,0.00,6.25,DHX扒起量0706|平台一组AIGC|心如|快手重复素材|快手非低质素材|福利价|腾讯首发素材,,
2026-10-06,14516456146,CH-SC-低活-10103917299332-超级抢购-厨具-无-剪辑-转化引导-厨具-20260911-无-625-19,0.11,3,0,0.00,0.00,0.00,心如|福利价,,
2026-10-06,13873209822,CH-SC-低活-10113209119177-超级抢购-电动车-无-剪辑-转化引导-电动车-20260709-无-625-2,0.11,2,0,0.00,0.00,0.00,心如|快手重复素材|快手非低质素材|福利价|腾讯首发素材,,
2026-10-06,14309750869,信息流-小牛-雨伞-三方主体-代运营-新人福利价-260828-10113643996701-大盘扒改-625-17,0.11,36,0,0.00,0.00,0.00,原生|大盘扒改|平台一组AIGC|福利价/无价格,,
2026-10-06,14377794670,信息流-小牛-推车置物架-三方主体-代运营-新人福利价-260903-10095828488136-大盘实时跑量-625-20,0.11,3,0,0.00,0.00,0.00,原生|福利价/无价格,,
2026-10-06,14516462209,CH-SC-低活-10103917299332-超级抢购-厨具-无-剪辑-转化引导-厨具-20260911-无-625-3,0.11,6,0,0.00,0.00,0.00,心如|福利价,,
2026-10-06,14408021121,CH-SC-广义新-10129955889557-新综合频道-厨具-京喜拉新-剪辑-转化引导-厨具-260904-反向-625-5,0.10,16,3,0.00,0.00,18.75,无价格,,
2026-10-06,14318987854,CH-SC-广义新-10118706992345-新综合频道-纸品 -京喜拉新-剪辑-转化引导-纸品 -260827-无-625-aigc-2,0.10,32,0,0.00,0.00,0.00,平台一组AIGC|快手重复素材|快手非低质素材|腾讯首发素材,,
2026-10-06,14422159149,信息流-小牛-骑行支架-三方主体-代运营-新人福利价-260908-10139440032542-历史爆品-625-32,0.10,6,1,0.00,0.00,16.67,福利价/无价格|考古加素材混剪,,
2026-10-06,14407837180,CH-SC-低活-10233823947947-超级抢购-生活日用-无-剪辑-转化引导-生活日用-260902-无-625-白牌-22,0.10,11,0,0.00,0.00,0.00,0820白牌|福利价,,
2026-10-06,13846337923,CH-SC-低活-10113209119177-超级抢购-电动车-无-剪辑-转化引导-电动车-20260708-无-625-5,0.10,8,0,0.00,0.00,0.00,平台一组AIGC|心如|快手原创素材|快手非低质素材|福利价|腾讯首发素材,,
2026-10-06,14228317473,CH-SC-广义新-10217740550325-新综合频道-箱包皮具-京喜拉新-剪辑-转化引导-箱包皮具-20260818-无-625-aigc-12,0.10,96,0,0.00,0.00,0.00,平台一组AIGC|快手原创素材|快手非低质素材|腾讯首发素材,,
2026-10-06,14318995163,CH-SC-广义新-10118706992345-新综合频道-纸品 -京喜拉新-剪辑-转化引导-纸品 -260827-无-625-aigc-34,0.10,8,3,0.00,0.00,37.50,平台一组AIGC|快手重复素材|快手非低质素材|腾讯首发素材,,
2026-10-06,14166680810,信息流-小牛-五香花生-三方主体-代运营-新人福利价-0814-10150360358365-大盘实时跑量-625-28,0.10,15,3,0.00,0.00,20.00,福利价/无价格|考古加素材混剪,,
2026-10-06,14553576159,CH-SC-广义新-10118706992345-新综合频道-纸品 -京喜拉新-剪辑-转化引导-纸品 -260918-无-625-aigc-启动-7,0.10,19,4,0.00,0.00,21.05,,,
2026-10-06,14562121783,CH-PRJ-采销项目-无-快手-无-无-剪辑-转化引导-无-260915-无-625-10,0.10,1,1,0.10,1.00,100.00,,,
2026-10-06,14497643428,CH-SC-广义新-10146456039187-新综合频道-纸品-京喜拉新-剪辑-转化引导-纸品-260910-无-625-aigc-1,0.10,7,0,0.00,0.00,0.00,快手原创素材|快手非低质素材,,
2026-10-06,14422251466,信息流-小牛-真空袋-三方主体-代运营-新人福利价-260908-10212584519594-内部实时跑量-625-47,0.10,7,1,0.00,0.00,14.29,福利价/无价格|考古加素材混剪,,
2026-10-06,14529788972,信息流-小牛-停车号码牌-三方主体-代运营-新人福利价-260917-10203964359828-内部实时跑量-625-34,0.09,5,0,0.00,0.00,0.00,,,
2026-10-06,14274404545,CH-SC-广义新-10136363822650-新综合频道-纸品-京喜拉新-剪辑-转化引导-纸品-20260804-无-625-aigc-30,0.09,26,7,0.00,0.00,26.92,平台一组AIGC|快手重复素材|快手非低质素材,,
2026-10-06,14631564997,CH-SC-低活-10100542418506-超级抢购-生活日用-无-剪辑-转化引导-生活日用-260921-无-625-头条储备-12,0.09,5,0,0.00,0.00,0.00,,,
2026-10-06,14516316097,CH-SC-低活-10176978592631-超级抢购-家具-无-剪辑-转化引导-家具-260915-无-625-23,0.09,2,0,0.00,0.00,0.00,心如|福利价,,
2026-10-06,14166706097,信息流-小牛-五香花生-三方主体-代运营-新人福利价-0814-10150360358365-大盘实时跑量-625-2,0.09,45,0,0.00,0.00,0.00,福利价/无价格|考古加素材混剪,,
2026-10-06,14631519385,CH-SC-低活-10139440032542-超级抢购-运动户外-无-剪辑-转化引导-运动户外-260927-无-625-头条储备-85,0.09,5,0,0.00,0.00,0.00,,,
2026-10-06,14516518345,CH-SC-低活-10113209119177-超级抢购-电动车-无-剪辑-转化引导-电动车-260907-无-625-8,0.09,2,0,0.00,0.00,0.00,心如|福利价,,
2026-10-06,14372742082,信息流-小牛-旋转支架-三方主体-代运营-新人福利价-260903-10112643484929-内部实时跑量-625-9,0.09,17,0,0.00,0.00,0.00,原生|福利价/无价格|考古加素材混剪,,
2026-10-06,14554169814,CH-SC-低活-10096167203452-超级抢购-纸品-大商超-剪辑-转化引导-纸品-260917-无-625-16,0.09,37,27,0.00,0.00,72.97,,,
2026-10-06,14369418581,信息流-小牛-菜板-三方主体-代运营-新人福利价-260903-10155000015319-内部实时跑量-625-3,0.08,26,1,0.00,0.00,3.85,原生|快手原创素材|快手非低质素材|福利价/无价格,,
2026-10-06,14422161460,信息流-小牛-骑行支架-三方主体-代运营-新人福利价-260908-10139440032542-历史爆品-625-3,0.08,2,0,0.00,0.00,0.00,头条优质素材|福利价/无价格|考古加素材混剪,,
2026-10-06,14631527392,CH-SC-低活-10100542418506-超级抢购-生活日用-无-剪辑-转化引导-生活日用-260921-无-625-头条储备-aigc-14,0.08,20,0,0.00,0.00,0.00,,,
2026-10-06,14309679637,信息流-小牛-围裙-三方主体-代运营-新人福利价-260827-10117891615029-设计自选-625-58,0.08,13,0,0.00,0.00,0.00,平台一组AIGC|福利价/无价格|考古加素材混剪,,
2026-10-06,14643134586,信息流-小牛-咸鸭蛋-三方主体-代运营-新人福利价-260909-10172188378015-内部实时跑量-625-头条储备-9,0.08,6,0,0.00,0.00,0.00,,,
2026-10-06,14488317553,信息流-小牛-大月饼-三方主体-代运营-新人福利价-260914-10163022037983-内部实时跑量-625-24,0.08,4,0,0.00,0.00,0.00,福利价/无价格|考古加素材混剪,,
2026-10-06,14049462509,CH-SC-低活-10154095391500-超级抢购-手机通讯-无-剪辑-转化引导-手机通讯-20260730-无-625-8,0.08,6,0,0.00,0.00,0.00,心如|快手重复素材|快手非低质素材|福利价|腾讯首发素材,,
2026-10-06,13916303411,CH-SC-低活-10140917922437-超级抢购-家庭清洁-无-剪辑-转化引导-家庭清洁-20260715-无-625-aigc-14,0.08,11,0,0.00,0.00,0.00,平台一组AIGC|心如|快手重复素材|快手非低质素材|无价格|腾讯首发素材,,
2026-10-06,14516454833,CH-SC-低活-10103917299332-超级抢购-厨具-无-剪辑-转化引导-厨具-20260911-无-625-22,0.08,2,0,0.00,0.00,0.00,心如|福利价,,
2026-10-06,14516406763,CH-SC-低活-10176978592631-超级抢购-家具-无-剪辑-转化引导-家具-260915-无-625-6,0.08,6,0,0.00,0.00,0.00,心如|福利价,,
2026-10-06,14319000215,CH-SC-广义新-10118706992345-新综合频道-纸品 -京喜拉新-剪辑-转化引导-纸品 -260827-无-625-aigc-25,0.08,14,8,0.00,0.00,57.14,平台AI测试/视频/一组智能体|平台一组AIGC|快手重复素材|快手非低质素材,,
2026-10-06,14377766423,信息流-小牛-推车置物架-三方主体-代运营-新人福利价-260903-10095828488136-大盘实时跑量-625-大字报-5,0.07,0,0,0.00,0.00,0.00,大字报|福利价/无价格,,
2026-10-06,13846344785,CH-SC-低活-10113209119177-超级抢购-电动车-无-剪辑-转化引导-电动车-20260708-无-625-11,0.07,5,0,0.00,0.00,0.00,平台一组AIGC|心如|福利价|腾讯首发素材,,
2026-10-06,14516518803,CH-SC-低活-10113209119177-超级抢购-电动车-无-剪辑-转化引导-电动车-260907-无-625-10,0.07,1,0,0.00,0.00,0.00,心如|福利价,,
2026-10-06,14631525434,CH-SC-低活-10100542418506-超级抢购-生活日用-无-剪辑-转化引导-生活日用-260927-无-625-头条储备-aigc-72,0.07,5,0,0.00,0.00,0.00,,,
2026-10-06,14422261609,信息流-小牛-真空袋-三方主体-代运营-新人福利价-260908-10212584519594-内部实时跑量-625-37,0.07,15,0,0.00,0.00,0.00,福利价/无价格|考古加素材混剪,,
2026-10-06,14643139600,信息流-小牛-咸鸭蛋-三方主体-代运营-新人福利价-260909-10172188378015-内部实时跑量-625-头条储备-24,0.07,11,2,0.00,0.00,18.18,,,
2026-10-06,14319047345,CH-SC-广义新-10118706992345-新综合频道-纸品 -京喜拉新-剪辑-转化引导-纸品 -260827-无-625-aigc-10,0.07,12,0,0.00,0.00,0.00,平台一组AIGC|快手原创素材|快手非低质素材|腾讯首发素材,,
2026-10-06,13341769458,CH-SC-广义新-10219841541026-新综合频道-厨具-京喜拉新-剪辑-转化引导-厨具-20260520-反向-625-15,0.07,30,0,0.00,0.00,0.00,广义新头条|心如|快手重复素材|快手非低质素材|无价格|腾讯首发素材,,
2026-10-06,14318978964,CH-SC-广义新-10128848312108-新综合频道-厨具-京喜拉新-剪辑-转化引导-厨具-260827-无-625-aigc-13,0.06,5,0,0.00,0.00,0.00,平台一组AIGC|无价格,,
2026-10-06,14463284742,CH-SC-广义新-10233824843150-新综合频道-收纳用品-京喜拉新-剪辑-转化引导-收纳用品-260908-反向-625-bdb-6,0.06,2,0,0.00,0.00,0.00,心如|无价格,,
2026-10-06,14318980145,CH-SC-广义新-10146456039187-新综合频道-纸品-京喜拉新-剪辑-转化引导-纸品-260827-无-625-aigc-9,0.06,10,3,0.00,0.00,30.00,平台一组AIGC|快手重复素材|快手非低质素材,,
2026-10-06,14554164772,CH-SC-低活-10096167203452-超级抢购-纸品-大商超-剪辑-转化引导-纸品-260917-无-625-12,0.06,13,12,0.00,0.00,92.31,,,
2026-10-06,14247664117,信息流-小牛-旋转手机支架-三方主体-代运营-新人福利价-0821-10112643484929-内部实时跑量-625-21,0.06,9,1,0.00,0.00,11.11,有米云素材混剪|福利价/无价格|腾讯首发素材,,
2026-10-06,14516476619,CH-SC-低活-10233824843150-超级抢购-收纳用品-无-剪辑-转化引导-收纳用品-260907-无-625-86,0.06,6,0,0.00,0.00,0.00,心如|福利价,,
2026-10-06,14309678755,信息流-小牛-围裙-三方主体-代运营-新人福利价-260827-10117891615029-设计自选-625-59,0.06,9,0,0.00,0.00,0.00,平台一组AIGC|福利价/无价格|考古加素材混剪,,
2026-10-06,14318984419,CH-SC-广义新-10146456039187-新综合频道-纸品-京喜拉新-剪辑-转化引导-纸品-260827-无-625-aigc-15,0.06,2,0,0.00,0.00,0.00,平台AI测试/视频/一组智能体|平台一组AIGC|快手重复素材|快手非低质素材,,
2026-10-06,14643141004,信息流-小牛-咸鸭蛋-三方主体-代运营-新人福利价-260909-10172188378015-内部实时跑量-625-头条储备-15,0.06,9,0,0.00,0.00,0.00,,,
2026-10-06,13603329865,CH-SC-广义新-10139440032542-新综合频道-运动户外-京喜拉新-剪辑-转化引导-运动户外-20260617-无-625-aigc10,0.06,7,0,0.00,0.00,0.00,平台一组AIGC|快手原创素材|快手非低质素材,,
2026-10-06,14516515890,CH-SC-低活-10113209119177-超级抢购-电动车-无-剪辑-转化引导-电动车-260907-无-625-15,0.06,5,0,0.00,0.00,0.00,心如|福利价,,
2026-10-06,13836044901,CH-SC-低活-10118706992345-超级抢购-纸品-无-剪辑-转化引导-纸品-20260702-无-625-aigc-5,0.05,12,1,0.00,0.00,8.33,平台一组AIGC|心如|快手重复素材|快手非低质素材|福利价|腾讯首发素材,,
2026-10-06,14444507027,信息流-小牛-陶瓷碗-三方主体-代运营-新人1分钱-260910-10129451028601-商务选品-625-41,0.05,47,2,0.00,0.00,4.26,快手原创素材|快手非低质素材|福利价/无价格,,
2026-10-06,13846312909,CH-SC-低活-10140917922437-超级抢购-家庭清洁-无-剪辑-转化引导-家庭清洁-20260708-无-625-aigc-14,0.05,7,0,0.00,0.00,0.00,平台一组AIGC|心如|快手重复素材|快手非低质素材|福利价|腾讯首发素材,,
2026-10-06,14486283956,信息流-小牛-毛毯-三方主体-代运营-新人福利价-260914-10146450179286-商务选品-625-24,0.05,6,0,0.00,0.00,0.00,快手原创素材|快手非低质素材|福利价/无价格,,
2026-10-06,14319050231,CH-SC-广义新-10128848312108-新综合频道-厨具-京喜拉新-剪辑-转化引导-厨具-260827-无-625-aigc-3,0.05,5,0,0.00,0.00,0.00,平台一组AIGC|无价格,,
2026-10-06,14488326502,信息流-小牛-大月饼-三方主体-代运营-新人福利价-260914-10163022037983-内部实时跑量-625-20,0.05,1,0,0.00,0.00,0.00,福利价/无价格|考古加素材混剪,,
2026-10-06,14643135873,信息流-小牛-咸鸭蛋-三方主体-代运营-新人福利价-260909-10172188378015-内部实时跑量-625-头条储备-45,0.05,1,0,0.00,0.00,0.00,,,
2026-10-06,14488259252,信息流-小牛-大月饼-三方主体-代运营-新人福利价-260914-10163022037983-内部实时跑量-625-aigc-8,0.05,7,0,0.00,0.00,0.00,福利价/无价格|考古加素材混剪,,
2026-10-06,14369410337,信息流-小牛-菜板-三方主体-代运营-新人福利价-260903-10155000015319-内部实时跑量-625-13,0.05,1,0,0.00,0.00,0.00,原生|快手原创素材|快手非低质素材|福利价/无价格,,
2026-10-06,14372718363,信息流-小牛-旋转支架-三方主体-代运营-新人福利价-260903-10112643484929-内部实时跑量-625-37,0.05,10,0,0.00,0.00,0.00,原生|福利价/无价格|考古加素材混剪,,
2026-10-06,14369420506,信息流-小牛-菜板-三方主体-代运营-新人福利价-260903-10155000015319-内部实时跑量-625-4,0.05,2,0,0.00,0.00,0.00,原生|快手原创素材|快手非低质素材|福利价/无价格,,
2026-10-06,14631513843,CH-SC-低活-10217740550325-超级抢购-箱包皮具-无-剪辑-转化引导-箱包皮具-260921-无-625-头条储备-aigc-32,0.05,4,0,0.00,0.00,0.00,,,
2026-10-06,14247658864,信息流-小牛-旋转手机支架-三方主体-代运营-新人福利价-0821-10112643484929-内部实时跑量-625-3,0.05,25,0,0.00,0.00,0.00,有米云素材混剪|福利价/无价格|腾讯首发素材,,
2026-10-06,14631527390,CH-SC-低活-10100542418506-超级抢购-生活日用-无-剪辑-转化引导-生活日用-260921-无-625-头条储备-8,0.05,6,0,0.00,0.00,0.00,,,
2026-10-06,13341768699,CH-SC-广义新-10219841541026-新综合频道-厨具-京喜拉新-剪辑-转化引导-厨具-20260520-反向-625-14,0.05,4,0,0.00,0.00,0.00,广义新头条|心如|快手重复素材|快手非低质素材|搬运打压素材|无价格|腾讯首发素材,,
2026-10-06,14217119687,CH-SC-广义新-10140917922437-新综合频道-家庭清洁-京喜拉新-剪辑-转化引导-家庭清洁-20260813-无-625-aigc-15,0.05,52,0,0.00,0.00,0.00,平台一组AIGC|快手原创素材|快手非低质素材|无价格|腾讯首发素材,,
2026-10-06,13916494785,CH-SC-广义新-10040988734451-新10元话费券-无-无-剪辑-转化引导-无-20260715-无-625-14,0.05,10,0,0.00,0.00,0.00,快手原创素材|快手非低质素材,,
2026-10-06,14516462997,CH-SC-低活-10103917299332-超级抢购-厨具-无-剪辑-转化引导-厨具-20260911-无-625-8,0.04,6,1,0.00,0.00,16.67,心如|福利价,,
2026-10-06,14050167123,CH-SC-广义新-10136363822650-新综合频道-纸品-京喜拉新-剪辑-转化引导-纸品-20260728-无-625-9,0.04,6,3,0.00,0.00,50.00,广义新头条|心如|快手重复素材|快手非低质素材|腾讯首发素材,,
2026-10-06,14554247510,CH-SC-低活-10140917922437-超级抢购-家庭清洁-无-剪辑-转化引导-家庭清洁-20260918-无-625-aigc-启动-9,0.04,5,0,0.00,0.00,0.00,,,
2026-10-06,14631514190,CH-SC-低活-10217740550325-超级抢购-箱包皮具-无-剪辑-转化引导-箱包皮具-260921-无-625-头条储备-aigc-19,0.04,1,0,0.00,0.00,0.00,,,
2026-10-06,14422275173,信息流-小牛-真空袋-三方主体-代运营-新人福利价-260908-10212584519594-内部实时跑量-625-19,0.04,4,0,0.00,0.00,0.00,福利价/无价格|考古加素材混剪,,
2026-10-06,14516510742,CH-SC-低活-10113209119177-超级抢购-电动车-无-剪辑-转化引导-电动车-260907-无-625-2,0.04,2,0,0.00,0.00,0.00,心如|福利价,,
2026-10-06,13776589156,CH-SC-广义新-10177393646076-新综合频道-灯饰照明-京喜拉新-剪辑-转化引导-灯饰照明-20260702-反向-625-aigc-9,0.04,5,0,0.00,0.00,0.00,平台一组AIGC|快手原创素材|快手非低质素材|无价格|福利价/无价格,,
2026-10-06,14372713690,信息流-小牛-旋转支架-三方主体-代运营-新人福利价-260903-10112643484929-内部实时跑量-625-42,0.04,10,0,0.00,0.00,0.00,原生|福利价/无价格|考古加素材混剪,,
2026-10-06,13144592868,荣耀-XN-金融-通用-引导下载-混剪-纯AIGC-260423-625-3,0.04,10,0,0.00,0.00,0.00,,,
2026-10-06,14274420138,CH-SC-广义新-10136363822650-新综合频道-纸品-京喜拉新-剪辑-转化引导-纸品-20260804-无-625-aigc-22,0.04,7,1,0.00,0.00,14.29,平台一组AIGC|快手重复素材|快手非低质素材|腾讯首发素材,,
2026-10-06,14643135812,信息流-小牛-咸鸭蛋-三方主体-代运营-新人福利价-260909-10172188378015-内部实时跑量-625-头条储备-47,0.04,11,0,0.00,0.00,0.00,,,
2026-10-06,14247654426,信息流-小牛-旋转手机支架-三方主体-代运营-新人福利价-0821-10112643484929-内部实时跑量-625-5,0.04,4,0,0.00,0.00,0.00,有米云素材混剪|福利价/无价格|腾讯首发素材,,
2026-10-06,14643139879,信息流-小牛-咸鸭蛋-三方主体-代运营-新人福利价-260909-10172188378015-内部实时跑量-625-头条储备-23,0.04,8,1,0.00,0.00,12.50,,,
2026-10-06,13486882714,CH-SC-广义新-无-新10元话费券-10元话费券-京喜拉新-剪辑-转化引导-10元话费券-20260605-无-625-25,0.04,5,0,0.00,0.00,0.00,快手重复素材|快手非低质素材,,
2026-10-06,14488240838,信息流-小牛-大月饼-三方主体-代运营-新人福利价-260914-10163022037983-内部实时跑量-625-1,0.04,9,1,0.00,0.00,11.11,福利价/无价格|考古加素材混剪,,
2026-10-06,14422197698,信息流-小牛-小蜜桃-三方主体-代运营-新人福利价-260908-10231541696811 -深海货盘-625-46,0.04,7,0,0.00,0.00,0.00,福利价/无价格|考古加素材混剪,,
2026-10-06,14516461646,CH-SC-低活-10103917299332-超级抢购-厨具-无-剪辑-转化引导-厨具-20260911-无-625-5,0.04,3,0,0.00,0.00,0.00,心如|福利价,,
2026-10-06,14553575477,CH-SC-广义新-10118706992345-新综合频道-纸品 -京喜拉新-剪辑-转化引导-纸品 -260918-无-625-aigc-启动-9,0.04,7,3,0.00,0.00,42.86,,,
2026-10-06,14516408964,CH-SC-低活-10176978592631-超级抢购-家具-无-剪辑-转化引导-家具-260915-无-625-5,0.04,1,1,0.00,0.00,100.00,心如|福利价,,
2026-10-06,13988881818,CH-SC-低活-10217740550325-超级抢购-箱包皮具-无-剪辑-转化引导-箱包皮具-20260720-无-625-aigc-2,0.03,2,0,0.00,0.00,0.00,平台一组AIGC|心如|快手重复素材|快手非低质素材|福利价|腾讯首发素材,,
2026-10-06,14197473065,CH-SC-低活-10166301474829-超级抢购-厨具-无-剪辑-转化引导-厨具-20260811-无-625-aigc-8,0.03,2,0,0.00,0.00,0.00,平台一组AIGC|心如|福利价|腾讯首发素材,,
2026-10-06,14309416979,信息流-小牛-飘逸杯-三方主体-代运营-新人福利价-260827-10110757613709-内部实时跑量-625-aigc-44,0.03,14,0,0.00,0.00,0.00,平台一组AIGC,,
2026-10-06,14374695332,信息流-小牛-苹果-三方主体-代运营-新人福利价-260903-10186710590960-历史爆品-625-30,0.03,7,0,0.00,0.00,0.00,原生|福利价/无价格|考古加素材混剪,,
2026-10-06,14554229651,CH-SC-低活-10140917922437-超级抢购-家庭清洁-无-剪辑-转化引导-家庭清洁-20260918-无-625-aigc-3,0.03,5,0,0.00,0.00,0.00,,,
2026-10-06,14631512171,CH-SC-低活-10217740550325-超级抢购-箱包皮具-无-剪辑-转化引导-箱包皮具-260921-无-625-头条储备-aigc-47,0.03,4,0,0.00,0.00,0.00,,,
2026-10-06,14444498349,信息流-小牛-陶瓷碗-三方主体-代运营-新人1分钱-260910-10129451028601-商务选品-625-45,0.03,4,0,0.00,0.00,0.00,快手原创素材|快手非低质素材|福利价/无价格,,
2026-10-06,14309350700,信息流-小牛-工具箱-三方主体-代运营-新人福利价-260827-10114015186364-内部实时跑量-625-aigc-3,0.03,6,0,0.00,0.00,0.00,平台一组AIGC|福利价/无价格|考古加素材混剪,,
2026-10-06,14383822012,CH-SC-低活-10129955889557-超级抢购-厨具-无-剪辑-转化引导-厨具-260901-无-625-9,0.03,3,0,0.00,0.00,0.00,福利价,,
2026-10-06,14444443145,信息流-小牛-陶瓷碗-三方主体-代运营-新人1分钱-260910-10129451028601-商务选品-625-21,0.03,54,0,0.00,0.00,0.00,福利价/无价格,,
2026-10-06,14369370265,信息流-小牛-菜板-三方主体-代运营-新人福利价-260903-10155000015319-内部实时跑量-625-35,0.03,1,0,0.00,0.00,0.00,原生|快手原创素材|快手非低质素材|福利价/无价格,,
2026-10-06,14562123726,CH-PRJ-采销项目-无-快手-无-无-剪辑-转化引导-无-260915-无-625-9,0.03,1,0,0.00,0.00,0.00,,,
2026-10-06,14516458206,CH-SC-低活-10103917299332-超级抢购-厨具-无-剪辑-转化引导-厨具-20260911-无-625-14,0.03,3,0,0.00,0.00,0.00,心如|福利价,,
2026-10-06,14516503592,CH-SC-低活-10233824843150-超级抢购-收纳用品-无-剪辑-转化引导-收纳用品-260907-无-625-16,0.03,4,0,0.00,0.00,0.00,心如|福利价,,
2026-10-06,14562134727,CH-PRJ-采销项目-无-快手-无-无-剪辑-转化引导-无-260911-无-625-11,0.03,2,1,0.00,0.00,50.00,,,
2026-10-06,14488278413,信息流-小牛-大月饼-三方主体-代运营-新人福利价-260914-10163022037983-内部实时跑量-625-45,0.03,1,0,0.00,0.00,0.00,福利价/无价格|考古加素材混剪,,
2026-10-06,14049380620,CH-SC-低活-10178946597305-超级抢购-厨具-无-剪辑-转化引导-厨具-20260728-无-625-aigc-5,0.03,1,0,0.00,0.00,0.00,平台一组AIGC|心如|快手重复素材|快手非低质素材|福利价|腾讯首发素材,,
2026-10-06,14444462864,信息流-小牛-陶瓷碗-三方主体-代运营-新人1分钱-260910-10129451028601-商务选品-625-6,0.03,37,0,0.00,0.00,0.00,搬运打压素材|福利价/无价格,,
2026-10-06,14274417556,CH-SC-广义新-10136363822650-新综合频道-纸品-京喜拉新-剪辑-转化引导-纸品-20260804-无-625-aigc-18,0.03,1,0,0.00,0.00,0.00,平台一组AIGC|快手重复素材|快手非低质素材,,
2026-10-06,14444454425,信息流-小牛-陶瓷碗-三方主体-代运营-新人1分钱-260910-10129451028601-商务选品-625-9,0.03,61,0,0.00,0.00,0.00,福利价/无价格,,
2026-10-06,14631530295,CH-SC-广义新-10134706997811-新综合频道-手机通讯-京喜拉新-剪辑-转化引导-手机通讯-20260921-反向-625-头条储备-aigc-28,0.03,28,0,0.00,0.00,0.00,,,
2026-10-06,14228328089,CH-SC-广义新-10217740550325-新综合频道-箱包皮具-京喜拉新-剪辑-转化引导-箱包皮具-20260818-无-625-aigc-7,0.03,32,0,0.00,0.00,0.00,平台一组AIGC|快手原创素材|快手非低质素材,,
2026-10-06,14319007791,CH-SC-广义新-10118706992345-新综合频道-纸品 -京喜拉新-剪辑-转化引导-纸品 -260827-无-625-aigc-15,0.03,6,1,0.00,0.00,16.67,平台一组AIGC|快手原创素材|快手非低质素材|腾讯首发素材,,
2026-10-06,14422220976,信息流-小牛-小蜜桃-三方主体-代运营-新人福利价-260908-10231541696811 -深海货盘-625-11,0.03,21,0,0.00,0.00,0.00,福利价/无价格|考古加素材混剪,,
2026-10-06,14238352803,信息流-小牛-打火机-三方主体-代运营-新人福利价-0820-10162692688878-内部实时跑量-625-11,0.03,6,1,0.00,0.00,16.67,有米云素材混剪|福利价/无价格|腾讯首发素材,,
2026-10-06,13881551454,CH-SC-广义新-10177393646076-新综合频道-灯饰照明-京喜拉新-剪辑-转化引导-灯饰照明-20260715-无-625-9,0.02,5,0,0.00,0.00,0.00,广义新头条|快手重复素材|快手非低质素材|腾讯首发素材,,
2026-10-06,14444501631,信息流-小牛-陶瓷碗-三方主体-代运营-新人1分钱-260910-10129451028601-商务选品-625-44,0.02,4,0,0.00,0.00,0.00,快手原创素材|快手非低质素材|福利价/无价格,,
2026-10-06,14643139522,信息流-小牛-咸鸭蛋-三方主体-代运营-新人福利价-260909-10172188378015-内部实时跑量-625-头条储备-22,0.02,2,0,0.00,0.00,0.00,,,
2026-10-06,14422216553,信息流-小牛-小蜜桃-三方主体-代运营-新人福利价-260908-10231541696811 -深海货盘-625-19,0.02,1,0,0.00,0.00,0.00,福利价/无价格|考古加素材混剪,,
2026-10-06,14319041746,CH-SC-低活-10140917922437-超级抢购-家庭清洁-无-剪辑-转化引导-家庭清洁-20260820-无-625-aigc-4,0.02,3,0,0.00,0.00,0.00,平台AI测试/视频/一组智能体|平台一组AIGC|心如|快手原创素材|快手非低质素材|福利价,,
2026-10-06,13873247401,CH-SC-低活-10217740550325-超级抢购-箱包皮具-无-剪辑-转化引导-箱包皮具-20260713-无-625-aigc-1,0.02,3,0,0.00,0.00,0.00,平台一组AIGC|心如|快手重复素材|快手非低质素材|福利价|腾讯首发素材,,
2026-10-06,14535536280,信息流-小牛-打火机-三方主体-代运营-新人福利价-260918-10162692688878-内部实时跑量-625-27,0.02,4,0,0.00,0.00,0.00,,,
2026-10-06,14488288795,信息流-小牛-大月饼-三方主体-代运营-新人福利价-260914-10163022037983-内部实时跑量-625-39,0.02,12,0,0.00,0.00,0.00,福利价/无价格|考古加素材混剪,,
2026-10-06,14217103058,CH-SC-广义新-10140917922437-新综合频道-家庭清洁-京喜拉新-剪辑-转化引导-家庭清洁-20260813-无-625-aigc-8,0.02,5,0,0.00,0.00,0.00,平台一组AIGC|快手原创素材|快手非低质素材|无价格|腾讯首发素材,,
2026-10-06,14643138384,信息流-小牛-咸鸭蛋-三方主体-代运营-新人福利价-260909-10172188378015-内部实时跑量-625-头条储备-33,0.02,3,1,0.00,0.00,33.33,,,
2026-10-06,14554165694,CH-SC-低活-10096167203452-超级抢购-纸品-大商超-剪辑-转化引导-纸品-260917-无-625-110,0.02,9,3,0.00,0.00,33.33,,,
2026-10-06,14444439327,信息流-小牛-陶瓷碗-三方主体-代运营-新人1分钱-260910-10129451028601-商务选品-625-25,0.02,28,0,0.00,0.00,0.00,福利价/无价格,,
2026-10-06,14516507372,CH-SC-低活-10233824843150-超级抢购-收纳用品-无-剪辑-转化引导-收纳用品-260907-无-625-8,0.02,2,0,0.00,0.00,0.00,心如|福利价,,
2026-10-06,14643137498,信息流-小牛-咸鸭蛋-三方主体-代运营-新人福利价-260909-10172188378015-内部实时跑量-625-头条储备-35,0.02,1,0,0.00,0.00,0.00,,,
2026-10-06,14318998704,CH-SC-广义新-10118706992345-新综合频道-纸品 -京喜拉新-剪辑-转化引导-纸品 -260827-无-625-aigc-26,0.02,10,0,0.00,0.00,0.00,平台AI测试/视频/一组智能体|平台一组AIGC|快手重复素材|快手非低质素材|腾讯首发素材,,
2026-10-06,14422153971,信息流-小牛-骑行支架-三方主体-代运营-新人福利价-260908-10139440032542-历史爆品-625-38,0.02,1,0,0.00,0.00,0.00,福利价/无价格|考古加素材混剪,,
2026-10-06,14247752216,CH-SC-广义新-1073108-新综合频道-水饮冲调-大商超-剪辑-转化引导-水饮冲调-20260820-无-625-aigc-12,0.02,11,1,0.00,0.00,9.09,平台一组AIGC|快手重复素材|快手非低质素材|腾讯首发素材,,
2026-10-06,14422176888,信息流-小牛-骑行支架-三方主体-代运营-新人福利价-260908-10139440032542-历史爆品-625-22,0.02,3,0,0.00,0.00,0.00,福利价/无价格|考古加素材混剪,,
2026-10-06,14319047049,CH-SC-广义新-10118706992345-新综合频道-纸品 -京喜拉新-剪辑-转化引导-纸品 -260827-无-625-aigc-11,0.02,4,0,0.00,0.00,0.00,平台一组AIGC|快手重复素材|快手非低质素材,,
2026-10-06,14309311774,信息流-小牛-工具箱-三方主体-代运营-新人福利价-260827-10114015186364-内部实时跑量-625-aigc-32,0.02,0,0,0.00,0.00,0.00,平台一组AIGC|福利价/无价格|考古加素材混剪,,
2026-10-06,14553575618,CH-SC-广义新-10118706992345-新综合频道-纸品 -京喜拉新-剪辑-转化引导-纸品 -260918-无-625-aigc-启动-8,0.02,5,1,0.00,0.00,20.00,,,
2026-10-06,13486880647,CH-SC-广义新-无-新10元话费券-10元话费券-京喜拉新-剪辑-转化引导-10元话费券-20260605-无-625-21,0.02,26,0,0.00,0.00,0.00,快手原创素材|快手非低质素材,,
2026-10-06,14407760645,CH-SC-广义新-10129955889557-新综合频道-厨具-京喜拉新-剪辑-转化引导-厨具-260904-反向-625-8,0.02,3,0,0.00,0.00,0.00,无价格,,
2026-10-06,14516502500,CH-SC-低活-10233824843150-超级抢购-收纳用品-无-剪辑-转化引导-收纳用品-260907-无-625-17,0.02,2,0,0.00,0.00,0.00,心如|福利价,,
2026-10-06,14050215407,CH-SC-广义新-10187000434970-新综合频道-厨具-京喜拉新-剪辑-转化引导-厨具-20260730-无-625-4,0.02,1,0,0.00,0.00,0.00,广义新头条|心如|快手重复素材|快手非低质素材|腾讯首发素材,,
2026-10-06,14422209680,信息流-小牛-小蜜桃-三方主体-代运营-新人福利价-260908-10231541696811 -深海货盘-625-29,0.02,7,1,0.00,0.00,14.29,福利价/无价格|考古加素材混剪,,
2026-10-06,14161859149,信息流-小牛-围裙-三方主体-代运营-新人福利价-0813-10117891615029-大盘实时跑量-625-3,0.02,5,1,0.02,1.00,20.00,福利价/无价格|考古加素材混剪,,
2026-10-06,14033672040,信息流-小牛-折叠椅-京东主体-代运营-新人福利价-0731-10183713190151-设计自选-625-7,0.02,1,0,0.00,0.00,0.00,福利价/无价格,,
2026-10-06,14444454433,信息流-小牛-陶瓷碗-三方主体-代运营-新人1分钱-260910-10129451028601-商务选品-625-8,0.02,49,3,0.00,0.00,6.12,福利价/无价格,,
2026-10-06,14643139928,信息流-小牛-咸鸭蛋-三方主体-代运营-新人福利价-260909-10172188378015-内部实时跑量-625-头条储备-20,0.02,7,0,0.00,0.00,0.00,,,
2026-10-06,14197433343,CH-SC-低活-10199184867564-外卖1分购-外卖美食-无-剪辑-转化引导-外卖美食-20260810-无-625-12,0.02,0,0,0.00,0.00,0.00,心如|福利价,,
2026-10-06,14372742341,信息流-小牛-旋转支架-三方主体-代运营-新人福利价-260903-10112643484929-内部实时跑量-625-10,0.02,2,0,0.00,0.00,0.00,原生|福利价/无价格|考古加素材混剪,,
2026-10-06,14299123370,CH-SC-广义新-10118706992345-新综合频道-纸品-京喜拉新-剪辑-转化引导-纸品-260826-无-625-10,0.02,21,0,0.00,0.00,0.00,平台一组AIGC|快手原创素材|快手非低质素材|腾讯首发素材,,
2026-10-06,13846012393,CH-SC-广义新-10140917922437-新综合频道-家庭清洁-京喜拉新-剪辑-转化引导-家庭清洁-20260710-无-625-aigc-6,0.02,22,0,0.00,0.00,0.00,平台一组AIGC|广义新头条|心如|快手原创素材|快手非低质素材|无价格|腾讯首发素材,,
2026-10-06,14228323303,CH-SC-广义新-10217740550325-新综合频道-箱包皮具-京喜拉新-剪辑-转化引导-箱包皮具-20260818-无-625-aigc-10,0.02,7,0,0.00,0.00,0.00,平台一组AIGC|快手重复素材|快手非低质素材|腾讯首发素材,,
2026-10-06,14318982972,CH-SC-广义新-10146456039187-新综合频道-纸品-京喜拉新-剪辑-转化引导-纸品-260827-无-625-aigc-4,0.02,1,1,0.00,0.00,100.00,平台AI测试/视频/一组智能体|平台一组AIGC|快手重复素材|快手非低质素材,,
2026-10-06,14488327968,信息流-小牛-大月饼-三方主体-代运营-新人福利价-260914-10163022037983-内部实时跑量-625-19,0.02,2,0,0.00,0.00,0.00,福利价/无价格|考古加素材混剪,,
2026-10-06,14319046606,CH-SC-低活-10140917922437-超级抢购-家庭清洁-无-剪辑-转化引导-家庭清洁-20260820-无-625-aigc-9,0.02,4,0,0.00,0.00,0.00,平台AI测试/视频/一组智能体|平台一组AIGC|心如|快手原创素材|快手非低质素材|福利价|腾讯首发素材,,
2026-10-06,14529786914,信息流-小牛-停车号码牌-三方主体-代运营-新人福利价-260917-10203964359828-内部实时跑量-625-33,0.02,1,0,0.00,0.00,0.00,,,
2026-10-06,14535566817,信息流-小牛-打火机-三方主体-代运营-新人福利价-260918-10162692688878-内部实时跑量-625-57,0.02,9,0,0.00,0.00,0.00,,,
2026-10-06,14247816351,CH-SC-低活-10120514417084-超级抢购-生鲜-无-剪辑-转化引导-生鲜-20260818-无-625-aigc-9,0.02,4,0,0.00,0.00,0.00,平台一组AIGC|腾讯首发素材,,
2026-10-06,14319041988,CH-SC-低活-10140917922437-超级抢购-家庭清洁-无-剪辑-转化引导-家庭清洁-20260820-无-625-aigc-2,0.02,9,0,0.00,0.00,0.00,平台AI测试/视频/一组智能体|平台一组AIGC|心如|快手原创素材|快手非低质素材|福利价,,
2026-10-06,14050222435,CH-SC-广义新-10187000434970-新综合频道-厨具-京喜拉新-剪辑-转化引导-厨具-20260730-无-625-15,0.02,5,1,0.00,0.00,20.00,广义新头条|心如|快手重复素材|快手非低质素材|腾讯首发素材,,
2026-10-06,14299119574,CH-SC-广义新-10118706992345-新综合频道-纸品-京喜拉新-剪辑-转化引导-纸品-260826-无-625-12,0.01,4,0,0.00,0.00,0.00,平台一组AIGC|快手原创素材|快手非低质素材|腾讯首发素材,,
2026-10-06,14422162495,信息流-小牛-骑行支架-三方主体-代运营-新人福利价-260908-10139440032542-历史爆品-625-31,0.01,1,0,0.00,0.00,0.00,福利价/无价格|考古加素材混剪,,
2026-10-06,14422180540,信息流-小牛-骑行支架-三方主体-代运营-新人福利价-260908-10139440032542-历史爆品-625-21,0.01,3,0,0.00,0.00,0.00,福利价/无价格|考古加素材混剪,,
2026-10-06,14319048430,CH-SC-广义新-10128848312108-新综合频道-厨具-京喜拉新-剪辑-转化引导-厨具-260827-无-625-aigc-9,0.01,1,0,0.00,0.00,0.00,平台一组AIGC|无价格,,
2026-10-06,14374678024,信息流-小牛-苹果-三方主体-代运营-新人福利价-260903-10186710590960-历史爆品-625-48,0.01,4,0,0.00,0.00,0.00,原生|福利价/无价格|考古加素材混剪,,
2026-10-06,13860551989,CH-SC-广义新-10162692688878-新综合频道-家用电器-京喜拉新-剪辑-转化引导-家用电器-20260713-无-625-aigc-6,0.01,2,0,0.00,0.00,0.00,平台一组AIGC|广义新头条|快手重复素材|快手非低质素材|无价格|腾讯首发素材,,
2026-10-06,14516331930,CH-SC-低活-10111392494770-超级抢购加补-收纳用品-无-剪辑-转化引导-收纳用品-20260911-无-625-39,0.01,1,0,0.00,0.00,0.00,心如,,
2026-10-06,14009876900,信息流-小牛-李子-京东主体-代运营-新人福利价-0729-10223570717754-设计自选-625-aigc-12,0.01,1,0,0.00,0.00,0.00,平台一组AIGC,,
2026-10-06,14383821478,CH-SC-低活-10129955889557-超级抢购-厨具-无-剪辑-转化引导-厨具-260901-无-625-14,0.01,1,0,0.00,0.00,0.00,福利价,,
2026-10-06,14516516314,CH-SC-低活-10113209119177-超级抢购-电动车-无-剪辑-转化引导-电动车-260907-无-625-14,0.01,0,0,0.00,0.00,0.00,心如|福利价,,
2026-10-06,14319001651,CH-SC-广义新-10118706992345-新综合频道-纸品 -京喜拉新-剪辑-转化引导-纸品 -260827-无-625-aigc-20,0.01,3,2,0.00,0.00,66.67,平台一组AIGC|快手重复素材|快手非低质素材|腾讯首发素材,,
2026-10-06,14631520852,CH-SC-低活-10139440032542-超级抢购-运动户外-无-剪辑-转化引导-运动户外-260927-无-625-头条储备-62,0.01,1,0,0.00,0.00,0.00,,,
2026-10-06,14318984455,CH-SC-广义新-10146456039187-新综合频道-纸品-京喜拉新-剪辑-转化引导-纸品-260827-无-625-aigc-16,0.01,9,0,0.00,0.00,0.00,平台AI测试/视频/一组智能体|平台一组AIGC|快手重复素材|快手非低质素材,,
2026-10-06,14488299649,信息流-小牛-大月饼-三方主体-代运营-新人福利价-260914-10163022037983-内部实时跑量-625-34,0.01,7,0,0.00,0.00,0.00,福利价/无价格|考古加素材混剪,,
2026-10-06,13873197666,CH-SC-低活-10140917922437-超级抢购-家庭清洁-无-剪辑-转化引导-家庭清洁-20260709-无-625-aigc-7,0.01,1,0,0.00,0.00,0.00,平台一组AIGC|心如|快手重复素材|快手非低质素材|福利价|腾讯首发素材,,
2026-10-06,14643140948,信息流-小牛-咸鸭蛋-三方主体-代运营-新人福利价-260909-10172188378015-内部实时跑量-625-头条储备-16,0.01,3,0,0.00,0.00,0.00,,,
2026-10-06,14422208734,信息流-小牛-小蜜桃-三方主体-代运营-新人福利价-260908-10231541696811 -深海货盘-625-30,0.01,2,0,0.00,0.00,0.00,福利价/无价格|考古加素材混剪,,
2026-10-06,14554232714,CH-SC-低活-10233824843150-超级抢购-收纳用品-无-剪辑-转化引导-收纳用品-260918-无-625-23,0.01,1,0,0.00,0.00,0.00,,,
2026-10-06,14631526756,CH-SC-低活-10100542418506-超级抢购-生活日用-无-剪辑-转化引导-生活日用-260927-无-625-头条储备-aigc-51,0.01,3,0,0.00,0.00,0.00,,,
2026-10-06,14309676636,信息流-小牛-电脑支架-三方主体-代运营-新人福利价-260827-10191489644462-大盘实扒改-625-1,0.01,0,0,0.00,0.00,0.00,平台一组AIGC|福利价/无价格|考古加素材混剪,,
2026-10-06,14516457592,CH-SC-低活-10103917299332-超级抢购-厨具-无-剪辑-转化引导-厨具-20260911-无-625-15,0.01,2,0,0.00,0.00,0.00,心如|福利价,,
2026-10-06,14422201284,信息流-小牛-小蜜桃-三方主体-代运营-新人福利价-260908-10231541696811 -深海货盘-625-40,0.01,1,0,0.00,0.00,0.00,福利价/无价格|考古加素材混剪,,
2026-10-06,14631519191,CH-SC-低活-10139440032542-超级抢购-运动户外-无-剪辑-转化引导-运动户外-260927-无-625-头条储备-90,0.01,1,0,0.00,0.00,0.00,,,
2026-10-06,14631528534,CH-SC-广义新-10134706997811-新综合频道-手机通讯-京喜拉新-剪辑-转化引导-手机通讯-20260921-反向-625-头条储备-aigc-64,0.01,4,0,0.00,0.00,0.00,,,
2026-10-06,14444521708,信息流-小牛-陶瓷碗-三方主体-代运营-新人1分钱-260910-10129451028601-商务选品-625-36,0.01,7,0,0.00,0.00,0.00,快手原创素材|快手非低质素材|福利价/无价格,,
2026-10-06,14529783719,信息流-小牛-停车号码牌-三方主体-代运营-新人福利价-260917-10203964359828-内部实时跑量-625-43,0.01,2,0,0.00,0.00,0.00,,,
2026-10-06,14529799195,信息流-小牛-停车号码牌-三方主体-代运营-新人福利价-260917-10203964359828-内部实时跑量-625-18,0.01,1,0,0.00,0.00,0.00,,,
2026-10-06,14318995241,CH-SC-广义新-10118706992345-新综合频道-纸品 -京喜拉新-剪辑-转化引导-纸品 -260827-无-625-aigc-35,0.01,2,0,0.00,0.00,0.00,平台一组AIGC|快手重复素材|快手非低质素材,,
2026-10-06,14274418399,CH-SC-广义新-10136363822650-新综合频道-纸品-京喜拉新-剪辑-转化引导-纸品-20260804-无-625-aigc-19,0.01,6,3,0.00,0.00,50.00,平台一组AIGC|快手重复素材|快手非低质素材,,
2026-10-06,13651815810,CH-SC-低活-10081585918372-超级抢购-家庭清洁纸品-无-剪辑-转化引导-家庭清洁纸品-20260623-无-625-aigc-15,0.01,2,0,0.00,0.00,0.00,平台一组AIGC|心如|快手重复素材|快手非低质素材|福利价|腾讯首发素材,,
2026-10-06,14309767971,信息流-小牛-雨伞-三方主体-代运营-新人福利价-260828-10113643996701-大盘扒改-625-77,0.01,1,0,0.00,0.00,0.00,原生|大盘扒改|平台一组AIGC|福利价/无价格,,
2026-10-06,13846013662,CH-SC-广义新-10140917922437-新综合频道-家庭清洁-京喜拉新-剪辑-转化引导-家庭清洁-20260710-无-625-aigc-8,0.01,8,0,0.00,0.00,0.00,平台一组AIGC|广义新头条|心如|快手重复素材|快手非低质素材|无价格|腾讯首发素材,,
2026-10-06,14299123224,CH-SC-广义新-10118706992345-新综合频道-纸品-京喜拉新-剪辑-转化引导-纸品-260826-无-625-11,0.01,11,0,0.00,0.00,0.00,平台一组AIGC|快手重复素材|快手非低质素材|腾讯首发素材,,
2026-10-06,14050214963,CH-SC-广义新-10187000434970-新综合频道-厨具-京喜拉新-剪辑-转化引导-厨具-20260730-无-625-6,0.01,9,0,0.00,0.00,0.00,广义新头条|心如|快手原创素材|快手非低质素材|腾讯首发素材,,
2026-10-06,14318985581,CH-SC-广义新-10146456039187-新综合频道-纸品-京喜拉新-剪辑-转化引导-纸品-260827-无-625-aigc-11,0.01,1,1,0.00,0.00,100.00,平台一组AIGC|快手重复素材|快手非低质素材,,
2026-10-06,13846012852,CH-SC-广义新-10140917922437-新综合频道-家庭清洁-京喜拉新-剪辑-转化引导-家庭清洁-20260710-无-625-aigc-7,0.01,12,0,0.00,0.00,0.00,平台一组AIGC|广义新头条|心如|快手重复素材|快手非低质素材|无价格|腾讯首发素材,,
2026-10-06,14318976227,CH-SC-广义新-10128848312108-新综合频道-厨具-京喜拉新-剪辑-转化引导-厨具-260827-无-625-aigc-18,0.01,3,0,0.00,0.00,0.00,平台一组AIGC|无价格,,
2026-10-06,14516311266,CH-SC-低活-10176978592631-超级抢购-家具-无-剪辑-转化引导-家具-260915-无-625-30,0.01,1,0,0.00,0.00,0.00,心如|福利价,,
2026-10-06,14383821230,CH-SC-低活-10129955889557-超级抢购-厨具-无-剪辑-转化引导-厨具-260901-无-625-18,0.01,1,0,0.00,0.00,0.00,福利价,,
2026-10-06,14488308940,信息流-小牛-大月饼-三方主体-代运营-新人福利价-260914-10163022037983-内部实时跑量-625-29,0.01,1,0,0.00,0.00,0.00,福利价/无价格|考古加素材混剪,,
2026-10-06,14407747277,CH-SC-广义新-10129955889557-新综合频道-厨具-京喜拉新-剪辑-转化引导-厨具-260904-反向-625-15,0.01,1,0,0.00,0.00,0.00,无价格,,
2026-10-06,14631525904,CH-SC-低活-10100542418506-超级抢购-生活日用-无-剪辑-转化引导-生活日用-260927-无-625-头条储备-aigc-65,0.01,1,0,0.00,0.00,0.00,,,
2026-10-06,14050220758,CH-SC-广义新-10187000434970-新综合频道-厨具-京喜拉新-剪辑-转化引导-厨具-20260730-无-625-11,0.01,5,0,0.00,0.00,0.00,广义新头条|心如|快手重复素材|快手非低质素材|腾讯首发素材,,
2026-10-06,14422200937,信息流-小牛-小蜜桃-三方主体-代运营-新人福利价-260908-10231541696811 -深海货盘-625-44,0.01,1,0,0.00,0.00,0.00,福利价/无价格|考古加素材混剪,,
2026-10-06,14488311102,信息流-小牛-大月饼-三方主体-代运营-新人福利价-260914-10163022037983-内部实时跑量-625-28,0.01,4,0,0.00,0.00,0.00,福利价/无价格|考古加素材混剪,,
2026-10-06,13846011708,CH-SC-广义新-10140917922437-新综合频道-家庭清洁-京喜拉新-剪辑-转化引导-家庭清洁-20260710-无-625-aigc-4,0.01,3,0,0.00,0.00,0.00,平台一组AIGC|广义新头条|心如|快手重复素材|快手非低质素材|无价格|腾讯首发素材,,
2026-10-06,14516500212,CH-SC-低活-10233824843150-超级抢购-收纳用品-无-剪辑-转化引导-收纳用品-260907-无-625-22,0.01,1,0,0.00,0.00,0.00,心如|福利价,,
2026-10-06,14643139158,信息流-小牛-咸鸭蛋-三方主体-代运营-新人福利价-260909-10172188378015-内部实时跑量-625-头条储备-27,0.01,1,0,0.00,0.00,0.00,,,
2026-10-06,14319002640,CH-SC-广义新-10118706992345-新综合频道-纸品 -京喜拉新-剪辑-转化引导-纸品 -260827-无-625-aigc-22,0.01,6,0,0.00,0.00,0.00,平台一组AIGC|快手重复素材|快手非低质素材|腾讯首发素材,,
2026-10-06,14383821066,CH-SC-低活-10129955889557-超级抢购-厨具-无-剪辑-转化引导-厨具-260901-无-625-2,0.01,2,0,0.00,0.00,0.00,福利价,,
2026-10-06,14631528792,CH-SC-广义新-10134706997811-新综合频道-手机通讯-京喜拉新-剪辑-转化引导-手机通讯-20260921-反向-625-头条储备-aigc-60,0.01,5,0,0.00,0.00,0.00,,,
2026-10-06,14444479040,信息流-小牛-陶瓷碗-三方主体-代运营-新人1分钱-260910-10129451028601-商务选品-625-54,0.01,12,0,0.00,0.00,0.00,福利价/无价格,,
2026-10-06,14444439611,信息流-小牛-陶瓷碗-三方主体-代运营-新人1分钱-260910-10129451028601-商务选品-625-26,0.01,18,0,0.00,0.00,0.00,福利价/无价格,,
2026-10-06,14228303003,CH-SC-广义新-10217740550325-新综合频道-箱包皮具-京喜拉新-剪辑-转化引导-箱包皮具-20260818-无-625-aigc-19,0.01,11,0,0.00,0.00,0.00,平台一组AIGC|快手重复素材|快手非低质素材|腾讯首发素材,,
2026-10-06,14444496607,信息流-小牛-陶瓷碗-三方主体-代运营-新人1分钱-260910-10129451028601-商务选品-625-46,0.01,5,0,0.00,0.00,0.00,快手原创素材|快手非低质素材|福利价/无价格,,
2026-10-06,14050217412,CH-SC-广义新-10187000434970-新综合频道-厨具-京喜拉新-剪辑-转化引导-厨具-20260730-无-625-8,0.01,5,0,0.00,0.00,0.00,广义新头条|心如|快手重复素材|快手非低质素材|腾讯首发素材,,
2026-10-06,14374696614,信息流-小牛-苹果-三方主体-代运营-新人福利价-260903-10186710590960-历史爆品-625-29,0.01,8,0,0.00,0.00,0.00,原生|福利价/无价格|考古加素材混剪,,
2026-10-06,14497930962,CH-SC-广义新-10146456039187-新综合频道-纸品-京喜拉新-剪辑-转化引导-纸品-260910-无-625-aigc-11,0.01,2,0,0.00,0.00,0.00,快手重复素材|快手非低质素材,,
2026-10-06,14643140670,信息流-小牛-咸鸭蛋-三方主体-代运营-新人福利价-260909-10172188378015-内部实时跑量-625-头条储备-17,0.01,4,0,0.00,0.00,0.00,,,
2026-10-06,14516515061,CH-SC-低活-10113209119177-超级抢购-电动车-无-剪辑-转化引导-电动车-260907-无-625-18,0.01,2,0,0.00,0.00,0.00,心如|福利价,,
2026-10-06,14318995960,CH-SC-广义新-10118706992345-新综合频道-纸品 -京喜拉新-剪辑-转化引导-纸品 -260827-无-625-aigc-33,0.01,10,0,0.00,0.00,0.00,平台一组AIGC|快手重复素材|快手非低质素材|腾讯首发素材,,
2026-10-06,14274419611,CH-SC-广义新-10136363822650-新综合频道-纸品-京喜拉新-剪辑-转化引导-纸品-20260804-无-625-aigc-15,0.01,1,1,0.00,0.00,100.00,头条首发素材|平台一组AIGC|快手重复素材|快手非低质素材|腾讯首发素材,,
2026-10-06,14444435838,信息流-小牛-陶瓷碗-三方主体-代运营-新人1分钱-260910-10129451028601-商务选品-625-28,0.01,13,0,0.00,0.00,0.00,福利价/无价格,,
2026-10-06,14309742578,信息流-小牛-雨伞-三方主体-代运营-新人福利价-260828-10113643996701-大盘扒改-625-27,0.01,2,0,0.00,0.00,0.00,原生|大盘扒改|平台一组AIGC|福利价/无价格,,
2026-10-06,14228303164,CH-SC-广义新-10217740550325-新综合频道-箱包皮具-京喜拉新-剪辑-转化引导-箱包皮具-20260818-无-625-aigc-18,0.00,2,0,0.00,0.00,0.00,平台一组AIGC|快手原创素材|快手非低质素材|搬运打压素材|腾讯首发素材,,
2026-10-06,14217110123,CH-SC-广义新-10140917922437-新综合频道-家庭清洁-京喜拉新-剪辑-转化引导-家庭清洁-20260813-无-625-aigc-21,0.00,1,0,0.00,0.00,0.00,平台一组AIGC|快手重复素材|快手非低质素材|无价格|腾讯首发素材,,
2026-10-06,14444491047,信息流-小牛-陶瓷碗-三方主体-代运营-新人1分钱-260910-10129451028601-商务选品-625-49,0.00,1,0,0.00,0.00,0.00,快手原创素材|快手非低质素材|福利价/无价格,,
2026-10-06,14217102319,CH-SC-广义新-10140917922437-新综合频道-家庭清洁-京喜拉新-剪辑-转化引导-家庭清洁-20260813-无-625-aigc-6,0.00,1,0,0.00,0.00,0.00,平台一组AIGC|快手原创素材|快手非低质素材|无价格|腾讯首发素材,,
2026-10-06,14274420766,CH-SC-广义新-10136363822650-新综合频道-纸品-京喜拉新-剪辑-转化引导-纸品-20260804-无-625-aigc-21,0.00,1,0,0.00,0.00,0.00,头条首发素材|平台一组AIGC|快手重复素材|快手非低质素材|腾讯首发素材,,
2026-10-06,14383821159,CH-SC-低活-10129955889557-超级抢购-厨具-无-剪辑-转化引导-厨具-260901-无-625-1,0.00,1,0,0.00,0.00,0.00,福利价,,
2026-10-06,14444482816,信息流-小牛-陶瓷碗-三方主体-代运营-新人1分钱-260910-10129451028601-商务选品-625-53,0.00,12,0,0.00,0.00,0.00,福利价/无价格,,
2026-10-06,14516516813,CH-SC-低活-10113209119177-超级抢购-电动车-无-剪辑-转化引导-电动车-260907-无-625-13,0.00,0,0,0.00,0.00,0.00,心如|福利价,,
2026-10-06,14486273658,信息流-小牛-毛毯-三方主体-代运营-新人福利价-260914-10146450179286-商务选品-625-35,0.00,1,0,0.00,0.00,0.00,快手原创素材|快手非低质素材|福利价/无价格,,
2026-10-06,14643141268,信息流-小牛-咸鸭蛋-三方主体-代运营-新人福利价-260909-10172188378015-内部实时跑量-625-头条储备-12,0.00,1,0,0.00,0.00,0.00,,,
2026-10-06,14444434356,信息流-小牛-陶瓷碗-三方主体-代运营-新人1分钱-260910-10129451028601-商务选品-625-30,0.00,14,0,0.00,0.00,0.00,福利价/无价格,,
2026-10-06,14050221887,CH-SC-广义新-10187000434970-新综合频道-厨具-京喜拉新-剪辑-转化引导-厨具-20260730-无-625-14,0.00,2,0,0.00,0.00,0.00,广义新头条|心如|快手重复素材|快手非低质素材|腾讯首发素材,,
2026-10-06,13685271405,CH-SC-低活-10220560400432-超级抢购加补-生活日用-无-剪辑-转化引导-生活日用-20260626-无-625-aigc-1,0.00,1,0,0.00,0.00,0.00,平台一组AIGC|心如|快手原创素材|快手非低质素材|福利价|腾讯首发素材,,
2026-10-06,14643136842,信息流-小牛-咸鸭蛋-三方主体-代运营-新人福利价-260909-10172188378015-内部实时跑量-625-头条储备-40,0.00,2,0,0.00,0.00,0.00,,,
2026-10-06,14444452250,信息流-小牛-陶瓷碗-三方主体-代运营-新人1分钱-260910-10129451028601-商务选品-625-10,0.00,3,0,0.00,0.00,0.00,福利价/无价格,,
2026-10-06,13179776526,荣耀-XN-社交-通用-聊天券-混剪-260429-625-13,0.00,0,0,0.00,0.00,0.00,,,
2026-10-06,14407748766,CH-SC-广义新-10129955889557-新综合频道-厨具-京喜拉新-剪辑-转化引导-厨具-260904-反向-625-16,0.00,1,0,0.00,0.00,0.00,无价格,,
2026-10-06,14631520299,CH-SC-低活-10139440032542-超级抢购-运动户外-无-剪辑-转化引导-运动户外-260927-无-625-头条储备-65,0.00,1,0,0.00,0.00,0.00,,,
2026-10-06,13536548377,CH-SC-低活-10219841541026-超级抢购加补-厨具-无-剪辑-转化引导-厨具-20260610-无-625-aigc-9,0.00,0,0,0.00,0.00,0.00,平台一组AIGC|心如|福利价|腾讯首发素材,,
2026-10-06,14444436324,信息流-小牛-陶瓷碗-三方主体-代运营-新人1分钱-260910-10129451028601-商务选品-625-29,0.00,10,0,0.00,0.00,0.00,福利价/无价格,,
2026-10-06,14319047167,CH-SC-低活-10140917922437-超级抢购-家庭清洁-无-剪辑-转化引导-家庭清洁-20260820-无-625-aigc-10,0.00,0,0,0.00,1.00,0.00,平台一组AIGC|心如|快手原创素材|快手非低质素材|福利价|腾讯首发素材,,
2026-10-06,14631525605,CH-SC-低活-10100542418506-超级抢购-生活日用-无-剪辑-转化引导-生活日用-260927-无-625-头条储备-aigc-69,0.00,1,0,0.00,0.00,0.00,,,
2026-10-06,14444462118,信息流-小牛-陶瓷碗-三方主体-代运营-新人1分钱-260910-10129451028601-商务选品-625-5,0.00,13,0,0.00,0.00,0.00,搬运打压素材|福利价/无价格,,
2026-10-06,14631519538,CH-SC-低活-10139440032542-超级抢购-运动户外-无-剪辑-转化引导-运动户外-260927-无-625-头条储备-79,0.00,2,0,0.00,0.00,0.00,,,
2026-10-06,13776633875,CH-SC-广义新-10177393646076-新综合频道-灯饰照明-京喜拉新-剪辑-转化引导-灯饰照明-20260702-反向-625-aigc-3,0.00,2,0,0.00,0.00,0.00,平台一组AIGC|快手原创素材|快手非低质素材|无价格|福利价/无价格,,
2026-10-06,14631527021,CH-SC-低活-10100542418506-超级抢购-生活日用-无-剪辑-转化引导-生活日用-260921-无-625-头条储备-aigc-5,0.00,4,0,0.00,0.00,0.00,,,
2026-10-06,14631541946,CH-SC-广义新-10139440032542-新综合频道-运动户外-京喜拉新-剪辑-转化引导-运动户外-20260927-无-625-84,0.00,1,0,0.00,0.00,0.00,,,
2026-10-06,13341766059,CH-SC-广义新-10219841541026-新综合频道-厨具-京喜拉新-剪辑-转化引导-厨具-20260520-反向-625-8,0.00,1,0,0.00,0.00,0.00,广义新头条|心如|快手重复素材|快手非低质素材|无价格|腾讯首发素材,,
2026-10-06,14217100770,CH-SC-广义新-10140917922437-新综合频道-家庭清洁-京喜拉新-剪辑-转化引导-家庭清洁-20260813-无-625-aigc-9,0.00,1,0,0.00,0.00,0.00,平台一组AIGC|快手重复素材|快手非低质素材|无价格|腾讯首发素材,,
2026-10-06,13846321758,CH-SC-低活-10140917922437-超级抢购-家庭清洁-无-剪辑-转化引导-家庭清洁-20260708-无-625-aigc-3,0.00,0,0,0.00,0.00,0.00,平台一组AIGC|心如|快手重复素材|快手非低质素材|福利价|腾讯首发素材,,
2026-10-06,14309598153,信息流-小牛-围裙-三方主体-代运营-新人福利价-260827-10117891615029-设计自选-625-4,0.00,1,0,0.00,0.00,0.00,平台一组AIGC|福利价/无价格|考古加素材混剪,,
2026-10-06,14643137642,信息流-小牛-咸鸭蛋-三方主体-代运营-新人福利价-260909-10172188378015-内部实时跑量-625-头条储备-34,0.00,2,0,0.00,0.00,0.00,,,
2026-10-06,14422256343,信息流-小牛-真空袋-三方主体-代运营-新人福利价-260908-10212584519594-内部实时跑量-625-42,0.00,1,0,0.00,0.00,0.00,福利价/无价格|考古加素材混剪,,
2026-10-06,14631529248,CH-SC-广义新-10134706997811-新综合频道-手机通讯-京喜拉新-剪辑-转化引导-手机通讯-20260921-反向-625-头条储备-aigc-50,0.00,2,0,0.00,0.00,0.00,,,
2026-10-06,14422218206,信息流-小牛-小蜜桃-三方主体-代运营-新人福利价-260908-10231541696811 -深海货盘-625-17,0.00,3,0,0.00,0.00,0.00,福利价/无价格|考古加素材混剪,,
2026-10-06,14488294813,信息流-小牛-大月饼-三方主体-代运营-新人福利价-260914-10163022037983-内部实时跑量-625-36,0.00,1,0,0.00,0.00,0.00,福利价/无价格|考古加素材混剪,,
2026-10-06,14562133139,CH-PRJ-采销项目-无-快手-无-无-剪辑-转化引导-无-260911-无-625-15,0.00,1,0,0.00,0.00,0.00,,,
2026-10-06,14217125420,CH-SC-广义新-10140917922437-新综合频道-家庭清洁-京喜拉新-剪辑-转化引导-家庭清洁-20260813-无-625-aigc-11,0.00,3,0,0.00,0.00,0.00,平台一组AIGC|快手重复素材|快手非低质素材|无价格,,
2026-10-06,14228326950,CH-SC-广义新-10217740550325-新综合频道-箱包皮具-京喜拉新-剪辑-转化引导-箱包皮具-20260818-无-625-aigc-8,0.00,1,0,0.00,0.00,0.00,平台一组AIGC|快手重复素材|快手非低质素材,,
2026-10-06,13799932270,CH-SC-广义新-10158258669630-新综合频道-居家布艺-京喜拉新-剪辑-转化引导-居家布艺-20260706-无-625-aigc-8,0.00,3,0,0.00,0.00,0.00,平台一组AIGC|广义新头条|心如|快手重复素材|快手非低质素材|腾讯首发素材,,
2026-10-06,14309743706,信息流-小牛-雨伞-三方主体-代运营-新人福利价-260828-10113643996701-大盘扒改-625-23,0.00,1,0,0.00,0.00,0.00,原生|大盘扒改|平台一组AIGC|福利价/无价格,,
2026-10-06,14643137571,信息流-小牛-咸鸭蛋-三方主体-代运营-新人福利价-260909-10172188378015-内部实时跑量-625-头条储备-37,0.00,1,1,0.00,0.00,100.00,,,
2026-10-06,13145015412,荣耀-XN-影音娱乐-通用-唱歌-混剪-260424-625-7,0.00,0,0,0.00,0.00,0.00,,,
2026-10-06,14374718939,信息流-小牛-苹果-三方主体-代运营-新人福利价-260903-10186710590960-历史爆品-625-8,0.00,7,0,0.00,0.00,0.00,原生|福利价/无价格|考古加素材混剪,,
2026-10-06,14318992098,CH-SC-广义新-10118706992345-新综合频道-纸品 -京喜拉新-剪辑-转化引导-纸品 -260827-无-625-aigc-43,0.00,1,0,0.00,0.00,0.00,平台一组AIGC|快手重复素材|快手非低质素材|腾讯首发素材,,
2026-10-06,14318992836,CH-SC-广义新-10118706992345-新综合频道-纸品 -京喜拉新-剪辑-转化引导-纸品 -260827-无-625-aigc-42,0.00,2,0,0.00,0.00,0.00,平台一组AIGC|快手原创素材|快手非低质素材|腾讯首发素材,,
2026-10-06,14516404311,CH-SC-低活-10176978592631-超级抢购-家具-无-剪辑-转化引导-家具-260915-无-625-12,0.00,0,0,0.00,0.00,0.00,心如|福利价,,
2026-10-06,13179783246,荣耀-XN-社交-通用-聊天券-混剪-260429-625-5,0.00,0,0,0.00,0.00,0.00,,,
2026-10-06,14444441903,信息流-小牛-陶瓷碗-三方主体-代运营-新人1分钱-260910-10129451028601-商务选品-625-23,0.00,1,0,0.00,0.00,0.00,福利价/无价格,,
2026-10-06,14444467770,信息流-小牛-陶瓷碗-三方主体-代运营-新人1分钱-260910-10129451028601-商务选品-625-3,0.00,4,0,0.00,0.00,0.00,福利价/无价格,,
2026-10-06,14516515440,CH-SC-低活-10113209119177-超级抢购-电动车-无-剪辑-转化引导-电动车-260907-无-625-17,0.00,0,0,0.00,0.00,0.00,心如|福利价,,
2026-10-06,13776646339,CH-SC-广义新-10118706992345-新综合频道-纸品-京喜拉新-剪辑-转化引导-纸品-20260702-无-625-aigc-4,0.00,1,0,0.00,0.00,0.00,平台一组AIGC|心如|快手重复素材|快手非低质素材|无价格,,
2026-10-06,14050219598,CH-SC-广义新-10187000434970-新综合频道-厨具-京喜拉新-剪辑-转化引导-厨具-20260730-无-625-9,0.00,4,0,0.00,0.00,0.00,广义新头条|心如|快手重复素材|快手非低质素材,,
2026-10-06,13352554298,CH-SC-低活-10081585918372-超级抢购-家庭清洁纸品-无-剪辑-转化引导-家庭清洁纸品-20260521-无-625-11,0.00,1,0,0.00,0.00,0.00,快手重复素材|快手非低质素材|腾讯首发素材,,
2026-10-06,14217105396,CH-SC-广义新-10140917922437-新综合频道-家庭清洁-京喜拉新-剪辑-转化引导-家庭清洁-20260813-无-625-aigc-3,0.00,2,0,0.00,0.00,0.00,平台一组AIGC|快手重复素材|快手非低质素材|无价格|腾讯首发素材,,
2026-10-06,14153268468,信息流-小牛-围裙-三方主体-代运营-新人福利价-0812-10117891615029-大盘实扒改-625-4,0.00,1,0,0.00,0.00,0.00,大盘扒改|福利价/无价格,,
2026-10-06,13125485797,荣耀-XN-金融-通用-壁纸-混剪-纯AIGC-260422-625-18,0.00,0,0,0.00,0.00,0.00,,,
2026-10-06,14643138974,信息流-小牛-咸鸭蛋-三方主体-代运营-新人福利价-260909-10172188378015-内部实时跑量-625-头条储备-26,0.00,2,0,0.00,0.00,0.00,,,
2026-10-06,13916302351,CH-SC-低活-10140917922437-超级抢购-家庭清洁-无-剪辑-转化引导-家庭清洁-20260715-无-625-aigc-11,0.00,1,0,0.00,0.00,0.00,平台一组AIGC|心如|快手重复素材|快手非低质素材|无价格|腾讯首发素材,,
2026-10-06,14631527043,CH-SC-低活-10100542418506-超级抢购-生活日用-无-剪辑-转化引导-生活日用-260927-无-625-头条储备-aigc-52,0.00,4,0,0.00,0.00,0.00,,,
2026-10-06,14535572537,信息流-小牛-打火机-三方主体-代运营-新人福利价-260918-10162692688878-内部实时跑量-625-52,0.00,0,0,0.00,0.00,0.00,,,
2026-10-06,14318997314,CH-SC-广义新-10118706992345-新综合频道-纸品 -京喜拉新-剪辑-转化引导-纸品 -260827-无-625-aigc-30,0.00,1,0,0.00,0.00,0.00,平台AI测试/视频/一组智能体|平台一组AIGC|快手原创素材|快手非低质素材,,
2026-10-06,14444477090,信息流-小牛-陶瓷碗-三方主体-代运营-新人1分钱-260910-10129451028601-商务选品-625-55,0.00,10,0,0.00,0.00,0.00,福利价/无价格,,
2026-10-06,14631526588,CH-SC-低活-10100542418506-超级抢购-生活日用-无-剪辑-转化引导-生活日用-260927-无-625-头条储备-aigc-61,0.00,3,0,0.00,0.00,0.00,,,
2026-10-06,13125483830,荣耀-XN-金融-通用-壁纸-混剪-纯AIGC-260422-625-9,0.00,0,0,0.00,0.00,0.00,,,
2026-10-06,14554238127,CH-SC-低活-10233824843150-超级抢购-收纳用品-无-剪辑-转化引导-收纳用品-260918-无-625-42,0.00,8,1,0.00,0.00,12.50,,,
2026-10-06,14319005440,CH-SC-广义新-10118706992345-新综合频道-纸品 -京喜拉新-剪辑-转化引导-纸品 -260827-无-625-aigc-18,0.00,1,0,0.00,0.00,0.00,平台一组AIGC|快手重复素材|快手非低质素材|腾讯首发素材,,
2026-10-06,14284743146,信息流-小牛-雨伞-三方主体-代运营-新人福利价-260825-10113643996701-大盘扒改-625-10,0.00,2,0,0.00,0.00,0.00,大盘扒改|福利价/无价格,,
2026-10-06,14553578818,CH-SC-广义新-10118706992345-新综合频道-纸品 -京喜拉新-剪辑-转化引导-纸品 -260918-无-625-aigc-启动-3,0.00,2,0,0.00,0.00,0.00,,,
2026-10-06,13815435071,CH-PRJ-采销项目-10227170510852-快手-本地生活-无-剪辑-转化引导-本地生活-20260710-无-625-9,0.00,0,0,0.00,0.00,0.00,快手原创素材|快手非低质素材,,
2026-10-06,14444439175,信息流-小牛-陶瓷碗-三方主体-代运营-新人1分钱-260910-10129451028601-商务选品-625-24,0.00,8,0,0.00,0.00,0.00,福利价/无价格,,
2026-10-06,13846011180,CH-SC-广义新-10140917922437-新综合频道-家庭清洁-京喜拉新-剪辑-转化引导-家庭清洁-20260710-无-625-aigc-1,0.00,4,0,0.00,0.00,0.00,平台一组AIGC|广义新头条|心如|快手原创素材|快手非低质素材|无价格|腾讯首发素材,,
2026-10-06,14299119316,CH-SC-广义新-10118706992345-新综合频道-纸品-京喜拉新-剪辑-转化引导-纸品-260826-无-625-2,0.00,1,0,0.00,0.00,0.00,平台一组AIGC|快手原创素材|快手非低质素材|腾讯首发素材,,
2026-10-06,14319005455,CH-SC-广义新-10118706992345-新综合频道-纸品 -京喜拉新-剪辑-转化引导-纸品 -260827-无-625-aigc-17,0.00,1,0,0.00,0.00,0.00,平台一组AIGC|快手原创素材|快手非低质素材|腾讯首发素材,,
2026-10-06,14631519819,CH-SC-低活-10139440032542-超级抢购-运动户外-无-剪辑-转化引导-运动户外-260927-无-625-头条储备-74,0.00,3,0,0.00,0.00,0.00,,,
2026-10-06,14299117329,CH-SC-广义新-10118706992345-新综合频道-纸品-京喜拉新-剪辑-转化引导-纸品-260826-无-625-4,0.00,1,0,0.00,0.00,0.00,平台一组AIGC|快手原创素材|快手非低质素材,,
2026-10-06,14050213984,CH-SC-广义新-10187000434970-新综合频道-厨具-京喜拉新-剪辑-转化引导-厨具-20260730-无-625-5,0.00,1,0,0.00,0.00,0.00,广义新头条|心如|快手重复素材|快手非低质素材,,
2026-10-06,14444468946,信息流-小牛-陶瓷碗-三方主体-代运营-新人1分钱-260910-10129451028601-商务选品-625-2,0.00,3,0,0.00,0.00,0.00,福利价/无价格,,
2026-10-06,14197502167,CH-SC-低活-10081585918372-超级抢购-纸品-无-剪辑-转化引导-纸品-20260803-无-625-aigc-16,0.00,0,0,0.00,0.00,0.00,平台一组AIGC|心如|快手重复素材|快手非低质素材|福利价|腾讯首发素材,,
2026-10-06,13248257845,荣耀-XN-影音娱乐-通用-风景-混剪-260508-625-5,0.00,0,0,0.00,2.00,0.00,,,
2026-10-06,14631526059,CH-SC-低活-10100542418506-超级抢购-生活日用-无-剪辑-转化引导-生活日用-260927-无-625-头条储备-aigc-63,0.00,1,0,0.00,0.00,0.00,,,
2026-10-06,14631529013,CH-SC-广义新-10134706997811-新综合频道-手机通讯-京喜拉新-剪辑-转化引导-手机通讯-20260921-反向-625-头条储备-aigc-54,0.00,3,0,0.00,0.00,0.00,,,
2026-10-06,14643138562,信息流-小牛-咸鸭蛋-三方主体-代运营-新人福利价-260909-10172188378015-内部实时跑量-625-头条储备-28,0.00,1,0,0.00,0.00,0.00,,,
2026-10-06,14631528752,CH-SC-广义新-10134706997811-新综合频道-手机通讯-京喜拉新-剪辑-转化引导-手机通讯-20260921-反向-625-头条储备-aigc-63,0.00,2,0,0.00,0.00,0.00,,,
2026-10-06,14444473820,信息流-小牛-陶瓷碗-三方主体-代运营-新人1分钱-260910-10129451028601-商务选品-625-57,0.00,8,0,0.00,0.00,0.00,福利价/无价格,,
2026-10-06,14631520893,CH-SC-低活-10139440032542-超级抢购-运动户外-无-剪辑-转化引导-运动户外-260927-无-625-头条储备-60,0.00,1,0,0.00,0.00,0.00,,,
2026-10-06,14631528282,CH-SC-低活-10100542418506-超级抢购-生活日用-无-剪辑-转化引导-生活日用-260921-无-625-头条储备-16,0.00,5,0,0.00,0.00,0.00,,,
2026-10-06,14049453611,CH-SC-低活-10203314269223-超级抢购-生鲜-无-剪辑-转化引导-生鲜-20260730-无-625-aigc-1,0.00,2,0,0.00,0.00,0.00,平台一组AIGC|心如|福利价|腾讯首发素材,,
2026-10-06,14631564909,CH-SC-低活-10100542418506-超级抢购-生活日用-无-剪辑-转化引导-生活日用-260921-无-625-头条储备-14,0.00,3,0,0.00,0.00,0.00,,,
2026-10-06,14562126352,CH-PRJ-采销项目-无-快手-无-无-剪辑-转化引导-无-260911-无-625-29,0.00,0,0,0.00,0.00,0.00,,,
2026-10-06,14444472118,信息流-小牛-陶瓷碗-三方主体-代运营-新人1分钱-260910-10129451028601-商务选品-625-1,0.00,9,0,0.00,0.00,0.00,福利价/无价格,,
2026-10-06,14497929775,CH-SC-广义新-10146456039187-新综合频道-纸品-京喜拉新-剪辑-转化引导-纸品-260910-无-625-aigc-14,0.00,1,0,0.00,0.00,0.00,快手原创素材|快手非低质素材,,
2026-10-06,14407751684,CH-SC-广义新-10129955889557-新综合频道-厨具-京喜拉新-剪辑-转化引导-厨具-260904-反向-625-13,0.00,3,0,0.00,0.00,0.00,无价格,,
2026-10-06,14197493764,CH-SC-低活-10081585918372-超级抢购-纸品-无-剪辑-转化引导-纸品-20260803-无-625-aigc-8,0.00,0,0,0.00,0.00,0.00,平台一组AIGC|心如|快手重复素材|快手非低质素材|福利价|腾讯首发素材,,
2026-10-06,14050219049,CH-SC-广义新-10187000434970-新综合频道-厨具-京喜拉新-剪辑-转化引导-厨具-20260730-无-625-10,0.00,2,0,0.00,0.00,0.00,广义新头条|心如|快手重复素材|快手非低质素材|腾讯首发素材,,
2026-10-06,14309792648,信息流-小牛-雨伞-三方主体-代运营-新人福利价-260828-10113643996701-大盘扒改-625-58,0.00,1,0,0.00,0.00,0.00,原生|大盘扒改|平台一组AIGC|福利价/无价格,,
2026-10-06,14516457210,CH-SC-低活-10103917299332-超级抢购-厨具-无-剪辑-转化引导-厨具-20260911-无-625-16,0.00,1,0,0.00,0.00,0.00,心如|福利价,,
2026-10-06,14444513510,信息流-小牛-陶瓷碗-三方主体-代运营-新人1分钱-260910-10129451028601-商务选品-625-38,0.00,7,0,0.00,0.00,0.00,快手原创素材|快手非低质素材|福利价/无价格,,
2026-10-06,14309684067,信息流-小牛-围裙-三方主体-代运营-新人福利价-260827-10117891615029-设计自选-625-52,0.00,1,0,0.00,0.00,0.00,平台一组AIGC|福利价/无价格|考古加素材混剪,,
2026-10-06,14554133189,CH-SC-低活-10215783938762-超级抢购加补-生鲜-无-剪辑-转化引导-生鲜-260911-无-625-24,0.00,1,0,0.00,0.00,0.00,,,
2026-10-06,14562120429,CH-PRJ-采销项目-无-快手-无-无-剪辑-转化引导-无-260915-无-625-4,0.00,0,0,0.00,1.00,0.00,,,
2026-10-06,14535563513,信息流-小牛-打火机-三方主体-代运营-新人福利价-260918-10162692688878-内部实时跑量-625-60,0.00,1,0,0.00,0.00,0.00,,,
2026-10-06,14444491999,信息流-小牛-陶瓷碗-三方主体-代运营-新人1分钱-260910-10129451028601-商务选品-625-48,0.00,1,0,0.00,0.00,0.00,快手原创素材|快手非低质素材|福利价/无价格,,
2026-10-06,14444447271,信息流-小牛-陶瓷碗-三方主体-代运营-新人1分钱-260910-10129451028601-商务选品-625-18,0.00,2,0,0.00,0.00,0.00,福利价/无价格,,
2026-10-06,14444494583,信息流-小牛-陶瓷碗-三方主体-代运营-新人1分钱-260910-10129451028601-商务选品-625-47,0.00,7,0,0.00,0.00,0.00,快手原创素材|快手非低质素材|福利价/无价格,,
2026-10-06,14631528919,CH-SC-广义新-10134706997811-新综合频道-手机通讯-京喜拉新-剪辑-转化引导-手机通讯-20260921-反向-625-头条储备-aigc-58,0.00,4,0,0.00,0.00,0.00,,,
2026-10-06,14516402439,CH-SC-低活-10176978592631-超级抢购-家具-无-剪辑-转化引导-家具-260915-无-625-13,0.00,0,0,0.00,0.00,0.00,心如|福利价,,
2026-10-06,14631529019,CH-SC-广义新-10134706997811-新综合频道-手机通讯-京喜拉新-剪辑-转化引导-手机通讯-20260921-反向-625-头条储备-aigc-53,0.00,4,0,0.00,0.00,0.00,,,
2026-10-06,13685269945,CH-SC-低活-10233824843150-超级抢购加补-生活日用-无-剪辑-转化引导-生活日用-20260626-无-625-aigc-13,0.00,0,0,0.00,0.00,0.00,平台一组AIGC|心如|快手重复素材|快手非低质素材|福利价|腾讯首发素材,,
2026-10-06,14553574375,CH-SC-广义新-10118706992345-新综合频道-纸品 -京喜拉新-剪辑-转化引导-纸品 -260918-无-625-aigc-启动-12,0.00,1,0,0.00,0.00,0.00,,,
2026-10-06,14318998081,CH-SC-广义新-10118706992345-新综合频道-纸品 -京喜拉新-剪辑-转化引导-纸品 -260827-无-625-aigc-28,0.00,1,0,0.00,0.00,0.00,平台AI测试/视频/一组智能体|平台一组AIGC|快手原创素材|快手非低质素材|腾讯首发素材,,
2026-10-06,14247816775,CH-SC-低活-10120514417084-超级抢购-生鲜-无-剪辑-转化引导-生鲜-20260818-无-625-aigc-7,0.00,2,0,0.00,0.00,0.00,平台一组AIGC|腾讯首发素材,,
2026-10-06,14631526284,CH-SC-低活-10100542418506-超级抢购-生活日用-无-剪辑-转化引导-生活日用-260927-无-625-头条储备-aigc-62,0.00,6,0,0.00,0.00,0.00,,,
2026-10-06,14631545456,CH-SC-广义新-10139440032542-新综合频道-运动户外-京喜拉新-剪辑-转化引导-运动户外-20260927-无-625-65,0.00,1,0,0.00,0.00,0.00,,,
2026-10-06,14217117604,CH-SC-广义新-10140917922437-新综合频道-家庭清洁-京喜拉新-剪辑-转化引导-家庭清洁-20260813-无-625-aigc-17,0.00,1,0,0.00,0.00,0.00,平台一组AIGC|快手原创素材|快手非低质素材|无价格,,
2026-10-06,14422205041,信息流-小牛-小蜜桃-三方主体-代运营-新人福利价-260908-10231541696811 -深海货盘-625-34,0.00,1,0,0.00,0.00,0.00,福利价/无价格|考古加素材混剪,,
2026-10-06,14631545074,CH-SC-广义新-10139440032542-新综合频道-运动户外-京喜拉新-剪辑-转化引导-运动户外-20260927-无-625-67,0.00,2,0,0.00,0.00,0.00,,,
2026-10-06,14319000067,CH-SC-广义新-10118706992345-新综合频道-纸品 -京喜拉新-剪辑-转化引导-纸品 -260827-无-625-aigc-24,0.00,1,0,0.00,0.00,0.00,平台AI测试/视频/一组智能体|平台一组AIGC|快手原创素材|快手非低质素材,,
2026-10-06,14444485901,信息流-小牛-陶瓷碗-三方主体-代运营-新人1分钱-260910-10129451028601-商务选品-625-51,0.00,15,0,0.00,0.00,0.00,快手原创素材|快手非低质素材|福利价/无价格,,
2026-10-06,13352560749,CH-SC-低活-10081585918372-超级抢购-家庭清洁纸品-无-剪辑-转化引导-家庭清洁纸品-20260521-无-625-37,0.00,3,0,0.00,0.00,0.00,快手重复素材|快手非低质素材|腾讯首发素材,,
2026-10-06,14463716522,CH-SC-低活-10223570717754-超级抢购-生鲜-无-剪辑-转化引导-生鲜-260903-无-625-14,0.00,1,0,0.00,0.00,0.00,心如|福利价|腾讯首发素材,,
2026-10-06,14377814518,信息流-小牛-推车置物架-三方主体-代运营-新人福利价-260903-10095828488136-大盘实时跑量-625-3,0.00,1,0,0.00,0.00,0.00,原生|福利价/无价格,,
2026-10-06,14553579027,CH-SC-广义新-10118706992345-新综合频道-纸品 -京喜拉新-剪辑-转化引导-纸品 -260918-无-625-aigc-启动-6,0.00,1,0,0.00,0.00,0.00,,,
2026-10-06,14444508862,信息流-小牛-陶瓷碗-三方主体-代运营-新人1分钱-260910-10129451028601-商务选品-625-40,0.00,5,0,0.00,0.00,0.00,快手原创素材|快手非低质素材|福利价/无价格,,
2026-10-06,14422149663,信息流-小牛-骑行支架-三方主体-代运营-新人福利价-260908-10139440032542-历史爆品-625-42,0.00,2,0,0.00,0.00,0.00,头条优质素材|福利价/无价格|考古加素材混剪,,
2026-10-06,14444445282,信息流-小牛-陶瓷碗-三方主体-代运营-新人1分钱-260910-10129451028601-商务选品-625-20,0.00,1,0,0.00,0.00,0.00,福利价/无价格,,
2026-10-06,14444513303,信息流-小牛-陶瓷碗-三方主体-代运营-新人1分钱-260910-10129451028601-商务选品-625-39,0.00,11,0,0.00,0.00,0.00,快手原创素材|快手非低质素材|福利价/无价格,,
2026-10-06,14562120754,CH-PRJ-采销项目-无-快手-无-无-剪辑-转化引导-无-260915-无-625-2,0.00,0,0,0.00,0.00,0.00,,,
2026-10-06,14088471139,CH-SC-低活-10223570717754-超级抢购-生鲜-无-剪辑-转化引导-生鲜-20260803-无-625-aigc-1,0.00,2,0,0.00,0.00,0.00,平台一组AIGC|心如|福利价|腾讯首发素材,,
2026-10-06,14643135603,信息流-小牛-咸鸭蛋-三方主体-代运营-新人福利价-260909-10172188378015-内部实时跑量-625-头条储备-48,0.00,1,0,0.00,0.00,0.00,,,
2026-10-06,13096002959,荣耀-XN-社交-通用-美女-混剪-纯新AIGC-260416-625-4,0.00,1,0,0.00,1.00,0.00,,,
2026-10-06,14274412259,CH-SC-广义新-10136363822650-新综合频道-纸品-京喜拉新-剪辑-转化引导-纸品-20260804-无-625-aigc-8,0.00,3,0,0.00,0.00,0.00,平台一组AIGC|快手重复素材|快手非低质素材|腾讯首发素材,,
2026-10-06,14217126565,CH-SC-广义新-10140917922437-新综合频道-家庭清洁-京喜拉新-剪辑-转化引导-家庭清洁-20260813-无-625-aigc-10,0.00,1,0,0.00,0.00,0.00,平台一组AIGC|快手重复素材|快手非低质素材|无价格,,
2026-10-06,14631517733,CH-SC-低活-10217740550325-超级抢购-箱包皮具-无-剪辑-转化引导-箱包皮具-260921-无-625-头条储备-aigc-106,0.00,6,0,0.00,0.00,0.00,,,
2026-10-06,14318985026,CH-SC-广义新-10146456039187-新综合频道-纸品-京喜拉新-剪辑-转化引导-纸品-260827-无-625-aigc-14,0.00,1,0,0.00,0.00,0.00,平台一组AIGC|快手重复素材|快手非低质素材,,
2026-10-06,14444470046,信息流-小牛-陶瓷碗-三方主体-代运营-新人1分钱-260910-10129451028601-商务选品-625-4,0.00,7,0,0.00,0.00,0.00,头条首发素材|福利价/无价格,,
2026-10-06,13746355396,CH-SC-低活-10112643484929-超级抢购加补-手机通讯-无-剪辑-转化引导-手机通讯-20260630-无-625-3,0.00,1,0,0.00,0.00,0.00,加补1分钱|心如|快手重复素材|快手非低质素材,,
2026-10-06,13860484585,CH-SC-广义新-10151951361734-新综合频道-箱包皮具-京喜拉新-剪辑-转化引导-箱包皮具-20260713-无-625-aigc-2,0.00,0,0,0.00,0.00,0.00,平台一组AIGC|广义新头条|心如|快手重复素材|快手非低质素材|搬运打压素材,,
2026-10-06,14444522253,信息流-小牛-陶瓷碗-三方主体-代运营-新人1分钱-260910-10129451028601-商务选品-625-35,0.00,12,0,0.00,0.00,0.00,快手原创素材|快手非低质素材|福利价/无价格,,
2026-10-06,14033670730,信息流-小牛-折叠椅-京东主体-代运营-新人福利价-0731-10183713190151-设计自选-625-4,0.00,2,0,0.00,0.00,0.00,福利价/无价格,,
2026-10-06,14309691127,信息流-小牛-围裙-三方主体-代运营-新人福利价-260827-10117891615029-设计自选-625-43,0.00,1,0,0.00,0.00,0.00,平台一组AIGC|福利价/无价格|考古加素材混剪,,
2026-10-06,14088503278,CH-SC-广义新-10205581830735-新综合京选-厨具-京喜拉新-剪辑-转化引导-厨具-20260803-反向-625-aigc-2,0.00,0,0,0.00,0.00,0.00,平台一组AIGC|广义新头条|无价格,,
2026-10-06,14444444569,信息流-小牛-陶瓷碗-三方主体-代运营-新人1分钱-260910-10129451028601-商务选品-625-19,0.00,4,0,0.00,0.00,0.00,福利价/无价格,,
2026-10-06,14217120720,CH-SC-广义新-10140917922437-新综合频道-家庭清洁-京喜拉新-剪辑-转化引导-家庭清洁-20260813-无-625-aigc-14,0.00,3,0,0.00,0.00,0.00,平台一组AIGC|快手重复素材|快手非低质素材|无价格|腾讯首发素材,,
2026-10-06,14444443567,信息流-小牛-陶瓷碗-三方主体-代运营-新人1分钱-260910-10129451028601-商务选品-625-22,0.00,12,0,0.00,0.00,0.00,福利价/无价格,,
2026-10-06,14274410737,CH-SC-广义新-10136363822650-新综合频道-纸品-京喜拉新-剪辑-转化引导-纸品-20260804-无-625-aigc-6,0.00,2,0,0.00,0.00,0.00,平台一组AIGC|快手重复素材|快手非低质素材|腾讯首发素材,,
2026-10-06,14050182461,CH-SC-广义新-10219841541026-新综合频道-厨具-京喜拉新-剪辑-转化引导-厨具-20260730-无-625-aigc-16,0.00,1,0,0.00,0.00,0.00,平台一组AIGC|广义新头条|心如|快手原创素材|快手非低质素材|无价格|腾讯首发素材,,
2026-10-06,14228294108,CH-SC-广义新-10217740550325-新综合频道-箱包皮具-京喜拉新-剪辑-转化引导-箱包皮具-20260818-无-625-aigc-3,0.00,1,0,0.00,0.00,0.00,平台一组AIGC|快手原创素材|快手非低质素材|腾讯首发素材,,
2026-10-06,14383821463,CH-SC-低活-10129955889557-超级抢购-厨具-无-剪辑-转化引导-厨具-260901-无-625-15,0.00,1,0,0.00,0.00,0.00,福利价,,
2026-10-06,14444516064,信息流-小牛-陶瓷碗-三方主体-代运营-新人1分钱-260910-10129451028601-商务选品-625-37,0.00,2,0,0.00,0.00,0.00,快手原创素材|快手非低质素材|福利价/无价格,,
2026-10-06,14497926931,CH-SC-广义新-10146456039187-新综合频道-纸品-京喜拉新-剪辑-转化引导-纸品-260910-无-625-aigc-2,0.00,1,1,0.00,0.00,100.00,快手原创素材|快手非低质素材,,
2026-10-06,14516504290,CH-SC-低活-10233824843150-超级抢购-收纳用品-无-剪辑-转化引导-收纳用品-260907-无-625-15,0.00,7,0,0.00,0.00,0.00,心如|福利价,,
2026-10-06,14643136554,信息流-小牛-咸鸭蛋-三方主体-代运营-新人福利价-260909-10172188378015-内部实时跑量-625-头条储备-42,0.00,0,0,0.00,0.00,0.00,,,
2026-10-06,14444460280,信息流-小牛-陶瓷碗-三方主体-代运营-新人1分钱-260910-10129451028601-商务选品-625-7,0.00,2,0,0.00,0.00,0.00,福利价/无价格,,
