素材ID,素材名,上传人,上传时间
12322359758,计步-宗昌op-625-0106-cjj-jx结构 (30),李虹玉-XNY0271,2026-01-06 22:25:42
12331170464,计步-冰火op-625-0107-cjj- (2),李虹玉-XNY0271,2026-01-07 19:24:41
12466929942,计步-宗昌op-625-0123- (50),李虹玉-XNY0271,2026-01-23 18:54:42
12466982842,计步-公元op-625-0123- (16),李虹玉-XNY0271,2026-01-23 19:00:18
12506190434,计步-宗昌op-625-0128-心雨 (20),李虹玉-XNY0271,2026-01-28 23:16:47
12514510079,计步-宗昌op-625-0129 (8),李虹玉-XNY0271,2026-01-29 19:05:15
12514515852,计步-宗昌op-625-0129 (9),李虹玉-XNY0271,2026-01-29 19:06:00
12514518164,计步-宗昌op-625-0129 (14),李虹玉-XNY0271,2026-01-29 19:06:16
12514522234,计步-宗昌op-625-0129 (44),李虹玉-XNY0271,2026-01-29 19:06:46
12523792135,计步-宗昌op-625-0130 (100),李虹玉-XNY0271,2026-01-30 18:09:53
12540195988,爱奇艺-小程序-数字人-625-0130-(36),李虹玉-XNY0271,2026-02-02 15:37:27
12540200681,爱奇艺-小程序-短剧-625-0130- (3),李虹玉-XNY0271,2026-02-02 15:37:46
12540214011,爱奇艺-小程序-数字人-625-0130-(21),李虹玉-XNY0271,2026-02-02 15:38:43
12552867487,计步-公元op-625-0203-cjj- (100),李虹玉-XNY0271,2026-02-03 21:39:14
12552873198,计步-公元op-625-0203-cjj- (64),李虹玉-XNY0271,2026-02-03 21:40:04
12555189735,爱奇艺-小程序-数字人-625-0202- (9),李虹玉-XNY0271,2026-02-04 10:51:44
12559613119,爱奇艺-小程序-解压-625-0203-(2),李虹玉-XNY0271,2026-02-04 17:06:39
12559613638,爱奇艺-小程序-解压-625-0203-(7),李虹玉-XNY0271,2026-02-04 17:06:42
12559614357,爱奇艺-小程序-数字人-625-0203-(1),李虹玉-XNY0271,2026-02-04 17:06:46
12568038298,爱奇艺-小程序-数字人-625-0204- (2),李虹玉-XNY0271,2026-02-05 16:30:50
12568040485,爱奇艺-小程序-数字人-625-0204- (4),李虹玉-XNY0271,2026-02-05 16:31:00
12568652039,计步-冰火op-625-0205 (161),李虹玉-XNY0271,2026-02-05 17:22:40
12568671303,计步-冰火op-625-0205 (183),李虹玉-XNY0271,2026-02-05 17:23:50
12568736023,计步-冰火op-625-0205 (52),李虹玉-XNY0271,2026-02-05 17:28:34
12588097468,爱奇艺-小程序-数字人-625-0206-1 (1),李虹玉-XNY0271,2026-02-08 11:11:08
12588097720,爱奇艺-小程序-数字人-625-0206-1 (2),李虹玉-XNY0271,2026-02-08 11:11:10
12588097896,爱奇艺-小程序-数字人-625-0206-1 (3),李虹玉-XNY0271,2026-02-08 11:11:12
12636590744,爱奇艺-小程序-解压-625-0209-1,李虹玉-XNY0271,2026-02-15 18:28:38
12636591001,爱奇艺-小程序-数字人-625-0210-10,李虹玉-XNY0271,2026-02-15 18:28:42
12636591495,爱奇艺-小程序-数字人-625-0210-4,李虹玉-XNY0271,2026-02-15 18:28:50
12636593247,爱奇艺-小程序-数字人-625-0213 (13),李虹玉-XNY0271,2026-02-15 18:29:28
12636593913,爱奇艺-小程序-数字人-625-0213 (18),李虹玉-XNY0271,2026-02-15 18:29:46
12636594187,爱奇艺-小程序-数字人-625-0213 (5),李虹玉-XNY0271,2026-02-15 18:29:55
12636594398,爱奇艺-小程序-数字人-625-0213 (8),李虹玉-XNY0271,2026-02-15 18:30:02
12636594749,爱奇艺-小程序-数字人-625-0214(29),李虹玉-XNY0271,2026-02-15 18:30:14
12636595448,爱奇艺-小程序-短剧-625-0214(14),李虹玉-XNY0271,2026-02-15 18:30:32
12636595875,爱奇艺-小程序-短剧-625-0214(23),李虹玉-XNY0271,2026-02-15 18:30:43
12636596200,爱奇艺-小程序-短剧-625-0214(5),李虹玉-XNY0271,2026-02-15 18:30:51
12636596520,爱奇艺-小程序-短剧-625-0214（11）,李虹玉-XNY0271,2026-02-15 18:30:59
12636596633,爱奇艺-小程序-解压-625-0214(10),李虹玉-XNY0271,2026-02-15 18:31:01
12636596762,爱奇艺-小程序-解压-625-0214(12),李虹玉-XNY0271,2026-02-15 18:31:03
12636597048,爱奇艺-小程序-解压-625-0214(17),李虹玉-XNY0271,2026-02-15 18:31:10
12636597056,爱奇艺-小程序-解压-625-0214(18),李虹玉-XNY0271,2026-02-15 18:31:10
12636597192,爱奇艺-小程序-解压-625-0214(20),李虹玉-XNY0271,2026-02-15 18:31:13
12636597339,爱奇艺-小程序-解压-625-0214(22),李虹玉-XNY0271,2026-02-15 18:31:16
12729065687,计步-宗昌op-625-0304 (152),李虹玉-XNY0271,2026-03-04 22:43:01
12730411400,爱奇艺-小程序-数字人-625-0302 (4),李虹玉-XNY0271,2026-03-05 09:45:22
12730412762,爱奇艺-小程序-数字人-625-0302 (7),李虹玉-XNY0271,2026-03-05 09:45:30
12730414307,爱奇艺-小程序-数字人-625-0303- (1),李虹玉-XNY0271,2026-03-05 09:45:40
12730414338,爱奇艺-小程序-数字人-625-0303- (10),李虹玉-XNY0271,2026-03-05 09:45:40
12730420764,爱奇艺-小程序-数字人-625-0226-5,李虹玉-XNY0271,2026-03-05 09:46:12
12730423725,爱奇艺-小程序-数字人-625-0227-1,李虹玉-XNY0271,2026-03-05 09:46:26
12730426364,爱奇艺-小程序-数字人-625-0227-1bg (13),李虹玉-XNY0271,2026-03-05 09:46:39
12730427687,爱奇艺-小程序-数字人-625-0227-1bg (16),李虹玉-XNY0271,2026-03-05 09:46:45
12730430845,爱奇艺-小程序-数字人-625-0227-1bg (24),李虹玉-XNY0271,2026-03-05 09:46:59
12730432318,爱奇艺-小程序-数字人-625-0227-1bg (26),李虹玉-XNY0271,2026-03-05 09:47:05
12730433886,爱奇艺-小程序-数字人-625-0227-6,李虹玉-XNY0271,2026-03-05 09:47:13
12730434733,爱奇艺-小程序-数字人-625-0227-8,李虹玉-XNY0271,2026-03-05 09:47:17
12730434960,爱奇艺-小程序-数字人-625-0227-9,李虹玉-XNY0271,2026-03-05 09:47:18
12730436112,爱奇艺-小程序-数字人-625-0228-2,李虹玉-XNY0271,2026-03-05 09:47:25
12730437160,爱奇艺-小程序-数字人-625-0228-5,李虹玉-XNY0271,2026-03-05 09:47:30
12764742118,荣耀-XN-AI健康-通用-健康科普-混剪-260309-625-2,李虹玉-XNY0271,2026-03-09 19:54:57
12764742302,荣耀-XN-AI健康-通用-健康科普-混剪-260309-625-4,李虹玉-XNY0271,2026-03-09 19:54:59
12764742505,荣耀-XN-AI健康-通用-健康科普-混剪-260309-625-5,李虹玉-XNY0271,2026-03-09 19:55:01
12764742922,荣耀-XN-AI健康-通用-健康科普-混剪-260309-625-7,李虹玉-XNY0271,2026-03-09 19:55:05
12764743203,荣耀-XN-AI健康-通用-健康科普-混剪-260309-625-9,李虹玉-XNY0271,2026-03-09 19:55:07
12764743716,荣耀-XN-AI健康-通用-健康科普-混剪-260309-625-11,李虹玉-XNY0271,2026-03-09 19:55:12
12764743792,荣耀-XN-AI健康-通用-健康科普-混剪-260309-625-13,李虹玉-XNY0271,2026-03-09 19:55:13
12764743852,荣耀-XN-AI健康-通用-健康科普-混剪-260309-625-14,李虹玉-XNY0271,2026-03-09 19:55:14
12764744074,荣耀-XN-AI健康-通用-健康科普-混剪-260309-625-15,李虹玉-XNY0271,2026-03-09 19:55:16
12764744340,荣耀-XN-AI健康-通用-健康科普-混剪-260309-625-18,李虹玉-XNY0271,2026-03-09 19:55:19
12764744640,荣耀-XN-AI健康-通用-健康科普-混剪-260309-625-19,李虹玉-XNY0271,2026-03-09 19:55:21
12764748201,荣耀-XN-AI健康-通用-健康科普-混剪-260309-625-23,李虹玉-XNY0271,2026-03-09 19:55:57
12764748603,荣耀-XN-AI健康-通用-健康科普-混剪-260309-625-26,李虹玉-XNY0271,2026-03-09 19:56:01
12764749017,荣耀-XN-AI健康-通用-健康科普-混剪-260309-625-31,李虹玉-XNY0271,2026-03-09 19:56:07
12785233096,荣耀-XN-教育-通用-语文教育-混剪-260311-625- (3),李虹玉-XNY0271,2026-03-12 11:25:43
12785251055,荣耀-XN-金融-通用-壁纸-混剪-260311-625-31,李虹玉-XNY0271,2026-03-12 11:26:53
12785252335,荣耀-XN-金融-通用-壁纸-混剪-260311-625-34,李虹玉-XNY0271,2026-03-12 11:26:58
12785262739,荣耀-XN-教育-通用-语文教育-混剪-260311-625- (10),李虹玉-XNY0271,2026-03-12 11:27:36
12785263145,荣耀-XN-教育-通用-语文教育-混剪-260311-625- (11),李虹玉-XNY0271,2026-03-12 11:27:37
12785265846,荣耀-XN-教育-通用-语文教育-混剪-260311-625- (14),李虹玉-XNY0271,2026-03-12 11:27:48
12785267277,荣耀-XN-教育-通用-语文教育-混剪-260311-625- (17),李虹玉-XNY0271,2026-03-12 11:27:53
12790256949,计步-公元op-625-0312-游戏 (53),李虹玉-XNY0271,2026-03-12 19:21:53
12790300982,计步-公宗op-625-0312 (69),李虹玉-XNY0271,2026-03-12 19:27:49
12790306179,计步-公宗op-625-0312 (65),李虹玉-XNY0271,2026-03-12 19:28:28
12790307863,计步-公宗op-625-0312 (64),李虹玉-XNY0271,2026-03-12 19:28:40
12790309443,计步-公宗op-625-0312 (60),李虹玉-XNY0271,2026-03-12 19:28:51
12790312780,计步-公宗op-625-0312 (55),李虹玉-XNY0271,2026-03-12 19:29:12
12798940711,爱奇艺-小程序-解压-625-0312-cjj(6),李虹玉-XNY0271,2026-03-13 19:44:15
12810352156,荣耀-XN-小说-通用-滚屏-混剪-260313-625-2,李虹玉-XNY0271,2026-03-16 10:24:29
12810373226,荣耀-XN-小说-通用-滚屏-混剪-260313-625-18,李虹玉-XNY0271,2026-03-16 10:26:05
12810373240,荣耀-XN-小说-通用-滚屏-混剪-260313-625-16,李虹玉-XNY0271,2026-03-16 10:26:06
12810377553,荣耀-XN-小说-通用-滚屏-混剪-260313-625-23,李虹玉-XNY0271,2026-03-16 10:26:22
12810378011,荣耀-XN-小说-通用-滚屏-混剪-260313-625-24,李虹玉-XNY0271,2026-03-16 10:26:24
12810379906,荣耀-XN-小说-通用-滚屏-混剪-260313-625-25,李虹玉-XNY0271,2026-03-16 10:26:31
12810384978,荣耀-XN-小说-通用-解压-混剪-260313-625-4,李虹玉-XNY0271,2026-03-16 10:26:51
12810385953,荣耀-XN-小说-通用-解压-混剪-260313-625-5,李虹玉-XNY0271,2026-03-16 10:26:55
12810387558,荣耀-XN-小说-通用-解压-混剪-260313-625-6,李虹玉-XNY0271,2026-03-16 10:27:01
12818685208,荣耀-客供-百度极速版-短剧-混剪-260317-625-105,李虹玉-XNY0271,2026-03-17 10:54:41
12826728587,应用商店-首页-金融-股票-小牛-625-0317-16,李虹玉-XNY0271,2026-03-18 10:12:09
12826731897,应用商店-首页-金融-股票-小牛-625-0317-33,李虹玉-XNY0271,2026-03-18 10:12:27
12826745133,应用商店-首页-金融-股票-小牛-625-0317-94,李虹玉-XNY0271,2026-03-18 10:13:29
12832690489,荣耀-XN-电商-通用-好物推荐-混剪-260317-625-14,李虹玉-XNY0271,2026-03-18 19:08:48
12832706182,荣耀-XN-电商-通用-好物推荐-混剪-260317-625-7,李虹玉-XNY0271,2026-03-18 19:10:54
12832707295,荣耀-XN-电商-通用-好物推荐-混剪-260317-625-9,李虹玉-XNY0271,2026-03-18 19:11:03
12832707906,荣耀-XN-电商-通用-好物推荐-混剪-260317-625-11,李虹玉-XNY0271,2026-03-18 19:11:08
12832709825,荣耀-XN-金融-通用-壁纸-AIGC-混剪-260318-625-8,李虹玉-XNY0271,2026-03-18 19:11:24
12838467549,荣耀-XN-小说-通用-动态漫-AIGC-260318-625-1,李虹玉-XNY0271,2026-03-19 11:15:40
12838472343,荣耀-XN-小说-通用-动态漫-AIGC-260318-625-7,李虹玉-XNY0271,2026-03-19 11:16:02
12838473347,荣耀-XN-小说-通用-动态漫-AIGC-260318-625-9,李虹玉-XNY0271,2026-03-19 11:16:07
12838475811,荣耀-XN-小说-通用-动态漫-AIGC-260318-625-13,李虹玉-XNY0271,2026-03-19 11:16:19
12838476359,荣耀-XN-小说-通用-动态漫-AIGC-260318-625-14,李虹玉-XNY0271,2026-03-19 11:16:22
12838476710,荣耀-XN-小说-通用-动态漫-AIGC-260318-625-15,李虹玉-XNY0271,2026-03-19 11:16:24
12838478575,荣耀-XN-小说-通用-动态漫-AIGC-260318-625-19,李虹玉-XNY0271,2026-03-19 11:16:32
12838479363,荣耀-XN-小说-通用-动态漫-AIGC-260318-625-20,李虹玉-XNY0271,2026-03-19 11:16:36
12851455977,荣耀-XN-社交-通用-情侣画面-混剪-260320-625-2,李虹玉-XNY0271,2026-03-20 17:32:22
12851460554,荣耀-XN-电商-通用-好物推荐-混剪-260320-625-4,李虹玉-XNY0271,2026-03-20 17:32:42
12851461127,荣耀-XN-电商-通用-好物推荐-混剪-260320-625-5,李虹玉-XNY0271,2026-03-20 17:32:44
12851462441,荣耀-XN-电商-通用-好物推荐-混剪-260320-625-10,李虹玉-XNY0271,2026-03-20 17:32:50
12851470690,荣耀-XN-短剧-通用-数字人介绍-混剪-2600320-625-5,李虹玉-XNY0271,2026-03-20 17:33:28
12851470940,荣耀-XN-短剧-通用-数字人介绍-混剪-2600320-625-6,李虹玉-XNY0271,2026-03-20 17:33:29
12851471699,荣耀-XN-短剧-通用-数字人介绍-混剪-2600320-625-8,李虹玉-XNY0271,2026-03-20 17:33:32
12851472573,荣耀-XN-短剧-通用-数字人介绍-混剪-2600320-625-11,李虹玉-XNY0271,2026-03-20 17:33:36
12851473253,荣耀-XN-短剧-通用-数字人介绍-混剪-2600320-625-13,李虹玉-XNY0271,2026-03-20 17:33:39
12851474463,荣耀-XN-短剧-通用-数字人介绍-混剪-2600320-625-15,李虹玉-XNY0271,2026-03-20 17:33:44
12851474618,荣耀-XN-短剧-通用-数字人介绍-混剪-2600320-625-17,李虹玉-XNY0271,2026-03-20 17:33:44
12851475282,荣耀-XN-短剧-通用-数字人介绍-混剪-2600320-625-19,李虹玉-XNY0271,2026-03-20 17:33:47
12851475479,荣耀-XN-短剧-通用-数字人介绍-混剪-2600320-625-20,李虹玉-XNY0271,2026-03-20 17:33:48
12851476095,荣耀-XN-短剧-通用-数字人介绍-混剪-2600320-625-21,李虹玉-XNY0271,2026-03-20 17:33:51
12851476705,荣耀-XN-短剧-通用-数字人介绍-混剪-2600320-625-23,李虹玉-XNY0271,2026-03-20 17:33:54
12851476913,荣耀-XN-短剧-通用-数字人介绍-混剪-2600320-625-24,李虹玉-XNY0271,2026-03-20 17:33:55
12851477595,荣耀-XN-短剧-通用-数字人介绍-混剪-2600320-625-27,李虹玉-XNY0271,2026-03-20 17:33:58
12851478898,荣耀-XN-短剧-通用-数字人介绍-混剪-2600320-625-31,李虹玉-XNY0271,2026-03-20 17:34:04
12851480230,荣耀-XN-短剧-通用-数字人介绍-混剪-2600320-625-34,李虹玉-XNY0271,2026-03-20 17:34:10
12851480271,荣耀-XN-短剧-通用-数字人介绍-混剪-2600320-625-35,李虹玉-XNY0271,2026-03-20 17:34:11
12851480428,荣耀-XN-短剧-通用-数字人介绍-混剪-2600320-625-36,李虹玉-XNY0271,2026-03-20 17:34:11
12851481379,荣耀-XN-短剧-通用-数字人介绍-混剪-2600320-625-39,李虹玉-XNY0271,2026-03-20 17:34:16
12851481531,荣耀-XN-短剧-通用-数字人介绍-混剪-2600320-625-38,李虹玉-XNY0271,2026-03-20 17:34:17
12851482510,荣耀-XN-短剧-通用-数字人介绍-混剪-2600320-625-43,李虹玉-XNY0271,2026-03-20 17:34:21
12851483282,荣耀-XN-短剧-通用-数字人介绍-混剪-2600320-625-45,李虹玉-XNY0271,2026-03-20 17:34:24
12851483817,荣耀-XN-短剧-通用-数字人介绍-混剪-2600320-625-47,李虹玉-XNY0271,2026-03-20 17:34:27
12851484247,荣耀-XN-短剧-通用-数字人介绍-混剪-2600320-625-48,李虹玉-XNY0271,2026-03-20 17:34:29
12851484590,荣耀-XN-短剧-通用-数字人介绍-混剪-2600320-625-49,李虹玉-XNY0271,2026-03-20 17:34:31
12851484788,荣耀-XN-短剧-通用-数字人介绍-混剪-2600320-625-50,李虹玉-XNY0271,2026-03-20 17:34:32
12851484974,荣耀-XN-短剧-通用-数字人介绍-混剪-2600320-625-51,李虹玉-XNY0271,2026-03-20 17:34:33
12894951079,荣耀-XN-社交-通用-情侣画面-混剪-纯新AIGC-260325-625-6,李虹玉-XNY0271,2026-03-26 15:37:27
12894973525,荣耀-XN-金融-通用-壁纸-混剪-260325-625-57,李虹玉-XNY0271,2026-03-26 15:39:02
12894976471,荣耀-XN-金融-通用-壁纸-混剪-AIGC-260325-625-3,李虹玉-XNY0271,2026-03-26 15:39:14
12894999796,荣耀-XN-金融-通用-壁纸-混剪-纯新AIGC-260325-625-21,李虹玉-XNY0271,2026-03-26 15:40:51
12895002983,荣耀-XN-金融-通用-壁纸-混剪-260325-625-8,李虹玉-XNY0271,2026-03-26 15:41:04
12903583731,荣耀-XN-电商-通用-好物推荐-混剪-260327-625-1,李虹玉-XNY0271,2026-03-27 14:25:01
12903584180,荣耀-XN-电商-通用-好物推荐-混剪-260327-625-4,李虹玉-XNY0271,2026-03-27 14:25:03
12903584361,荣耀-XN-电商-通用-好物推荐-混剪-260327-625-3,李虹玉-XNY0271,2026-03-27 14:25:03
12903585968,荣耀-XN-电商-通用-好物推荐-混剪-260327-625-8,李虹玉-XNY0271,2026-03-27 14:25:09
12903587074,荣耀-XN-电商-通用-好物推荐-混剪-260327-625-10,李虹玉-XNY0271,2026-03-27 14:25:12
12903595485,荣耀-XN-影音-通用-风景-混剪-260327-625-18,李虹玉-XNY0271,2026-03-27 14:25:40
12903597212,荣耀-XN-影音-通用-怀旧风景-混剪-260327-625-3,李虹玉-XNY0271,2026-03-27 14:25:46
12942512864,应用商店-首页-金融-股票-小牛-625-0401-52,李虹玉-XNY0271,2026-04-01 15:53:02
12942515385,应用商店-首页-金融-股票-小牛-625-0401-59,李虹玉-XNY0271,2026-04-01 15:53:11
12942516489,应用商店-首页-金融-股票-小牛-625-0401-64,李虹玉-XNY0271,2026-04-01 15:53:15
12942525649,应用商店-首页-金融-股票-小牛-625-0401-86,李虹玉-XNY0271,2026-04-01 15:53:49
12942526907,应用商店-首页-金融-股票-小牛-625-0401-88,李虹玉-XNY0271,2026-04-01 15:53:54
12942527151,应用商店-首页-金融-股票-小牛-625-0401-89,李虹玉-XNY0271,2026-04-01 15:53:55
12942535081,应用商店-首页-金融-股票-小牛-625-0401-99,李虹玉-XNY0271,2026-04-01 15:54:24
12942536391,应用商店-首页-金融-股票-小牛-625-0401-109,李虹玉-XNY0271,2026-04-01 15:54:28
12947709532,低价-年化4.9%_视频_单人口播_有前贴（纯代理商自制）_非实拍-其他_否_常规_否_头条-625-cjj-0323-4,李虹玉-XNY0271,2026-04-02 09:56:36
12947930845,低价-年化4.9%_视频_单人口播_无前贴_实拍-其他_是(达人合作资源)_常规_否_洋哥自媒体2026.9.23_头条-625-cjj-0323,李虹玉-XNY0271,2026-04-02 10:16:00
12948003533,低价-年化4.9%_视频_单人口播_无前贴_实拍-其他_是（品牌资源-沙溢视频）_常规_否_吴清宇财经20260920_头条-625-cjj-0326,李虹玉-XNY0271,2026-04-02 10:22:33
12948074409,低价-年化4.9%_视频_情景剧_无前贴_实拍-其他_是（品牌资源-白龙马视频）_常规_否_乡村大宁20260728_头条5_外恩成片-625-20260331,李虹玉-XNY0271,2026-04-02 10:27:26
12948086504,低价-年化4.9%_视频_情景剧_无前贴_实拍-其他_是（品牌资源-沙溢视频）_常规_否_乡村大宁20260728_头条9_外恩成片-625-20260331,李虹玉-XNY0271,2026-04-02 10:28:20
12948097832,低价-年化4.9%_视频_情景剧_无前贴_实拍-其他_是（达人合作资源）_常规_否_弹弓和溜溜蛋20260917+瓜娃子盘剧噻20260923+互融琦琦20260906_头条14_外恩-625-20260331,李虹玉-XNY0271,2026-04-02 10:29:12
12949433671,低价-年化4.9%_视频_单人口播_有前贴（纯代理商自制）_非实拍-其他_否_常规_否_头条14_外恩成片_625-cjj-20260402-1,李虹玉-XNY0271,2026-04-02 12:08:45
12954033691,荣耀-XN-电商-通用-好物推荐-混剪-260402-625-4,李虹玉-XNY0271,2026-04-02 18:13:40
12954033717,荣耀-XN-电商-通用-好物推荐-混剪-260402-625-5,李虹玉-XNY0271,2026-04-02 18:13:41
12954043439,荣耀-XN-电商-通用-好物推荐-混剪-260402-625-9,李虹玉-XNY0271,2026-04-02 18:14:18
12954044927,荣耀-XN-小说-通用-滚屏-混剪-纯AIGC-260402-625-9,李虹玉-XNY0271,2026-04-02 18:14:23
12954045293,荣耀-XN-小说-通用-滚屏-混剪-纯AIGC-260402-625-10,李虹玉-XNY0271,2026-04-02 18:14:25
12954051296,荣耀-XN-小说-通用-滚屏-混剪-纯AIGC-260402-625-4,李虹玉-XNY0271,2026-04-02 18:14:46
12992093498,爱奇艺-小程序-短-625-0311(2),李虹玉-XNY0271,2026-04-08 14:06:55
12992093794,爱奇艺-小程序-短-625-0311(3),李虹玉-XNY0271,2026-04-08 14:06:56
12992095137,爱奇艺-小程序-短剧-625-0205-1(3),李虹玉-XNY0271,2026-04-08 14:07:01
12992095503,爱奇艺-小程序-短剧-625-0205-1(4),李虹玉-XNY0271,2026-04-08 14:07:02
12992097215,爱奇艺-小程序-短剧-625-0205-1,李虹玉-XNY0271,2026-04-08 14:07:08
12992099658,爱奇艺-小程序-解压-625-0203-,李虹玉-XNY0271,2026-04-08 14:07:17
12992104026,爱奇艺-小程序-解压-625-0206-1(4),李虹玉-XNY0271,2026-04-08 14:07:33
12992107299,爱奇艺-小程序-解压-625-0213 (1),李虹玉-XNY0271,2026-04-08 14:07:46
12992121302,爱奇艺-小程序-数字人-625-0211- (13),李虹玉-XNY0271,2026-04-08 14:08:39
12992122283,爱奇艺-小程序-数字人-625-0211- (8),李虹玉-XNY0271,2026-04-08 14:08:43
12992124151,爱奇艺-小程序-数字人-625-0213 (10),李虹玉-XNY0271,2026-04-08 14:08:50
12992131120,爱奇艺-小程序-数字人-625-0213 (3),李虹玉-XNY0271,2026-04-08 14:09:19
12992133492,爱奇艺-小程序-数字人-625-0213 (7),李虹玉-XNY0271,2026-04-08 14:09:29
12992134349,爱奇艺-小程序-数字人-625-0213 (8),李虹玉-XNY0271,2026-04-08 14:09:32
12992135302,爱奇艺-小程序-数字人-625-0213 (9),李虹玉-XNY0271,2026-04-08 14:09:36
12992136614,爱奇艺-小程序-数字人-625-0226-2,李虹玉-XNY0271,2026-04-08 14:09:41
12992136929,爱奇艺-小程序-数字人-625-0226-3,李虹玉-XNY0271,2026-04-08 14:09:42
12992138782,爱奇艺-小程序-数字人-625-0226-7,李虹玉-XNY0271,2026-04-08 14:09:50
12992140378,爱奇艺-小程序-数字人-625-0227-1bg (10),李虹玉-XNY0271,2026-04-08 14:09:57
12992140906,爱奇艺-小程序-数字人-625-0227-1,李虹玉-XNY0271,2026-04-08 14:09:59
12992141733,爱奇艺-小程序-数字人-625-0227-1bg (12),李虹玉-XNY0271,2026-04-08 14:10:03
12992141941,爱奇艺-小程序-数字人-625-0227-1bg (14),李虹玉-XNY0271,2026-04-08 14:10:04
12992142203,爱奇艺-小程序-数字人-625-0227-1bg (13),李虹玉-XNY0271,2026-04-08 14:10:05
12992142624,爱奇艺-小程序-数字人-625-0227-1bg (15),李虹玉-XNY0271,2026-04-08 14:10:07
12992143329,爱奇艺-小程序-数字人-625-0227-1bg (16),李虹玉-XNY0271,2026-04-08 14:10:10
12992143855,爱奇艺-小程序-数字人-625-0227-1bg (17),李虹玉-XNY0271,2026-04-08 14:10:12
12992144479,爱奇艺-小程序-数字人-625-0227-1bg (19),李虹玉-XNY0271,2026-04-08 14:10:15
12992144820,爱奇艺-小程序-数字人-625-0227-1bg (21),李虹玉-XNY0271,2026-04-08 14:10:16
12992145332,爱奇艺-小程序-数字人-625-0227-1bg (23),李虹玉-XNY0271,2026-04-08 14:10:18
12992145356,爱奇艺-小程序-数字人-625-0227-1bg (22),李虹玉-XNY0271,2026-04-08 14:10:19
12992145873,爱奇艺-小程序-数字人-625-0227-1bg (24),李虹玉-XNY0271,2026-04-08 14:10:21
12992148359,爱奇艺-小程序-数字人-625-0202- (2),李虹玉-XNY0271,2026-04-08 14:10:32
12992149660,爱奇艺-小程序-数字人-625-0202- (6),李虹玉-XNY0271,2026-04-08 14:10:37
12992150101,爱奇艺-小程序-数字人-625-0202- (3),李虹玉-XNY0271,2026-04-08 14:10:39
12992151256,爱奇艺-小程序-数字人-625-0203-(1),李虹玉-XNY0271,2026-04-08 14:10:43
12992152437,爱奇艺-小程序-数字人-625-0204- (2),李虹玉-XNY0271,2026-04-08 14:10:49
12992152670,爱奇艺-小程序-数字人-625-0204- (10),李虹玉-XNY0271,2026-04-08 14:10:50
12992155927,爱奇艺-小程序-数字人-625-0204- (9),李虹玉-XNY0271,2026-04-08 14:11:04
12992158105,爱奇艺-小程序-数字人-625-0209-2,李虹玉-XNY0271,2026-04-08 14:11:14
12992159141,爱奇艺-小程序-数字人-625-0209-4,李虹玉-XNY0271,2026-04-08 14:11:18
12992167360,爱奇艺-小程序-数字人-625-0211- (3),李虹玉-XNY0271,2026-04-08 14:11:53
12992178990,爱奇艺-小程序-数字人-625-0306-5 (1),李虹玉-XNY0271,2026-04-08 14:12:42
12992181378,爱奇艺-小程序-数字人-625-0306-6,李虹玉-XNY0271,2026-04-08 14:12:53
12992184895,爱奇艺-小程序-数字人-625-0309(1),李虹玉-XNY0271,2026-04-08 14:13:08
12992189550,爱奇艺-小程序-数字人-625-0309,李虹玉-XNY0271,2026-04-08 14:13:26
12992191396,爱奇艺-小程序-数字人-625-0310(31),李虹玉-XNY0271,2026-04-08 14:13:34
12992195259,爱奇艺-小程序-数字人-625-0311(2)-6,李虹玉-XNY0271,2026-04-08 14:13:48
12992195627,爱奇艺-小程序-数字人-625-0313-cjj- (10),李虹玉-XNY0271,2026-04-08 14:13:49
12992197290,爱奇艺-小程序-数字人-625-0313-cjj- (5),李虹玉-XNY0271,2026-04-08 14:13:55
12992198376,爱奇艺-小程序-数字人-625-0313-cjj- (8),李虹玉-XNY0271,2026-04-08 14:13:59
12992200857,爱奇艺-小程序-数字人-625-0227-2,李虹玉-XNY0271,2026-04-08 14:14:09
12992202447,爱奇艺-小程序-数字人-625-0227-6,李虹玉-XNY0271,2026-04-08 14:14:17
12992203441,爱奇艺-小程序-数字人-625-0227-7,李虹玉-XNY0271,2026-04-08 14:14:21
12992203635,爱奇艺-小程序-数字人-625-0227-8,李虹玉-XNY0271,2026-04-08 14:14:22
12992203850,爱奇艺-小程序-数字人-625-0227-9,李虹玉-XNY0271,2026-04-08 14:14:23
12992208336,爱奇艺-小程序-数字人-625-0228-6,李虹玉-XNY0271,2026-04-08 14:14:42
12992211664,爱奇艺-小程序-数字人-625-0302 (12),李虹玉-XNY0271,2026-04-08 14:14:56
12992212715,爱奇艺-小程序-数字人-625-0302 (3),李虹玉-XNY0271,2026-04-08 14:15:01
12992217062,爱奇艺-小程序-数字人-625-0303- (10),李虹玉-XNY0271,2026-04-08 14:15:20
12992219006,爱奇艺-小程序-数字人-625-0303- (5),李虹玉-XNY0271,2026-04-08 14:15:28
12992220256,爱奇艺-小程序-数字人-625-0303- (8),李虹玉-XNY0271,2026-04-08 14:15:34
12992223194,爱奇艺-小程序-数字人-625-0304- (5),李虹玉-XNY0271,2026-04-08 14:15:47
12992223438,爱奇艺-小程序-数字人-625-0304- (7),李虹玉-XNY0271,2026-04-08 14:15:48
12992322345,荣耀-XN-招聘-通用-物流-混剪-260407-625-15,李虹玉-XNY0271,2026-04-08 14:23:12
12992324397,荣耀-XN-招聘-通用-物流-混剪-260407-625-5,李虹玉-XNY0271,2026-04-08 14:23:20
12992325712,荣耀-XN-招聘-通用-物流-混剪-260407-625-7,李虹玉-XNY0271,2026-04-08 14:23:25
12992326558,荣耀-XN-招聘-通用-物流-混剪-260407-625-8,李虹玉-XNY0271,2026-04-08 14:23:28
12992327968,荣耀-XN-招聘-通用-物流-混剪-260407-625-9,李虹玉-XNY0271,2026-04-08 14:23:34
12993014616,荣耀-XN-金融-通用-壁纸-混剪-纯新AIGC-2600403-625-2,李虹玉-XNY0271,2026-04-08 15:11:02
12993015439,荣耀-XN-金融-通用-壁纸-混剪-AIGC-260403-625-23,李虹玉-XNY0271,2026-04-08 15:11:06
12993016209,荣耀-XN-金融-通用-壁纸-混剪-AIGC-260403-625-22,李虹玉-XNY0271,2026-04-08 15:11:09
12993017426,荣耀-XN-社交-通用-情侣画面-混剪-260403-625-15,李虹玉-XNY0271,2026-04-08 15:11:13
12993023948,荣耀-XN-社交-通用-情侣画面-混剪-260403-625-21,李虹玉-XNY0271,2026-04-08 15:11:39
12993032111,荣耀-XN-影音-通用-音乐-混剪-260403-625-1,李虹玉-XNY0271,2026-04-08 15:12:09
12993033482,荣耀-XN-影音-通用-音乐-混剪-260403-625-3,李虹玉-XNY0271,2026-04-08 15:12:14
12993034611,荣耀-XN-影音-通用-音乐-混剪-260403-625-5,李虹玉-XNY0271,2026-04-08 15:12:19
12993035801,荣耀-XN-影音-通用-风景-混剪-260403-625-1,李虹玉-XNY0271,2026-04-08 15:12:24
12993040432,荣耀-XN-影音-通用-风景-混剪-260403-625-11,李虹玉-XNY0271,2026-04-08 15:12:43
12993042084,荣耀-XN-社交-通用-情侣画面-混剪-260403-625-25,李虹玉-XNY0271,2026-04-08 15:12:49
12993042745,荣耀-XN-社交-通用-情侣画面-混剪-260403-625-26,李虹玉-XNY0271,2026-04-08 15:12:51
12993044658,荣耀-XN-社交-通用-情侣画面-混剪-260403-625-29,李虹玉-XNY0271,2026-04-08 15:12:59
12993045077,荣耀-XN-社交-通用-情侣画面-混剪-260403-625-30,李虹玉-XNY0271,2026-04-08 15:13:00
12993045330,荣耀-XN-社交-通用-情侣画面-混剪-260403-625-1,李虹玉-XNY0271,2026-04-08 15:13:01
12993050922,荣耀-XN-社交-通用-情侣画面-混剪-260403-625-9,李虹玉-XNY0271,2026-04-08 15:13:23
12993052689,荣耀-XN-社交-通用-情侣画面-混剪-260403-625-11,李虹玉-XNY0271,2026-04-08 15:13:29
12993089483,荣耀-XN-金融-通用-壁纸-混剪-纯新AIGC-2600403-625-30,李虹玉-XNY0271,2026-04-08 15:15:45
12993096930,荣耀-XN-金融-通用-壁纸-混剪-纯新AIGC-2600403-625-16,李虹玉-XNY0271,2026-04-08 15:16:14
12993098376,荣耀-XN-金融-通用-壁纸-混剪-纯新AIGC-2600403-625-14,李虹玉-XNY0271,2026-04-08 15:16:20
12993099807,荣耀-XN-金融-通用-壁纸-混剪-纯新AIGC-2600403-625-11,李虹玉-XNY0271,2026-04-08 15:16:26
13005930983,荣耀-XN-小说-通用-动态慢-混剪-纯新AIGC-260409-625-15,李虹玉-XNY0271,2026-04-09 18:41:43
13005938460,荣耀-XN-金融-通用-壁纸-混剪-纯新AIGC-260409-625-60,李虹玉-XNY0271,2026-04-09 18:42:19
13005939367,荣耀-XN-金融-通用-壁纸-混剪-纯新AIGC-260409-625-64,李虹玉-XNY0271,2026-04-09 18:42:23
13005940864,荣耀-XN-金融-通用-壁纸-混剪-纯新AIGC-260409-625-69,李虹玉-XNY0271,2026-04-09 18:42:30
13005941733,荣耀-XN-金融-通用-壁纸-混剪-纯新AIGC-260409-625-2,李虹玉-XNY0271,2026-04-09 18:42:33
13005942595,荣耀-XN-金融-通用-壁纸-混剪-纯新AIGC-260409-625-7,李虹玉-XNY0271,2026-04-09 18:42:37
13005943745,荣耀-XN-金融-通用-壁纸-混剪-纯新AIGC-260409-625-12,李虹玉-XNY0271,2026-04-09 18:42:43
13005943967,荣耀-XN-金融-通用-壁纸-混剪-纯新AIGC-260409-625-13,李虹玉-XNY0271,2026-04-09 18:42:44
13005945120,荣耀-XN-金融-通用-壁纸-混剪-纯新AIGC-260409-625-17,李虹玉-XNY0271,2026-04-09 18:42:48
13005945422,荣耀-XN-金融-通用-壁纸-混剪-纯新AIGC-260409-625-18,李虹玉-XNY0271,2026-04-09 18:42:50
13005946436,荣耀-XN-金融-通用-壁纸-混剪-纯新AIGC-260409-625-23,李虹玉-XNY0271,2026-04-09 18:42:55
13005947610,荣耀-XN-金融-通用-壁纸-混剪-纯新AIGC-260409-625-28,李虹玉-XNY0271,2026-04-09 18:43:01
13005947658,荣耀-XN-金融-通用-壁纸-混剪-纯新AIGC-260409-625-29,李虹玉-XNY0271,2026-04-09 18:43:01
13005950681,荣耀-XN-金融-通用-壁纸-混剪-纯新AIGC-260409-625-41,李虹玉-XNY0271,2026-04-09 18:43:16
13006279319,XN-OPPO浏览器-视频-文案类-视频混剪-竖-625-cjj-纯新AIGC-20260409-15,李虹玉-XNY0271,2026-04-09 19:22:20
13014873539,XN-OPPO浏览器-视频-文案类-视频混剪-竖-625-cjj-纯新AIGC-20260410-47,李虹玉-XNY0271,2026-04-10 17:19:56
13014946966,低价-年化4.9%_视频_情景剧_无前贴_实拍-其他_是（达人合作资源）_常规_否_卡车女汉子20261004+头条14_外飞成片-625-20260408,李虹玉-XNY0271,2026-04-10 17:24:58
13014952355,低价-年化4.9%_视频_情景剧_无前贴_实拍-其他_是（达人合作资源）_常规_否_揉半挂的行哥20261001+头条2_外鑫成片-625-20260408,李虹玉-XNY0271,2026-04-10 17:25:18
13014953060,低价-年化4.9%_视频_情景剧_无前贴_实拍-其他_是（达人合作资源）_常规_否_柯科技20261008+头条2_外鑫成片-625-20260408,李虹玉-XNY0271,2026-04-10 17:25:20
13014954175,低价-年化4.9%_视频_情景剧_无前贴_实拍-其他_是（达人合作资源）_常规_否_柯科技20261008+头条10_外鑫成片-625-20260408,李虹玉-XNY0271,2026-04-10 17:25:24
13036462768,计步-公元op-625-0413-投前 (10),李虹玉-XNY0271,2026-04-13 18:38:16
13036470905,XN-OPPO浏览器-视频-文案类-视频混剪-竖-625-cjj-纯新AIGC-20260413-26-投前 (5),李虹玉-XNY0271,2026-04-13 18:39:12
13036478570,XN-OPPO浏览器-视频-文案类-视频混剪-竖-625-cjj-纯新AIGC-20260413-26-投前 (25),李虹玉-XNY0271,2026-04-13 18:40:03
13036480765,XN-OPPO浏览器-视频-文案类-视频混剪-竖-625-cjj-纯新AIGC-20260413-32,李虹玉-XNY0271,2026-04-13 18:40:17
13039424717,低价-年化4.9%_视频_情景剧_无前贴_实拍-其他_是（达人合作资源）_常规_否_返乡的琪琪20261002_头条8_外飞成片-625-20260408,李虹玉-XNY0271,2026-04-14 09:58:31
13039424749,低价-年化4.9%_视频_情景剧_无前贴_实拍-其他_是（达人合作资源）_常规_否_返乡的琪琪20261002-_头条16_外飞成片-625-20260408,李虹玉-XNY0271,2026-04-14 09:58:31
13039426247,低价-年化4.9%_视频_情景剧_无前贴_实拍-其他_是（达人合作资源）_常规_否_娜娜酱要翻倍20261002_头条12_外飞成片-625-20260408,李虹玉-XNY0271,2026-04-14 09:58:38
13039430275,低价-年化4.9%_视频_情景剧_无前贴_实拍-其他_是（达人合作资源）_常规_否_娜娜酱要翻倍20261002_头条5+头条4_外鑫成片-625-20260408,李虹玉-XNY0271,2026-04-14 09:58:55
13039430445,低价-年化4.9%_视频_情景剧_无前贴_实拍-其他_是（达人合作资源）_常规_否_返乡的琪琪20261002+娜娜酱要翻倍2次20261002_头条3_外鑫成片-625-20260408,李虹玉-XNY0271,2026-04-14 09:58:56
13040038503,荣耀-XN-社交-通用-美女-混剪-纯新AIGC-260410-625-1,李虹玉-XNY0271,2026-04-14 10:42:09
13040038561,荣耀-XN-社交-通用-数字人-混剪-260410-625-5,李虹玉-XNY0271,2026-04-14 10:42:09
13040038827,荣耀-XN-社交-通用-美女-混剪-纯新AIGC-260410-625-2,李虹玉-XNY0271,2026-04-14 10:42:10
13040039160,荣耀-XN-社交-通用-美女-混剪-纯新AIGC-260410-625-3,李虹玉-XNY0271,2026-04-14 10:42:12
13040041658,荣耀-XN-社交-通用-美女-混剪-纯新AIGC-260410-625-12,李虹玉-XNY0271,2026-04-14 10:42:21
13040042427,荣耀-XN-社交-通用-美女-混剪-纯新AIGC-260410-625-14,李虹玉-XNY0271,2026-04-14 10:42:24
13040043962,荣耀-XN-社交-通用-美女-混剪-纯新AIGC-260410-625-19,李虹玉-XNY0271,2026-04-14 10:42:29
13040044731,荣耀-XN-影音-通用-风景-混剪-260410-625-16,李虹玉-XNY0271,2026-04-14 10:42:33
13040051065,荣耀-XN-社交-通用-情侣画面-混剪-260410-625-5,李虹玉-XNY0271,2026-04-14 10:42:56
13040052217,荣耀-XN-社交-通用-数字人-混剪-260410-625-1,李虹玉-XNY0271,2026-04-14 10:43:00
13055407947,荣耀-XN-金融-通用-引导下载-混剪-纯AIGC-260414-625-投前-6,李虹玉-XNY0271,2026-04-15 18:10:32
13055408145,荣耀-XN-金融-通用-引导下载-混剪-纯AIGC-260414-625-投前-8,李虹玉-XNY0271,2026-04-15 18:10:33
13055410204,荣耀-XN-金融-通用-引导下载-混剪-纯AIGC-260414-625-投前-9,李虹玉-XNY0271,2026-04-15 18:10:43
13055412184,荣耀-XN-金融-通用-引导下载-混剪-纯AIGC-260414-625-投前-12,李虹玉-XNY0271,2026-04-15 18:10:52
13055415211,荣耀-XN-金融-通用-引导下载-混剪-纯AIGC-260414-625-投前-17,李虹玉-XNY0271,2026-04-15 18:11:07
13055419179,荣耀-XN-金融-通用-壁纸-混剪-纯新AIGC-260414-625-5,李虹玉-XNY0271,2026-04-15 18:11:27
13055420674,荣耀-XN-金融-通用-壁纸-混剪-纯新AIGC-260414-625-6,李虹玉-XNY0271,2026-04-15 18:11:35
13055421494,荣耀-XN-金融-通用-壁纸-混剪-纯新AIGC-260414-625-10,李虹玉-XNY0271,2026-04-15 18:11:39
13055424416,荣耀-XN-金融-通用-壁纸-混剪-纯新AIGC-260414-625-19,李虹玉-XNY0271,2026-04-15 18:11:54
13055424922,荣耀-XN-金融-通用-壁纸-混剪-纯新AIGC-260414-625-21,李虹玉-XNY0271,2026-04-15 18:11:57
13055425656,荣耀-XN-金融-通用-壁纸-混剪-纯新AIGC-260414-625-24,李虹玉-XNY0271,2026-04-15 18:12:00
13055426281,荣耀-XN-金融-通用-壁纸-混剪-纯新AIGC-260414-625-26,李虹玉-XNY0271,2026-04-15 18:12:03
13055427232,荣耀-XN-金融-通用-壁纸-混剪-纯新AIGC-260414-625-30,李虹玉-XNY0271,2026-04-15 18:12:08
13055427898,荣耀-XN-金融-通用-壁纸-混剪-纯新AIGC-260414-625-32,李虹玉-XNY0271,2026-04-15 18:12:12
13055428367,荣耀-XN-金融-通用-壁纸-混剪-纯新AIGC-260414-625-34,李虹玉-XNY0271,2026-04-15 18:12:14
13055428710,荣耀-XN-金融-通用-壁纸-混剪-纯新AIGC-260414-625-35,李虹玉-XNY0271,2026-04-15 18:12:16
13055429143,荣耀-XN-金融-通用-壁纸-混剪-纯新AIGC-260414-625-37,李虹玉-XNY0271,2026-04-15 18:12:18
13055429525,荣耀-XN-金融-通用-壁纸-混剪-纯新AIGC-260414-625-38,李虹玉-XNY0271,2026-04-15 18:12:20
13055429576,荣耀-XN-金融-通用-壁纸-混剪-纯新AIGC-260414-625-39,李虹玉-XNY0271,2026-04-15 18:12:20
13055431840,荣耀-XN-金融-通用-壁纸-混剪-纯新AIGC-260414-625-45,李虹玉-XNY0271,2026-04-15 18:12:30
13055432736,荣耀-XN-金融-通用-壁纸-混剪-纯新AIGC-260414-625-48,李虹玉-XNY0271,2026-04-15 18:12:35
13055434823,荣耀-XN-金融-通用-壁纸-混剪-纯新AIGC-260414-625-54,李虹玉-XNY0271,2026-04-15 18:12:45
13055435382,荣耀-XN-金融-通用-壁纸-混剪-纯新AIGC-260414-625-55,李虹玉-XNY0271,2026-04-15 18:12:48
13055436463,荣耀-XN-金融-通用-壁纸-混剪-纯新AIGC-260414-625-56,李虹玉-XNY0271,2026-04-15 18:12:53
13055437260,荣耀-XN-金融-通用-壁纸-混剪-纯新AIGC-260414-625-59,李虹玉-XNY0271,2026-04-15 18:12:57
13055439093,荣耀-XN-金融-通用-壁纸-混剪-纯新AIGC-260414-625-64,李虹玉-XNY0271,2026-04-15 18:13:05
13055439557,荣耀-XN-金融-通用-壁纸-混剪-纯新AIGC-260414-625-65,李虹玉-XNY0271,2026-04-15 18:13:07
13055441002,荣耀-XN-金融-通用-壁纸-混剪-纯新AIGC-260414-625-68,李虹玉-XNY0271,2026-04-15 18:13:13
13055441594,荣耀-XN-金融-通用-壁纸-混剪-纯新AIGC-260414-625-70,李虹玉-XNY0271,2026-04-15 18:13:16
13055442428,荣耀-XN-金融-通用-壁纸-混剪-纯新AIGC-260414-625-71,李虹玉-XNY0271,2026-04-15 18:13:20
13055442549,荣耀-XN-金融-通用-壁纸-混剪-纯新AIGC-260414-625-72,李虹玉-XNY0271,2026-04-15 18:13:21
13055442995,荣耀-XN-金融-通用-壁纸-混剪-纯新AIGC-260414-625-73,李虹玉-XNY0271,2026-04-15 18:13:23
13055444768,荣耀-XN-金融-通用-壁纸-混剪-纯新AIGC-260414-625-77,李虹玉-XNY0271,2026-04-15 18:13:31
13055445556,荣耀-XN-金融-通用-壁纸-混剪-纯新AIGC-260414-625-79,李虹玉-XNY0271,2026-04-15 18:13:34
13055445988,荣耀-XN-金融-通用-壁纸-混剪-纯新AIGC-260414-625-80,李虹玉-XNY0271,2026-04-15 18:13:36
13055446306,荣耀-XN-金融-通用-壁纸-混剪-纯新AIGC-260414-625-81,李虹玉-XNY0271,2026-04-15 18:13:38
13055446600,荣耀-XN-金融-通用-壁纸-混剪-纯新AIGC-260414-625-82,李虹玉-XNY0271,2026-04-15 18:13:39
13055447109,荣耀-XN-金融-通用-壁纸-混剪-纯新AIGC-260414-625-83,李虹玉-XNY0271,2026-04-15 18:13:42
13055449125,荣耀-XN-金融-通用-壁纸-混剪-纯新AIGC-260414-625-87,李虹玉-XNY0271,2026-04-15 18:13:51
13055449251,荣耀-XN-金融-通用-壁纸-混剪-纯新AIGC-260414-625-88,李虹玉-XNY0271,2026-04-15 18:13:51
13055450012,荣耀-XN-金融-通用-壁纸-混剪-纯新AIGC-260414-625-89,李虹玉-XNY0271,2026-04-15 18:13:54
13055450241,荣耀-XN-金融-通用-壁纸-混剪-纯新AIGC-260414-625-90,李虹玉-XNY0271,2026-04-15 18:13:55
13055451362,荣耀-XN-金融-通用-壁纸-混剪-纯新AIGC-260414-625-92,李虹玉-XNY0271,2026-04-15 18:14:00
13055453427,荣耀-XN-金融-通用-壁纸-混剪-纯新AIGC-260414-625-97,李虹玉-XNY0271,2026-04-15 18:14:09
13055455447,荣耀-XN-金融-通用-鸡汤-混剪-260414-625-1,李虹玉-XNY0271,2026-04-15 18:14:18
13055456914,荣耀-XN-金融-通用-鸡汤-混剪-260414-625-3,李虹玉-XNY0271,2026-04-15 18:14:25
13055457319,荣耀-XN-金融-通用-鸡汤-混剪-260414-625-5,李虹玉-XNY0271,2026-04-15 18:14:27
13063624834,XN-OPPO浏览器-视频-短剧-视频混剪-竖-625-20260416-5,李虹玉-XNY0271,2026-04-16 16:42:39
13063626815,XN-OPPO浏览器-视频-短剧-视频混剪-竖-625-20260416-10,李虹玉-XNY0271,2026-04-16 16:42:46
13070866748,荣耀-XN-金融-通用-壁纸-混剪-纯新AIGC-260417-625-3,李虹玉-XNY0271,2026-04-17 14:18:47
13074244987,低价-年化4.9%_视频_单人口播_无前贴_非实拍-其他_否_常规_否_头条17_外飞成片_625-20260410-1-投前,李虹玉-XNY0271,2026-04-17 18:12:34
13074275304,低价-年化4.9%_视频_情景剧_无前贴_实拍-其他_是（达人合作资源）_常规_否_子豪二手车20270408_头条1_外飞成片-625-20260413-投前,李虹玉-XNY0271,2026-04-17 18:14:53
13074283304,低价-年化4.9%_视频_情景剧_无前贴_实拍-其他_是（达人合作资源）_常规_否_开文守村人20261009_头条6_外飞成片-625-20260413-投前,李虹玉-XNY0271,2026-04-17 18:15:32
13074318794,低价-年化4.9%_视频_情景剧_无前贴_实拍-其他_是（达人合作资源）_常规_否_海鲜小哥20261003_头条17+头条16_外飞成片-625-20260414-投前,李虹玉-XNY0271,2026-04-17 18:18:09
13074323349,低价-年化4.9%_视频_情景剧_无前贴_实拍-其他_是（达人合作资源）_常规_否_师兄不是兄20260929_头条20_外飞成片-625-20260414-投前,李虹玉-XNY0271,2026-04-17 18:18:28
13074325667,低价-年化4.9%_视频_情景剧_无前贴_实拍-其他_是（达人合作资源）_常规_否_师兄不是兄20260929_头条17_外飞成片-625-20260414-投前,李虹玉-XNY0271,2026-04-17 18:18:37
13074326927,低价-年化4.9%_视频_情景剧_无前贴_实拍-其他_是（达人合作资源）_常规_否_师兄不是兄20260929_头条12_外飞成片-625-20260414-投前,李虹玉-XNY0271,2026-04-17 18:18:43
13074327933,低价-年化4.9%_视频_情景剧_无前贴_实拍-其他_是（达人合作资源）_常规_否_郭洋先生20261008_头条16_外飞成片-625-20260414-投前,李虹玉-XNY0271,2026-04-17 18:18:49
13074327991,低价-年化4.9%_视频_情景剧_无前贴_实拍-其他_是（达人合作资源）_常规_否_郭洋先生20261008_头条10_外鑫成片-625-20260414-投前,李虹玉-XNY0271,2026-04-17 18:18:49
13074334279,低价-年化4.9%_视频_情景剧_无前贴_实拍-其他_是（达人合作资源）_常规_否_郭洋先生20261008_头条5_外恩成片-625-20260414-投前,李虹玉-XNY0271,2026-04-17 18:19:17
13096002855,荣耀-XN-社交-通用-美女-混剪-纯新AIGC-260416-625-3,李虹玉-XNY0271,2026-04-21 09:13:58
13096002959,荣耀-XN-社交-通用-美女-混剪-纯新AIGC-260416-625-4,李虹玉-XNY0271,2026-04-21 09:13:59
13096003494,荣耀-XN-社交-通用-朋友-混剪-260416-625-3,李虹玉-XNY0271,2026-04-21 09:14:06
13096006367,荣耀-XN-小说-通用-动态漫-混剪-260416-625-5,李虹玉-XNY0271,2026-04-21 09:14:40
13096006447,荣耀-XN-小说-通用-动态漫-混剪-260416-625-6,李虹玉-XNY0271,2026-04-21 09:14:40
13096009218,荣耀-XN-小说-通用-动态漫-混剪-260416-625-21,李虹玉-XNY0271,2026-04-21 09:15:12
13096010027,荣耀-XN-影音娱乐-通用-萌宠视频-混剪-260417-625-12,李虹玉-XNY0271,2026-04-21 09:15:22
13096010407,荣耀-XN-影音娱乐-通用-手势舞-混剪-260417-625-2,李虹玉-XNY0271,2026-04-21 09:15:26
13096010759,荣耀-XN-影音娱乐-通用-手势舞-混剪-260417-625-3,李虹玉-XNY0271,2026-04-21 09:15:30
13096010775,荣耀-XN-影音娱乐-通用-手势舞-混剪-260417-625-5,李虹玉-XNY0271,2026-04-21 09:15:30
13096011407,荣耀-XN-影音娱乐-通用-手势舞-混剪-260417-625-7,李虹玉-XNY0271,2026-04-21 09:15:37
13096011447,荣耀-XN-影音娱乐-通用-手势舞-混剪-260417-625-8,李虹玉-XNY0271,2026-04-21 09:15:38
13096011946,荣耀-XN-影音娱乐-通用-手势舞-混剪-260417-625-11,李虹玉-XNY0271,2026-04-21 09:15:43
13096012415,荣耀-XN-影音娱乐-通用-手势舞-混剪-260417-625-14,李虹玉-XNY0271,2026-04-21 09:15:48
13096012441,荣耀-XN-影音娱乐-通用-手势舞-混剪-260417-625-13,李虹玉-XNY0271,2026-04-21 09:15:49
13096012900,荣耀-XN-影音娱乐-通用-手势舞-混剪-260417-625-15,李虹玉-XNY0271,2026-04-21 09:15:54
13096013262,荣耀-XN-影音娱乐-通用-手势舞-混剪-260417-625-18,李虹玉-XNY0271,2026-04-21 09:15:59
13096013805,荣耀-XN-影音娱乐-通用-唱歌-混剪-260417-625-2,李虹玉-XNY0271,2026-04-21 09:16:05
13096014135,荣耀-XN-影音娱乐-通用-唱歌-混剪-260417-625-4,李虹玉-XNY0271,2026-04-21 09:16:09
13096014394,荣耀-XN-影音娱乐-通用-唱歌-混剪-260417-625-5,李虹玉-XNY0271,2026-04-21 09:16:13
13096015983,荣耀-XN-影音娱乐-通用-风景-混剪-260417-625-4,李虹玉-XNY0271,2026-04-21 09:16:33
13096016694,荣耀-XN-影音娱乐-通用-萌宠视频-混剪-260417-625-1,李虹玉-XNY0271,2026-04-21 09:16:42
13096016845,荣耀-XN-影音娱乐-通用-萌宠视频-混剪-260417-625-3,李虹玉-XNY0271,2026-04-21 09:16:44
13096017320,荣耀-XN-影音娱乐-通用-萌宠视频-混剪-260417-625-8,李虹玉-XNY0271,2026-04-21 09:16:50
13096017403,荣耀-XN-影音娱乐-通用-萌宠视频-混剪-260417-625-7,李虹玉-XNY0271,2026-04-21 09:16:51
13096019544,荣耀-XN-小说-通用-动态漫-混剪-纯新AIGC-260416-625-5,李虹玉-XNY0271,2026-04-21 09:17:19
13096019554,荣耀-XN-社交-通用-朋友-混剪-260416-625-7,李虹玉-XNY0271,2026-04-21 09:17:19
13096020298,荣耀-XN-社交-通用-情侣-混剪-260416-625-3,李虹玉-XNY0271,2026-04-21 09:17:29
13096020565,荣耀-XN-社交-通用-情侣-混剪-260416-625-4,李虹玉-XNY0271,2026-04-21 09:17:32
13096020840,荣耀-XN-社交-通用-情侣-混剪-260416-625-6,李虹玉-XNY0271,2026-04-21 09:17:36
13096021046,荣耀-XN-社交-通用-情侣-混剪-260416-625-7,李虹玉-XNY0271,2026-04-21 09:17:38
13102573940,XN-OPPO浏览器-视频-短剧-视频混剪-竖-625-20260421-3,李虹玉-XNY0271,2026-04-21 18:39:32
13102587285,XN-OPPO浏览器-视频-短剧-视频混剪-竖-625-20260421-35,李虹玉-XNY0271,2026-04-21 18:41:11
13108897109,低价-年化4.9%_视频_情景剧_无前贴_实拍-其他_是（品牌资源-沙溢视频）_常规_否_头条26_外飞成片-625-20260415-wf方式四,李虹玉-XNY0271,2026-04-22 14:18:34
13108898922,低价-年化4.9%_视频_情景剧_无前贴_实拍-其他_是（达人合作资源）_常规_否_菠萝20260513_头条3+头条8_外飞成片-625-20260415-bg,李虹玉-XNY0271,2026-04-22 14:18:45
13108899273,低价-年化4.9%_视频_情景剧_无前贴_实拍-其他_是（达人合作资源）_常规_否_达哥5次20260919_头条3+头条8_外飞成片-625-20260415-jt方式五,李虹玉-XNY0271,2026-04-22 14:18:46
13108901128,低价-年化4.9%_视频_情景剧_无前贴_实拍-其他_是（达人合作资源）_常规_否_阿伟夫妇20270413_头条2+头条7_外飞成片-625-20260415-jt方式五,李虹玉-XNY0271,2026-04-22 14:18:56
13108906678,低价-年化4.9%_视频_情景剧_无前贴_实拍-其他_是（达人合作资源）_常规_否_昊子解毒_头条23_外正成片-625-20260415-bg,李虹玉-XNY0271,2026-04-22 14:19:24
13108914865,低价-年化4.9%_视频_情景剧_无前贴_实拍-其他_是（达人合作资源）_常规_否_冷藏哥20260508_头条11_外鑫成片-625-20260415-bg,李虹玉-XNY0271,2026-04-22 14:19:59
13116763063,XN-OPPO浏览器-视频-文案类-视频混剪-竖-625-cjj-纯新AIGC-20260423-49,李虹玉-XNY0271,2026-04-23 11:15:03
13116763224,XN-OPPO浏览器-视频-文案类-视频混剪-竖-625-cjj-纯新AIGC-20260423-51,李虹玉-XNY0271,2026-04-23 11:15:03
13116763955,XN-OPPO浏览器-视频-文案类-视频混剪-竖-625-cjj-纯新AIGC-20260423-54,李虹玉-XNY0271,2026-04-23 11:15:06
13116764030,XN-OPPO浏览器-视频-文案类-视频混剪-竖-625-cjj-纯新AIGC-20260423-55,李虹玉-XNY0271,2026-04-23 11:15:07
13116764741,XN-OPPO浏览器-视频-文案类-视频混剪-竖-625-cjj-纯新AIGC-20260423-58,李虹玉-XNY0271,2026-04-23 11:15:10
13116765092,XN-OPPO浏览器-视频-文案类-视频混剪-竖-625-cjj-纯新AIGC-20260423-59,李虹玉-XNY0271,2026-04-23 11:15:11
13116766163,XN-OPPO浏览器-视频-文案类-视频混剪-竖-625-cjj-纯新AIGC-20260423-2,李虹玉-XNY0271,2026-04-23 11:15:15
13116766365,XN-OPPO浏览器-视频-文案类-视频混剪-竖-625-cjj-纯新AIGC-20260423-1,李虹玉-XNY0271,2026-04-23 11:15:16
13116766442,XN-OPPO浏览器-视频-文案类-视频混剪-竖-625-cjj-纯新AIGC-20260423-3,李虹玉-XNY0271,2026-04-23 11:15:16
13116767016,XN-OPPO浏览器-视频-文案类-视频混剪-竖-625-cjj-纯新AIGC-20260423-4,李虹玉-XNY0271,2026-04-23 11:15:19
13116767134,XN-OPPO浏览器-视频-文案类-视频混剪-竖-625-cjj-纯新AIGC-20260423-6,李虹玉-XNY0271,2026-04-23 11:15:19
13116767628,XN-OPPO浏览器-视频-文案类-视频混剪-竖-625-cjj-纯新AIGC-20260423-7,李虹玉-XNY0271,2026-04-23 11:15:21
13116768230,XN-OPPO浏览器-视频-文案类-视频混剪-竖-625-cjj-纯新AIGC-20260423-10,李虹玉-XNY0271,2026-04-23 11:15:24
13116768454,XN-OPPO浏览器-视频-文案类-视频混剪-竖-625-cjj-纯新AIGC-20260423-11,李虹玉-XNY0271,2026-04-23 11:15:24
13116769301,XN-OPPO浏览器-视频-文案类-视频混剪-竖-625-cjj-纯新AIGC-20260423-15,李虹玉-XNY0271,2026-04-23 11:15:28
13116769812,XN-OPPO浏览器-视频-文案类-视频混剪-竖-625-cjj-纯新AIGC-20260423-17,李虹玉-XNY0271,2026-04-23 11:15:30
13116770728,XN-OPPO浏览器-视频-文案类-视频混剪-竖-625-cjj-纯新AIGC-20260423-21,李虹玉-XNY0271,2026-04-23 11:15:33
13116771170,XN-OPPO浏览器-视频-文案类-视频混剪-竖-625-cjj-纯新AIGC-20260423-22,李虹玉-XNY0271,2026-04-23 11:15:35
13116771224,XN-OPPO浏览器-视频-文案类-视频混剪-竖-625-cjj-纯新AIGC-20260423-23,李虹玉-XNY0271,2026-04-23 11:15:35
13116771904,XN-OPPO浏览器-视频-文案类-视频混剪-竖-625-cjj-纯新AIGC-20260423-26,李虹玉-XNY0271,2026-04-23 11:15:38
13116772618,XN-OPPO浏览器-视频-文案类-视频混剪-竖-625-cjj-纯新AIGC-20260423-29,李虹玉-XNY0271,2026-04-23 11:15:40
13116773376,XN-OPPO浏览器-视频-文案类-视频混剪-竖-625-cjj-纯新AIGC-20260423-32,李虹玉-XNY0271,2026-04-23 11:15:44
13116773380,XN-OPPO浏览器-视频-文案类-视频混剪-竖-625-cjj-纯新AIGC-20260423-31,李虹玉-XNY0271,2026-04-23 11:15:44
13116773401,XN-OPPO浏览器-视频-文案类-视频混剪-竖-625-cjj-纯新AIGC-20260423-33,李虹玉-XNY0271,2026-04-23 11:15:44
13116774415,XN-OPPO浏览器-视频-文案类-视频混剪-竖-625-cjj-纯新AIGC-20260423-35,李虹玉-XNY0271,2026-04-23 11:15:47
13116775088,XN-OPPO浏览器-视频-文案类-视频混剪-竖-625-cjj-纯新AIGC-20260423-37,李虹玉-XNY0271,2026-04-23 11:15:50
13116776005,XN-OPPO浏览器-视频-文案类-视频混剪-竖-625-cjj-纯新AIGC-20260423-42,李虹玉-XNY0271,2026-04-23 11:15:53
13116776632,XN-OPPO浏览器-视频-文案类-视频混剪-竖-625-cjj-纯新AIGC-20260423-43,李虹玉-XNY0271,2026-04-23 11:15:55
13116776700,XN-OPPO浏览器-视频-文案类-视频混剪-竖-625-cjj-纯新AIGC-20260423-45,李虹玉-XNY0271,2026-04-23 11:15:56
13116777127,XN-OPPO浏览器-视频-文案类-视频混剪-竖-625-cjj-纯新AIGC-20260423-46,李虹玉-XNY0271,2026-04-23 11:15:58
13125482165,荣耀-XN-金融-通用-壁纸-混剪-纯AIGC-260422-625-2,李虹玉-XNY0271,2026-04-24 10:10:21
13125482197,荣耀-XN-金融-通用-壁纸-混剪-纯AIGC-260422-625-1,李虹玉-XNY0271,2026-04-24 10:10:21
13125482881,荣耀-XN-金融-通用-壁纸-混剪-纯AIGC-260422-625-4,李虹玉-XNY0271,2026-04-24 10:10:24
13125482988,荣耀-XN-金融-通用-壁纸-混剪-纯AIGC-260422-625-6,李虹玉-XNY0271,2026-04-24 10:10:25
13125483165,荣耀-XN-金融-通用-壁纸-混剪-纯AIGC-260422-625-5,李虹玉-XNY0271,2026-04-24 10:10:26
13125483544,荣耀-XN-金融-通用-壁纸-混剪-纯AIGC-260422-625-7,李虹玉-XNY0271,2026-04-24 10:10:27
13125483711,荣耀-XN-金融-通用-壁纸-混剪-纯AIGC-260422-625-8,李虹玉-XNY0271,2026-04-24 10:10:28
13125483830,荣耀-XN-金融-通用-壁纸-混剪-纯AIGC-260422-625-9,李虹玉-XNY0271,2026-04-24 10:10:29
13125484139,荣耀-XN-金融-通用-壁纸-混剪-纯AIGC-260422-625-10,李虹玉-XNY0271,2026-04-24 10:10:30
13125484291,荣耀-XN-金融-通用-壁纸-混剪-纯AIGC-260422-625-12,李虹玉-XNY0271,2026-04-24 10:10:32
13125484323,荣耀-XN-金融-通用-壁纸-混剪-纯AIGC-260422-625-11,李虹玉-XNY0271,2026-04-24 10:10:32
13125484685,荣耀-XN-金融-通用-壁纸-混剪-纯AIGC-260422-625-13,李虹玉-XNY0271,2026-04-24 10:10:34
13125485006,荣耀-XN-金融-通用-壁纸-混剪-纯AIGC-260422-625-14,李虹玉-XNY0271,2026-04-24 10:10:35
13125485040,荣耀-XN-金融-通用-壁纸-混剪-纯AIGC-260422-625-15,李虹玉-XNY0271,2026-04-24 10:10:36
13125485366,荣耀-XN-金融-通用-壁纸-混剪-纯AIGC-260422-625-16,李虹玉-XNY0271,2026-04-24 10:10:37
13125485667,荣耀-XN-金融-通用-壁纸-混剪-纯AIGC-260422-625-17,李虹玉-XNY0271,2026-04-24 10:10:38
13125485797,荣耀-XN-金融-通用-壁纸-混剪-纯AIGC-260422-625-18,李虹玉-XNY0271,2026-04-24 10:10:39
13125485944,荣耀-XN-金融-通用-壁纸-混剪-纯AIGC-260422-625-19,李虹玉-XNY0271,2026-04-24 10:10:40
13125486315,荣耀-XN-金融-通用-壁纸-混剪-纯AIGC-260422-625-21,李虹玉-XNY0271,2026-04-24 10:10:42
13125486386,荣耀-XN-金融-通用-壁纸-混剪-纯AIGC-260422-625-20,李虹玉-XNY0271,2026-04-24 10:10:42
13125486788,荣耀-XN-金融-通用-壁纸-混剪-纯AIGC-260422-625-22,李虹玉-XNY0271,2026-04-24 10:10:44
13125487228,荣耀-XN-金融-通用-壁纸-混剪-纯AIGC-260422-625-24,李虹玉-XNY0271,2026-04-24 10:10:46
13125487257,荣耀-XN-金融-通用-壁纸-混剪-纯AIGC-260422-625-23,李虹玉-XNY0271,2026-04-24 10:10:46
13125487502,荣耀-XN-金融-通用-壁纸-混剪-纯AIGC-260422-625-25,李虹玉-XNY0271,2026-04-24 10:10:47
13125487920,荣耀-XN-金融-通用-壁纸-混剪-纯AIGC-260422-625-26,李虹玉-XNY0271,2026-04-24 10:10:49
13125487975,荣耀-XN-金融-通用-壁纸-混剪-纯AIGC-260422-625-27,李虹玉-XNY0271,2026-04-24 10:10:49
13125488145,荣耀-XN-金融-通用-壁纸-混剪-纯AIGC-260422-625-28,李虹玉-XNY0271,2026-04-24 10:10:50
13125488623,荣耀-XN-金融-通用-壁纸-混剪-纯AIGC-260422-625-29,李虹玉-XNY0271,2026-04-24 10:10:52
13125488865,荣耀-XN-金融-通用-壁纸-混剪-纯AIGC-260422-625-30,李虹玉-XNY0271,2026-04-24 10:10:53
13125489293,荣耀-XN-金融-通用-壁纸-混剪-纯AIGC-260422-625-32,李虹玉-XNY0271,2026-04-24 10:10:55
13125489409,荣耀-XN-金融-通用-壁纸-混剪-纯AIGC-260422-625-33,李虹玉-XNY0271,2026-04-24 10:10:55
13125489731,荣耀-XN-金融-通用-壁纸-混剪-纯AIGC-260422-625-31,李虹玉-XNY0271,2026-04-24 10:10:56
13125490197,荣耀-XN-金融-通用-壁纸-混剪-纯AIGC-260422-625-34,李虹玉-XNY0271,2026-04-24 10:11:02
13125490240,荣耀-XN-金融-通用-壁纸-混剪-纯AIGC-260422-625-35,李虹玉-XNY0271,2026-04-24 10:11:02
13125490280,荣耀-XN-金融-通用-壁纸-混剪-纯AIGC-260422-625-36,李虹玉-XNY0271,2026-04-24 10:11:02
13125491060,荣耀-XN-金融-通用-壁纸-混剪-纯AIGC-260422-625-37,李虹玉-XNY0271,2026-04-24 10:11:05
13125491135,荣耀-XN-金融-通用-壁纸-混剪-纯AIGC-260422-625-38,李虹玉-XNY0271,2026-04-24 10:11:06
13125491276,荣耀-XN-金融-通用-壁纸-混剪-纯AIGC-260422-625-39,李虹玉-XNY0271,2026-04-24 10:11:06
13125491769,荣耀-XN-金融-通用-壁纸-混剪-纯AIGC-260422-625-40,李虹玉-XNY0271,2026-04-24 10:11:09
13125491829,荣耀-XN-金融-通用-壁纸-混剪-纯AIGC-260422-625-41,李虹玉-XNY0271,2026-04-24 10:11:09
13125492089,荣耀-XN-金融-通用-壁纸-混剪-纯AIGC-260422-625-42,李虹玉-XNY0271,2026-04-24 10:11:10
13125492493,荣耀-XN-金融-通用-壁纸-混剪-纯AIGC-260422-625-43,李虹玉-XNY0271,2026-04-24 10:11:12
13125492833,荣耀-XN-金融-通用-壁纸-混剪-纯AIGC-260422-625-45,李虹玉-XNY0271,2026-04-24 10:11:13
13125492961,荣耀-XN-金融-通用-壁纸-混剪-纯AIGC-260422-625-44,李虹玉-XNY0271,2026-04-24 10:11:14
13125493147,荣耀-XN-金融-通用-壁纸-混剪-纯AIGC-260422-625-46,李虹玉-XNY0271,2026-04-24 10:11:15
13132579643,荣耀-XN-社交-通用-聊天券-混剪-260424-625-11,李虹玉-XNY0271,2026-04-24 19:59:19
13132580200,荣耀-XN-社交-通用-聊天券-混剪-260424-625-15,李虹玉-XNY0271,2026-04-24 19:59:24
13132580217,荣耀-XN-社交-通用-聊天券-混剪-260424-625-16,李虹玉-XNY0271,2026-04-24 19:59:24
13132580552,荣耀-XN-社交-通用-聊天券-混剪-260424-625-19,李虹玉-XNY0271,2026-04-24 19:59:27
13132580964,荣耀-XN-社交-通用-聊天券-混剪-260424-625-4,李虹玉-XNY0271,2026-04-24 19:59:31
13132581090,荣耀-XN-社交-通用-聊天券-混剪-260424-625-5,李虹玉-XNY0271,2026-04-24 19:59:32
13132581177,荣耀-XN-社交-通用-聊天券-混剪-260424-625-7,李虹玉-XNY0271,2026-04-24 19:59:33
13132581419,荣耀-XN-社交-通用-聊天券-混剪-260424-625-9,李虹玉-XNY0271,2026-04-24 19:59:35
13144591019,荣耀-XN-金融-通用-鸡汤-混剪-260423-625-19,李虹玉-XNY0271,2026-04-27 09:27:40
13144591127,荣耀-XN-金融-通用-鸡汤-混剪-260423-625-18,李虹玉-XNY0271,2026-04-27 09:27:40
13144592027,荣耀-XN-金融-通用-鸡汤-混剪-260423-625-20,李虹玉-XNY0271,2026-04-27 09:27:46
13144592272,荣耀-XN-金融-通用-鸡汤-混剪-260423-625-22,李虹玉-XNY0271,2026-04-27 09:27:47
13144592768,荣耀-XN-金融-通用-引导下载-混剪-纯AIGC-260423-625-1,李虹玉-XNY0271,2026-04-27 09:27:50
13144592868,荣耀-XN-金融-通用-引导下载-混剪-纯AIGC-260423-625-3,李虹玉-XNY0271,2026-04-27 09:27:51
13144593305,荣耀-XN-金融-通用-引导下载-混剪-纯AIGC-260423-625-5,李虹玉-XNY0271,2026-04-27 09:27:53
13144593340,荣耀-XN-金融-通用-引导下载-混剪-纯AIGC-260423-625-4,李虹玉-XNY0271,2026-04-27 09:27:53
13144593414,荣耀-XN-金融-通用-引导下载-混剪-纯AIGC-260423-625-6,李虹玉-XNY0271,2026-04-27 09:27:54
13144593892,荣耀-XN-金融-通用-引导下载-混剪-纯AIGC-260423-625-8,李虹玉-XNY0271,2026-04-27 09:27:56
13144593933,荣耀-XN-金融-通用-引导下载-混剪-纯AIGC-260423-625-9,李虹玉-XNY0271,2026-04-27 09:27:57
13144594242,荣耀-XN-金融-通用-引导下载-混剪-纯AIGC-260423-625-10,李虹玉-XNY0271,2026-04-27 09:27:58
13144594398,荣耀-XN-金融-通用-引导下载-混剪-纯AIGC-260423-625-11,李虹玉-XNY0271,2026-04-27 09:27:59
13144594472,荣耀-XN-金融-通用-引导下载-混剪-纯AIGC-260423-625-12,李虹玉-XNY0271,2026-04-27 09:27:59
13144594935,荣耀-XN-金融-通用-引导下载-混剪-纯AIGC-260423-625-14,李虹玉-XNY0271,2026-04-27 09:28:02
13144595072,荣耀-XN-金融-通用-引导下载-混剪-纯AIGC-260423-625-15,李虹玉-XNY0271,2026-04-27 09:28:02
13144595327,荣耀-XN-金融-通用-引导下载-混剪-纯AIGC-260423-625-16,李虹玉-XNY0271,2026-04-27 09:28:04
13144595449,荣耀-XN-金融-通用-引导下载-混剪-纯AIGC-260423-625-17,李虹玉-XNY0271,2026-04-27 09:28:04
13144595624,荣耀-XN-金融-通用-引导下载-混剪-纯AIGC-260423-625-18,李虹玉-XNY0271,2026-04-27 09:28:05
13144595780,荣耀-XN-金融-通用-引导下载-混剪-纯AIGC-260423-625-19,李虹玉-XNY0271,2026-04-27 09:28:06
13144596193,荣耀-XN-金融-通用-鸡汤-混剪-260423-625-1,李虹玉-XNY0271,2026-04-27 09:28:08
13144596665,荣耀-XN-金融-通用-鸡汤-混剪-260423-625-2,李虹玉-XNY0271,2026-04-27 09:28:10
13144596943,荣耀-XN-金融-通用-鸡汤-混剪-260423-625-4,李虹玉-XNY0271,2026-04-27 09:28:12
13144597200,荣耀-XN-金融-通用-鸡汤-混剪-260423-625-5,李虹玉-XNY0271,2026-04-27 09:28:13
13144597231,荣耀-XN-金融-通用-鸡汤-混剪-260423-625-6,李虹玉-XNY0271,2026-04-27 09:28:13
13144597452,荣耀-XN-金融-通用-鸡汤-混剪-260423-625-7,李虹玉-XNY0271,2026-04-27 09:28:14
13144598006,荣耀-XN-金融-通用-鸡汤-混剪-260423-625-10,李虹玉-XNY0271,2026-04-27 09:28:17
13144598113,荣耀-XN-金融-通用-鸡汤-混剪-260423-625-9,李虹玉-XNY0271,2026-04-27 09:28:18
13144598209,荣耀-XN-金融-通用-鸡汤-混剪-260423-625-11,李虹玉-XNY0271,2026-04-27 09:28:18
13144598689,荣耀-XN-金融-通用-鸡汤-混剪-260423-625-13,李虹玉-XNY0271,2026-04-27 09:28:21
13144598690,荣耀-XN-金融-通用-鸡汤-混剪-260423-625-12,李虹玉-XNY0271,2026-04-27 09:28:21
13144598802,荣耀-XN-金融-通用-鸡汤-混剪-260423-625-14,李虹玉-XNY0271,2026-04-27 09:28:22
13144599186,荣耀-XN-金融-通用-鸡汤-混剪-260423-625-15,李虹玉-XNY0271,2026-04-27 09:28:24
13144599725,荣耀-XN-AI工具-通用-清理-混剪-纯AIGC-260423-625-4,李虹玉-XNY0271,2026-04-27 09:28:27
13144599911,荣耀-XN-AI工具-通用-清理-混剪-纯AIGC-260423-625-21,李虹玉-XNY0271,2026-04-27 09:28:28
13145010511,荣耀-XN-影音娱乐-通用-手势舞-混剪-260424-625-5,李虹玉-XNY0271,2026-04-27 10:04:53
13145010679,荣耀-XN-影音娱乐-通用-手势舞-混剪-260424-625-4,李虹玉-XNY0271,2026-04-27 10:04:53
13145011108,荣耀-XN-影音娱乐-通用-手势舞-混剪-260424-625-6,李虹玉-XNY0271,2026-04-27 10:04:55
13145012733,荣耀-XN-影音娱乐-通用-唱歌-混剪-260424-625-1,李虹玉-XNY0271,2026-04-27 10:05:02
13145012748,荣耀-XN-影音娱乐-通用-唱歌-混剪-260424-625-,李虹玉-XNY0271,2026-04-27 10:05:03
13145012865,荣耀-XN-影音娱乐-通用-唱歌-混剪-260424-625-2,李虹玉-XNY0271,2026-04-27 10:05:03
13145013657,荣耀-XN-影音娱乐-通用-唱歌-混剪-260424-625-3,李虹玉-XNY0271,2026-04-27 10:05:07
13145014070,荣耀-XN-影音娱乐-通用-唱歌-混剪-260424-625-5,李虹玉-XNY0271,2026-04-27 10:05:09
13145014199,荣耀-XN-影音娱乐-通用-唱歌-混剪-260424-625-4,李虹玉-XNY0271,2026-04-27 10:05:09
13145014793,荣耀-XN-影音娱乐-通用-唱歌-混剪-260424-625-6,李虹玉-XNY0271,2026-04-27 10:05:14
13145015412,荣耀-XN-影音娱乐-通用-唱歌-混剪-260424-625-7,李虹玉-XNY0271,2026-04-27 10:05:16
13145017060,荣耀-XN-影音娱乐-通用-唱歌-混剪-260424-625-13,李虹玉-XNY0271,2026-04-27 10:05:24
13145017460,荣耀-XN-影音娱乐-通用-唱歌-混剪-260424-625-14,李虹玉-XNY0271,2026-04-27 10:05:26
13145017668,荣耀-XN-影音娱乐-通用-唱歌-混剪-260424-625-15,李虹玉-XNY0271,2026-04-27 10:05:26
13145018088,荣耀-XN-影音娱乐-通用-风景-混剪-260417-625-1,李虹玉-XNY0271,2026-04-27 10:05:32
13145018231,荣耀-XN-影音娱乐-通用-风景-混剪-260424-625-2,李虹玉-XNY0271,2026-04-27 10:05:32
13145018296,荣耀-XN-影音娱乐-通用-风景-混剪-260424-625-3,李虹玉-XNY0271,2026-04-27 10:05:32
13145019062,荣耀-XN-影音娱乐-通用-风景-混剪-260424-625-4,李虹玉-XNY0271,2026-04-27 10:05:35
13145019466,荣耀-XN-影音娱乐-通用-风景-混剪-260424-625-5,李虹玉-XNY0271,2026-04-27 10:05:36
13145019884,荣耀-XN-影音娱乐-通用-风景-混剪-260424-625-7,李虹玉-XNY0271,2026-04-27 10:05:38
13145020145,荣耀-XN-影音娱乐-通用-风景-混剪-260424-625-8,李虹玉-XNY0271,2026-04-27 10:05:39
13145020465,荣耀-XN-影音娱乐-通用-风景-混剪-260424-625-9,李虹玉-XNY0271,2026-04-27 10:05:41
13145020881,荣耀-XN-影音娱乐-通用-风景-混剪-260424-625-11,李虹玉-XNY0271,2026-04-27 10:05:42
13145021415,荣耀-XN-影音娱乐-通用-萌宠-混剪-260424-625-1,李虹玉-XNY0271,2026-04-27 10:05:44
13145021492,荣耀-XN-影音娱乐-通用-风景-混剪-260424-625-10,李虹玉-XNY0271,2026-04-27 10:05:44
13145022424,荣耀-XN-影音娱乐-通用-萌宠-混剪-260424-625-4,李虹玉-XNY0271,2026-04-27 10:05:48
13145023017,荣耀-XN-影音娱乐-通用-萌宠-混剪-260424-625-6,李虹玉-XNY0271,2026-04-27 10:05:50
13145023319,荣耀-XN-影音娱乐-通用-萌宠-混剪-260424-625-7,李虹玉-XNY0271,2026-04-27 10:05:51
13145023874,荣耀-XN-影音娱乐-通用-萌宠-混剪-260424-625-8,李虹玉-XNY0271,2026-04-27 10:05:53
13145024268,荣耀-XN-影音娱乐-通用-萌宠-混剪-260424-625-10,李虹玉-XNY0271,2026-04-27 10:05:54
13145024597,荣耀-XN-影音娱乐-通用-萌宠-混剪-260424-625-11,李虹玉-XNY0271,2026-04-27 10:05:55
13145025486,荣耀-XN-影音娱乐-通用-萌宠-混剪-260424-625-15,李虹玉-XNY0271,2026-04-27 10:05:59
13145025542,荣耀-XN-影音娱乐-通用-萌宠-混剪-260424-625-14,李虹玉-XNY0271,2026-04-27 10:05:59
13145026085,荣耀-XN-影音娱乐-通用-萌宠-混剪-260424-625-16,李虹玉-XNY0271,2026-04-27 10:06:01
13145026275,荣耀-XN-影音娱乐-通用-萌宠-混剪-260424-625-17,李虹玉-XNY0271,2026-04-27 10:06:02
13145026364,荣耀-XN-影音娱乐-通用-萌宠-混剪-260424-625-18,李虹玉-XNY0271,2026-04-27 10:06:02
13145026873,荣耀-XN-影音娱乐-通用-手势舞-混剪-260424-625-1,李虹玉-XNY0271,2026-04-27 10:06:04
13145027123,荣耀-XN-影音娱乐-通用-手势舞-混剪-260424-625-2,李虹玉-XNY0271,2026-04-27 10:06:05
13162736618,《dep94》【新代理】【小牛】5-625-0423；郭静-爱情讯息^s=233888;字节-年轻用户歌单-风景转场-治愈风格-竖版视频-背景图_素材库,李虹玉-XNY0271,2026-04-29 09:35:20
13163324730,《dep94》【新代理】【小牛】1-625-0423；郭静-爱情讯息^s=233888;字节-年轻用户歌单-播放器展示-治愈风格-横版视频-背景图_素材库,李虹玉-XNY0271,2026-04-29 10:22:50
13163369326,荣耀-XN-金融-通用-鸡汤-混剪-260428-625-49,李虹玉-XNY0271,2026-04-29 10:26:09
13163369569,荣耀-XN-金融-通用-鸡汤-混剪-260428-625-51,李虹玉-XNY0271,2026-04-29 10:26:10
13163369754,荣耀-XN-金融-通用-鸡汤-混剪-260428-625-50,李虹玉-XNY0271,2026-04-29 10:26:11
13163370173,荣耀-XN-金融-通用-鸡汤-混剪-260428-625-1,李虹玉-XNY0271,2026-04-29 10:26:13
13163370184,荣耀-XN-金融-通用-鸡汤-混剪-260428-625-2,李虹玉-XNY0271,2026-04-29 10:26:13
13163370518,荣耀-XN-金融-通用-鸡汤-混剪-260428-625-3,李虹玉-XNY0271,2026-04-29 10:26:15
13163371190,荣耀-XN-金融-通用-鸡汤-混剪-260428-625-4,李虹玉-XNY0271,2026-04-29 10:26:18
13163371344,荣耀-XN-金融-通用-鸡汤-混剪-260428-625-6,李虹玉-XNY0271,2026-04-29 10:26:19
13163371501,荣耀-XN-金融-通用-鸡汤-混剪-260428-625-5,李虹玉-XNY0271,2026-04-29 10:26:19
13163371879,荣耀-XN-金融-通用-鸡汤-混剪-260428-625-7,李虹玉-XNY0271,2026-04-29 10:26:21
13163372361,荣耀-XN-金融-通用-鸡汤-混剪-260428-625-9,李虹玉-XNY0271,2026-04-29 10:26:24
13163372607,荣耀-XN-金融-通用-鸡汤-混剪-260428-625-10,李虹玉-XNY0271,2026-04-29 10:26:25
13163373059,荣耀-XN-金融-通用-鸡汤-混剪-260428-625-11,李虹玉-XNY0271,2026-04-29 10:26:27
13163373323,荣耀-XN-金融-通用-鸡汤-混剪-260428-625-13,李虹玉-XNY0271,2026-04-29 10:26:28
13163373735,荣耀-XN-金融-通用-鸡汤-混剪-260428-625-12,李虹玉-XNY0271,2026-04-29 10:26:30
13163373766,荣耀-XN-金融-通用-鸡汤-混剪-260428-625-14,李虹玉-XNY0271,2026-04-29 10:26:30
13163373995,荣耀-XN-金融-通用-鸡汤-混剪-260428-625-15,李虹玉-XNY0271,2026-04-29 10:26:31
13163374458,荣耀-XN-金融-通用-鸡汤-混剪-260428-625-16,李虹玉-XNY0271,2026-04-29 10:26:34
13163374697,荣耀-XN-金融-通用-鸡汤-混剪-260428-625-17,李虹玉-XNY0271,2026-04-29 10:26:35
13163375039,荣耀-XN-金融-通用-鸡汤-混剪-260428-625-19,李虹玉-XNY0271,2026-04-29 10:26:37
13163375072,荣耀-XN-金融-通用-鸡汤-混剪-260428-625-18,李虹玉-XNY0271,2026-04-29 10:26:37
13163375276,荣耀-XN-金融-通用-鸡汤-混剪-260428-625-20,李虹玉-XNY0271,2026-04-29 10:26:38
13163375708,荣耀-XN-金融-通用-鸡汤-混剪-260428-625-21,李虹玉-XNY0271,2026-04-29 10:26:40
13163375768,荣耀-XN-金融-通用-鸡汤-混剪-260428-625-22,李虹玉-XNY0271,2026-04-29 10:26:40
13163376517,荣耀-XN-金融-通用-鸡汤-混剪-260428-625-24,李虹玉-XNY0271,2026-04-29 10:26:44
13163376715,荣耀-XN-金融-通用-鸡汤-混剪-260428-625-26,李虹玉-XNY0271,2026-04-29 10:26:45
13163377119,荣耀-XN-金融-通用-鸡汤-混剪-260428-625-25,李虹玉-XNY0271,2026-04-29 10:26:47
13163377198,荣耀-XN-金融-通用-鸡汤-混剪-260428-625-27,李虹玉-XNY0271,2026-04-29 10:26:48
13163377382,荣耀-XN-金融-通用-鸡汤-混剪-260428-625-28,李虹玉-XNY0271,2026-04-29 10:26:49
13163377772,荣耀-XN-金融-通用-鸡汤-混剪-260428-625-29,李虹玉-XNY0271,2026-04-29 10:26:50
13163378156,荣耀-XN-金融-通用-鸡汤-混剪-260428-625-30,李虹玉-XNY0271,2026-04-29 10:26:52
13163378214,荣耀-XN-金融-通用-鸡汤-混剪-260428-625-31,李虹玉-XNY0271,2026-04-29 10:26:52
13163378447,荣耀-XN-金融-通用-鸡汤-混剪-260428-625-32,李虹玉-XNY0271,2026-04-29 10:26:53
13163379000,荣耀-XN-金融-通用-鸡汤-混剪-260428-625-34,李虹玉-XNY0271,2026-04-29 10:26:56
13163379193,荣耀-XN-金融-通用-鸡汤-混剪-260428-625-33,李虹玉-XNY0271,2026-04-29 10:26:57
13163379262,荣耀-XN-金融-通用-鸡汤-混剪-260428-625-35,李虹玉-XNY0271,2026-04-29 10:26:57
13163379761,荣耀-XN-金融-通用-鸡汤-混剪-260428-625-36,李虹玉-XNY0271,2026-04-29 10:27:00
13163379875,荣耀-XN-金融-通用-鸡汤-混剪-260428-625-37,李虹玉-XNY0271,2026-04-29 10:27:00
13163380253,荣耀-XN-金融-通用-鸡汤-混剪-260428-625-38,李虹玉-XNY0271,2026-04-29 10:27:02
13163380407,荣耀-XN-金融-通用-鸡汤-混剪-260428-625-39,李虹玉-XNY0271,2026-04-29 10:27:03
13163380652,荣耀-XN-金融-通用-鸡汤-混剪-260428-625-40,李虹玉-XNY0271,2026-04-29 10:27:04
13163381022,荣耀-XN-金融-通用-鸡汤-混剪-260428-625-41,李虹玉-XNY0271,2026-04-29 10:27:06
13163381201,荣耀-XN-金融-通用-鸡汤-混剪-260428-625-42,李虹玉-XNY0271,2026-04-29 10:27:07
13163381283,荣耀-XN-金融-通用-鸡汤-混剪-260428-625-43,李虹玉-XNY0271,2026-04-29 10:27:07
13163381714,荣耀-XN-金融-通用-鸡汤-混剪-260428-625-44,李虹玉-XNY0271,2026-04-29 10:27:09
13163382030,荣耀-XN-金融-通用-鸡汤-混剪-260428-625-45,李虹玉-XNY0271,2026-04-29 10:27:10
13163382132,荣耀-XN-金融-通用-鸡汤-混剪-260428-625-46,李虹玉-XNY0271,2026-04-29 10:27:11
13163382298,荣耀-XN-金融-通用-鸡汤-混剪-260428-625-47,李虹玉-XNY0271,2026-04-29 10:27:12
13163382694,荣耀-XN-金融-通用-鸡汤-混剪-260428-625-48,李虹玉-XNY0271,2026-04-29 10:27:13
13163602183,荣耀-XN-汽车-通用-途虎养车-混剪-260428-625-3,李虹玉-XNY0271,2026-04-29 10:41:55
13163602308,荣耀-XN-汽车-通用-途虎养车-混剪-260428-625-2,李虹玉-XNY0271,2026-04-29 10:41:55
13163603963,荣耀-XN-汽车-通用-途虎养车-混剪-260428-625-4,李虹玉-XNY0271,2026-04-29 10:42:02
13163605379,荣耀-XN-汽车-通用-途虎养车-混剪-260428-625-6,李虹玉-XNY0271,2026-04-29 10:42:08
13163606382,荣耀-XN-汽车-通用-途虎养车-混剪-260428-625-7,李虹玉-XNY0271,2026-04-29 10:42:12
13163608386,荣耀-XN-汽车-通用-途虎养车-混剪-260428-625-8,李虹玉-XNY0271,2026-04-29 10:42:21
13163608528,荣耀-XN-汽车-通用-途虎养车-混剪-260428-625-9,李虹玉-XNY0271,2026-04-29 10:42:21
13163608903,荣耀-XN-汽车-通用-途虎养车-混剪-260428-625-10,李虹玉-XNY0271,2026-04-29 10:42:23
13163610989,荣耀-XN-汽车-通用-途虎养车-混剪-260428-625-13,李虹玉-XNY0271,2026-04-29 10:42:32
13163611387,荣耀-XN-汽车-通用-途虎养车-混剪-260428-625-11,李虹玉-XNY0271,2026-04-29 10:42:33
13163611477,荣耀-XN-汽车-通用-途虎养车-混剪-260428-625-12,李虹玉-XNY0271,2026-04-29 10:42:34
13163612971,荣耀-XN-汽车-通用-途虎养车-混剪-260428-625-14,李虹玉-XNY0271,2026-04-29 10:42:41
13163614618,荣耀-XN-汽车-通用-途虎养车-混剪-260428-625-15,李虹玉-XNY0271,2026-04-29 10:42:48
13163614830,荣耀-XN-汽车-通用-途虎养车-混剪-260428-625-16,李虹玉-XNY0271,2026-04-29 10:42:49
13163616135,荣耀-XN-汽车-通用-途虎养车-混剪-260428-625-17,李虹玉-XNY0271,2026-04-29 10:42:55
13163617935,荣耀-XN-汽车-通用-途虎养车-混剪-260428-625-19,李虹玉-XNY0271,2026-04-29 10:43:02
13163618006,荣耀-XN-汽车-通用-途虎养车-混剪-260428-625-18,李虹玉-XNY0271,2026-04-29 10:43:03
13163618403,荣耀-XN-汽车-通用-途虎养车-混剪-260428-625-20,李虹玉-XNY0271,2026-04-29 10:43:04
13163620139,荣耀-XN-汽车-通用-途虎养车-混剪-260428-625-22,李虹玉-XNY0271,2026-04-29 10:43:12
13163620656,荣耀-XN-汽车-通用-途虎养车-混剪-260428-625-23,李虹玉-XNY0271,2026-04-29 10:43:14
13163621322,荣耀-XN-汽车-通用-途虎养车-混剪-260428-625-21,李虹玉-XNY0271,2026-04-29 10:43:17
13163622235,荣耀-XN-汽车-通用-途虎养车-混剪-260428-625-24,李虹玉-XNY0271,2026-04-29 10:43:21
13163623206,荣耀-XN-汽车-通用-途虎养车-混剪-260428-625-25,李虹玉-XNY0271,2026-04-29 10:43:25
13163625438,荣耀-XN-汽车-通用-途虎养车-混剪-260428-625-27,李虹玉-XNY0271,2026-04-29 10:43:34
13163625966,荣耀-XN-汽车-通用-途虎养车-混剪-260428-625-28,李虹玉-XNY0271,2026-04-29 10:43:36
13176213308,XN-OPPO浏览器-视频-短剧-视频混剪-竖-625-20260427-五一储备-59,李虹玉-XNY0271,2026-04-30 14:40:19
13176214262,XN-OPPO浏览器-视频-短剧-视频混剪-竖-625-20260427-五一储备-61,李虹玉-XNY0271,2026-04-30 14:40:23
13176214886,XN-OPPO浏览器-视频-文案类-视频混剪-竖-625-cjj-纯新AIGC-20260427-五一储备-1,李虹玉-XNY0271,2026-04-30 14:40:25
13176215273,XN-OPPO浏览器-视频-文案类-视频混剪-竖-625-cjj-纯新AIGC-20260427-五一储备-2,李虹玉-XNY0271,2026-04-30 14:40:26
13176215660,XN-OPPO浏览器-视频-文案类-视频混剪-竖-625-cjj-纯新AIGC-20260427-五一储备-3,李虹玉-XNY0271,2026-04-30 14:40:27
13176215827,XN-OPPO浏览器-视频-文案类-视频混剪-竖-625-cjj-纯新AIGC-20260427-五一储备-4,李虹玉-XNY0271,2026-04-30 14:40:28
13176216659,XN-OPPO浏览器-视频-文案类-视频混剪-竖-625-cjj-纯新AIGC-20260427-五一储备-6,李虹玉-XNY0271,2026-04-30 14:40:31
13176216739,XN-OPPO浏览器-视频-文案类-视频混剪-竖-625-cjj-纯新AIGC-20260427-五一储备-5,李虹玉-XNY0271,2026-04-30 14:40:31
13176217690,XN-OPPO浏览器-视频-文案类-视频混剪-竖-625-cjj-纯新AIGC-20260427-五一储备-8,李虹玉-XNY0271,2026-04-30 14:40:35
13176218270,XN-OPPO浏览器-视频-文案类-视频混剪-竖-625-cjj-纯新AIGC-20260427-五一储备-9,李虹玉-XNY0271,2026-04-30 14:40:37
13176218610,XN-OPPO浏览器-视频-文案类-视频混剪-竖-625-cjj-纯新AIGC-20260427-五一储备-7,李虹玉-XNY0271,2026-04-30 14:40:38
13176218783,XN-OPPO浏览器-视频-文案类-视频混剪-竖-625-cjj-纯新AIGC-20260427-五一储备-10,李虹玉-XNY0271,2026-04-30 14:40:39
13176219186,XN-OPPO浏览器-视频-文案类-视频混剪-竖-625-cjj-纯新AIGC-20260427-五一储备-11,李虹玉-XNY0271,2026-04-30 14:40:41
13176219512,XN-OPPO浏览器-视频-文案类-视频混剪-竖-625-cjj-纯新AIGC-20260427-五一储备-12,李虹玉-XNY0271,2026-04-30 14:40:42
13176219773,XN-OPPO浏览器-视频-文案类-视频混剪-竖-625-cjj-纯新AIGC-20260427-五一储备-13,李虹玉-XNY0271,2026-04-30 14:40:43
13176220211,XN-OPPO浏览器-视频-文案类-视频混剪-竖-625-cjj-纯新AIGC-20260427-五一储备-15,李虹玉-XNY0271,2026-04-30 14:40:45
13176220678,XN-OPPO浏览器-视频-文案类-视频混剪-竖-625-cjj-纯新AIGC-20260427-五一储备-14,李虹玉-XNY0271,2026-04-30 14:40:47
13176221454,XN-OPPO浏览器-视频-文案类-视频混剪-竖-625-cjj-纯新AIGC-20260427-五一储备-18,李虹玉-XNY0271,2026-04-30 14:40:50
13176221676,XN-OPPO浏览器-视频-文案类-视频混剪-竖-625-cjj-纯新AIGC-20260427-五一储备-16,李虹玉-XNY0271,2026-04-30 14:40:51
13176221946,XN-OPPO浏览器-视频-文案类-视频混剪-竖-625-cjj-纯新AIGC-20260427-五一储备-19,李虹玉-XNY0271,2026-04-30 14:40:53
13176222250,XN-OPPO浏览器-视频-文案类-视频混剪-竖-625-cjj-纯新AIGC-20260427-五一储备-20,李虹玉-XNY0271,2026-04-30 14:40:54
13176223030,XN-OPPO浏览器-视频-文案类-视频混剪-竖-625-cjj-纯新AIGC-20260427-五一储备-21,李虹玉-XNY0271,2026-04-30 14:40:58
13176223061,XN-OPPO浏览器-视频-文案类-视频混剪-竖-625-cjj-纯新AIGC-20260427-五一储备-23,李虹玉-XNY0271,2026-04-30 14:40:58
13176223555,XN-OPPO浏览器-视频-文案类-视频混剪-竖-625-cjj-纯新AIGC-20260427-五一储备-22,李虹玉-XNY0271,2026-04-30 14:41:00
13176224455,XN-OPPO浏览器-视频-文案类-视频混剪-竖-625-cjj-纯新AIGC-20260427-五一储备-26,李虹玉-XNY0271,2026-04-30 14:41:04
13176224611,XN-OPPO浏览器-视频-文案类-视频混剪-竖-625-cjj-纯新AIGC-20260427-五一储备-24,李虹玉-XNY0271,2026-04-30 14:41:04
13176224655,XN-OPPO浏览器-视频-文案类-视频混剪-竖-625-cjj-纯新AIGC-20260427-五一储备-25,李虹玉-XNY0271,2026-04-30 14:41:05
13176225576,XN-OPPO浏览器-视频-文案类-视频混剪-竖-625-cjj-纯新AIGC-20260427-五一储备-28,李虹玉-XNY0271,2026-04-30 14:41:08
13176226130,XN-OPPO浏览器-视频-文案类-视频混剪-竖-625-cjj-纯新AIGC-20260427-五一储备-29,李虹玉-XNY0271,2026-04-30 14:41:11
13176226428,XN-OPPO浏览器-视频-文案类-视频混剪-竖-625-cjj-纯新AIGC-20260427-五一储备-30,李虹玉-XNY0271,2026-04-30 14:41:12
13176226893,XN-OPPO浏览器-视频-文案类-视频混剪-竖-625-cjj-纯新AIGC-20260427-五一储备-31,李虹玉-XNY0271,2026-04-30 14:41:14
13176227024,XN-OPPO浏览器-视频-文案类-视频混剪-竖-625-cjj-纯新AIGC-20260427-五一储备-32,李虹玉-XNY0271,2026-04-30 14:41:14
13176227224,XN-OPPO浏览器-视频-文案类-视频混剪-竖-625-cjj-纯新AIGC-20260427-五一储备-33,李虹玉-XNY0271,2026-04-30 14:41:15
13176228014,XN-OPPO浏览器-视频-文案类-视频混剪-竖-625-cjj-纯新AIGC-20260427-五一储备-35,李虹玉-XNY0271,2026-04-30 14:41:18
13176228954,XN-OPPO浏览器-视频-文案类-视频混剪-竖-625-cjj-纯新AIGC-20260427-五一储备-36,李虹玉-XNY0271,2026-04-30 14:41:21
13176229118,XN-OPPO浏览器-视频-文案类-视频混剪-竖-625-cjj-纯新AIGC-20260427-五一储备-37,李虹玉-XNY0271,2026-04-30 14:41:22
13176229694,XN-OPPO浏览器-视频-文案类-视频混剪-竖-625-cjj-纯新AIGC-20260427-五一储备-38,李虹玉-XNY0271,2026-04-30 14:41:24
13176229722,XN-OPPO浏览器-视频-文案类-视频混剪-竖-625-cjj-纯新AIGC-20260427-五一储备-34,李虹玉-XNY0271,2026-04-30 14:41:24
13176229951,XN-OPPO浏览器-视频-文案类-视频混剪-竖-625-cjj-纯新AIGC-20260427-五一储备-39,李虹玉-XNY0271,2026-04-30 14:41:25
13176230619,XN-OPPO浏览器-视频-文案类-视频混剪-竖-625-cjj-纯新AIGC-20260427-五一储备-40,李虹玉-XNY0271,2026-04-30 14:41:28
13176231564,XN-OPPO浏览器-视频-文案类-视频混剪-竖-625-cjj-纯新AIGC-20260427-五一储备-43,李虹玉-XNY0271,2026-04-30 14:41:31
13176231624,XN-OPPO浏览器-视频-文案类-视频混剪-竖-625-cjj-纯新AIGC-20260427-五一储备-42,李虹玉-XNY0271,2026-04-30 14:41:31
13176232844,XN-OPPO浏览器-视频-文案类-视频混剪-竖-625-cjj-纯新AIGC-20260427-五一储备-41,李虹玉-XNY0271,2026-04-30 14:41:36
13176233593,XN-OPPO浏览器-视频-文案类-视频混剪-竖-625-cjj-纯新AIGC-20260427-五一储备-44,李虹玉-XNY0271,2026-04-30 14:41:38
13176233722,XN-OPPO浏览器-视频-文案类-视频混剪-竖-625-cjj-纯新AIGC-20260427-五一储备-45,李虹玉-XNY0271,2026-04-30 14:41:39
13176234657,XN-OPPO浏览器-视频-文案类-视频混剪-竖-625-cjj-纯新AIGC-20260427-五一储备-48,李虹玉-XNY0271,2026-04-30 14:41:43
13176234942,XN-OPPO浏览器-视频-文案类-视频混剪-竖-625-cjj-纯新AIGC-20260427-五一储备-46,李虹玉-XNY0271,2026-04-30 14:41:44
13176235215,XN-OPPO浏览器-视频-文案类-视频混剪-竖-625-cjj-纯新AIGC-20260427-五一储备-47,李虹玉-XNY0271,2026-04-30 14:41:45
13176235497,XN-OPPO浏览器-视频-文案类-视频混剪-竖-625-cjj-纯新AIGC-20260427-五一储备-49,李虹玉-XNY0271,2026-04-30 14:41:46
13176236906,XN-OPPO浏览器-视频-文案类-视频混剪-竖-625-cjj-纯新AIGC-20260427-五一储备-51,李虹玉-XNY0271,2026-04-30 14:41:51
13176237051,XN-OPPO浏览器-视频-文案类-视频混剪-竖-625-cjj-纯新AIGC-20260427-五一储备-52,李虹玉-XNY0271,2026-04-30 14:41:51
13176237421,XN-OPPO浏览器-视频-文案类-视频混剪-竖-625-cjj-纯新AIGC-20260427-五一储备-53,李虹玉-XNY0271,2026-04-30 14:41:53
13176239086,XN-OPPO浏览器-视频-文案类-视频混剪-竖-625-cjj-纯新AIGC-20260427-五一储备-54,李虹玉-XNY0271,2026-04-30 14:41:59
13176239291,XN-OPPO浏览器-视频-文案类-视频混剪-竖-625-cjj-纯新AIGC-20260427-五一储备-56,李虹玉-XNY0271,2026-04-30 14:42:00
13176240010,XN-OPPO浏览器-视频-文案类-视频混剪-竖-625-cjj-纯新AIGC-20260427-五一储备-57,李虹玉-XNY0271,2026-04-30 14:42:03
13176240304,XN-OPPO浏览器-视频-文案类-视频混剪-竖-625-cjj-纯新AIGC-20260427-五一储备-58,李虹玉-XNY0271,2026-04-30 14:42:04
13176240623,XN-OPPO浏览器-视频-文案类-视频混剪-竖-625-cjj-纯新AIGC-20260427-五一储备-55,李虹玉-XNY0271,2026-04-30 14:42:05
13176241189,XN-OPPO浏览器-视频-文案类-视频混剪-竖-625-cjj-纯新AIGC-20260427-五一储备-60,李虹玉-XNY0271,2026-04-30 14:42:07
13176243989,XN-OPPO浏览器-视频-文案类-视频混剪-竖-625-cjj-纯新AIGC-20260427-五一储备-61,李虹玉-XNY0271,2026-04-30 14:42:17
13176244106,XN-OPPO浏览器-视频-文案类-视频混剪-竖-625-cjj-纯新AIGC-20260427-五一储备-63,李虹玉-XNY0271,2026-04-30 14:42:17
13176244658,XN-OPPO浏览器-视频-文案类-视频混剪-竖-625-cjj-纯新AIGC-20260427-五一储备-62,李虹玉-XNY0271,2026-04-30 14:42:19
13176245867,XN-OPPO浏览器-视频-文案类-视频混剪-竖-625-cjj-纯新AIGC-20260427-五一储备-66,李虹玉-XNY0271,2026-04-30 14:42:23
13176246284,XN-OPPO浏览器-视频-文案类-视频混剪-竖-625-cjj-纯新AIGC-20260427-五一储备-67,李虹玉-XNY0271,2026-04-30 14:42:24
13176246974,XN-OPPO浏览器-视频-文案类-视频混剪-竖-625-cjj-纯新AIGC-20260427-五一储备-68,李虹玉-XNY0271,2026-04-30 14:42:27
13176247290,XN-OPPO浏览器-视频-文案类-视频混剪-竖-625-cjj-纯新AIGC-20260427-五一储备-70,李虹玉-XNY0271,2026-04-30 14:42:28
13176247899,XN-OPPO浏览器-视频-文案类-视频混剪-竖-625-cjj-纯新AIGC-20260427-五一储备-71,李虹玉-XNY0271,2026-04-30 14:42:30
13176248276,XN-OPPO浏览器-视频-文案类-视频混剪-竖-625-cjj-纯新AIGC-20260427-五一储备-72,李虹玉-XNY0271,2026-04-30 14:42:31
13176248616,XN-OPPO浏览器-视频-文案类-视频混剪-竖-625-cjj-纯新AIGC-20260427-五一储备-73,李虹玉-XNY0271,2026-04-30 14:42:33
13176248969,XN-OPPO浏览器-视频-文案类-视频混剪-竖-625-cjj-纯新AIGC-20260427-五一储备-74,李虹玉-XNY0271,2026-04-30 14:42:34
13176249572,XN-OPPO浏览器-视频-文案类-视频混剪-竖-625-cjj-纯新AIGC-20260427-五一储备-75,李虹玉-XNY0271,2026-04-30 14:42:37
13176249854,XN-OPPO浏览器-视频-文案类-视频混剪-竖-625-cjj-纯新AIGC-20260427-五一储备-76,李虹玉-XNY0271,2026-04-30 14:42:38
13176250402,XN-OPPO浏览器-视频-文案类-视频混剪-竖-625-cjj-纯新AIGC-20260427-五一储备-77,李虹玉-XNY0271,2026-04-30 14:42:39
13176250658,XN-OPPO浏览器-视频-文案类-视频混剪-竖-625-cjj-纯新AIGC-20260427-五一储备-69,李虹玉-XNY0271,2026-04-30 14:42:40
13176250768,XN-OPPO浏览器-视频-文案类-视频混剪-竖-625-cjj-纯新AIGC-20260427-五一储备-78,李虹玉-XNY0271,2026-04-30 14:42:41
13176251284,XN-OPPO浏览器-视频-文案类-视频混剪-竖-625-cjj-纯新AIGC-20260427-五一储备-79,李虹玉-XNY0271,2026-04-30 14:42:42
13176251641,XN-OPPO浏览器-视频-文案类-视频混剪-竖-625-cjj-纯新AIGC-20260427-五一储备-80,李虹玉-XNY0271,2026-04-30 14:42:44
13176251796,XN-OPPO浏览器-视频-文案类-视频混剪-竖-625-cjj-纯新AIGC-20260427-五一储备-81,李虹玉-XNY0271,2026-04-30 14:42:44
13176252060,XN-OPPO浏览器-视频-文案类-视频混剪-竖-625-cjj-纯新AIGC-20260427-五一储备-82,李虹玉-XNY0271,2026-04-30 14:42:46
13176252489,XN-OPPO浏览器-视频-文案类-视频混剪-竖-625-cjj-纯新AIGC-20260427-五一储备-83,李虹玉-XNY0271,2026-04-30 14:42:47
13176253056,XN-OPPO浏览器-视频-文案类-视频混剪-竖-625-cjj-纯新AIGC-20260427-五一储备-85,李虹玉-XNY0271,2026-04-30 14:42:49
13176253148,XN-OPPO浏览器-视频-文案类-视频混剪-竖-625-cjj-纯新AIGC-20260427-五一储备-84,李虹玉-XNY0271,2026-04-30 14:42:49
13176253523,XN-OPPO浏览器-视频-文案类-视频混剪-竖-625-cjj-纯新AIGC-20260427-五一储备-86,李虹玉-XNY0271,2026-04-30 14:42:51
13176253822,XN-OPPO浏览器-视频-文案类-视频混剪-竖-625-cjj-纯新AIGC-20260427-五一储备-87,李虹玉-XNY0271,2026-04-30 14:42:52
13176253962,XN-OPPO浏览器-视频-文案类-视频混剪-竖-625-cjj-纯新AIGC-20260427-五一储备-88,李虹玉-XNY0271,2026-04-30 14:42:53
13176254158,XN-OPPO浏览器-视频-文案类-视频混剪-竖-625-cjj-纯新AIGC-20260427-五一储备-89,李虹玉-XNY0271,2026-04-30 14:42:53
13176254875,XN-OPPO浏览器-视频-文案类-视频混剪-竖-625-cjj-纯新AIGC-20260427-五一储备-90,李虹玉-XNY0271,2026-04-30 14:42:56
13176254915,XN-OPPO浏览器-视频-短剧-视频混剪-竖-625-20260427-五一储备-1,李虹玉-XNY0271,2026-04-30 14:42:56
13176256466,XN-OPPO浏览器-视频-短剧-视频混剪-竖-625-20260427-五一储备-4,李虹玉-XNY0271,2026-04-30 14:43:03
13176256585,XN-OPPO浏览器-视频-短剧-视频混剪-竖-625-20260427-五一储备-2,李虹玉-XNY0271,2026-04-30 14:43:03
13176256636,XN-OPPO浏览器-视频-短剧-视频混剪-竖-625-20260427-五一储备-3,李虹玉-XNY0271,2026-04-30 14:43:03
13176257565,XN-OPPO浏览器-视频-短剧-视频混剪-竖-625-20260427-五一储备-7,李虹玉-XNY0271,2026-04-30 14:43:07
13176258258,XN-OPPO浏览器-视频-短剧-视频混剪-竖-625-20260427-五一储备-6,李虹玉-XNY0271,2026-04-30 14:43:10
13176259299,XN-OPPO浏览器-视频-短剧-视频混剪-竖-625-20260427-五一储备-11,李虹玉-XNY0271,2026-04-30 14:43:15
13176260107,XN-OPPO浏览器-视频-短剧-视频混剪-竖-625-20260427-五一储备-12,李虹玉-XNY0271,2026-04-30 14:43:18
13176260402,XN-OPPO浏览器-视频-短剧-视频混剪-竖-625-20260427-五一储备-8,李虹玉-XNY0271,2026-04-30 14:43:20
13176260891,XN-OPPO浏览器-视频-短剧-视频混剪-竖-625-20260427-五一储备-13,李虹玉-XNY0271,2026-04-30 14:43:22
13176260915,XN-OPPO浏览器-视频-短剧-视频混剪-竖-625-20260427-五一储备-10,李虹玉-XNY0271,2026-04-30 14:43:22
13176261750,XN-OPPO浏览器-视频-短剧-视频混剪-竖-625-20260427-五一储备-15,李虹玉-XNY0271,2026-04-30 14:43:25
13176262146,XN-OPPO浏览器-视频-短剧-视频混剪-竖-625-20260427-五一储备-16,李虹玉-XNY0271,2026-04-30 14:43:27
13176262308,XN-OPPO浏览器-视频-短剧-视频混剪-竖-625-20260427-五一储备-14,李虹玉-XNY0271,2026-04-30 14:43:27
13176262609,XN-OPPO浏览器-视频-短剧-视频混剪-竖-625-20260427-五一储备-17,李虹玉-XNY0271,2026-04-30 14:43:29
13176264724,XN-OPPO浏览器-视频-短剧-视频混剪-竖-625-20260427-五一储备-19,李虹玉-XNY0271,2026-04-30 14:43:37
13176265379,XN-OPPO浏览器-视频-短剧-视频混剪-竖-625-20260427-五一储备-21,李虹玉-XNY0271,2026-04-30 14:43:40
13176266679,XN-OPPO浏览器-视频-短剧-视频混剪-竖-625-20260427-五一储备-25,李虹玉-XNY0271,2026-04-30 14:43:46
13176267394,XN-OPPO浏览器-视频-短剧-视频混剪-竖-625-20260427-五一储备-24,李虹玉-XNY0271,2026-04-30 14:43:49
13176267983,XN-OPPO浏览器-视频-短剧-视频混剪-竖-625-20260427-五一储备-26,李虹玉-XNY0271,2026-04-30 14:43:52
13176269365,XN-OPPO浏览器-视频-短剧-视频混剪-竖-625-20260427-五一储备-27,李虹玉-XNY0271,2026-04-30 14:43:58
13176275387,XN-OPPO浏览器-视频-短剧-视频混剪-竖-625-20260427-五一储备-43,李虹玉-XNY0271,2026-04-30 14:44:19
13176275773,XN-OPPO浏览器-视频-短剧-视频混剪-竖-625-20260427-五一储备-44,李虹玉-XNY0271,2026-04-30 14:44:21
13176277733,XN-OPPO浏览器-视频-短剧-视频混剪-竖-625-20260427-五一储备-46,李虹玉-XNY0271,2026-04-30 14:44:26
13176278790,XN-OPPO浏览器-视频-短剧-视频混剪-竖-625-20260427-五一储备-50,李虹玉-XNY0271,2026-04-30 14:44:29
13176279285,XN-OPPO浏览器-视频-短剧-视频混剪-竖-625-20260427-五一储备-51,李虹玉-XNY0271,2026-04-30 14:44:30
13176279413,XN-OPPO浏览器-视频-短剧-视频混剪-竖-625-20260427-五一储备-52,李虹玉-XNY0271,2026-04-30 14:44:30
13176279913,XN-OPPO浏览器-视频-短剧-视频混剪-竖-625-20260427-五一储备-53,李虹玉-XNY0271,2026-04-30 14:44:32
13176281096,XN-OPPO浏览器-视频-短剧-视频混剪-竖-625-20260427-五一储备-55,李虹玉-XNY0271,2026-04-30 14:44:35
13176281495,XN-OPPO浏览器-视频-短剧-视频混剪-竖-625-20260427-五一储备-57,李虹玉-XNY0271,2026-04-30 14:44:37
13178361708,XN-OPPO浏览器-视频-短剧-视频混剪-竖-625-20260430-27,李虹玉-XNY0271,2026-04-30 16:47:38
13178362112,XN-OPPO浏览器-视频-短剧-视频混剪-竖-625-20260430-29,李虹玉-XNY0271,2026-04-30 16:47:39
13178362994,XN-OPPO浏览器-视频-短剧-视频混剪-竖-625-20260430-30,李虹玉-XNY0271,2026-04-30 16:47:42
13178363259,XN-OPPO浏览器-视频-短剧-视频混剪-竖-625-20260430-31,李虹玉-XNY0271,2026-04-30 16:47:42
13178363314,XN-OPPO浏览器-视频-短剧-视频混剪-竖-625-20260430-32,李虹玉-XNY0271,2026-04-30 16:47:42
13178364324,XN-OPPO浏览器-视频-短剧-视频混剪-竖-625-20260430-33,李虹玉-XNY0271,2026-04-30 16:47:45
13178364768,XN-OPPO浏览器-视频-短剧-视频混剪-竖-625-20260430-34,李虹玉-XNY0271,2026-04-30 16:47:47
13178365108,XN-OPPO浏览器-视频-短剧-视频混剪-竖-625-20260430-35,李虹玉-XNY0271,2026-04-30 16:47:48
13178366877,XN-OPPO浏览器-视频-短剧-视频混剪-竖-625-20260430-37,李虹玉-XNY0271,2026-04-30 16:47:53
13178368026,XN-OPPO浏览器-视频-短剧-视频混剪-竖-625-20260430-39,李虹玉-XNY0271,2026-04-30 16:47:56
13178368585,XN-OPPO浏览器-视频-短剧-视频混剪-竖-625-20260430-38,李虹玉-XNY0271,2026-04-30 16:47:58
13178368967,XN-OPPO浏览器-视频-短剧-视频混剪-竖-625-20260430-36,李虹玉-XNY0271,2026-04-30 16:47:59
13178369058,XN-OPPO浏览器-视频-短剧-视频混剪-竖-625-20260430-40,李虹玉-XNY0271,2026-04-30 16:47:59
13178369794,XN-OPPO浏览器-视频-短剧-视频混剪-竖-625-20260430-41,李虹玉-XNY0271,2026-04-30 16:48:01
13178370404,XN-OPPO浏览器-视频-短剧-视频混剪-竖-625-20260430-42,李虹玉-XNY0271,2026-04-30 16:48:03
13178370857,XN-OPPO浏览器-视频-短剧-视频混剪-竖-625-20260430-43,李虹玉-XNY0271,2026-04-30 16:48:04
13178371695,XN-OPPO浏览器-视频-短剧-视频混剪-竖-625-20260430-44,李虹玉-XNY0271,2026-04-30 16:48:06
13178371847,XN-OPPO浏览器-视频-短剧-视频混剪-竖-625-20260430-46,李虹玉-XNY0271,2026-04-30 16:48:07
13178372895,XN-OPPO浏览器-视频-短剧-视频混剪-竖-625-20260430-47,李虹玉-XNY0271,2026-04-30 16:48:09
13178373519,XN-OPPO浏览器-视频-短剧-视频混剪-竖-625-20260430-48,李虹玉-XNY0271,2026-04-30 16:48:11
13178374021,XN-OPPO浏览器-视频-短剧-视频混剪-竖-625-20260430-49,李虹玉-XNY0271,2026-04-30 16:48:12
13178374117,XN-OPPO浏览器-视频-短剧-视频混剪-竖-625-20260430-45,李虹玉-XNY0271,2026-04-30 16:48:13
13178374604,XN-OPPO浏览器-视频-短剧-视频混剪-竖-625-20260430-50,李虹玉-XNY0271,2026-04-30 16:48:14
13178375355,XN-OPPO浏览器-视频-短剧-视频混剪-竖-625-20260430-52,李虹玉-XNY0271,2026-04-30 16:48:16
13178375966,XN-OPPO浏览器-视频-短剧-视频混剪-竖-625-20260430-53,李虹玉-XNY0271,2026-04-30 16:48:17
13178377169,XN-OPPO浏览器-视频-短剧-视频混剪-竖-625-20260430-55,李虹玉-XNY0271,2026-04-30 16:48:20
13178378198,XN-OPPO浏览器-视频-短剧-视频混剪-竖-625-20260430-56,李虹玉-XNY0271,2026-04-30 16:48:23
13178379156,XN-OPPO浏览器-视频-短剧-视频混剪-竖-625-20260430-51,李虹玉-XNY0271,2026-04-30 16:48:26
13178379878,XN-OPPO浏览器-视频-短剧-视频混剪-竖-625-20260430-54,李虹玉-XNY0271,2026-04-30 16:48:28
13178380833,XN-OPPO浏览器-视频-短剧-视频混剪-竖-625-20260430-57,李虹玉-XNY0271,2026-04-30 16:48:30
13178381244,XN-OPPO浏览器-视频-短剧-视频混剪-竖-625-20260430-59,李虹玉-XNY0271,2026-04-30 16:48:31
13178381344,XN-OPPO浏览器-视频-短剧-视频混剪-竖-625-20260430-58,李虹玉-XNY0271,2026-04-30 16:48:32
13178383446,XN-OPPO浏览器-视频-短剧-视频混剪-竖-625-20260430-62,李虹玉-XNY0271,2026-04-30 16:48:37
13178383751,XN-OPPO浏览器-视频-短剧-视频混剪-竖-625-20260430-60,李虹玉-XNY0271,2026-04-30 16:48:38
13178384541,XN-OPPO浏览器-视频-短剧-视频混剪-竖-625-20260430-1,李虹玉-XNY0271,2026-04-30 16:48:41
13178384667,XN-OPPO浏览器-视频-短剧-视频混剪-竖-625-20260430-2,李虹玉-XNY0271,2026-04-30 16:48:41
13178385231,XN-OPPO浏览器-视频-短剧-视频混剪-竖-625-20260430-61,李虹玉-XNY0271,2026-04-30 16:48:42
13178385807,XN-OPPO浏览器-视频-短剧-视频混剪-竖-625-20260430-3,李虹玉-XNY0271,2026-04-30 16:48:44
13178386298,XN-OPPO浏览器-视频-短剧-视频混剪-竖-625-20260430-5,李虹玉-XNY0271,2026-04-30 16:48:45
13178386959,XN-OPPO浏览器-视频-短剧-视频混剪-竖-625-20260430-6,李虹玉-XNY0271,2026-04-30 16:48:48
13178387339,XN-OPPO浏览器-视频-短剧-视频混剪-竖-625-20260430-7,李虹玉-XNY0271,2026-04-30 16:48:49
13178387554,XN-OPPO浏览器-视频-短剧-视频混剪-竖-625-20260430-8,李虹玉-XNY0271,2026-04-30 16:48:49
13178388136,XN-OPPO浏览器-视频-短剧-视频混剪-竖-625-20260430-9,李虹玉-XNY0271,2026-04-30 16:48:51
13178388437,XN-OPPO浏览器-视频-短剧-视频混剪-竖-625-20260430-10,李虹玉-XNY0271,2026-04-30 16:48:52
13178388680,XN-OPPO浏览器-视频-短剧-视频混剪-竖-625-20260430-11,李虹玉-XNY0271,2026-04-30 16:48:52
13178389156,XN-OPPO浏览器-视频-短剧-视频混剪-竖-625-20260430-12,李虹玉-XNY0271,2026-04-30 16:48:54
13178389599,XN-OPPO浏览器-视频-短剧-视频混剪-竖-625-20260430-13,李虹玉-XNY0271,2026-04-30 16:48:55
13178389707,XN-OPPO浏览器-视频-短剧-视频混剪-竖-625-20260430-14,李虹玉-XNY0271,2026-04-30 16:48:55
13178391849,XN-OPPO浏览器-视频-短剧-视频混剪-竖-625-20260430-16,李虹玉-XNY0271,2026-04-30 16:49:02
13178392203,XN-OPPO浏览器-视频-短剧-视频混剪-竖-625-20260430-15,李虹玉-XNY0271,2026-04-30 16:49:03
13178392895,XN-OPPO浏览器-视频-短剧-视频混剪-竖-625-20260430-18,李虹玉-XNY0271,2026-04-30 16:49:05
13178393334,XN-OPPO浏览器-视频-短剧-视频混剪-竖-625-20260430-19,李虹玉-XNY0271,2026-04-30 16:49:06
13178393867,XN-OPPO浏览器-视频-短剧-视频混剪-竖-625-20260430-17,李虹玉-XNY0271,2026-04-30 16:49:08
13178393986,XN-OPPO浏览器-视频-短剧-视频混剪-竖-625-20260430-20,李虹玉-XNY0271,2026-04-30 16:49:08
13178394344,XN-OPPO浏览器-视频-短剧-视频混剪-竖-625-20260430-21,李虹玉-XNY0271,2026-04-30 16:49:09
13178394963,XN-OPPO浏览器-视频-短剧-视频混剪-竖-625-20260430-22,李虹玉-XNY0271,2026-04-30 16:49:11
13178395227,XN-OPPO浏览器-视频-短剧-视频混剪-竖-625-20260430-23,李虹玉-XNY0271,2026-04-30 16:49:12
13178395428,XN-OPPO浏览器-视频-短剧-视频混剪-竖-625-20260430-24,李虹玉-XNY0271,2026-04-30 16:49:12
13178395988,XN-OPPO浏览器-视频-短剧-视频混剪-竖-625-20260430-25,李虹玉-XNY0271,2026-04-30 16:49:14
13178396355,XN-OPPO浏览器-视频-短剧-视频混剪-竖-625-20260430-26,李虹玉-XNY0271,2026-04-30 16:49:15
13179532082,爱奇艺-小程序-数字人-625-0430 (7),李虹玉-XNY0271,2026-04-30 17:50:45
13179537864,爱奇艺-小程序-数字人-625-0430 (6),李虹玉-XNY0271,2026-04-30 17:51:02
13179538576,爱奇艺-小程序-数字人-625-0430 (4),李虹玉-XNY0271,2026-04-30 17:51:04
13179546553,爱奇艺-小程序-数字人-625-0430 (10),李虹玉-XNY0271,2026-04-30 17:51:30
13179698688,荣耀-XN-影音娱乐-通用-唱歌-混剪-260429-625-3-,李虹玉-XNY0271,2026-04-30 17:59:50
13179698881,荣耀-XN-影音娱乐-通用-唱歌-混剪-260429-625-2,李虹玉-XNY0271,2026-04-30 17:59:51
13179704769,荣耀-XN-社交-通用-聊天券-混剪-260429-625-7,李虹玉-XNY0271,2026-04-30 18:00:14
13179705988,荣耀-XN-社交-通用-聊天券-混剪-260429-625-8,李虹玉-XNY0271,2026-04-30 18:00:19
13179706052,荣耀-XN-社交-通用-聊天券-混剪-260429-625-9,李虹玉-XNY0271,2026-04-30 18:00:20
13179706413,荣耀-XN-听歌-通用-歌单-混剪-260429-625-(2),李虹玉-XNY0271,2026-04-30 18:00:21
13179706711,荣耀-XN-听歌-通用-歌单-混剪-260429-625-(3),李虹玉-XNY0271,2026-04-30 18:00:23
13179707207,荣耀-XN-听歌-通用-歌单-混剪-260429-625-(5),李虹玉-XNY0271,2026-04-30 18:00:25
13179707573,荣耀-XN-听歌-通用-歌单-混剪-260429-625-(6),李虹玉-XNY0271,2026-04-30 18:00:26
13179708161,荣耀-XN-听歌-通用-歌单-混剪-260429-625-(7),李虹玉-XNY0271,2026-04-30 18:00:28
13179708415,荣耀-XN-听歌-通用-歌单-混剪-260429-625-(8),李虹玉-XNY0271,2026-04-30 18:00:30
13179708939,荣耀-XN-听歌-通用-歌单-混剪-260429-625-(4),李虹玉-XNY0271,2026-04-30 18:00:32
13179709160,荣耀-XN-听歌-通用-歌单-混剪-260429-625-(10),李虹玉-XNY0271,2026-04-30 18:00:33
13179709863,荣耀-XN-听歌-通用-歌单-混剪-260429-625-(11),李虹玉-XNY0271,2026-04-30 18:00:35
13179710785,荣耀-XN-听歌-通用-歌单-混剪-260429-625-(12),李虹玉-XNY0271,2026-04-30 18:00:39
13179710941,荣耀-XN-听歌-通用-歌单-混剪-260429-625-(9),李虹玉-XNY0271,2026-04-30 18:00:39
13179712486,荣耀-XN-听歌-通用-歌单-混剪-260429-625-,李虹玉-XNY0271,2026-04-30 18:00:45
13179713304,荣耀-XN-听歌-通用-歌单-混剪-260429-625-(13),李虹玉-XNY0271,2026-04-30 18:00:49
13179713793,荣耀-XN-听歌-通用-歌单-混剪-260429-625-1,李虹玉-XNY0271,2026-04-30 18:00:50
13179715047,荣耀-XN-社交-通用-聊天券-混剪-260429-625-11,李虹玉-XNY0271,2026-04-30 18:00:56
13179715075,荣耀-XN-听歌-通用-歌单-混剪-260429-625-(1),李虹玉-XNY0271,2026-04-30 18:00:56
13179716189,荣耀-XN-打车-通用-出门打车-混剪-纯新AIGC-260430-625-2,李虹玉-XNY0271,2026-04-30 18:01:01
13179716279,荣耀-XN-社交-通用-聊天券-混剪-260429-625-10,李虹玉-XNY0271,2026-04-30 18:01:01
13179716381,荣耀-XN-打车-通用-出门打车-混剪-纯新AIGC-260430-625-3,李虹玉-XNY0271,2026-04-30 18:01:02
13179716991,荣耀-XN-打车-通用-出门打车-混剪-纯新AIGC-260430-625-4,李虹玉-XNY0271,2026-04-30 18:01:04
13179717735,荣耀-XN-打车-通用-出门打车-混剪-纯新AIGC-260430-625-7,李虹玉-XNY0271,2026-04-30 18:01:07
13179718408,荣耀-XN-打车-通用-出门打车-混剪-纯新AIGC-260430-625-6,李虹玉-XNY0271,2026-04-30 18:01:10
13179719531,荣耀-XN-打车-通用-出门打车-混剪-纯新AIGC-260430-625-5,李虹玉-XNY0271,2026-04-30 18:01:15
13179720464,荣耀-XN-打车-通用-出门打车-混剪-纯新AIGC-260430-625-10,李虹玉-XNY0271,2026-04-30 18:01:19
13179720851,荣耀-XN-打车-通用-出门打车-混剪-纯新AIGC-260430-625-8,李虹玉-XNY0271,2026-04-30 18:01:20
13179721169,荣耀-XN-打车-通用-出门打车-混剪-纯新AIGC-260430-625-9,李虹玉-XNY0271,2026-04-30 18:01:22
13179722256,荣耀-XN-打车-通用-出门打车-混剪-纯新AIGC-260430-625-cjj-1,李虹玉-XNY0271,2026-04-30 18:01:25
13179722434,荣耀-XN-打车-通用-出门打车-混剪-纯新AIGC-260430-625-11,李虹玉-XNY0271,2026-04-30 18:01:26
13179723677,荣耀-XN-打车-通用-出门打车-混剪-纯新AIGC-260430-625-cjj-3,李虹玉-XNY0271,2026-04-30 18:01:30
13179723695,荣耀-XN-打车-通用-出门打车-混剪-纯新AIGC-260430-625-12,李虹玉-XNY0271,2026-04-30 18:01:30
13179724648,荣耀-XN-打车-通用-出门打车-混剪-纯新AIGC-260430-625-cjj-5,李虹玉-XNY0271,2026-04-30 18:01:34
13179724963,荣耀-XN-打车-通用-出门打车-混剪-纯新AIGC-260430-625-cjj-2,李虹玉-XNY0271,2026-04-30 18:01:35
13179725310,荣耀-XN-打车-通用-出门打车-混剪-纯新AIGC-260430-625-cjj-4,李虹玉-XNY0271,2026-04-30 18:01:36
13179727465,荣耀-XN-打车-通用-出门打车-混剪-纯新AIGC-260430-625-cjj-8,李虹玉-XNY0271,2026-04-30 18:01:44
13179728628,荣耀-XN-打车-通用-出门打车-混剪-纯新AIGC-260430-625-1,李虹玉-XNY0271,2026-04-30 18:01:48
13179729106,荣耀-XN-打车-通用-出门打车-混剪-纯新AIGC-260430-625-cjj-7,李虹玉-XNY0271,2026-04-30 18:01:49
13179729713,荣耀-XN-金融-通用-壁纸-混剪-纯AIGC-26030-625-27,李虹玉-XNY0271,2026-04-30 18:01:51
13179730059,荣耀-XN-打车-通用-出门打车-混剪-纯新AIGC-260430-625-cjj-6,李虹玉-XNY0271,2026-04-30 18:01:52
13179730106,荣耀-XN-金融-通用-壁纸-混剪-纯AIGC-26030-625-28,李虹玉-XNY0271,2026-04-30 18:01:52
13179732272,荣耀-XN-金融-通用-壁纸-混剪-纯AIGC-26030-625-30,李虹玉-XNY0271,2026-04-30 18:01:58
13179732649,荣耀-XN-金融-通用-壁纸-混剪-纯AIGC-26030-625-29,李虹玉-XNY0271,2026-04-30 18:01:59
13179733114,荣耀-XN-金融-通用-壁纸-混剪-纯AIGC-26030-625-32,李虹玉-XNY0271,2026-04-30 18:02:01
13179733683,荣耀-XN-金融-通用-壁纸-混剪-纯AIGC-26030-625-31,李虹玉-XNY0271,2026-04-30 18:02:03
13179733873,荣耀-XN-金融-通用-壁纸-混剪-纯AIGC-26030-625-33,李虹玉-XNY0271,2026-04-30 18:02:03
13179734151,荣耀-XN-金融-通用-壁纸-混剪-纯AIGC-26030-625-34,李虹玉-XNY0271,2026-04-30 18:02:04
13179734418,荣耀-XN-金融-通用-壁纸-混剪-纯AIGC-26030-625-35,李虹玉-XNY0271,2026-04-30 18:02:05
13179734910,荣耀-XN-金融-通用-壁纸-混剪-纯AIGC-26030-625-36,李虹玉-XNY0271,2026-04-30 18:02:07
13179735351,荣耀-XN-金融-通用-壁纸-混剪-纯AIGC-26030-625-37,李虹玉-XNY0271,2026-04-30 18:02:08
13179735556,荣耀-XN-金融-通用-壁纸-混剪-纯AIGC-26030-625-1,李虹玉-XNY0271,2026-04-30 18:02:09
13179736464,荣耀-XN-金融-通用-壁纸-混剪-纯AIGC-26030-625-2,李虹玉-XNY0271,2026-04-30 18:02:11
13179737094,荣耀-XN-金融-通用-壁纸-混剪-纯AIGC-26030-625-4,李虹玉-XNY0271,2026-04-30 18:02:13
13179738455,荣耀-XN-金融-通用-壁纸-混剪-纯AIGC-26030-625-3,李虹玉-XNY0271,2026-04-30 18:02:16
13179739833,荣耀-XN-金融-通用-壁纸-混剪-纯AIGC-26030-625-5,李虹玉-XNY0271,2026-04-30 18:02:20
13179740034,荣耀-XN-金融-通用-壁纸-混剪-纯AIGC-26030-625-6,李虹玉-XNY0271,2026-04-30 18:02:20
13179741104,荣耀-XN-金融-通用-壁纸-混剪-纯AIGC-26030-625-9,李虹玉-XNY0271,2026-04-30 18:02:24
13179741310,荣耀-XN-金融-通用-壁纸-混剪-纯AIGC-26030-625-7,李虹玉-XNY0271,2026-04-30 18:02:24
13179742134,荣耀-XN-金融-通用-壁纸-混剪-纯AIGC-26030-625-11,李虹玉-XNY0271,2026-04-30 18:02:27
13179742266,荣耀-XN-金融-通用-壁纸-混剪-纯AIGC-26030-625-8,李虹玉-XNY0271,2026-04-30 18:02:28
13179743106,荣耀-XN-金融-通用-壁纸-混剪-纯AIGC-26030-625-10,李虹玉-XNY0271,2026-04-30 18:02:30
13179743464,荣耀-XN-金融-通用-壁纸-混剪-纯AIGC-26030-625-12,李虹玉-XNY0271,2026-04-30 18:02:32
13179743517,荣耀-XN-金融-通用-壁纸-混剪-纯AIGC-26030-625-13,李虹玉-XNY0271,2026-04-30 18:02:32
13179744619,荣耀-XN-金融-通用-壁纸-混剪-纯AIGC-26030-625-16,李虹玉-XNY0271,2026-04-30 18:02:36
13179744655,荣耀-XN-金融-通用-壁纸-混剪-纯AIGC-26030-625-15,李虹玉-XNY0271,2026-04-30 18:02:36
13179745574,荣耀-XN-金融-通用-壁纸-混剪-纯AIGC-26030-625-18,李虹玉-XNY0271,2026-04-30 18:02:39
13179746544,荣耀-XN-金融-通用-壁纸-混剪-纯AIGC-26030-625-14,李虹玉-XNY0271,2026-04-30 18:02:43
13179746810,荣耀-XN-金融-通用-壁纸-混剪-纯AIGC-26030-625-19,李虹玉-XNY0271,2026-04-30 18:02:43
13179747446,荣耀-XN-金融-通用-壁纸-混剪-纯AIGC-26030-625-20,李虹玉-XNY0271,2026-04-30 18:02:45
13179747624,荣耀-XN-金融-通用-壁纸-混剪-纯AIGC-26030-625-17,李虹玉-XNY0271,2026-04-30 18:02:46
13179747790,荣耀-XN-金融-通用-壁纸-混剪-纯AIGC-26030-625-21,李虹玉-XNY0271,2026-04-30 18:02:46
13179748777,荣耀-XN-金融-通用-壁纸-混剪-纯AIGC-26030-625-24,李虹玉-XNY0271,2026-04-30 18:02:50
13179749968,荣耀-XN-金融-通用-壁纸-混剪-纯AIGC-26030-625-22,李虹玉-XNY0271,2026-04-30 18:02:54
13179751612,荣耀-XN-金融-通用-壁纸-混剪-纯AIGC-26030-625-23,李虹玉-XNY0271,2026-04-30 18:02:58
13179752004,荣耀-XN-听歌-通用-歌单-混剪-260423-625-6,李虹玉-XNY0271,2026-04-30 18:03:00
13179754761,荣耀-XN-听歌-通用-歌单-混剪-260423-625-7,李虹玉-XNY0271,2026-04-30 18:03:08
13179757090,荣耀-XN-听歌-通用-歌单-混剪-260423-625-8,李虹玉-XNY0271,2026-04-30 18:03:13
13179757505,荣耀-XN-听歌-通用-歌单-混剪-260423-625-9,李虹玉-XNY0271,2026-04-30 18:03:15
13179758719,荣耀-XN-听歌-通用-歌单-混剪-260423-625-10,李虹玉-XNY0271,2026-04-30 18:03:18
13179759730,荣耀-XN-听歌-通用-歌单-混剪-260423-625-11,李虹玉-XNY0271,2026-04-30 18:03:21
13179760977,荣耀-XN-听歌-通用-歌单-混剪-260423-625-13,李虹玉-XNY0271,2026-04-30 18:03:24
13179761030,荣耀-XN-听歌-通用-歌单-混剪-260423-625-12,李虹玉-XNY0271,2026-04-30 18:03:24
13179763196,荣耀-XN-听歌-通用-歌单-混剪-260423-625-14,李虹玉-XNY0271,2026-04-30 18:03:30
13179764069,荣耀-XN-听歌-通用-歌单-混剪-260423-625-15,李虹玉-XNY0271,2026-04-30 18:03:32
13179764880,荣耀-XN-听歌-通用-歌单-混剪-260423-625-16,李虹玉-XNY0271,2026-04-30 18:03:35
13179765757,荣耀-XN-听歌-通用-歌单-混剪-260423-625-18,李虹玉-XNY0271,2026-04-30 18:03:38
13179766490,荣耀-XN-听歌-通用-歌单-混剪-260423-625-19,李虹玉-XNY0271,2026-04-30 18:03:41
13179766725,荣耀-XN-听歌-通用-歌单-混剪-260423-625-17,李虹玉-XNY0271,2026-04-30 18:03:42
13179768591,荣耀-XN-听歌-通用-歌单-混剪-260423-625-20,李虹玉-XNY0271,2026-04-30 18:03:49
13179769069,荣耀-XN-听歌-通用-歌单-混剪-260423-625-21,李虹玉-XNY0271,2026-04-30 18:03:51
13179770725,荣耀-XN-听歌-通用-歌单-混剪-260423-625-23,李虹玉-XNY0271,2026-04-30 18:03:57
13179771179,荣耀-XN-听歌-通用-歌单-混剪-260423-625-22,李虹玉-XNY0271,2026-04-30 18:04:00
13179771596,荣耀-XN-听歌-通用-歌单-混剪-260423-625-24,李虹玉-XNY0271,2026-04-30 18:04:01
13179772649,荣耀-XN-听歌-通用-歌单-混剪-260423-625-25,李虹玉-XNY0271,2026-04-30 18:04:06
13179773169,荣耀-XN-听歌-通用-歌单-混剪-260423-625-2,李虹玉-XNY0271,2026-04-30 18:04:08
13179773760,荣耀-XN-听歌-通用-歌单-混剪-260423-625-1,李虹玉-XNY0271,2026-04-30 18:04:11
13179774296,荣耀-XN-听歌-通用-歌单-混剪-260423-625-3,李虹玉-XNY0271,2026-04-30 18:04:13
13179774677,荣耀-XN-听歌-通用-歌单-混剪-260423-625-4,李虹玉-XNY0271,2026-04-30 18:04:14
13179775007,荣耀-XN-听歌-通用-歌单-混剪-260423-625-5,李虹玉-XNY0271,2026-04-30 18:04:15
13179775374,荣耀-XN-金融-通用-壁纸-混剪-纯AIGC-26030-625-25,李虹玉-XNY0271,2026-04-30 18:04:17
13179775827,荣耀-XN-金融-通用-壁纸-混剪-纯AIGC-26030-625-26,李虹玉-XNY0271,2026-04-30 18:04:18
13179776526,荣耀-XN-社交-通用-聊天券-混剪-260429-625-13,李虹玉-XNY0271,2026-04-30 18:04:21
13179776933,荣耀-XN-社交-通用-聊天券-混剪-260429-625-14,李虹玉-XNY0271,2026-04-30 18:04:22
13179777964,荣耀-XN-社交-通用-聊天券-混剪-260429-625-16,李虹玉-XNY0271,2026-04-30 18:04:25
13179778928,荣耀-XN-社交-通用-聊天券-混剪-260429-625-17,李虹玉-XNY0271,2026-04-30 18:04:30
13179779012,荣耀-XN-社交-通用-聊天券-混剪-260429-625-15,李虹玉-XNY0271,2026-04-30 18:04:30
13179779982,荣耀-XN-社交-通用-聊天券-混剪-260429-625-18,李虹玉-XNY0271,2026-04-30 18:04:34
13179781196,荣耀-XN-社交-通用-聊天券-混剪-260429-625-1,李虹玉-XNY0271,2026-04-30 18:04:39
13179781340,荣耀-XN-社交-通用-聊天券-混剪-260429-625-20,李虹玉-XNY0271,2026-04-30 18:04:40
13179782319,荣耀-XN-社交-通用-聊天券-混剪-260429-625-2,李虹玉-XNY0271,2026-04-30 18:04:44
13179783126,荣耀-XN-社交-通用-聊天券-混剪-260429-625-4,李虹玉-XNY0271,2026-04-30 18:04:47
13179783246,荣耀-XN-社交-通用-聊天券-混剪-260429-625-5,李虹玉-XNY0271,2026-04-30 18:04:48
13179783606,荣耀-XN-社交-通用-聊天券-混剪-260429-625-6,李虹玉-XNY0271,2026-04-30 18:04:50
13179785500,荣耀-XN-影音娱乐-通用-唱歌-混剪-260429-625-7,李虹玉-XNY0271,2026-04-30 18:04:57
13179786050,荣耀-XN-影音娱乐-通用-唱歌-混剪-260429-625-6,李虹玉-XNY0271,2026-04-30 18:05:00
13179786444,荣耀-XN-影音娱乐-通用-唱歌-混剪-260429-625-8,李虹玉-XNY0271,2026-04-30 18:05:02
13179786828,荣耀-XN-影音娱乐-通用-唱歌-混剪-260429-625-9,李虹玉-XNY0271,2026-04-30 18:05:03
13179787160,荣耀-XN-影音娱乐-通用-唱歌-混剪-260429-625-10,李虹玉-XNY0271,2026-04-30 18:05:05
13179787469,荣耀-XN-影音娱乐-通用-唱歌-混剪-260429-625-11,李虹玉-XNY0271,2026-04-30 18:05:06
13179788528,荣耀-XN-影音娱乐-通用-唱歌-混剪-260429-625-14,李虹玉-XNY0271,2026-04-30 18:05:10
13179788584,荣耀-XN-影音娱乐-通用-唱歌-混剪-260429-625-15,李虹玉-XNY0271,2026-04-30 18:05:10
13179789878,荣耀-XN-影音娱乐-通用-唱歌-混剪-260429-625-19,李虹玉-XNY0271,2026-04-30 18:05:16
13179790647,荣耀-XN-影音娱乐-通用-唱歌-混剪-260429-625-20,李虹玉-XNY0271,2026-04-30 18:05:19
13179791469,荣耀-XN-影音娱乐-通用-风景-混剪-260429-625-1,李虹玉-XNY0271,2026-04-30 18:05:22
13179791538,荣耀-XN-影音娱乐-通用-唱歌-混剪-260429-625-21,李虹玉-XNY0271,2026-04-30 18:05:22
13179792497,荣耀-XN-影音娱乐-通用-风景-混剪-260429-625-2,李虹玉-XNY0271,2026-04-30 18:05:26
13179792896,荣耀-XN-影音娱乐-通用-风景-混剪-260429-625-3,李虹玉-XNY0271,2026-04-30 18:05:27
13179793446,荣耀-XN-影音娱乐-通用-唱歌-混剪-260429-625-13,李虹玉-XNY0271,2026-04-30 18:05:29
13179794350,荣耀-XN-影音娱乐-通用-风景-混剪-260429-625-6,李虹玉-XNY0271,2026-04-30 18:05:33
13179794477,荣耀-XN-影音娱乐-通用-风景-混剪-260429-625-4,李虹玉-XNY0271,2026-04-30 18:05:33
13179795244,荣耀-XN-影音娱乐-通用-风景-混剪-260429-625-5,李虹玉-XNY0271,2026-04-30 18:05:36
13179795847,荣耀-XN-影音娱乐-通用-风景-混剪-260429-625-8,李虹玉-XNY0271,2026-04-30 18:05:38
13179795851,荣耀-XN-影音娱乐-通用-风景-混剪-260429-625-7,李虹玉-XNY0271,2026-04-30 18:05:38
13179796361,荣耀-XN-影音娱乐-通用-风景-混剪-260429-625-9,李虹玉-XNY0271,2026-04-30 18:05:40
13179796944,荣耀-XN-影音娱乐-通用-风景-混剪-260429-625-10,李虹玉-XNY0271,2026-04-30 18:05:42
13179797355,荣耀-XN-影音娱乐-通用-风景-混剪-260429-625-12,李虹玉-XNY0271,2026-04-30 18:05:43
13179797389,荣耀-XN-影音娱乐-通用-风景-混剪-260429-625-11,李虹玉-XNY0271,2026-04-30 18:05:43
13179798212,荣耀-XN-影音娱乐-通用-风景-混剪-260429-625-13,李虹玉-XNY0271,2026-04-30 18:05:46
13179798813,荣耀-XN-影音娱乐-通用-风景-混剪-260429-625-15,李虹玉-XNY0271,2026-04-30 18:05:48
13179799213,荣耀-XN-影音娱乐-通用-风景-混剪-260429-625-16,李虹玉-XNY0271,2026-04-30 18:05:50
13179799690,荣耀-XN-影音娱乐-通用-风景-混剪-260429-625-17,李虹玉-XNY0271,2026-04-30 18:05:51
13179799967,荣耀-XN-影音娱乐-通用-风景-混剪-260429-625-14,李虹玉-XNY0271,2026-04-30 18:05:52
13179800724,荣耀-XN-影音娱乐-通用-萌宠视频-混剪-260429-625-2,李虹玉-XNY0271,2026-04-30 18:05:55
13179801170,荣耀-XN-影音娱乐-通用-萌宠视频-混剪-260429-625-3,李虹玉-XNY0271,2026-04-30 18:05:56
13179801637,荣耀-XN-影音娱乐-通用-萌宠视频-混剪-260429-625-1,李虹玉-XNY0271,2026-04-30 18:05:58
13179802214,荣耀-XN-影音娱乐-通用-萌宠视频-混剪-260429-625-4,李虹玉-XNY0271,2026-04-30 18:06:00
13179802932,荣耀-XN-影音娱乐-通用-萌宠视频-混剪-260429-625-6,李虹玉-XNY0271,2026-04-30 18:06:02
13179803247,荣耀-XN-影音娱乐-通用-萌宠视频-混剪-260429-625-7,李虹玉-XNY0271,2026-04-30 18:06:03
13179803513,荣耀-XN-影音娱乐-通用-萌宠视频-混剪-260429-625-5,李虹玉-XNY0271,2026-04-30 18:06:04
13179804269,荣耀-XN-影音娱乐-通用-萌宠视频-混剪-260429-625-8,李虹玉-XNY0271,2026-04-30 18:06:06
13179804300,荣耀-XN-影音娱乐-通用-萌宠视频-混剪-260429-625-9,李虹玉-XNY0271,2026-04-30 18:06:07
13179805346,荣耀-XN-影音娱乐-通用-萌宠视频-混剪-260429-625-10,李虹玉-XNY0271,2026-04-30 18:06:09
13179805830,荣耀-XN-影音娱乐-通用-萌宠视频-混剪-260429-625-12,李虹玉-XNY0271,2026-04-30 18:06:11
13179806001,荣耀-XN-影音娱乐-通用-萌宠视频-混剪-260429-625-11,李虹玉-XNY0271,2026-04-30 18:06:11
13179807489,荣耀-XN-影音娱乐-通用-萌宠视频-混剪-260429-625-14,李虹玉-XNY0271,2026-04-30 18:06:15
13179807661,荣耀-XN-影音娱乐-通用-萌宠视频-混剪-260429-625-15,李虹玉-XNY0271,2026-04-30 18:06:16
13179808078,荣耀-XN-影音娱乐-通用-萌宠视频-混剪-260429-625-13,李虹玉-XNY0271,2026-04-30 18:06:17
13245280176,应用商店-首页-影音-音乐-小牛-625-0506-4,李虹玉-XNY0271,2026-05-09 15:02:49
13245280264,应用商店-首页-影音-音乐-小牛-625-0506-5,李虹玉-XNY0271,2026-05-09 15:02:50
13245281970,应用商店-首页-影音-音乐-小牛-625-0506-6,李虹玉-XNY0271,2026-05-09 15:02:56
13245282362,应用商店-首页-影音-音乐-小牛-625-0506-7,李虹玉-XNY0271,2026-05-09 15:02:57
13245282464,应用商店-首页-影音-音乐-小牛-625-0506-8,李虹玉-XNY0271,2026-05-09 15:02:58
13245282976,应用商店-首页-影音-音乐-小牛-625-0506-9,李虹玉-XNY0271,2026-05-09 15:03:00
13245283744,应用商店-首页-影音-音乐-小牛-625-0506-1,李虹玉-XNY0271,2026-05-09 15:03:03
13245284745,应用商店-首页-电商-生活用品-小牛-625-0506-3,李虹玉-XNY0271,2026-05-09 15:03:08
13245284764,应用商店-首页-影音-音乐-小牛-625-0506-2,李虹玉-XNY0271,2026-05-09 15:03:08
13245285675,应用商店-首页-电商-生活用品-小牛-625-0506-5,李虹玉-XNY0271,2026-05-09 15:03:12
13245285817,应用商店-首页-电商-生活用品-小牛-625-0506-4,李虹玉-XNY0271,2026-05-09 15:03:12
13245286250,应用商店-首页-电商-生活用品-小牛-625-0506-6,李虹玉-XNY0271,2026-05-09 15:03:14
13245287363,应用商店-首页-电商-生活用品-小牛-625-0506-7,李虹玉-XNY0271,2026-05-09 15:03:19
13245287368,应用商店-首页-电商-生活用品-小牛-625-0506-8,李虹玉-XNY0271,2026-05-09 15:03:19
13245288517,应用商店-首页-电商-生活用品-小牛-625-0506-10,李虹玉-XNY0271,2026-05-09 15:03:24
13245288752,应用商店-首页-电商-生活用品-小牛-625-0506-12,李虹玉-XNY0271,2026-05-09 15:03:25
13245288991,应用商店-首页-电商-生活用品-小牛-625-0506-11,李虹玉-XNY0271,2026-05-09 15:03:26
13245289467,应用商店-首页-电商-生活用品-小牛-625-0506-1,李虹玉-XNY0271,2026-05-09 15:03:28
13245289866,应用商店-首页-电商-生活用品-小牛-625-0506-2,李虹玉-XNY0271,2026-05-09 15:03:30
13246444728,XN-OPPO浏览器-视频-文案类-视频混剪-竖-625-cjj-纯新AIGC-20260509-55,李虹玉-XNY0271,2026-05-09 16:30:12
13246444842,XN-OPPO浏览器-视频-文案类-视频混剪-竖-625-cjj-纯新AIGC-20260509-57,李虹玉-XNY0271,2026-05-09 16:30:12
13246445333,XN-OPPO浏览器-视频-文案类-视频混剪-竖-625-cjj-纯新AIGC-20260509-56,李虹玉-XNY0271,2026-05-09 16:30:14
13246445399,XN-OPPO浏览器-视频-文案类-视频混剪-竖-625-cjj-纯新AIGC-20260509-58,李虹玉-XNY0271,2026-05-09 16:30:15
13246445404,XN-OPPO浏览器-视频-文案类-视频混剪-竖-625-cjj-纯新AIGC-20260509-59,李虹玉-XNY0271,2026-05-09 16:30:15
13246446002,XN-OPPO浏览器-视频-文案类-视频混剪-竖-625-cjj-纯新AIGC-20260509-60,李虹玉-XNY0271,2026-05-09 16:30:18
13246446067,XN-OPPO浏览器-视频-文案类-视频混剪-竖-625-cjj-纯新AIGC-20260509-1,李虹玉-XNY0271,2026-05-09 16:30:18
13246446253,XN-OPPO浏览器-视频-文案类-视频混剪-竖-625-cjj-纯新AIGC-20260509-2,李虹玉-XNY0271,2026-05-09 16:30:19
13246446990,XN-OPPO浏览器-视频-文案类-视频混剪-竖-625-cjj-纯新AIGC-20260509-3,李虹玉-XNY0271,2026-05-09 16:30:22
13246447166,XN-OPPO浏览器-视频-文案类-视频混剪-竖-625-cjj-纯新AIGC-20260509-5,李虹玉-XNY0271,2026-05-09 16:30:22
13246447206,XN-OPPO浏览器-视频-文案类-视频混剪-竖-625-cjj-纯新AIGC-20260509-4,李虹玉-XNY0271,2026-05-09 16:30:22
13246447836,XN-OPPO浏览器-视频-文案类-视频混剪-竖-625-cjj-纯新AIGC-20260509-6,李虹玉-XNY0271,2026-05-09 16:30:25
13246448088,XN-OPPO浏览器-视频-文案类-视频混剪-竖-625-cjj-纯新AIGC-20260509-7,李虹玉-XNY0271,2026-05-09 16:30:26
13246448287,XN-OPPO浏览器-视频-文案类-视频混剪-竖-625-cjj-纯新AIGC-20260509-8,李虹玉-XNY0271,2026-05-09 16:30:27
13246448555,XN-OPPO浏览器-视频-文案类-视频混剪-竖-625-cjj-纯新AIGC-20260509-9,李虹玉-XNY0271,2026-05-09 16:30:28
13246448834,XN-OPPO浏览器-视频-文案类-视频混剪-竖-625-cjj-纯新AIGC-20260509-10,李虹玉-XNY0271,2026-05-09 16:30:30
13246448961,XN-OPPO浏览器-视频-文案类-视频混剪-竖-625-cjj-纯新AIGC-20260509-11,李虹玉-XNY0271,2026-05-09 16:30:30
13246449509,XN-OPPO浏览器-视频-文案类-视频混剪-竖-625-cjj-纯新AIGC-20260509-13,李虹玉-XNY0271,2026-05-09 16:30:32
13246449748,XN-OPPO浏览器-视频-文案类-视频混剪-竖-625-cjj-纯新AIGC-20260509-14,李虹玉-XNY0271,2026-05-09 16:30:33
13246450048,XN-OPPO浏览器-视频-文案类-视频混剪-竖-625-cjj-纯新AIGC-20260509-12,李虹玉-XNY0271,2026-05-09 16:30:35
13246450166,XN-OPPO浏览器-视频-文案类-视频混剪-竖-625-cjj-纯新AIGC-20260509-15,李虹玉-XNY0271,2026-05-09 16:30:35
13246450493,XN-OPPO浏览器-视频-文案类-视频混剪-竖-625-cjj-纯新AIGC-20260509-16,李虹玉-XNY0271,2026-05-09 16:30:37
13246450622,XN-OPPO浏览器-视频-文案类-视频混剪-竖-625-cjj-纯新AIGC-20260509-17,李虹玉-XNY0271,2026-05-09 16:30:38
13246450892,XN-OPPO浏览器-视频-文案类-视频混剪-竖-625-cjj-纯新AIGC-20260509-18,李虹玉-XNY0271,2026-05-09 16:30:39
13246451115,XN-OPPO浏览器-视频-文案类-视频混剪-竖-625-cjj-纯新AIGC-20260509-19,李虹玉-XNY0271,2026-05-09 16:30:40
13246451234,XN-OPPO浏览器-视频-文案类-视频混剪-竖-625-cjj-纯新AIGC-20260509-20,李虹玉-XNY0271,2026-05-09 16:30:40
13246451495,XN-OPPO浏览器-视频-文案类-视频混剪-竖-625-cjj-纯新AIGC-20260509-21,李虹玉-XNY0271,2026-05-09 16:30:42
13246451789,XN-OPPO浏览器-视频-文案类-视频混剪-竖-625-cjj-纯新AIGC-20260509-22,李虹玉-XNY0271,2026-05-09 16:30:43
13246451896,XN-OPPO浏览器-视频-文案类-视频混剪-竖-625-cjj-纯新AIGC-20260509-23,李虹玉-XNY0271,2026-05-09 16:30:43
13246452313,XN-OPPO浏览器-视频-文案类-视频混剪-竖-625-cjj-纯新AIGC-20260509-24,李虹玉-XNY0271,2026-05-09 16:30:45
13246452427,XN-OPPO浏览器-视频-文案类-视频混剪-竖-625-cjj-纯新AIGC-20260509-25,李虹玉-XNY0271,2026-05-09 16:30:46
13246452568,XN-OPPO浏览器-视频-文案类-视频混剪-竖-625-cjj-纯新AIGC-20260509-26,李虹玉-XNY0271,2026-05-09 16:30:46
13246453157,XN-OPPO浏览器-视频-文案类-视频混剪-竖-625-cjj-纯新AIGC-20260509-28,李虹玉-XNY0271,2026-05-09 16:30:49
13246453248,XN-OPPO浏览器-视频-文案类-视频混剪-竖-625-cjj-纯新AIGC-20260509-29,李虹玉-XNY0271,2026-05-09 16:30:49
13246453772,XN-OPPO浏览器-视频-文案类-视频混剪-竖-625-cjj-纯新AIGC-20260509-30,李虹玉-XNY0271,2026-05-09 16:30:51
13246453896,XN-OPPO浏览器-视频-文案类-视频混剪-竖-625-cjj-纯新AIGC-20260509-32,李虹玉-XNY0271,2026-05-09 16:30:52
13246453947,XN-OPPO浏览器-视频-文案类-视频混剪-竖-625-cjj-纯新AIGC-20260509-31,李虹玉-XNY0271,2026-05-09 16:30:52
13246454446,XN-OPPO浏览器-视频-文案类-视频混剪-竖-625-cjj-纯新AIGC-20260509-34,李虹玉-XNY0271,2026-05-09 16:30:55
13246454522,XN-OPPO浏览器-视频-文案类-视频混剪-竖-625-cjj-纯新AIGC-20260509-33,李虹玉-XNY0271,2026-05-09 16:30:55
13246454591,XN-OPPO浏览器-视频-文案类-视频混剪-竖-625-cjj-纯新AIGC-20260509-35,李虹玉-XNY0271,2026-05-09 16:30:55
13246455188,XN-OPPO浏览器-视频-文案类-视频混剪-竖-625-cjj-纯新AIGC-20260509-36,李虹玉-XNY0271,2026-05-09 16:30:58
13246455279,XN-OPPO浏览器-视频-文案类-视频混剪-竖-625-cjj-纯新AIGC-20260509-37,李虹玉-XNY0271,2026-05-09 16:30:58
13246455431,XN-OPPO浏览器-视频-文案类-视频混剪-竖-625-cjj-纯新AIGC-20260509-38,李虹玉-XNY0271,2026-05-09 16:30:59
13246455966,XN-OPPO浏览器-视频-文案类-视频混剪-竖-625-cjj-纯新AIGC-20260509-40,李虹玉-XNY0271,2026-05-09 16:31:01
13246456040,XN-OPPO浏览器-视频-文案类-视频混剪-竖-625-cjj-纯新AIGC-20260509-39,李虹玉-XNY0271,2026-05-09 16:31:01
13246456321,XN-OPPO浏览器-视频-文案类-视频混剪-竖-625-cjj-纯新AIGC-20260509-41,李虹玉-XNY0271,2026-05-09 16:31:02
13246456740,XN-OPPO浏览器-视频-文案类-视频混剪-竖-625-cjj-纯新AIGC-20260509-43,李虹玉-XNY0271,2026-05-09 16:31:04
13246456846,XN-OPPO浏览器-视频-文案类-视频混剪-竖-625-cjj-纯新AIGC-20260509-42,李虹玉-XNY0271,2026-05-09 16:31:04
13246457145,XN-OPPO浏览器-视频-文案类-视频混剪-竖-625-cjj-纯新AIGC-20260509-44,李虹玉-XNY0271,2026-05-09 16:31:06
13246457442,XN-OPPO浏览器-视频-文案类-视频混剪-竖-625-cjj-纯新AIGC-20260509-45,李虹玉-XNY0271,2026-05-09 16:31:07
13246457466,XN-OPPO浏览器-视频-文案类-视频混剪-竖-625-cjj-纯新AIGC-20260509-46,李虹玉-XNY0271,2026-05-09 16:31:07
13246457741,XN-OPPO浏览器-视频-文案类-视频混剪-竖-625-cjj-纯新AIGC-20260509-47,李虹玉-XNY0271,2026-05-09 16:31:08
13246458062,XN-OPPO浏览器-视频-文案类-视频混剪-竖-625-cjj-纯新AIGC-20260509-48,李虹玉-XNY0271,2026-05-09 16:31:10
13246458161,XN-OPPO浏览器-视频-文案类-视频混剪-竖-625-cjj-纯新AIGC-20260509-49,李虹玉-XNY0271,2026-05-09 16:31:10
13246458406,XN-OPPO浏览器-视频-文案类-视频混剪-竖-625-cjj-纯新AIGC-20260509-50,李虹玉-XNY0271,2026-05-09 16:31:12
13246458761,XN-OPPO浏览器-视频-文案类-视频混剪-竖-625-cjj-纯新AIGC-20260509-51,李虹玉-XNY0271,2026-05-09 16:31:13
13246458765,XN-OPPO浏览器-视频-文案类-视频混剪-竖-625-cjj-纯新AIGC-20260509-52,李虹玉-XNY0271,2026-05-09 16:31:13
13246459141,XN-OPPO浏览器-视频-文案类-视频混剪-竖-625-cjj-纯新AIGC-20260509-53,李虹玉-XNY0271,2026-05-09 16:31:14
13246460510,XN-OPPO浏览器-视频-文案类-视频混剪-竖-625-cjj-纯新AIGC-20260509-54,李虹玉-XNY0271,2026-05-09 16:31:21
13246587157,计步-公元op-625-0509 (6),李虹玉-XNY0271,2026-05-09 16:40:30
13248216133,荣耀-XN-金融-通用-鸡汤-混剪-260508-625-28,李虹玉-XNY0271,2026-05-09 18:40:07
13248216323,荣耀-XN-金融-通用-鸡汤-混剪-260508-625-29,李虹玉-XNY0271,2026-05-09 18:40:08
13248216600,荣耀-XN-金融-通用-鸡汤-混剪-260508-625-30,李虹玉-XNY0271,2026-05-09 18:40:09
13248216758,荣耀-XN-金融-通用-鸡汤-混剪-260508-625-31,李虹玉-XNY0271,2026-05-09 18:40:10
13248216922,荣耀-XN-金融-通用-鸡汤-混剪-260508-625-32,李虹玉-XNY0271,2026-05-09 18:40:11
13248217306,荣耀-XN-金融-通用-鸡汤-混剪-260508-625-34,李虹玉-XNY0271,2026-05-09 18:40:13
13248217559,荣耀-XN-金融-通用-鸡汤-混剪-260508-625-33,李虹玉-XNY0271,2026-05-09 18:40:14
13248217570,荣耀-XN-金融-通用-鸡汤-混剪-260508-625-35,李虹玉-XNY0271,2026-05-09 18:40:14
13248217977,荣耀-XN-金融-通用-鸡汤-混剪-260508-625-36,李虹玉-XNY0271,2026-05-09 18:40:17
13248218181,荣耀-XN-金融-通用-鸡汤-混剪-260508-625-37,李虹玉-XNY0271,2026-05-09 18:40:18
13248218577,荣耀-XN-金融-通用-鸡汤-混剪-260508-625-39,李虹玉-XNY0271,2026-05-09 18:40:20
13248218596,荣耀-XN-金融-通用-鸡汤-混剪-260508-625-38,李虹玉-XNY0271,2026-05-09 18:40:20
13248218873,荣耀-XN-金融-通用-鸡汤-混剪-260508-625-40,李虹玉-XNY0271,2026-05-09 18:40:22
13248219102,荣耀-XN-金融-通用-鸡汤-混剪-260508-625-42,李虹玉-XNY0271,2026-05-09 18:40:23
13248219288,荣耀-XN-金融-通用-鸡汤-混剪-260508-625-41,李虹玉-XNY0271,2026-05-09 18:40:24
13248219392,荣耀-XN-金融-通用-壁纸-混剪-纯AIGC-260508-625-32-1,李虹玉-XNY0271,2026-05-09 18:40:25
13248219669,荣耀-XN-金融-通用-壁纸-混剪-纯AIGC-260508-625-32-2,李虹玉-XNY0271,2026-05-09 18:40:26
13248219867,荣耀-XN-金融-通用-壁纸-混剪-纯AIGC-260508-625-32-4,李虹玉-XNY0271,2026-05-09 18:40:27
13248219874,荣耀-XN-金融-通用-壁纸-混剪-纯AIGC-260508-625-32-3,李虹玉-XNY0271,2026-05-09 18:40:27
13248220138,荣耀-XN-金融-通用-壁纸-混剪-纯AIGC-260508-625-32-5,李虹玉-XNY0271,2026-05-09 18:40:29
13248220509,荣耀-XN-AI健康-通用-养生科普-混剪-260508-625-7,李虹玉-XNY0271,2026-05-09 18:40:31
13248220638,荣耀-XN-AI健康-通用-养生科普-混剪-260508-625-10,李虹玉-XNY0271,2026-05-09 18:40:31
13248221509,荣耀-XN-AI健康-通用-养生科普-混剪-260508-625-12,李虹玉-XNY0271,2026-05-09 18:40:37
13248221606,荣耀-XN-AI健康-通用-养生科普-混剪-260508-625-2,李虹玉-XNY0271,2026-05-09 18:40:37
13248222018,荣耀-XN-AI健康-通用-养生科普-混剪-260508-625-3,李虹玉-XNY0271,2026-05-09 18:40:40
13248222491,荣耀-XN-AI健康-通用-养生科普-混剪-260508-625-6,李虹玉-XNY0271,2026-05-09 18:40:43
13248222578,荣耀-XN-金融-通用-壁纸-混剪-纯AIGC-260508-625-32-6,李虹玉-XNY0271,2026-05-09 18:40:44
13248222627,荣耀-XN-AI健康-通用-养生科普-混剪-260508-625-4,李虹玉-XNY0271,2026-05-09 18:40:44
13248223056,荣耀-XN-金融-通用-壁纸-混剪-纯AIGC-260508-625-32-7,李虹玉-XNY0271,2026-05-09 18:40:47
13248223168,荣耀-XN-金融-通用-壁纸-混剪-纯AIGC-260508-625-32-8,李虹玉-XNY0271,2026-05-09 18:40:48
13248223424,荣耀-XN-金融-通用-壁纸-混剪-纯AIGC-260508-625-32-10,李虹玉-XNY0271,2026-05-09 18:40:50
13248223533,荣耀-XN-金融-通用-壁纸-混剪-纯AIGC-260508-625-32-9,李虹玉-XNY0271,2026-05-09 18:40:51
13248223670,荣耀-XN-金融-通用-壁纸-混剪-纯AIGC-260508-625-32-11,李虹玉-XNY0271,2026-05-09 18:40:52
13248223837,荣耀-XN-金融-通用-壁纸-混剪-纯AIGC-260508-625-32-12,李虹玉-XNY0271,2026-05-09 18:40:53
13248224141,荣耀-XN-金融-通用-壁纸-混剪-纯AIGC-260508-625-32-13,李虹玉-XNY0271,2026-05-09 18:40:55
13248224240,荣耀-XN-金融-通用-壁纸-混剪-纯AIGC-260508-625-32-14,李虹玉-XNY0271,2026-05-09 18:40:55
13248224258,荣耀-XN-金融-通用-壁纸-混剪-纯AIGC-260508-625-32-15,李虹玉-XNY0271,2026-05-09 18:40:55
13248224737,荣耀-XN-金融-通用-壁纸-混剪-纯AIGC-260508-625-32-16,李虹玉-XNY0271,2026-05-09 18:40:58
13248224830,荣耀-XN-金融-通用-壁纸-混剪-纯AIGC-260508-625-32-17,李虹玉-XNY0271,2026-05-09 18:40:59
13248224994,荣耀-XN-金融-通用-壁纸-混剪-纯AIGC-260508-625-32-18,李虹玉-XNY0271,2026-05-09 18:41:00
13248225270,荣耀-XN-金融-通用-壁纸-混剪-纯AIGC-260508-625-32-19,李虹玉-XNY0271,2026-05-09 18:41:01
13248225326,荣耀-XN-金融-通用-壁纸-混剪-纯AIGC-260508-625-32-20,李虹玉-XNY0271,2026-05-09 18:41:02
13248225544,荣耀-XN-金融-通用-壁纸-混剪-纯AIGC-260508-625-32-21,李虹玉-XNY0271,2026-05-09 18:41:03
13248225823,荣耀-XN-金融-通用-壁纸-混剪-纯AIGC-260508-625-32-23,李虹玉-XNY0271,2026-05-09 18:41:05
13248226136,荣耀-XN-金融-通用-壁纸-混剪-纯AIGC-260508-625-32-24,李虹玉-XNY0271,2026-05-09 18:41:07
13248226379,荣耀-XN-金融-通用-壁纸-混剪-纯AIGC-260508-625-32-22,李虹玉-XNY0271,2026-05-09 18:41:08
13248226601,荣耀-XN-金融-通用-壁纸-混剪-纯AIGC-260508-625-32-25,李虹玉-XNY0271,2026-05-09 18:41:10
13248226861,荣耀-XN-金融-通用-鸡汤-混剪-260508-625-1,李虹玉-XNY0271,2026-05-09 18:41:11
13248227146,荣耀-XN-金融-通用-鸡汤-混剪-260508-625-2,李虹玉-XNY0271,2026-05-09 18:41:13
13248227382,荣耀-XN-金融-通用-鸡汤-混剪-260508-625-4,李虹玉-XNY0271,2026-05-09 18:41:15
13248227576,荣耀-XN-金融-通用-鸡汤-混剪-260508-625-5,李虹玉-XNY0271,2026-05-09 18:41:16
13248227929,荣耀-XN-金融-通用-鸡汤-混剪-260508-625-6,李虹玉-XNY0271,2026-05-09 18:41:19
13248228037,荣耀-XN-金融-通用-鸡汤-混剪-260508-625-3,李虹玉-XNY0271,2026-05-09 18:41:20
13248228730,荣耀-XN-金融-通用-鸡汤-混剪-260508-625-8,李虹玉-XNY0271,2026-05-09 18:41:24
13248228969,荣耀-XN-金融-通用-鸡汤-混剪-260508-625-9,李虹玉-XNY0271,2026-05-09 18:41:26
13248229346,荣耀-XN-金融-通用-鸡汤-混剪-260508-625-10,李虹玉-XNY0271,2026-05-09 18:41:28
13248229477,荣耀-XN-金融-通用-鸡汤-混剪-260508-625-7,李虹玉-XNY0271,2026-05-09 18:41:29
13248230015,荣耀-XN-金融-通用-鸡汤-混剪-260508-625-11,李虹玉-XNY0271,2026-05-09 18:41:33
13248230298,荣耀-XN-金融-通用-鸡汤-混剪-260508-625-12,李虹玉-XNY0271,2026-05-09 18:41:34
13248230705,荣耀-XN-金融-通用-鸡汤-混剪-260508-625-13,李虹玉-XNY0271,2026-05-09 18:41:37
13248231219,荣耀-XN-金融-通用-鸡汤-混剪-260508-625-14,李虹玉-XNY0271,2026-05-09 18:41:41
13248232252,荣耀-XN-金融-通用-鸡汤-混剪-260508-625-15,李虹玉-XNY0271,2026-05-09 18:41:47
13248232372,荣耀-XN-金融-通用-鸡汤-混剪-260508-625-17,李虹玉-XNY0271,2026-05-09 18:41:48
13248233361,荣耀-XN-金融-通用-鸡汤-混剪-260508-625-19,李虹玉-XNY0271,2026-05-09 18:41:55
13248233554,荣耀-XN-金融-通用-鸡汤-混剪-260508-625-20,李虹玉-XNY0271,2026-05-09 18:41:57
13248233595,荣耀-XN-金融-通用-鸡汤-混剪-260508-625-18,李虹玉-XNY0271,2026-05-09 18:41:57
13248234480,荣耀-XN-金融-通用-鸡汤-混剪-260508-625-21,李虹玉-XNY0271,2026-05-09 18:42:02
13248235543,荣耀-XN-金融-通用-鸡汤-混剪-260508-625-22,李虹玉-XNY0271,2026-05-09 18:42:09
13248236167,荣耀-XN-金融-通用-鸡汤-混剪-260508-625-24,李虹玉-XNY0271,2026-05-09 18:42:14
13248236507,荣耀-XN-金融-通用-鸡汤-混剪-260508-625-25,李虹玉-XNY0271,2026-05-09 18:42:16
13248236663,荣耀-XN-金融-通用-鸡汤-混剪-260508-625-23,李虹玉-XNY0271,2026-05-09 18:42:18
13248237719,荣耀-XN-金融-通用-鸡汤-混剪-260508-625-26,李虹玉-XNY0271,2026-05-09 18:42:25
13248237793,荣耀-XN-社交-通用-美女-混剪-260509-625-2,李虹玉-XNY0271,2026-05-09 18:42:26
13248238707,荣耀-XN-社交-通用-美女-混剪-260509-625-3,李虹玉-XNY0271,2026-05-09 18:42:32
13248238780,荣耀-XN-社交-通用-美女-混剪-260509-625-4,李虹玉-XNY0271,2026-05-09 18:42:32
13248240119,荣耀-XN-社交-通用-美女-混剪-260509-625-6,李虹玉-XNY0271,2026-05-09 18:42:41
13248240130,荣耀-XN-社交-通用-美女-混剪-260509-625-5,李虹玉-XNY0271,2026-05-09 18:42:42
13248240217,荣耀-XN-社交-通用-美女-混剪-260509-625-7,李虹玉-XNY0271,2026-05-09 18:42:42
13248241304,荣耀-XN-社交-通用-美女-混剪-260509-625-8,李虹玉-XNY0271,2026-05-09 18:42:50
13248241536,荣耀-XN-社交-通用-美女-混剪-260509-625-10,李虹玉-XNY0271,2026-05-09 18:42:51
13248242166,荣耀-XN-社交-通用-美女-混剪-260509-625,李虹玉-XNY0271,2026-05-09 18:42:56
13248242231,荣耀-XN-社交-通用-美女-混剪-260509-625-9,李虹玉-XNY0271,2026-05-09 18:42:56
13248243436,荣耀-XN-金融-通用-鸡汤-混剪-260508-625-27,李虹玉-XNY0271,2026-05-09 18:43:04
13248246855,荣耀-XN-影音娱乐-通用-唱歌-混剪-260508-625-3,李虹玉-XNY0271,2026-05-09 18:43:27
13248247367,荣耀-XN-影音娱乐-通用-唱歌-混剪-260508-625-4,李虹玉-XNY0271,2026-05-09 18:43:30
13248248535,荣耀-XN-影音娱乐-通用-唱歌-混剪-260508-625-5,李虹玉-XNY0271,2026-05-09 18:43:38
13248248841,荣耀-XN-影音娱乐-通用-唱歌-混剪-260508-625-6,李虹玉-XNY0271,2026-05-09 18:43:40
13248249617,荣耀-XN-影音娱乐-通用-唱歌-混剪-260508-625-7,李虹玉-XNY0271,2026-05-09 18:43:44
13248250703,荣耀-XN-影音娱乐-通用-唱歌-混剪-260508-625-8,李虹玉-XNY0271,2026-05-09 18:43:51
13248250797,荣耀-XN-影音娱乐-通用-唱歌-混剪-260508-625-9,李虹玉-XNY0271,2026-05-09 18:43:52
13248251129,荣耀-XN-影音娱乐-通用-唱歌-混剪-260508-625-10,李虹玉-XNY0271,2026-05-09 18:43:54
13248252525,荣耀-XN-影音娱乐-通用-唱歌-混剪-260508-625-11,李虹玉-XNY0271,2026-05-09 18:44:03
13248252823,荣耀-XN-影音娱乐-通用-唱歌-混剪-260508-625-12,李虹玉-XNY0271,2026-05-09 18:44:06
13248252952,荣耀-XN-影音娱乐-通用-唱歌-混剪-260508-625-13,李虹玉-XNY0271,2026-05-09 18:44:06
13248254451,荣耀-XN-影音娱乐-通用-唱歌-混剪-260508-625-14,李虹玉-XNY0271,2026-05-09 18:44:16
13248254646,荣耀-XN-影音娱乐-通用-唱歌-混剪-260508-625-16,李虹玉-XNY0271,2026-05-09 18:44:18
13248254691,荣耀-XN-影音娱乐-通用-唱歌-混剪-260508-625-15,李虹玉-XNY0271,2026-05-09 18:44:18
13248256230,荣耀-XN-影音娱乐-通用-风景-混剪-260508-625-2,李虹玉-XNY0271,2026-05-09 18:44:29
13248256972,荣耀-XN-影音娱乐-通用-风景-混剪-260508-625-3,李虹玉-XNY0271,2026-05-09 18:44:35
13248257405,荣耀-XN-影音娱乐-通用-风景-混剪-260508-625-4,李虹玉-XNY0271,2026-05-09 18:44:38
13248257649,荣耀-XN-影音娱乐-通用-风景-混剪-260508-625-6,李虹玉-XNY0271,2026-05-09 18:44:40
13248257845,荣耀-XN-影音娱乐-通用-风景-混剪-260508-625-5,李虹玉-XNY0271,2026-05-09 18:44:41
13248258130,荣耀-XN-影音娱乐-通用-风景-混剪-260508-625-8,李虹玉-XNY0271,2026-05-09 18:44:44
13248258678,荣耀-XN-影音娱乐-通用-风景-混剪-260508-625-9,李虹玉-XNY0271,2026-05-09 18:44:47
13248258996,荣耀-XN-影音娱乐-通用-风景-混剪-260508-625-10,李虹玉-XNY0271,2026-05-09 18:44:49
13248259088,荣耀-XN-影音娱乐-通用-风景-混剪-260508-625-11,李虹玉-XNY0271,2026-05-09 18:44:50
13248259612,荣耀-XN-影音娱乐-通用-风景-混剪-260508-625-13,李虹玉-XNY0271,2026-05-09 18:44:54
13248259695,荣耀-XN-影音娱乐-通用-风景-混剪-260508-625-14,李虹玉-XNY0271,2026-05-09 18:44:54
13248259856,荣耀-XN-影音娱乐-通用-风景-混剪-260508-625-15,李虹玉-XNY0271,2026-05-09 18:44:56
13248260652,荣耀-XN-影音娱乐-通用-风景-混剪-260508-625-17,李虹玉-XNY0271,2026-05-09 18:45:01
13248261324,荣耀-XN-影音娱乐-通用-萌宠视频-混剪-2600508-625-3,李虹玉-XNY0271,2026-05-09 18:45:06
13248261913,荣耀-XN-影音娱乐-通用-萌宠视频-混剪-2600508-625-4,李虹玉-XNY0271,2026-05-09 18:45:10
13248262115,荣耀-XN-影音娱乐-通用-唱歌-混剪-260508-625-1,李虹玉-XNY0271,2026-05-09 18:45:12
13248264310,荣耀-XN-听歌-通用-歌单-混剪-260509-625-12,李虹玉-XNY0271,2026-05-09 18:45:27
13275417569,荣耀-XN-影音娱乐-通用-萌宠视频-混剪-2600512-625-20,李虹玉-XNY0271,2026-05-13 10:21:59
13275418628,荣耀-XN-影音娱乐-通用-唱歌-混剪-260512-625-3,李虹玉-XNY0271,2026-05-13 10:22:05
13275421539,荣耀-XN-影音娱乐-通用-萌宠视频-混剪-2600512-625-1,李虹玉-XNY0271,2026-05-13 10:22:18
13275424138,荣耀-XN-影音娱乐-通用-萌宠视频-混剪-2600512-625-8,李虹玉-XNY0271,2026-05-13 10:22:30
13275458672,荣耀-XN-小说-通用-动态漫-混剪-2600512-625-3,李虹玉-XNY0271,2026-05-13 10:24:59
13275458865,荣耀-XN-小说-通用-动态漫-混剪-2600512-625-2,李虹玉-XNY0271,2026-05-13 10:25:00
13275459252,荣耀-XN-小说-通用-动态漫-混剪-2600512-625-4,李虹玉-XNY0271,2026-05-13 10:25:02
13275459421,荣耀-XN-小说-通用-动态漫-混剪-2600512-625-5,李虹玉-XNY0271,2026-05-13 10:25:02
13275459616,荣耀-XN-小说-通用-动态漫-混剪-2600512-625-6,李虹玉-XNY0271,2026-05-13 10:25:03
13275460211,荣耀-XN-小说-通用-动态漫-混剪-2600512-625-7,李虹玉-XNY0271,2026-05-13 10:25:05
13275460375,荣耀-XN-小说-通用-动态漫-混剪-2600512-625-8,李虹玉-XNY0271,2026-05-13 10:25:06
13275460938,荣耀-XN-小说-通用-动态漫-混剪-2600512-625-9,李虹玉-XNY0271,2026-05-13 10:25:08
13275461427,荣耀-XN-小说-通用-动态漫-混剪-2600512-625-10,李虹玉-XNY0271,2026-05-13 10:25:10
13275461657,荣耀-XN-小说-通用-动态漫-混剪-2600512-625-1,李虹玉-XNY0271,2026-05-13 10:25:11
13275464459,荣耀-XN-社交-通用-美女-混剪-260512-625-14,李虹玉-XNY0271,2026-05-13 10:25:23
13275465280,荣耀-XN-社交-通用-美女-混剪-260512-625-3,李虹玉-XNY0271,2026-05-13 10:25:27
13275465281,荣耀-XN-社交-通用-美女-混剪-260512-625-2,李虹玉-XNY0271,2026-05-13 10:25:27
13275466130,荣耀-XN-社交-通用-美女-混剪-260512-625-5,李虹玉-XNY0271,2026-05-13 10:25:30
13275468675,荣耀-XN-社交-通用-美女-混剪-260512-625-10,李虹玉-XNY0271,2026-05-13 10:25:40
13275469642,荣耀-XN-社交-通用-美女-混剪-260512-625-13,李虹玉-XNY0271,2026-05-13 10:25:44
13275470166,荣耀-XN-金融-通用-鸡汤-混剪-纯-260512-625-14,李虹玉-XNY0271,2026-05-13 10:25:45
13275470459,荣耀-XN-金融-通用-鸡汤-混剪-纯-260512-625-16,李虹玉-XNY0271,2026-05-13 10:25:46
13275470763,荣耀-XN-金融-通用-鸡汤-混剪-纯-260512-625-15,李虹玉-XNY0271,2026-05-13 10:25:48
13275470854,荣耀-XN-金融-通用-鸡汤-混剪-纯-260512-625-17,李虹玉-XNY0271,2026-05-13 10:25:48
13275471745,荣耀-XN-金融-通用-鸡汤-混剪-纯-260512-625-19,李虹玉-XNY0271,2026-05-13 10:25:51
13275471850,荣耀-XN-金融-通用-鸡汤-混剪-纯-260512-625-18,李虹玉-XNY0271,2026-05-13 10:25:52
13275472448,荣耀-XN-金融-通用-鸡汤-混剪-纯-260512-625-21,李虹玉-XNY0271,2026-05-13 10:25:54
13275472555,荣耀-XN-金融-通用-鸡汤-混剪-纯-260512-625-20,李虹玉-XNY0271,2026-05-13 10:25:55
13275472668,荣耀-XN-金融-通用-鸡汤-混剪-纯-260512-625-22,李虹玉-XNY0271,2026-05-13 10:25:55
13275473087,荣耀-XN-金融-通用-鸡汤-混剪-纯-260512-625-23,李虹玉-XNY0271,2026-05-13 10:25:57
13275473282,荣耀-XN-金融-通用-鸡汤-混剪-纯-260512-625-24,李虹玉-XNY0271,2026-05-13 10:25:58
13275473513,荣耀-XN-金融-通用-鸡汤-混剪-纯-260512-625-25,李虹玉-XNY0271,2026-05-13 10:25:59
13275473705,荣耀-XN-金融-通用-鸡汤-混剪-纯-260512-625-26,李虹玉-XNY0271,2026-05-13 10:26:00
13275474047,荣耀-XN-金融-通用-鸡汤-混剪-纯-260512-625-27,李虹玉-XNY0271,2026-05-13 10:26:01
13275474323,荣耀-XN-金融-通用-鸡汤-混剪-纯-260512-625-28,李虹玉-XNY0271,2026-05-13 10:26:02
13275474438,荣耀-XN-金融-通用-鸡汤-混剪-纯-260512-625-29,李虹玉-XNY0271,2026-05-13 10:26:03
13275474769,荣耀-XN-金融-通用-鸡汤-混剪-纯-260512-625-30,李虹玉-XNY0271,2026-05-13 10:26:04
13275475208,荣耀-XN-金融-通用-鸡汤-混剪-纯-260512-625-31,李虹玉-XNY0271,2026-05-13 10:26:06
13275476044,荣耀-XN-金融-通用-鸡汤-混剪-纯-260512-625-32,李虹玉-XNY0271,2026-05-13 10:26:09
13275476367,荣耀-XN-金融-通用-鸡汤-混剪-纯-260512-625-1,李虹玉-XNY0271,2026-05-13 10:26:11
13275476705,荣耀-XN-金融-通用-鸡汤-混剪-纯-260512-625-2,李虹玉-XNY0271,2026-05-13 10:26:12
13275476914,荣耀-XN-金融-通用-鸡汤-混剪-纯-260512-625-33,李虹玉-XNY0271,2026-05-13 10:26:13
13275477114,荣耀-XN-金融-通用-鸡汤-混剪-纯-260512-625-3,李虹玉-XNY0271,2026-05-13 10:26:14
13275477467,荣耀-XN-金融-通用-鸡汤-混剪-纯-260512-625-4,李虹玉-XNY0271,2026-05-13 10:26:15
13275477989,荣耀-XN-金融-通用-鸡汤-混剪-纯-260512-625-5,李虹玉-XNY0271,2026-05-13 10:26:17
13275478007,荣耀-XN-金融-通用-鸡汤-混剪-纯-260512-625-6,李虹玉-XNY0271,2026-05-13 10:26:17
13275478291,荣耀-XN-金融-通用-鸡汤-混剪-纯-260512-625-7,李虹玉-XNY0271,2026-05-13 10:26:18
13275478902,荣耀-XN-金融-通用-鸡汤-混剪-纯-260512-625-8,李虹玉-XNY0271,2026-05-13 10:26:21
13275478924,荣耀-XN-金融-通用-鸡汤-混剪-纯-260512-625-9,李虹玉-XNY0271,2026-05-13 10:26:21
13275479160,荣耀-XN-金融-通用-鸡汤-混剪-纯-260512-625-10,李虹玉-XNY0271,2026-05-13 10:26:22
13275479701,荣耀-XN-金融-通用-鸡汤-混剪-纯-260512-625-12,李虹玉-XNY0271,2026-05-13 10:26:24
13275479740,荣耀-XN-金融-通用-鸡汤-混剪-纯-260512-625-11,李虹玉-XNY0271,2026-05-13 10:26:25
13275480013,荣耀-XN-金融-通用-鸡汤-混剪-纯-260512-625-13,李虹玉-XNY0271,2026-05-13 10:26:26
13275480866,荣耀-XN-AI健康-通用-养生-混剪-260512-625-15,李虹玉-XNY0271,2026-05-13 10:26:29
13275481767,荣耀-XN-AI健康-通用-养生-混剪-260512-625-2,李虹玉-XNY0271,2026-05-13 10:26:34
13275482183,荣耀-XN-AI健康-通用-养生-混剪-260512-625-16,李虹玉-XNY0271,2026-05-13 10:26:35
13275483674,荣耀-XN-AI健康-通用-养生-混剪-260512-625-8,李虹玉-XNY0271,2026-05-13 10:26:42
13275484568,荣耀-XN-AI健康-通用-养生-混剪-260512-625-7,李虹玉-XNY0271,2026-05-13 10:26:45
13275486137,荣耀-XN-AI健康-通用-养生-混剪-260512-625-13,李虹玉-XNY0271,2026-05-13 10:26:51
13280836855,CH-SC-低活-10117596287241-超级抢购5元-厨具-无-剪辑-转化引导-厨具-20260512-无-625-8,李虹玉-XNY0271,2026-05-13 17:20:13
13291938220,CH-SC-广义新-10208260172277-新综合频道-生鲜-京喜拉新-剪辑-转化引导-生鲜-20260514-反向-625-3,李虹玉-XNY0271,2026-05-14 18:46:34
13291939279,CH-SC-广义新-10208260172277-新综合频道-生鲜-京喜拉新-剪辑-转化引导-生鲜-20260514-反向-625-5,李虹玉-XNY0271,2026-05-14 18:46:41
13291939585,CH-SC-广义新-10208260172277-新综合频道-生鲜-京喜拉新-剪辑-转化引导-生鲜-20260514-反向-625-6,李虹玉-XNY0271,2026-05-14 18:46:43
13291939922,CH-SC-广义新-10208260172277-新综合频道-生鲜-京喜拉新-剪辑-转化引导-生鲜-20260514-反向-625-7,李虹玉-XNY0271,2026-05-14 18:46:45
13291940624,CH-SC-广义新-10208260172277-新综合频道-生鲜-京喜拉新-剪辑-转化引导-生鲜-20260514-反向-625-9,李虹玉-XNY0271,2026-05-14 18:46:50
13291940907,CH-SC-广义新-10208260172277-新综合频道-生鲜-京喜拉新-剪辑-转化引导-生鲜-20260514-反向-625-10,李虹玉-XNY0271,2026-05-14 18:46:51
13302406456,CH-SC-广义新-10169142079015-新综合频道-厨具-京喜拉新-剪辑-转化引导-厨具-20260515-无-625-4,李虹玉-XNY0271,2026-05-15 18:43:56
13302406910,CH-SC-广义新-10169142079015-新综合频道-厨具-京喜拉新-剪辑-转化引导-厨具-20260515-无-625-2,李虹玉-XNY0271,2026-05-15 18:43:59
13302407886,CH-SC-广义新-10169142079015-新综合频道-厨具-京喜拉新-剪辑-转化引导-厨具-20260515-无-625-5,李虹玉-XNY0271,2026-05-15 18:44:07
13302409576,CH-SC-广义新-10169142079015-新综合频道-厨具-京喜拉新-剪辑-转化引导-厨具-20260515-无-625-9,李虹玉-XNY0271,2026-05-15 18:44:18
13302410132,CH-SC-广义新-10169142079015-新综合频道-厨具-京喜拉新-剪辑-转化引导-厨具-20260515-无-625-10,李虹玉-XNY0271,2026-05-15 18:44:21
13302415831,CH-SC-广义新-10169142079015-新综合频道-厨具-京喜拉新-剪辑-转化引导-厨具-20260515-无-625-20,李虹玉-XNY0271,2026-05-15 18:45:05
13302417942,CH-SC-广义新-10169142079015-新综合频道-厨具-京喜拉新-剪辑-转化引导-厨具-20260515-无-625-1,李虹玉-XNY0271,2026-05-15 18:45:21
13322346153,CH-SC-广义新-10132516382732 -新综合频道-厨具-京喜拉新-剪辑-转化引导-厨具-20260518-反向-625-1,李虹玉-XNY0271,2026-05-18 19:34:57
13322346878,CH-SC-广义新-10132516382732 -新综合频道-厨具-京喜拉新-剪辑-转化引导-厨具-20260518-反向-625-2,李虹玉-XNY0271,2026-05-18 19:35:03
13322346948,CH-SC-广义新-10132516382732 -新综合频道-厨具-京喜拉新-剪辑-转化引导-厨具-20260518-反向-625-3,李虹玉-XNY0271,2026-05-18 19:35:04
13322347567,CH-SC-广义新-10132516382732 -新综合频道-厨具-京喜拉新-剪辑-转化引导-厨具-20260518-反向-625-5,李虹玉-XNY0271,2026-05-18 19:35:09
13322348170,CH-SC-广义新-10132516382732 -新综合频道-厨具-京喜拉新-剪辑-转化引导-厨具-20260518-反向-625-6,李虹玉-XNY0271,2026-05-18 19:35:14
13322353563,CH-SC-广义新-10156628736087-新综合频道-五金-京喜拉新-剪辑-转化引导-五金-20260518-反向-625-10,李虹玉-XNY0271,2026-05-18 19:35:57
13322354350,CH-SC-广义新-10156628736087-新综合频道-五金-京喜拉新-剪辑-转化引导-五金-20260518-反向-625-15,李虹玉-XNY0271,2026-05-18 19:36:03
13322356656,CH-SC-广义新-10156628736087-新综合频道-五金-京喜拉新-剪辑-转化引导-五金-20260518-反向-625-13,李虹玉-XNY0271,2026-05-18 19:36:22
13322358493,CH-SC-广义新-10156628736087-新综合频道-五金-京喜拉新-剪辑-转化引导-五金-20260518-反向-625-17,李虹玉-XNY0271,2026-05-18 19:36:36
13322360111,CH-SC-广义新-10156628736087-新综合频道-五金-京喜拉新-剪辑-转化引导-五金-20260518-反向-625-22,李虹玉-XNY0271,2026-05-18 19:36:48
13322361083,CH-SC-广义新-10156628736087-新综合频道-五金-京喜拉新-剪辑-转化引导-五金-20260518-反向-625-24,李虹玉-XNY0271,2026-05-18 19:36:57
13322361137,CH-SC-广义新-10156628736087-新综合频道-五金-京喜拉新-剪辑-转化引导-五金-20260518-反向-625-25,李虹玉-XNY0271,2026-05-18 19:36:57
13322361142,CH-SC-低活-10204065203213-超级抢购5元-生活日用-无-剪辑-转化引导-生活日用-20260518-无-625-aigc-14,李虹玉-XNY0271,2026-05-18 19:36:57
13322361453,CH-SC-广义新-10156628736087-新综合频道-五金-京喜拉新-剪辑-转化引导-五金-20260518-反向-625-26,李虹玉-XNY0271,2026-05-18 19:37:00
13322362272,CH-SC-广义新-10156628736087-新综合频道-五金-京喜拉新-剪辑-转化引导-五金-20260518-反向-625-27,李虹玉-XNY0271,2026-05-18 19:37:08
13322362485,CH-SC-广义新-10156628736087-新综合频道-五金-京喜拉新-剪辑-转化引导-五金-20260518-反向-625-28,李虹玉-XNY0271,2026-05-18 19:37:10
13322363060,CH-SC-低活-10204065203213-超级抢购5元-生活日用-无-剪辑-转化引导-生活日用-20260518-无-625-6,李虹玉-XNY0271,2026-05-18 19:37:15
13322363787,CH-SC-低活-10204065203213-超级抢购5元-生活日用-无-剪辑-转化引导-生活日用-20260518-无-625-8,李虹玉-XNY0271,2026-05-18 19:37:21
13322363803,CH-SC-广义新-10156628736087-新综合频道-五金-京喜拉新-剪辑-转化引导-五金-20260518-反向-625-30,李虹玉-XNY0271,2026-05-18 19:37:22
13322367949,CH-SC-低活-10186710590962-好价清单-生鲜-无-剪辑-转化引导-生鲜-20260518-无-625- 3,李虹玉-XNY0271,2026-05-18 19:38:00
13322368011,CH-SC-低活-10186710590962-好价清单-生鲜-无-剪辑-转化引导-生鲜-20260518-无-625- 4,李虹玉-XNY0271,2026-05-18 19:38:00
13322368521,CH-SC-低活-10186710590962-好价清单-生鲜-无-剪辑-转化引导-生鲜-20260518-无-625- 7,李虹玉-XNY0271,2026-05-18 19:38:04
13331800329,CH-SC-广义新-10112066692497-新综合频道-粮油调味-京喜拉新-剪辑-转化引导-粮油调味-20260519-反向-625-3,李虹玉-XNY0271,2026-05-19 19:03:58
13331830740,CH-SC-广义新-10154361612969-新综合频道-家庭清洁-京喜拉新-剪辑-转化引导-家庭清洁-20260519-反向-625-3,李虹玉-XNY0271,2026-05-19 19:07:08
13331830991,CH-SC-广义新-10154361612969-新综合频道-家庭清洁-京喜拉新-剪辑-转化引导-家庭清洁-20260519-反向-625-5,李虹玉-XNY0271,2026-05-19 19:07:10
13331832087,CH-SC-广义新-10154361612969-新综合频道-家庭清洁-京喜拉新-剪辑-转化引导-家庭清洁-20260519-反向-625-10,李虹玉-XNY0271,2026-05-19 19:07:18
13331832135,CH-SC-广义新-10154361612969-新综合频道-家庭清洁-京喜拉新-剪辑-转化引导-家庭清洁-20260519-反向-625-8,李虹玉-XNY0271,2026-05-19 19:07:18
13331834834,CH-SC-广义新-10155732245531-新综合频道-个人护理-京喜拉新-剪辑-转化引导-个人护理-20260519-反向-625-1,李虹玉-XNY0271,2026-05-19 19:07:37
13331834927,CH-SC-广义新-10155732245531-新综合频道-个人护理-京喜拉新-剪辑-转化引导-个人护理-20260519-反向-625-2,李虹玉-XNY0271,2026-05-19 19:07:38
13331835160,CH-SC-广义新-10155732245531-新综合频道-个人护理-京喜拉新-剪辑-转化引导-个人护理-20260519-反向-625-3,李虹玉-XNY0271,2026-05-19 19:07:40
13331835778,CH-SC-广义新-10155732245531-新综合频道-个人护理-京喜拉新-剪辑-转化引导-个人护理-20260519-反向-625-5,李虹玉-XNY0271,2026-05-19 19:07:44
13331835816,CH-SC-广义新-10155732245531-新综合频道-个人护理-京喜拉新-剪辑-转化引导-个人护理-20260519-反向-625-4,李虹玉-XNY0271,2026-05-19 19:07:45
13331836018,CH-SC-广义新-10155732245531-新综合频道-个人护理-京喜拉新-剪辑-转化引导-个人护理-20260519-反向-625-6,李虹玉-XNY0271,2026-05-19 19:07:46
13331836521,CH-SC-广义新-10155732245531-新综合频道-个人护理-京喜拉新-剪辑-转化引导-个人护理-20260519-反向-625-7,李虹玉-XNY0271,2026-05-19 19:07:49
13331836846,CH-SC-广义新-10155732245531-新综合频道-个人护理-京喜拉新-剪辑-转化引导-个人护理-20260519-反向-625-8,李虹玉-XNY0271,2026-05-19 19:07:51
13331837472,CH-SC-广义新-10155732245531-新综合频道-个人护理-京喜拉新-剪辑-转化引导-个人护理-20260519-反向-625-9,李虹玉-XNY0271,2026-05-19 19:07:56
13331837727,CH-SC-广义新-10156628736087-新综合频道-五金-京喜拉新-剪辑-转化引导-五金-20260519-反向-625-1,李虹玉-XNY0271,2026-05-19 19:07:58
13331838320,CH-SC-广义新-10155732245531-新综合频道-个人护理-京喜拉新-剪辑-转化引导-个人护理-20260519-反向-625-10,李虹玉-XNY0271,2026-05-19 19:08:01
13331842534,CH-SC-低活-10149451551499-超级抢购5元-生鲜-无-剪辑-转化引导-生鲜-20260519-无-625-9,李虹玉-XNY0271,2026-05-19 19:08:28
13331843258,CH-SC-低活-10149451551499-超级抢购5元-生鲜-无-剪辑-转化引导-生鲜-20260519-无-625-11,李虹玉-XNY0271,2026-05-19 19:08:32
13331843862,CH-SC-广义新-10156628736087-新综合频道-五金-京喜拉新-剪辑-转化引导-五金-20260519-反向-625-8,李虹玉-XNY0271,2026-05-19 19:08:36
13331844123,CH-SC-低活-10149451551499-超级抢购5元-生鲜-无-剪辑-转化引导-生鲜-20260519-无-625-12,李虹玉-XNY0271,2026-05-19 19:08:38
13331845522,CH-SC-广义新-10156628736087-新综合频道-五金-京喜拉新-剪辑-转化引导-五金-20260519-反向-625-12,李虹玉-XNY0271,2026-05-19 19:08:48
13331845864,CH-SC-广义新-10156628736087-新综合频道-五金-京喜拉新-剪辑-转化引导-五金-20260519-反向-625-13,李虹玉-XNY0271,2026-05-19 19:08:50
13331846376,CH-SC-广义新-10156628736087-新综合频道-五金-京喜拉新-剪辑-转化引导-五金-20260519-反向-625-14,李虹玉-XNY0271,2026-05-19 19:08:53
13331847309,CH-SC-广义新-10156628736087-新综合频道-五金-京喜拉新-剪辑-转化引导-五金-20260519-反向-625-16,李虹玉-XNY0271,2026-05-19 19:08:58
13331848116,CH-SC-低活-10149451551499-超级抢购5元-生鲜-无-剪辑-转化引导-生鲜-20260519-无-625-20,李虹玉-XNY0271,2026-05-19 19:09:03
13331848192,CH-SC-广义新-10156628736087-新综合频道-五金-京喜拉新-剪辑-转化引导-五金-20260519-反向-625-17,李虹玉-XNY0271,2026-05-19 19:09:04
13331848838,CH-SC-广义新-10156628736087-新综合频道-五金-京喜拉新-剪辑-转化引导-五金-20260519-反向-625-19,李虹玉-XNY0271,2026-05-19 19:09:07
13331849185,CH-SC-广义新-10156628736087-新综合频道-五金-京喜拉新-剪辑-转化引导-五金-20260519-反向-625-18,李虹玉-XNY0271,2026-05-19 19:09:10
13331850015,CH-SC-广义新-10156628736087-新综合频道-五金-京喜拉新-剪辑-转化引导-五金-20260519-反向-625-20,李虹玉-XNY0271,2026-05-19 19:09:15
13331850460,CH-SC-低活-10149451551499-超级抢购5元-生鲜-无-剪辑-转化引导-生鲜-20260519-无-625-25,李虹玉-XNY0271,2026-05-19 19:09:18
13331851261,CH-SC-低活-10198874159262-超级抢购加补-家庭清洁-无-剪辑-转化引导-家庭清洁-20260519-无-625-外投-可灵-1,李虹玉-XNY0271,2026-05-19 19:09:24
13331851798,CH-SC-低活-10198874159262-超级抢购加补-家庭清洁-无-剪辑-转化引导-家庭清洁-20260519-无-625-外投-可灵-3,李虹玉-XNY0271,2026-05-19 19:09:27
13331851866,CH-SC-低活-10198874159262-超级抢购加补-家庭清洁-无-剪辑-转化引导-家庭清洁-20260519-无-625-外投-可灵-2,李虹玉-XNY0271,2026-05-19 19:09:27
13331852279,CH-SC-广义新-10156628736087-新综合频道-五金-京喜拉新-剪辑-转化引导-五金-20260519-反向-625-sd2.0-3,李虹玉-XNY0271,2026-05-19 19:09:30
13331853829,CH-SC-低活-10198874159262-超级抢购加补-家庭清洁-无-剪辑-转化引导-家庭清洁-20260519-无-625-外投-可灵-4,李虹玉-XNY0271,2026-05-19 19:09:40
13331854093,CH-SC-广义新-10156628736087-新综合频道-五金-京喜拉新-剪辑-转化引导-五金-20260519-反向-625-sd2.0-6,李虹玉-XNY0271,2026-05-19 19:09:42
13331854201,CH-SC-低活-10198874159262-超级抢购加补-家庭清洁-无-剪辑-转化引导-家庭清洁-20260519-无-625-外投-可灵-5,李虹玉-XNY0271,2026-05-19 19:09:42
13331854265,CH-SC-低活-10198874159262-超级抢购加补-家庭清洁-无-剪辑-转化引导-家庭清洁-20260519-无-625-外投-可灵-6,李虹玉-XNY0271,2026-05-19 19:09:42
13331854728,CH-SC-广义新-10156628736087-新综合频道-五金-京喜拉新-剪辑-转化引导-五金-20260519-反向-625-sd2.0-7,李虹玉-XNY0271,2026-05-19 19:09:46
13331855772,CH-SC-低活-10198874159262-超级抢购加补-家庭清洁-无-剪辑-转化引导-家庭清洁-20260519-无-625-外投-可灵-7,李虹玉-XNY0271,2026-05-19 19:09:52
13331855897,CH-SC-广义新-10156628736087-新综合频道-五金-京喜拉新-剪辑-转化引导-五金-20260519-反向-625-sd2.0-9,李虹玉-XNY0271,2026-05-19 19:09:53
13331855998,CH-SC-广义新-10156628736087-新综合频道-五金-京喜拉新-剪辑-转化引导-五金-20260519-反向-625-sd2.0-8,李虹玉-XNY0271,2026-05-19 19:09:54
13331856205,CH-SC-低活-10198874159262-超级抢购加补-家庭清洁-无-剪辑-转化引导-家庭清洁-20260519-无-625-外投-可灵-8,李虹玉-XNY0271,2026-05-19 19:09:55
13331856414,CH-SC-低活-10198874159262-超级抢购加补-家庭清洁-无-剪辑-转化引导-家庭清洁-20260519-无-625-外投-可灵-9,李虹玉-XNY0271,2026-05-19 19:09:57
13331857082,CH-SC-低活-10198874159262-超级抢购加补-家庭清洁-无-剪辑-转化引导-家庭清洁-20260519-无-625-外投-可灵-10,李虹玉-XNY0271,2026-05-19 19:10:00
13331857409,CH-SC-广义新-10156628736087-新综合频道-五金-京喜拉新-剪辑-转化引导-五金-20260519-反向-625-sd2.0-12,李虹玉-XNY0271,2026-05-19 19:10:03
13331858497,CH-SC-广义新-10156628736087-新综合频道-五金-京喜拉新-剪辑-转化引导-五金-20260519-反向-625-sd2.0-15,李虹玉-XNY0271,2026-05-19 19:10:10
13341707464,CH-SC-低活-10117891615029-超级抢购加补-生活日用-无-剪辑-转化引导-生活日用-20260520-无-625-外投13,李虹玉-XNY0271,2026-05-20 18:55:44
13341715349,CH-SC-低活-10120514417086-好价清单-生鲜-无-剪辑-转化引导-生鲜-20260520-无-625-6,李虹玉-XNY0271,2026-05-20 18:56:36
13341716674,CH-SC-低活-10120514417086-好价清单-生鲜-无-剪辑-转化引导-生鲜-20260520-无-625-8,李虹玉-XNY0271,2026-05-20 18:56:45
13341717104,CH-SC-低活-10120514417086-好价清单-生鲜-无-剪辑-转化引导-生鲜-20260520-无-625-7,李虹玉-XNY0271,2026-05-20 18:56:48
13341718722,CH-SC-低活-10120514417086-好价清单-生鲜-无-剪辑-转化引导-生鲜-20260520-无-625-10,李虹玉-XNY0271,2026-05-20 18:57:00
13341721123,CH-SC-低活-10120514417086-好价清单-生鲜-无-剪辑-转化引导-生鲜-20260520-无-625-9,李虹玉-XNY0271,2026-05-20 18:57:16
13341722117,CH-SC-低活-10120514417086-好价清单-生鲜-无-剪辑-转化引导-生鲜-20260520-无-625-11,李虹玉-XNY0271,2026-05-20 18:57:22
13341722430,CH-SC-低活-10120514417086-好价清单-生鲜-无-剪辑-转化引导-生鲜-20260520-无-625-12,李虹玉-XNY0271,2026-05-20 18:57:23
13341724768,CH-SC-低活-10120514417086-好价清单-生鲜-无-剪辑-转化引导-生鲜-20260520-无-625-1,李虹玉-XNY0271,2026-05-20 18:57:38
13341726025,CH-SC-低活-10120514417086-好价清单-生鲜-无-剪辑-转化引导-生鲜-20260520-无-625-2,李虹玉-XNY0271,2026-05-20 18:57:46
13341727397,CH-SC-低活-10120514417086-好价清单-生鲜-无-剪辑-转化引导-生鲜-20260520-无-625-5,李虹玉-XNY0271,2026-05-20 18:57:53
13341728016,CH-SC-低活-10120514417086-好价清单-生鲜-无-剪辑-转化引导-生鲜-20260520-无-625-4,李虹玉-XNY0271,2026-05-20 18:57:57
13341738081,CH-SC-低活-7219155-限时抢购-生鲜-无-剪辑-转化引导-生鲜-20260520-无-625-D反选-2,李虹玉-XNY0271,2026-05-20 18:59:09
13341739421,CH-SC-低活-7219155-限时抢购-生鲜-无-剪辑-转化引导-生鲜-20260520-无-625-D反选-7,李虹玉-XNY0271,2026-05-20 18:59:19
13341740933,CH-SC-低活-7219155-限时抢购-生鲜-无-剪辑-转化引导-生鲜-20260520-无-625-D反选-9,李虹玉-XNY0271,2026-05-20 18:59:30
13341741179,CH-SC-低活-7219155-限时抢购-生鲜-无-剪辑-转化引导-生鲜-20260520-无-625-D反选-8,李虹玉-XNY0271,2026-05-20 18:59:32
13341742515,CH-SC-低活-7219155-限时抢购-生鲜-无-剪辑-转化引导-生鲜-20260520-无-625-D反选-10,李虹玉-XNY0271,2026-05-20 18:59:43
13341742558,CH-SC-低活-7219155-限时抢购-生鲜-无-剪辑-转化引导-生鲜-20260520-无-625-D反选-11,李虹玉-XNY0271,2026-05-20 18:59:44
13341742669,CH-SC-低活-7219155-限时抢购-生鲜-无-剪辑-转化引导-生鲜-20260520-无-625-D反选-12,李虹玉-XNY0271,2026-05-20 18:59:44
13341744616,CH-SC-低活-7219155-限时抢购-生鲜-无-剪辑-转化引导-生鲜-20260520-无-625-D反选-15,李虹玉-XNY0271,2026-05-20 18:59:57
13341744681,CH-SC-低活-7219155-限时抢购-生鲜-无-剪辑-转化引导-生鲜-20260520-无-625-D反选-13,李虹玉-XNY0271,2026-05-20 18:59:58
13341746185,CH-SC-低活-7219155-限时抢购-生鲜-无-剪辑-转化引导-生鲜-20260520-无-625-D反选-16,李虹玉-XNY0271,2026-05-20 19:00:08
13341746784,CH-SC-低活-7219155-限时抢购-生鲜-无-剪辑-转化引导-生鲜-20260520-无-625-D反选-17,李虹玉-XNY0271,2026-05-20 19:00:13
13341765035,CH-SC-广义新-10219841541026-新综合频道-厨具-京喜拉新-剪辑-转化引导-厨具-20260520-反向-625-6,李虹玉-XNY0271,2026-05-20 19:02:28
13341765349,CH-SC-广义新-10219841541026-新综合频道-厨具-京喜拉新-剪辑-转化引导-厨具-20260520-反向-625-7,李虹玉-XNY0271,2026-05-20 19:02:30
13341766059,CH-SC-广义新-10219841541026-新综合频道-厨具-京喜拉新-剪辑-转化引导-厨具-20260520-反向-625-8,李虹玉-XNY0271,2026-05-20 19:02:35
13341766204,CH-SC-广义新-10219841541026-新综合频道-厨具-京喜拉新-剪辑-转化引导-厨具-20260520-反向-625-10,李虹玉-XNY0271,2026-05-20 19:02:36
13341766413,CH-SC-广义新-10219841541026-新综合频道-厨具-京喜拉新-剪辑-转化引导-厨具-20260520-反向-625-9,李虹玉-XNY0271,2026-05-20 19:02:38
13341767532,CH-SC-广义新-10219841541026-新综合频道-厨具-京喜拉新-剪辑-转化引导-厨具-20260520-反向-625-12,李虹玉-XNY0271,2026-05-20 19:02:45
13341767596,CH-SC-广义新-10219841541026-新综合频道-厨具-京喜拉新-剪辑-转化引导-厨具-20260520-反向-625-11,李虹玉-XNY0271,2026-05-20 19:02:46
13341767935,CH-SC-广义新-10219841541026-新综合频道-厨具-京喜拉新-剪辑-转化引导-厨具-20260520-反向-625-13,李虹玉-XNY0271,2026-05-20 19:02:48
13341768699,CH-SC-广义新-10219841541026-新综合频道-厨具-京喜拉新-剪辑-转化引导-厨具-20260520-反向-625-14,李虹玉-XNY0271,2026-05-20 19:02:53
13341769458,CH-SC-广义新-10219841541026-新综合频道-厨具-京喜拉新-剪辑-转化引导-厨具-20260520-反向-625-15,李虹玉-XNY0271,2026-05-20 19:02:58
13341970058,CH-SC-低活-10148593474640-超级抢购5元-生鲜-无-剪辑-转化引导-生鲜-20260520-无-625-6,李虹玉-XNY0271,2026-05-20 19:23:23
13341970148,CH-SC-低活-10148593474640-超级抢购5元-生鲜-无-剪辑-转化引导-生鲜-20260520-无-625-4,李虹玉-XNY0271,2026-05-20 19:23:23
13341970677,CH-SC-低活-10148593474640-超级抢购5元-生鲜-无-剪辑-转化引导-生鲜-20260520-无-625-7,李虹玉-XNY0271,2026-05-20 19:23:27
13341971183,CH-SC-低活-10148593474640-超级抢购5元-生鲜-无-剪辑-转化引导-生鲜-20260520-无-625-8,李虹玉-XNY0271,2026-05-20 19:23:31
13341971724,CH-SC-低活-10148593474640-超级抢购5元-生鲜-无-剪辑-转化引导-生鲜-20260520-无-625-11,李虹玉-XNY0271,2026-05-20 19:23:35
13341972540,CH-SC-低活-10148593474640-超级抢购5元-生鲜-无-剪辑-转化引导-生鲜-20260520-无-625-12,李虹玉-XNY0271,2026-05-20 19:23:40
13341972896,CH-SC-低活-10148593474640-超级抢购5元-生鲜-无-剪辑-转化引导-生鲜-20260520-无-625-13,李虹玉-XNY0271,2026-05-20 19:23:43
13341973117,CH-SC-低活-10148593474640-超级抢购5元-生鲜-无-剪辑-转化引导-生鲜-20260520-无-625-2,李虹玉-XNY0271,2026-05-20 19:23:44
13341973258,CH-SC-低活-10148593474640-超级抢购5元-生鲜-无-剪辑-转化引导-生鲜-20260520-无-625-3,李虹玉-XNY0271,2026-05-20 19:23:45
13346176033,CH-SC-低活-10219841541027-好价清单-厨具-无-剪辑-转化引导-厨具-20260521-无-625-3,李虹玉-XNY0271,2026-05-21 11:39:00
13346176049,CH-SC-低活-10219841541027-好价清单-厨具-无-剪辑-转化引导-厨具-20260521-无-625-2,李虹玉-XNY0271,2026-05-21 11:39:00
13346178699,CH-SC-低活-10219841541027-好价清单-厨具-无-剪辑-转化引导-厨具-20260521-无-625-4,李虹玉-XNY0271,2026-05-21 11:39:09
13346180067,CH-SC-低活-10219841541027-好价清单-厨具-无-剪辑-转化引导-厨具-20260521-无-625-5,李虹玉-XNY0271,2026-05-21 11:39:14
13346181119,CH-SC-低活-10219841541027-好价清单-厨具-无-剪辑-转化引导-厨具-20260521-无-625-6,李虹玉-XNY0271,2026-05-21 11:39:18
13346182836,CH-SC-低活-10219841541027-好价清单-厨具-无-剪辑-转化引导-厨具-20260521-无-625-9,李虹玉-XNY0271,2026-05-21 11:39:23
13346183610,CH-SC-低活-10219841541027-好价清单-厨具-无-剪辑-转化引导-厨具-20260521-无-625-8,李虹玉-XNY0271,2026-05-21 11:39:26
13346186013,CH-SC-低活-10219841541027-好价清单-厨具-无-剪辑-转化引导-厨具-20260521-无-625-10,李虹玉-XNY0271,2026-05-21 11:39:33
13346186151,CH-SC-低活-10219841541027-好价清单-厨具-无-剪辑-转化引导-厨具-20260521-无-625-12,李虹玉-XNY0271,2026-05-21 11:39:34
13346189073,CH-SC-低活-10219841541027-好价清单-厨具-无-剪辑-转化引导-厨具-20260521-无-625-15,李虹玉-XNY0271,2026-05-21 11:39:44
13346189192,CH-SC-低活-10219841541027-好价清单-厨具-无-剪辑-转化引导-厨具-20260521-无-625-13,李虹玉-XNY0271,2026-05-21 11:39:44
13346191573,CH-SC-低活-10219841541027-好价清单-厨具-无-剪辑-转化引导-厨具-20260521-无-625-1,李虹玉-XNY0271,2026-05-21 11:39:51
13352512509,CH-SC-广义新-10119940649892-新综合频道-家用电器-京喜拉新-剪辑-转化引导-家用电器-20260521-无-625-3,李虹玉-XNY0271,2026-05-21 21:11:05
13352515404,CH-SC-广义新-10119940649892-新综合频道-家用电器-京喜拉新-剪辑-转化引导-家用电器-20260521-无-625-13,李虹玉-XNY0271,2026-05-21 21:11:30
13352515746,CH-SC-广义新-10119940649892-新综合频道-家用电器-京喜拉新-剪辑-转化引导-家用电器-20260521-无-625-14,李虹玉-XNY0271,2026-05-21 21:11:33
13352554298,CH-SC-低活-10081585918372-超级抢购-家庭清洁纸品-无-剪辑-转化引导-家庭清洁纸品-20260521-无-625-11,李虹玉-XNY0271,2026-05-21 21:17:45
13352554681,CH-SC-低活-10081585918372-超级抢购-家庭清洁纸品-无-剪辑-转化引导-家庭清洁纸品-20260521-无-625-13,李虹玉-XNY0271,2026-05-21 21:17:50
13352554865,CH-SC-低活-10081585918372-超级抢购-家庭清洁纸品-无-剪辑-转化引导-家庭清洁纸品-20260521-无-625-14,李虹玉-XNY0271,2026-05-21 21:17:53
13352555069,CH-SC-低活-10081585918372-超级抢购-家庭清洁纸品-无-剪辑-转化引导-家庭清洁纸品-20260521-无-625-15,李虹玉-XNY0271,2026-05-21 21:17:56
13352555282,CH-SC-低活-10081585918372-超级抢购-家庭清洁纸品-无-剪辑-转化引导-家庭清洁纸品-20260521-无-625-16,李虹玉-XNY0271,2026-05-21 21:17:59
13352555432,CH-SC-低活-10081585918372-超级抢购-家庭清洁纸品-无-剪辑-转化引导-家庭清洁纸品-20260521-无-625-18,李虹玉-XNY0271,2026-05-21 21:18:02
13352555838,CH-SC-低活-10081585918372-超级抢购-家庭清洁纸品-无-剪辑-转化引导-家庭清洁纸品-20260521-无-625-19,李虹玉-XNY0271,2026-05-21 21:18:08
13352556383,CH-SC-低活-10081585918372-超级抢购-家庭清洁纸品-无-剪辑-转化引导-家庭清洁纸品-20260521-无-625-17,李虹玉-XNY0271,2026-05-21 21:18:16
13352556484,CH-SC-低活-10081585918372-超级抢购-家庭清洁纸品-无-剪辑-转化引导-家庭清洁纸品-20260521-无-625-20,李虹玉-XNY0271,2026-05-21 21:18:17
13352556952,CH-SC-低活-10081585918372-超级抢购-家庭清洁纸品-无-剪辑-转化引导-家庭清洁纸品-20260521-无-625-22,李虹玉-XNY0271,2026-05-21 21:18:24
13352557402,CH-SC-低活-10081585918372-超级抢购-家庭清洁纸品-无-剪辑-转化引导-家庭清洁纸品-20260521-无-625-25,李虹玉-XNY0271,2026-05-21 21:18:31
13352557487,CH-SC-低活-10081585918372-超级抢购-家庭清洁纸品-无-剪辑-转化引导-家庭清洁纸品-20260521-无-625-23,李虹玉-XNY0271,2026-05-21 21:18:32
13352557924,CH-SC-低活-10081585918372-超级抢购-家庭清洁纸品-无-剪辑-转化引导-家庭清洁纸品-20260521-无-625-26,李虹玉-XNY0271,2026-05-21 21:18:38
13352558043,CH-SC-低活-10081585918372-超级抢购-家庭清洁纸品-无-剪辑-转化引导-家庭清洁纸品-20260521-无-625-24,李虹玉-XNY0271,2026-05-21 21:18:40
13352558691,CH-SC-低活-10081585918372-超级抢购-家庭清洁纸品-无-剪辑-转化引导-家庭清洁纸品-20260521-无-625-29,李虹玉-XNY0271,2026-05-21 21:18:49
13352558770,CH-SC-低活-10081585918372-超级抢购-家庭清洁纸品-无-剪辑-转化引导-家庭清洁纸品-20260521-无-625-27,李虹玉-XNY0271,2026-05-21 21:18:50
13352558934,CH-SC-低活-10081585918372-超级抢购-家庭清洁纸品-无-剪辑-转化引导-家庭清洁纸品-20260521-无-625-30,李虹玉-XNY0271,2026-05-21 21:18:52
13352559165,CH-SC-低活-10081585918372-超级抢购-家庭清洁纸品-无-剪辑-转化引导-家庭清洁纸品-20260521-无-625-31,李虹玉-XNY0271,2026-05-21 21:18:55
13352559589,CH-SC-低活-10081585918372-超级抢购-家庭清洁纸品-无-剪辑-转化引导-家庭清洁纸品-20260521-无-625-34,李虹玉-XNY0271,2026-05-21 21:19:01
13352559664,CH-SC-低活-10081585918372-超级抢购-家庭清洁纸品-无-剪辑-转化引导-家庭清洁纸品-20260521-无-625-33,李虹玉-XNY0271,2026-05-21 21:19:02
13352559677,CH-SC-低活-10081585918372-超级抢购-家庭清洁纸品-无-剪辑-转化引导-家庭清洁纸品-20260521-无-625-32,李虹玉-XNY0271,2026-05-21 21:19:02
13352559849,CH-SC-低活-10081585918372-超级抢购-家庭清洁纸品-无-剪辑-转化引导-家庭清洁纸品-20260521-无-625-35,李虹玉-XNY0271,2026-05-21 21:19:05
13352560095,CH-SC-低活-10081585918372-超级抢购-家庭清洁纸品-无-剪辑-转化引导-家庭清洁纸品-20260521-无-625-36,李虹玉-XNY0271,2026-05-21 21:19:08
13352560417,CH-SC-低活-10081585918372-超级抢购-家庭清洁纸品-无-剪辑-转化引导-家庭清洁纸品-20260521-无-625-1,李虹玉-XNY0271,2026-05-21 21:19:13
13352560732,CH-SC-低活-10081585918372-超级抢购-家庭清洁纸品-无-剪辑-转化引导-家庭清洁纸品-20260521-无-625-2,李虹玉-XNY0271,2026-05-21 21:19:17
13352560749,CH-SC-低活-10081585918372-超级抢购-家庭清洁纸品-无-剪辑-转化引导-家庭清洁纸品-20260521-无-625-37,李虹玉-XNY0271,2026-05-21 21:19:17
13352560828,CH-SC-低活-10081585918372-超级抢购-家庭清洁纸品-无-剪辑-转化引导-家庭清洁纸品-20260521-无-625-38,李虹玉-XNY0271,2026-05-21 21:19:19
13352560975,CH-SC-低活-10081585918372-超级抢购-家庭清洁纸品-无-剪辑-转化引导-家庭清洁纸品-20260521-无-625-3,李虹玉-XNY0271,2026-05-21 21:19:21
13352561533,CH-SC-低活-10081585918372-超级抢购-家庭清洁纸品-无-剪辑-转化引导-家庭清洁纸品-20260521-无-625-4,李虹玉-XNY0271,2026-05-21 21:19:29
13352561564,CH-SC-低活-10081585918372-超级抢购-家庭清洁纸品-无-剪辑-转化引导-家庭清洁纸品-20260521-无-625-6,李虹玉-XNY0271,2026-05-21 21:19:29
13352561586,CH-SC-低活-10081585918372-超级抢购-家庭清洁纸品-无-剪辑-转化引导-家庭清洁纸品-20260521-无-625-5,李虹玉-XNY0271,2026-05-21 21:19:30
13352561956,CH-SC-低活-10081585918372-超级抢购-家庭清洁纸品-无-剪辑-转化引导-家庭清洁纸品-20260521-无-625-9,李虹玉-XNY0271,2026-05-21 21:19:35
13352562264,CH-SC-低活-10081585918372-超级抢购-家庭清洁纸品-无-剪辑-转化引导-家庭清洁纸品-20260521-无-625-8,李虹玉-XNY0271,2026-05-21 21:19:40
13352562493,CH-SC-低活-10081585918372-超级抢购-家庭清洁纸品-无-剪辑-转化引导-家庭清洁纸品-20260521-无-625-10,李虹玉-XNY0271,2026-05-21 21:19:43
13352577676,CH-SC-低活-10221819418627-外卖随心屯-本地生活-无-剪辑-转化引导-本地生活-20260521-无-625-16,李虹玉-XNY0271,2026-05-21 21:23:34
13352577693,CH-SC-低活-10221819418627-外卖随心屯-本地生活-无-剪辑-转化引导-本地生活-20260521-无-625-17,李虹玉-XNY0271,2026-05-21 21:23:34
13352578075,CH-SC-低活-10221819418627-外卖随心屯-本地生活-无-剪辑-转化引导-本地生活-20260521-无-625-18,李虹玉-XNY0271,2026-05-21 21:23:40
13352578164,CH-SC-低活-10221819418627-外卖随心屯-本地生活-无-剪辑-转化引导-本地生活-20260521-无-625-19,李虹玉-XNY0271,2026-05-21 21:23:42
13352578303,CH-SC-低活-10221819418627-外卖随心屯-本地生活-无-剪辑-转化引导-本地生活-20260521-无-625-11,李虹玉-XNY0271,2026-05-21 21:23:45
13352578384,CH-SC-低活-10221819418627-外卖随心屯-本地生活-无-剪辑-转化引导-本地生活-20260521-无-625-110,李虹玉-XNY0271,2026-05-21 21:23:46
13352578552,CH-SC-低活-10221819418627-外卖随心屯-本地生活-无-剪辑-转化引导-本地生活-20260521-无-625-13,李虹玉-XNY0271,2026-05-21 21:23:49
13352578807,CH-SC-低活-10221819418627-外卖随心屯-本地生活-无-剪辑-转化引导-本地生活-20260521-无-625-15,李虹玉-XNY0271,2026-05-21 21:23:54
13352578911,CH-SC-低活-10221819418627-外卖随心屯-本地生活-无-剪辑-转化引导-本地生活-20260521-无-625-14,李虹玉-XNY0271,2026-05-21 21:23:56
13352578968,CH-SC-低活-10221819418627-外卖随心屯-本地生活-无-剪辑-转化引导-本地生活-20260521-无-625-12,李虹玉-XNY0271,2026-05-21 21:23:58
13352597012,CH-SC-低活-10156923061370-超级抢购5元-数码-无-剪辑-转化引导-数码-20260521-无-625-可灵-1,李虹玉-XNY0271,2026-05-21 21:28:17
13352597828,CH-SC-低活-10156923061370-超级抢购5元-数码-无-剪辑-转化引导-数码-20260521-无-625-可灵-3,李虹玉-XNY0271,2026-05-21 21:28:29
13352597990,CH-SC-低活-10156923061370-超级抢购5元-数码-无-剪辑-转化引导-数码-20260521-无-625-可灵-2,李虹玉-XNY0271,2026-05-21 21:28:31
13352599079,CH-SC-低活-10156923061370-超级抢购5元-数码-无-剪辑-转化引导-数码-20260521-无-625-1,李虹玉-XNY0271,2026-05-21 21:28:51
13352599171,CH-SC-低活-10156923061370-超级抢购5元-数码-无-剪辑-转化引导-数码-20260521-无-625-6,李虹玉-XNY0271,2026-05-21 21:28:52
13352599175,CH-SC-低活-10156923061370-超级抢购5元-数码-无-剪辑-转化引导-数码-20260521-无-625-可灵-4,李虹玉-XNY0271,2026-05-21 21:28:52
13352599764,CH-SC-低活-10156923061370-超级抢购5元-数码-无-剪辑-转化引导-数码-20260521-无-625-2,李虹玉-XNY0271,2026-05-21 21:29:03
13352600251,CH-SC-低活-10156923061370-超级抢购5元-数码-无-剪辑-转化引导-数码-20260521-无-625-3,李虹玉-XNY0271,2026-05-21 21:29:11
13352600537,CH-SC-低活-10156923061370-超级抢购5元-数码-无-剪辑-转化引导-数码-20260521-无-625-4,李虹玉-XNY0271,2026-05-21 21:29:17
13352600686,CH-SC-低活-10156923061370-超级抢购5元-数码-无-剪辑-转化引导-数码-20260521-无-625-5,李虹玉-XNY0271,2026-05-21 21:29:20
13352605755,CH-SC-低活-10155395301306-超级抢购-生活日用-无-剪辑-转化引导-生活日用-20260521-无-625-7,李虹玉-XNY0271,2026-05-21 21:30:49
13352605791,CH-SC-低活-10155395301306-超级抢购-生活日用-无-剪辑-转化引导-生活日用-20260521-无-625-6,李虹玉-XNY0271,2026-05-21 21:30:49
13352606569,CH-SC-低活-10155395301306-超级抢购-生活日用-无-剪辑-转化引导-生活日用-20260521-无-625-12,李虹玉-XNY0271,2026-05-21 21:31:01
13352606592,CH-SC-低活-10155395301306-超级抢购-生活日用-无-剪辑-转化引导-生活日用-20260521-无-625-11,李虹玉-XNY0271,2026-05-21 21:31:02
13352607398,CH-SC-低活-10155395301306-超级抢购-生活日用-无-剪辑-转化引导-生活日用-20260521-无-625-1,李虹玉-XNY0271,2026-05-21 21:31:13
13384983168,CH-SC-广义新-10119940649892-新综合频道-厨具-京喜拉新-剪辑-转化引导-厨具-20260525-反向-625-8,李虹玉-XNY0271,2026-05-25 19:41:28
13384986812,CH-SC-广义新-10214958071303-新综合频道-电动车-京喜拉新-剪辑-转化引导-电动车-20260525-反向-625-11,李虹玉-XNY0271,2026-05-25 19:41:52
13384987198,CH-SC-广义新-10214958071303-新综合频道-电动车-京喜拉新-剪辑-转化引导-电动车-20260525-反向-625-12,李虹玉-XNY0271,2026-05-25 19:41:55
13384987359,CH-SC-广义新-10214958071303-新综合频道-电动车-京喜拉新-剪辑-转化引导-电动车-20260525-反向-625-1,李虹玉-XNY0271,2026-05-25 19:41:56
13384988019,CH-SC-广义新-10214958071303-新综合频道-电动车-京喜拉新-剪辑-转化引导-电动车-20260525-反向-625-5,李虹玉-XNY0271,2026-05-25 19:42:00
13384995197,CH-SC-低活-10122842961326-好价清单-厨具-无-剪辑-转化引导-厨具-20260525-无-625-aigc-4,李虹玉-XNY0271,2026-05-25 19:42:52
13384995618,CH-SC-低活-10122842961326-好价清单-厨具-无-剪辑-转化引导-厨具-20260525-无-625-aigc-5,李虹玉-XNY0271,2026-05-25 19:42:55
13384996867,CH-SC-低活-10122842961326-好价清单-厨具-无-剪辑-转化引导-厨具-20260525-无-625-aigc-9,李虹玉-XNY0271,2026-05-25 19:43:04
13384996968,CH-SC-低活-10122842961326-好价清单-厨具-无-剪辑-转化引导-厨具-20260525-无-625-aigc-7,李虹玉-XNY0271,2026-05-25 19:43:04
13384998356,CH-SC-低活-10122842961326-好价清单-厨具-无-剪辑-转化引导-厨具-20260525-无-625-aigc-10,李虹玉-XNY0271,2026-05-25 19:43:15
13384998514,CH-SC-低活-10122842961326-好价清单-厨具-无-剪辑-转化引导-厨具-20260525-无-625-aigc-11,李虹玉-XNY0271,2026-05-25 19:43:16
13384998574,CH-SC-低活-10122842961326-好价清单-厨具-无-剪辑-转化引导-厨具-20260525-无-625-aigc-8,李虹玉-XNY0271,2026-05-25 19:43:16
13384999519,CH-SC-低活-10122842961326-好价清单-厨具-无-剪辑-转化引导-厨具-20260525-无-625-aigc-13,李虹玉-XNY0271,2026-05-25 19:43:23
13384999816,CH-SC-低活-10122842961326-好价清单-厨具-无-剪辑-转化引导-厨具-20260525-无-625-aigc-12,李虹玉-XNY0271,2026-05-25 19:43:25
13385000570,CH-SC-低活-10122842961326-好价清单-厨具-无-剪辑-转化引导-厨具-20260525-无-625-aigc-15,李虹玉-XNY0271,2026-05-25 19:43:30
13385001155,CH-SC-低活-10122842961326-好价清单-厨具-无-剪辑-转化引导-厨具-20260525-无-625-aigc-14,李虹玉-XNY0271,2026-05-25 19:43:34
13385002217,CH-SC-低活-10122842961326-好价清单-厨具-无-剪辑-转化引导-厨具-20260525-无-625-aigc-18,李虹玉-XNY0271,2026-05-25 19:43:41
13385004758,CH-SC-低活-10158754886079-好价清单-家用电器-无-剪辑-转化引导-家用电器-20260525-无-625-aigc-4,李虹玉-XNY0271,2026-05-25 19:43:57
13385005761,CH-SC-低活-10158754886079-好价清单-家用电器-无-剪辑-转化引导-家用电器-20260525-无-625-aigc-6,李虹玉-XNY0271,2026-05-25 19:44:03
13385005971,CH-SC-低活-10122842961326-好价清单-厨具-无-剪辑-转化引导-厨具-20260525-无-625-aigc-3,李虹玉-XNY0271,2026-05-25 19:44:05
13385010184,CH-SC-低活-10158754886079-好价清单-家用电器-无-剪辑-转化引导-家用电器-20260525-无-625-aigc-10,李虹玉-XNY0271,2026-05-25 19:44:30
13385011431,CH-SC-低活-10158754886079-好价清单-家用电器-无-剪辑-转化引导-家用电器-20260525-无-625-aigc-14,李虹玉-XNY0271,2026-05-25 19:44:38
13385013035,CH-SC-低活-10158754886079-好价清单-家用电器-无-剪辑-转化引导-家用电器-20260525-无-625-aigc-15,李虹玉-XNY0271,2026-05-25 19:44:49
13385013444,CH-SC-低活-10158754886079-好价清单-家用电器-无-剪辑-转化引导-家用电器-20260525-无-625-aigc-16,李虹玉-XNY0271,2026-05-25 19:44:51
13385013945,CH-SC-低活-10158754886079-好价清单-家用电器-无-剪辑-转化引导-家用电器-20260525-无-625-aigc-17,李虹玉-XNY0271,2026-05-25 19:44:55
13385015828,CH-SC-低活-10158754886079-好价清单-家用电器-无-剪辑-转化引导-家用电器-20260525-无-625-aigc-20,李虹玉-XNY0271,2026-05-25 19:45:07
13385016996,CH-SC-低活-10158754886079-好价清单-家用电器-无-剪辑-转化引导-家用电器-20260525-无-625-aigc-2,李虹玉-XNY0271,2026-05-25 19:45:15
13385017419,CH-SC-低活-10158754886079-好价清单-家用电器-无-剪辑-转化引导-家用电器-20260525-无-625-aigc-3,李虹玉-XNY0271,2026-05-25 19:45:17
13397036333,CH-SC-低活-10141495818831-超级抢购加补-生鲜-无-剪辑-转化引导-生鲜-20260526-无-625-aigc-4,李虹玉-XNY0271,2026-05-26 19:49:52
13397036720,CH-SC-低活-10141495818831-超级抢购加补-生鲜-无-剪辑-转化引导-生鲜-20260526-无-625-aigc-6,李虹玉-XNY0271,2026-05-26 19:49:54
13397036975,CH-SC-低活-10141495818831-超级抢购加补-生鲜-无-剪辑-转化引导-生鲜-20260526-无-625-aigc-5,李虹玉-XNY0271,2026-05-26 19:49:56
13397036995,CH-SC-低活-10141495818831-超级抢购加补-生鲜-无-剪辑-转化引导-生鲜-20260526-无-625-aigc-7,李虹玉-XNY0271,2026-05-26 19:49:56
13397037159,CH-SC-低活-10168654387172-超级抢购加补-箱包皮具-无-剪辑-转化引导-箱包皮具-20260526-无-625-aigc-1,李虹玉-XNY0271,2026-05-26 19:49:58
13397037458,CH-SC-低活-10168654387172-超级抢购加补-箱包皮具-无-剪辑-转化引导-箱包皮具-20260526-无-625-aigc-3,李虹玉-XNY0271,2026-05-26 19:50:01
13397037593,CH-SC-低活-10168654387172-超级抢购加补-箱包皮具-无-剪辑-转化引导-箱包皮具-20260526-无-625-aigc-4,李虹玉-XNY0271,2026-05-26 19:50:02
13397038658,CH-SC-低活-10168654387172-超级抢购加补-箱包皮具-无-剪辑-转化引导-箱包皮具-20260526-无-625-aigc-6,李虹玉-XNY0271,2026-05-26 19:50:11
13397038672,CH-SC-低活-10168654387172-超级抢购加补-箱包皮具-无-剪辑-转化引导-箱包皮具-20260526-无-625-aigc-7,李虹玉-XNY0271,2026-05-26 19:50:12
13397038729,CH-SC-低活-10168654387172-超级抢购加补-箱包皮具-无-剪辑-转化引导-箱包皮具-20260526-无-625-aigc-5,李虹玉-XNY0271,2026-05-26 19:50:12
13397040537,CH-SC-低活-10168654387172-超级抢购加补-箱包皮具-无-剪辑-转化引导-箱包皮具-20260526-无-625-aigc-8,李虹玉-XNY0271,2026-05-26 19:50:27
13397040757,CH-SC-低活-10168654387172-超级抢购加补-箱包皮具-无-剪辑-转化引导-箱包皮具-20260526-无-625-2,李虹玉-XNY0271,2026-05-26 19:50:29
13397042556,CH-SC-低活-10168654387172-超级抢购加补-箱包皮具-无-剪辑-转化引导-箱包皮具-20260526-无-625-5,李虹玉-XNY0271,2026-05-26 19:50:44
13397042718,CH-SC-低活-10168654387172-超级抢购加补-箱包皮具-无-剪辑-转化引导-箱包皮具-20260526-无-625-3,李虹玉-XNY0271,2026-05-26 19:50:45
13397042975,CH-SC-低活-10168654387172-超级抢购加补-箱包皮具-无-剪辑-转化引导-箱包皮具-20260526-无-625-4,李虹玉-XNY0271,2026-05-26 19:50:47
13397043378,CH-SC-广义新-10215767576641-新综合频道-生鲜-京喜拉新-剪辑-转化引导-生鲜-20260526-反向-625-aigc-6,李虹玉-XNY0271,2026-05-26 19:50:50
13397043731,CH-SC-广义新-10215767576641-新综合频道-生鲜-京喜拉新-剪辑-转化引导-生鲜-20260526-反向-625-aigc-5,李虹玉-XNY0271,2026-05-26 19:50:53
13397044023,CH-SC-广义新-10215767576641-新综合频道-生鲜-京喜拉新-剪辑-转化引导-生鲜-20260526-反向-625-aigc-8,李虹玉-XNY0271,2026-05-26 19:50:56
13397044203,CH-SC-广义新-10215767576641-新综合频道-生鲜-京喜拉新-剪辑-转化引导-生鲜-20260526-反向-625-aigc-7,李虹玉-XNY0271,2026-05-26 19:50:58
13397045005,CH-SC-广义新-10215767576641-新综合频道-生鲜-京喜拉新-剪辑-转化引导-生鲜-20260526-反向-625-aigc-10,李虹玉-XNY0271,2026-05-26 19:51:04
13397045020,CH-SC-广义新-10215767576641-新综合频道-生鲜-京喜拉新-剪辑-转化引导-生鲜-20260526-反向-625-aigc-9,李虹玉-XNY0271,2026-05-26 19:51:04
13397045191,CH-SC-广义新-10215767576641-新综合频道-生鲜-京喜拉新-剪辑-转化引导-生鲜-20260526-反向-625-aigc-1,李虹玉-XNY0271,2026-05-26 19:51:05
13397046406,CH-SC-广义新-10215767576641-新综合频道-生鲜-京喜拉新-剪辑-转化引导-生鲜-20260526-反向-625-aigc-3,李虹玉-XNY0271,2026-05-26 19:51:13
13397046652,CH-SC-广义新-10215767576641-新综合频道-生鲜-京喜拉新-剪辑-转化引导-生鲜-20260526-反向-625-aigc-2,李虹玉-XNY0271,2026-05-26 19:51:15
13397046708,CH-SC-广义新-10215767576641-新综合频道-生鲜-京喜拉新-剪辑-转化引导-生鲜-20260526-反向-625-aigc-4,李虹玉-XNY0271,2026-05-26 19:51:16
13397048095,CH-SC-广义新-10219841541026-新综合频道-厨具-京喜拉新-剪辑-转化引导-厨具-20260526-反向-625-aigc-22,李虹玉-XNY0271,2026-05-26 19:51:26
13397048195,CH-SC-广义新-10219841541026-新综合频道-厨具-京喜拉新-剪辑-转化引导-厨具-20260526-反向-625-aigc-21,李虹玉-XNY0271,2026-05-26 19:51:27
13397049503,CH-SC-广义新-10219841541026-新综合频道-厨具-京喜拉新-剪辑-转化引导-厨具-20260526-反向-625-aigc-20,李虹玉-XNY0271,2026-05-26 19:51:37
13397049721,CH-SC-广义新-10219841541026-新综合频道-厨具-京喜拉新-剪辑-转化引导-厨具-20260526-反向-625-aigc-19,李虹玉-XNY0271,2026-05-26 19:51:39
13397050226,CH-SC-广义新-10219841541026-新综合频道-厨具-京喜拉新-剪辑-转化引导-厨具-20260526-反向-625-aigc-18,李虹玉-XNY0271,2026-05-26 19:51:42
13397051351,CH-SC-广义新-10219841541026-新综合频道-厨具-京喜拉新-剪辑-转化引导-厨具-20260526-反向-625-aigc-17,李虹玉-XNY0271,2026-05-26 19:51:51
13397051508,CH-SC-广义新-10219841541026-新综合频道-厨具-京喜拉新-剪辑-转化引导-厨具-20260526-反向-625-aigc-16,李虹玉-XNY0271,2026-05-26 19:51:52
13397052064,CH-SC-广义新-10219841541026-新综合频道-厨具-京喜拉新-剪辑-转化引导-厨具-20260526-反向-625-aigc-15,李虹玉-XNY0271,2026-05-26 19:51:56
13397053419,CH-SC-广义新-10219841541026-新综合频道-厨具-京喜拉新-剪辑-转化引导-厨具-20260526-反向-625-aigc-14,李虹玉-XNY0271,2026-05-26 19:52:06
13397053653,CH-SC-广义新-10219841541026-新综合频道-厨具-京喜拉新-剪辑-转化引导-厨具-20260526-反向-625-aigc-13,李虹玉-XNY0271,2026-05-26 19:52:07
13397053897,CH-SC-广义新-10219841541026-新综合频道-厨具-京喜拉新-剪辑-转化引导-厨具-20260526-反向-625-aigc-12,李虹玉-XNY0271,2026-05-26 19:52:09
13397054859,CH-SC-广义新-10219841541026-新综合频道-厨具-京喜拉新-剪辑-转化引导-厨具-20260526-反向-625-aigc-11,李虹玉-XNY0271,2026-05-26 19:52:15
13397055934,CH-SC-广义新-10219841541026-新综合频道-厨具-京喜拉新-剪辑-转化引导-厨具-20260526-反向-625-aigc-10,李虹玉-XNY0271,2026-05-26 19:52:22
13397056071,CH-SC-广义新-10219841541026-新综合频道-厨具-京喜拉新-剪辑-转化引导-厨具-20260526-反向-625-aigc-9,李虹玉-XNY0271,2026-05-26 19:52:23
13397056832,CH-SC-广义新-10219841541026-新综合频道-厨具-京喜拉新-剪辑-转化引导-厨具-20260526-反向-625-aigc-8,李虹玉-XNY0271,2026-05-26 19:52:28
13397058670,CH-SC-广义新-10219841541026-新综合频道-厨具-京喜拉新-剪辑-转化引导-厨具-20260526-反向-625-aigc-7,李虹玉-XNY0271,2026-05-26 19:52:39
13397058906,CH-SC-广义新-10219841541026-新综合频道-厨具-京喜拉新-剪辑-转化引导-厨具-20260526-反向-625-aigc-6,李虹玉-XNY0271,2026-05-26 19:52:40
13397061027,CH-SC-广义新-10219841541026-新综合频道-厨具-京喜拉新-剪辑-转化引导-厨具-20260526-反向-625-aigc-4,李虹玉-XNY0271,2026-05-26 19:52:53
13397061125,CH-SC-广义新-10219841541026-新综合频道-厨具-京喜拉新-剪辑-转化引导-厨具-20260526-反向-625-aigc-5,李虹玉-XNY0271,2026-05-26 19:52:53
13397061186,CH-SC-广义新-10219841541026-新综合频道-厨具-京喜拉新-剪辑-转化引导-厨具-20260526-反向-625-aigc-3,李虹玉-XNY0271,2026-05-26 19:52:54
13397063176,CH-SC-广义新-10219841541026-新综合频道-厨具-京喜拉新-剪辑-转化引导-厨具-20260526-反向-625-aigc-2,李虹玉-XNY0271,2026-05-26 19:53:06
13397063395,CH-SC-广义新-10219841541026-新综合频道-厨具-京喜拉新-剪辑-转化引导-厨具-20260526-反向-625-aigc-1,李虹玉-XNY0271,2026-05-26 19:53:08
13397064161,CH-SC-广义新-10219841541026-新综合频道-厨具-京喜拉新-剪辑-转化引导-厨具-20260526-反向-625-aigc,李虹玉-XNY0271,2026-05-26 19:53:13
13397067328,CH-SC-广义新-10213578498749-新综合频道-家庭清洁-京喜拉新-剪辑-转化引导-家庭清洁-20260526-反向-625-aigc-14,李虹玉-XNY0271,2026-05-26 19:53:31
13397088021,CH-SC-低活-10219841541026-超级抢购加补-厨具-无-剪辑-转化引导-厨具-20260526-无-625-可灵-4,李虹玉-XNY0271,2026-05-26 19:55:30
13397090848,CH-SC-低活-10219841541026-超级抢购加补-厨具-无-剪辑-转化引导-厨具-20260526-无-625-可灵-7,李虹玉-XNY0271,2026-05-26 19:55:46
13397092943,CH-SC-低活-10219841541026-超级抢购加补-厨具-无-剪辑-转化引导-厨具-20260526-无-625-可灵-9,李虹玉-XNY0271,2026-05-26 19:55:58
13397095591,CH-SC-低活-10219841541026-超级抢购加补-厨具-无-剪辑-转化引导-厨具-20260526-无-625-可灵-10,李虹玉-XNY0271,2026-05-26 19:56:14
13397097394,CH-SC-低活-10219841541026-超级抢购加补-厨具-无-剪辑-转化引导-厨具-20260526-无-625-可灵-11,李虹玉-XNY0271,2026-05-26 19:56:25
13397100527,CH-SC-低活-10219841541026-超级抢购加补-厨具-无-剪辑-转化引导-厨具-20260526-无-625-可灵-12,李虹玉-XNY0271,2026-05-26 19:56:44
13397101638,CH-SC-低活-10219841541026-超级抢购加补-厨具-无-剪辑-转化引导-厨具-20260526-无-625-1,李虹玉-XNY0271,2026-05-26 19:56:51
13397105327,CH-SC-低活-10219841541026-超级抢购加补-厨具-无-剪辑-转化引导-厨具-20260526-无-625-2,李虹玉-XNY0271,2026-05-26 19:57:14
13397107364,CH-SC-低活-10219841541026-超级抢购加补-厨具-无-剪辑-转化引导-厨具-20260526-无-625-4,李虹玉-XNY0271,2026-05-26 19:57:25
13397107622,CH-SC-低活-10219841541026-超级抢购加补-厨具-无-剪辑-转化引导-厨具-20260526-无-625-3,李虹玉-XNY0271,2026-05-26 19:57:27
13397112257,CH-SC-低活-10219841541026-超级抢购加补-厨具-无-剪辑-转化引导-厨具-20260526-无-625-7,李虹玉-XNY0271,2026-05-26 19:57:56
13397112386,CH-SC-低活-10219841541026-超级抢购加补-厨具-无-剪辑-转化引导-厨具-20260526-无-625-8,李虹玉-XNY0271,2026-05-26 19:57:57
13397115529,CH-SC-低活-10219841541026-超级抢购加补-厨具-无-剪辑-转化引导-厨具-20260526-无-625-9,李虹玉-XNY0271,2026-05-26 19:58:18
13397117226,CH-SC-低活-10219841541026-超级抢购加补-厨具-无-剪辑-转化引导-厨具-20260526-无-625-10,李虹玉-XNY0271,2026-05-26 19:58:28
13397118417,CH-SC-低活-10219841541026-超级抢购加补-厨具-无-剪辑-转化引导-厨具-20260526-无-625-13,李虹玉-XNY0271,2026-05-26 19:58:36
13397118760,CH-SC-低活-10219841541026-超级抢购加补-厨具-无-剪辑-转化引导-厨具-20260526-无-625-14,李虹玉-XNY0271,2026-05-26 19:58:38
13397120337,CH-SC-低活-10219841541026-超级抢购加补-厨具-无-剪辑-转化引导-厨具-20260526-无-625-16,李虹玉-XNY0271,2026-05-26 19:58:48
13397120840,CH-SC-低活-10219841541026-超级抢购加补-厨具-无-剪辑-转化引导-厨具-20260526-无-625-17,李虹玉-XNY0271,2026-05-26 19:58:51
13397122321,CH-SC-低活-10219841541026-超级抢购加补-厨具-无-剪辑-转化引导-厨具-20260526-无-625-18,李虹玉-XNY0271,2026-05-26 19:59:01
13397123963,CH-SC-低活-10219841541026-超级抢购加补-厨具-无-剪辑-转化引导-厨具-20260526-无-625-20,李虹玉-XNY0271,2026-05-26 19:59:12
13397124108,CH-SC-低活-10219841541026-超级抢购加补-厨具-无-剪辑-转化引导-厨具-20260526-无-625-21,李虹玉-XNY0271,2026-05-26 19:59:13
13397125238,CH-SC-低活-10219841541026-超级抢购加补-厨具-无-剪辑-转化引导-厨具-20260526-无-625-可灵-1,李虹玉-XNY0271,2026-05-26 19:59:21
13397126591,CH-SC-低活-10215767576641-超级抢购加补-生鲜-无-剪辑-转化引导-生鲜-20260526-无-625-aigc9,李虹玉-XNY0271,2026-05-26 19:59:30
13397126726,CH-SC-低活-10219841541026-超级抢购加补-厨具-无-剪辑-转化引导-厨具-20260526-无-625-可灵-2,李虹玉-XNY0271,2026-05-26 19:59:31
13397130291,CH-SC-低活-10215767576641-超级抢购加补-生鲜-无-剪辑-转化引导-生鲜-20260526-无-625-aigc13,李虹玉-XNY0271,2026-05-26 19:59:55
13397130952,CH-SC-低活-10215767576641-超级抢购加补-生鲜-无-剪辑-转化引导-生鲜-20260526-无-625-aigc14,李虹玉-XNY0271,2026-05-26 19:59:59
13397131219,CH-SC-低活-10215767576641-超级抢购加补-生鲜-无-剪辑-转化引导-生鲜-20260526-无-625-aigc15,李虹玉-XNY0271,2026-05-26 20:00:01
13397135089,CH-SC-低活-10215767576641-超级抢购加补-生鲜-无-剪辑-转化引导-生鲜-20260526-无-625-aigc20,李虹玉-XNY0271,2026-05-26 20:00:29
13397136418,CH-SC-低活-10215767576641-超级抢购加补-生鲜-无-剪辑-转化引导-生鲜-20260526-无-625-aigc23,李虹玉-XNY0271,2026-05-26 20:00:39
13397137106,CH-SC-低活-10215767576641-超级抢购加补-生鲜-无-剪辑-转化引导-生鲜-20260526-无-625-aigc24,李虹玉-XNY0271,2026-05-26 20:00:45
13397137281,CH-SC-低活-10215767576641-超级抢购加补-生鲜-无-剪辑-转化引导-生鲜-20260526-无-625-aigc25,李虹玉-XNY0271,2026-05-26 20:00:47
13397137309,CH-SC-低活-10215767576641-超级抢购加补-生鲜-无-剪辑-转化引导-生鲜-20260526-无-625-aigc22,李虹玉-XNY0271,2026-05-26 20:00:47
13397137966,CH-SC-低活-10215767576641-超级抢购加补-生鲜-无-剪辑-转化引导-生鲜-20260526-无-625-aigc26,李虹玉-XNY0271,2026-05-26 20:00:52
13397139460,CH-SC-低活-10215767576641-超级抢购加补-生鲜-无-剪辑-转化引导-生鲜-20260526-无-625-aigc27,李虹玉-XNY0271,2026-05-26 20:01:05
13397139461,CH-SC-低活-10215767576641-超级抢购加补-生鲜-无-剪辑-转化引导-生鲜-20260526-无-625-aigc28,李虹玉-XNY0271,2026-05-26 20:01:05
13397139647,CH-SC-低活-10215767576641-超级抢购加补-生鲜-无-剪辑-转化引导-生鲜-20260526-无-625-aigc29,李虹玉-XNY0271,2026-05-26 20:01:07
13397140500,CH-SC-低活-10215767576641-超级抢购加补-生鲜-无-剪辑-转化引导-生鲜-20260526-无-625-aigc30,李虹玉-XNY0271,2026-05-26 20:01:14
13397141095,CH-SC-低活-10215767576641-超级抢购加补-生鲜-无-剪辑-转化引导-生鲜-20260526-无-625-aigc32,李虹玉-XNY0271,2026-05-26 20:01:20
13397141277,CH-SC-低活-10215767576641-超级抢购加补-生鲜-无-剪辑-转化引导-生鲜-20260526-无-625-aigc31,李虹玉-XNY0271,2026-05-26 20:01:21
13397142904,CH-SC-低活-10215767576641-超级抢购加补-生鲜-无-剪辑-转化引导-生鲜-20260526-无-625-aigc33,李虹玉-XNY0271,2026-05-26 20:01:35
13397142975,CH-SC-低活-10215767576641-超级抢购加补-生鲜-无-剪辑-转化引导-生鲜-20260526-无-625-aigc2,李虹玉-XNY0271,2026-05-26 20:01:36
13397143828,CH-SC-低活-10215767576641-超级抢购加补-生鲜-无-剪辑-转化引导-生鲜-20260526-无-625-aigc5,李虹玉-XNY0271,2026-05-26 20:01:44
13397143987,CH-SC-低活-10215767576641-超级抢购加补-生鲜-无-剪辑-转化引导-生鲜-20260526-无-625-aigc3,李虹玉-XNY0271,2026-05-26 20:01:46
13397144799,CH-SC-低活-10215767576641-超级抢购加补-生鲜-无-剪辑-转化引导-生鲜-20260526-无-625-aigc4,李虹玉-XNY0271,2026-05-26 20:01:53
13397144809,CH-SC-低活-10215767576641-超级抢购加补-生鲜-无-剪辑-转化引导-生鲜-20260526-无-625-aigc6,李虹玉-XNY0271,2026-05-26 20:01:53
13397145105,CH-SC-低活-10215767576641-超级抢购加补-生鲜-无-剪辑-转化引导-生鲜-20260526-无-625-aigc7,李虹玉-XNY0271,2026-05-26 20:01:56
13397145444,CH-SC-低活-10215767576641-超级抢购加补-生鲜-无-剪辑-转化引导-生鲜-20260526-无-625-aigc8,李虹玉-XNY0271,2026-05-26 20:01:59
13407933410,CH-SC-低活-10162692688878-超级抢购加补-家用电器-无-剪辑-转化引导-家用电器-20260527-无-625-12,李虹玉-XNY0271,2026-05-27 19:29:43
13407933833,CH-SC-低活-10162692688878-超级抢购加补-家用电器-无-剪辑-转化引导-家用电器-20260527-无-625-14,李虹玉-XNY0271,2026-05-27 19:29:47
13407935136,CH-SC-低活-10162692688878-超级抢购加补-家用电器-无-剪辑-转化引导-家用电器-20260527-无-625-15,李虹玉-XNY0271,2026-05-27 19:29:57
13407935321,CH-SC-低活-10162692688878-超级抢购加补-家用电器-无-剪辑-转化引导-家用电器-20260527-无-625-16,李虹玉-XNY0271,2026-05-27 19:29:58
13407935668,CH-SC-低活-10162692688878-超级抢购加补-家用电器-无-剪辑-转化引导-家用电器-20260527-无-625-18,李虹玉-XNY0271,2026-05-27 19:30:01
13407936419,CH-SC-低活-10162692688878-超级抢购加补-家用电器-无-剪辑-转化引导-家用电器-20260527-无-625-110,李虹玉-XNY0271,2026-05-27 19:30:06
13407936798,CH-SC-低活-10162692688878-超级抢购加补-家用电器-无-剪辑-转化引导-家用电器-20260527-无-625-19,李虹玉-XNY0271,2026-05-27 19:30:09
13407937857,CH-SC-低活-10162692688878-超级抢购加补-家用电器-无-剪辑-转化引导-家用电器-20260527-无-625-111,李虹玉-XNY0271,2026-05-27 19:30:16
13407938593,CH-SC-低活-10162692688878-超级抢购加补-家用电器-无-剪辑-转化引导-家用电器-20260527-无-625-113,李虹玉-XNY0271,2026-05-27 19:30:21
13407938638,CH-SC-低活-10162692688878-超级抢购加补-家用电器-无-剪辑-转化引导-家用电器-20260527-无-625-112,李虹玉-XNY0271,2026-05-27 19:30:22
13407939086,CH-SC-低活-10162692688878-超级抢购加补-家用电器-无-剪辑-转化引导-家用电器-20260527-无-625-114,李虹玉-XNY0271,2026-05-27 19:30:25
13407940203,CH-SC-低活-10162692688878-超级抢购加补-家用电器-无-剪辑-转化引导-家用电器-20260527-无-625-116,李虹玉-XNY0271,2026-05-27 19:30:33
13407940515,CH-SC-低活-10162692688878-超级抢购加补-家用电器-无-剪辑-转化引导-家用电器-20260527-无-625-118,李虹玉-XNY0271,2026-05-27 19:30:35
13407941649,CH-SC-低活-10162692688878-超级抢购加补-家用电器-无-剪辑-转化引导-家用电器-20260527-无-625-120,李虹玉-XNY0271,2026-05-27 19:30:44
13407941692,CH-SC-低活-10162692688878-超级抢购加补-家用电器-无-剪辑-转化引导-家用电器-20260527-无-625-119,李虹玉-XNY0271,2026-05-27 19:30:45
13407941705,CH-SC-低活-10162692688878-超级抢购加补-家用电器-无-剪辑-转化引导-家用电器-20260527-无-625-117,李虹玉-XNY0271,2026-05-27 19:30:45
13407943400,CH-SC-低活-10162692688878-超级抢购加补-家用电器-无-剪辑-转化引导-家用电器-20260527-无-625-121,李虹玉-XNY0271,2026-05-27 19:30:57
13407943733,CH-SC-低活-10162692688878-超级抢购加补-家用电器-无-剪辑-转化引导-家用电器-20260527-无-625-122,李虹玉-XNY0271,2026-05-27 19:31:00
13407945509,CH-SC-低活-10120514417086-好价清单-生鲜-无-剪辑-转化引导-生鲜-20260527-无-625-aigc-3,李虹玉-XNY0271,2026-05-27 19:31:11
13407946122,CH-SC-低活-10120514417086-好价清单-生鲜-无-剪辑-转化引导-生鲜-20260527-无-625-aigc-5,李虹玉-XNY0271,2026-05-27 19:31:15
13407947140,CH-SC-低活-10120514417086-好价清单-生鲜-无-剪辑-转化引导-生鲜-20260527-无-625-aigc-4,李虹玉-XNY0271,2026-05-27 19:31:22
13407947551,CH-SC-低活-10120514417086-好价清单-生鲜-无-剪辑-转化引导-生鲜-20260527-无-625-aigc-7,李虹玉-XNY0271,2026-05-27 19:31:24
13407949406,CH-SC-低活-10120514417086-好价清单-生鲜-无-剪辑-转化引导-生鲜-20260527-无-625-aigc-9,李虹玉-XNY0271,2026-05-27 19:31:34
13407949425,CH-SC-低活-10120514417086-好价清单-生鲜-无-剪辑-转化引导-生鲜-20260527-无-625-aigc-8,李虹玉-XNY0271,2026-05-27 19:31:34
13407949861,CH-SC-低活-10120514417086-好价清单-生鲜-无-剪辑-转化引导-生鲜-20260527-无-625-aigc-10,李虹玉-XNY0271,2026-05-27 19:31:36
13407951568,CH-SC-低活-10148925772154-超级抢购加补-休闲食品-无-剪辑-转化引导-休闲食品-20260527-无-625-aigc-10,李虹玉-XNY0271,2026-05-27 19:31:45
13407951571,CH-SC-低活-10120514417086-好价清单-生鲜-无-剪辑-转化引导-生鲜-20260527-无-625-aigc-1,李虹玉-XNY0271,2026-05-27 19:31:45
13407952040,CH-SC-低活-10162692688878-超级抢购加补-家用电器-无-剪辑-转化引导-家用电器-20260527-无-625-11,李虹玉-XNY0271,2026-05-27 19:31:47
13407953521,CH-SC-低活-10148925772154-超级抢购加补-休闲食品-无-剪辑-转化引导-休闲食品-20260527-无-625-aigc-11,李虹玉-XNY0271,2026-05-27 19:31:54
13407954474,CH-SC-低活-10148925772154-超级抢购加补-休闲食品-无-剪辑-转化引导-休闲食品-20260527-无-625-aigc-12,李虹玉-XNY0271,2026-05-27 19:31:58
13407955723,CH-SC-低活-10148925772154-超级抢购加补-休闲食品-无-剪辑-转化引导-休闲食品-20260527-无-625-aigc-13,李虹玉-XNY0271,2026-05-27 19:32:05
13407956280,CH-SC-低活-10148925772154-超级抢购加补-休闲食品-无-剪辑-转化引导-休闲食品-20260527-无-625-aigc-14,李虹玉-XNY0271,2026-05-27 19:32:08
13407957743,CH-SC-低活-10148925772154-超级抢购加补-休闲食品-无-剪辑-转化引导-休闲食品-20260527-无-625-aigc-15,李虹玉-XNY0271,2026-05-27 19:32:15
13407958367,CH-SC-低活-10148925772154-超级抢购加补-休闲食品-无-剪辑-转化引导-休闲食品-20260527-无-625-aigc-17,李虹玉-XNY0271,2026-05-27 19:32:18
13407959310,CH-SC-低活-10148925772154-超级抢购加补-休闲食品-无-剪辑-转化引导-休闲食品-20260527-无-625-aigc-1,李虹玉-XNY0271,2026-05-27 19:32:25
13407960506,CH-SC-广义新-10162692688878-新综合频道-家用电器-京喜拉新-剪辑-转化引导-家用电器-20260527-无-625-13,李虹玉-XNY0271,2026-05-27 19:32:33
13407961708,CH-SC-广义新-10162692688878-新综合频道-家用电器-京喜拉新-剪辑-转化引导-家用电器-20260527-无-625-14,李虹玉-XNY0271,2026-05-27 19:32:42
13407961755,CH-SC-广义新-10162692688878-新综合频道-家用电器-京喜拉新-剪辑-转化引导-家用电器-20260527-无-625-15,李虹玉-XNY0271,2026-05-27 19:32:42
13407961838,CH-SC-广义新-10162692688878-新综合频道-家用电器-京喜拉新-剪辑-转化引导-家用电器-20260527-无-625-12,李虹玉-XNY0271,2026-05-27 19:32:43
13407963357,CH-SC-广义新-10162692688878-新综合频道-家用电器-京喜拉新-剪辑-转化引导-家用电器-20260527-无-625-17,李虹玉-XNY0271,2026-05-27 19:32:55
13407963475,CH-SC-广义新-10162692688878-新综合频道-家用电器-京喜拉新-剪辑-转化引导-家用电器-20260527-无-625-16,李虹玉-XNY0271,2026-05-27 19:32:56
13407964002,CH-SC-广义新-10162692688878-新综合频道-家用电器-京喜拉新-剪辑-转化引导-家用电器-20260527-无-625-18,李虹玉-XNY0271,2026-05-27 19:33:00
13407964801,CH-SC-广义新-10162692688878-新综合频道-家用电器-京喜拉新-剪辑-转化引导-家用电器-20260527-无-625-20,李虹玉-XNY0271,2026-05-27 19:33:09
13407965550,CH-SC-广义新-10162692688878-新综合频道-家用电器-京喜拉新-剪辑-转化引导-家用电器-20260527-无-625-2,李虹玉-XNY0271,2026-05-27 19:33:16
13407965887,CH-SC-广义新-10162692688878-新综合频道-家用电器-京喜拉新-剪辑-转化引导-家用电器-20260527-无-625-21,李虹玉-XNY0271,2026-05-27 19:33:19
13407966182,CH-SC-广义新-10162692688878-新综合频道-家用电器-京喜拉新-剪辑-转化引导-家用电器-20260527-无-625-1,李虹玉-XNY0271,2026-05-27 19:33:21
13407967057,CH-SC-广义新-10162692688878-新综合频道-家用电器-京喜拉新-剪辑-转化引导-家用电器-20260527-无-625-5,李虹玉-XNY0271,2026-05-27 19:33:29
13407967060,CH-SC-广义新-10162692688878-新综合频道-家用电器-京喜拉新-剪辑-转化引导-家用电器-20260527-无-625-4,李虹玉-XNY0271,2026-05-27 19:33:29
13407967316,CH-SC-广义新-10162692688878-新综合频道-家用电器-京喜拉新-剪辑-转化引导-家用电器-20260527-无-625-3,李虹玉-XNY0271,2026-05-27 19:33:32
13407968303,CH-SC-广义新-10162692688878-新综合频道-家用电器-京喜拉新-剪辑-转化引导-家用电器-20260527-无-625-7,李虹玉-XNY0271,2026-05-27 19:33:41
13407968711,CH-SC-广义新-10162692688878-新综合频道-家用电器-京喜拉新-剪辑-转化引导-家用电器-20260527-无-625-6,李虹玉-XNY0271,2026-05-27 19:33:43
13407968913,CH-SC-广义新-10162692688878-新综合频道-家用电器-京喜拉新-剪辑-转化引导-家用电器-20260527-无-625-8,李虹玉-XNY0271,2026-05-27 19:33:45
13407969366,CH-SC-广义新-10162692688878-新综合频道-家用电器-京喜拉新-剪辑-转化引导-家用电器-20260527-无-625-9,李虹玉-XNY0271,2026-05-27 19:33:49
13407970309,CH-SC-广义新-10159656246030-新综合频道-电脑-京喜拉新-剪辑-转化引导-电脑-20260527-反向-625-aigc-9,李虹玉-XNY0271,2026-05-27 19:33:57
13407970704,CH-SC-广义新-10162692688878-新综合频道-家用电器-京喜拉新-剪辑-转化引导-家用电器-20260527-无-625-10,李虹玉-XNY0271,2026-05-27 19:34:01
13407970986,CH-SC-广义新-10162692688878-新综合频道-家用电器-京喜拉新-剪辑-转化引导-家用电器-20260527-无-625-11,李虹玉-XNY0271,2026-05-27 19:34:04
13407971591,CH-SC-广义新-10159656246030-新综合频道-电脑-京喜拉新-剪辑-转化引导-电脑-20260527-反向-625-aigc-10,李虹玉-XNY0271,2026-05-27 19:34:08
13407972249,CH-SC-广义新-10159656246030-新综合频道-电脑-京喜拉新-剪辑-转化引导-电脑-20260527-反向-625-aigc-11,李虹玉-XNY0271,2026-05-27 19:34:13
13407972630,CH-SC-广义新-10159656246030-新综合频道-电脑-京喜拉新-剪辑-转化引导-电脑-20260527-反向-625-aigc-12,李虹玉-XNY0271,2026-05-27 19:34:16
13407974348,CH-SC-广义新-10159656246030-新综合频道-电脑-京喜拉新-剪辑-转化引导-电脑-20260527-反向-625-aigc-1,李虹玉-XNY0271,2026-05-27 19:34:30
13407975609,CH-SC-广义新-10159656246030-新综合频道-电脑-京喜拉新-剪辑-转化引导-电脑-20260527-反向-625-aigc-4,李虹玉-XNY0271,2026-05-27 19:34:40
13407975628,CH-SC-广义新-10159656246030-新综合频道-电脑-京喜拉新-剪辑-转化引导-电脑-20260527-反向-625-aigc-3,李虹玉-XNY0271,2026-05-27 19:34:40
13407975793,CH-SC-广义新-10159656246030-新综合频道-电脑-京喜拉新-剪辑-转化引导-电脑-20260527-反向-625-aigc-5,李虹玉-XNY0271,2026-05-27 19:34:41
13407977493,CH-SC-广义新-10159656246030-新综合频道-电脑-京喜拉新-剪辑-转化引导-电脑-20260527-反向-625-aigc-7,李虹玉-XNY0271,2026-05-27 19:34:54
13407977687,CH-SC-广义新-10159656246030-新综合频道-电脑-京喜拉新-剪辑-转化引导-电脑-20260527-反向-625-aigc-6,李虹玉-XNY0271,2026-05-27 19:34:56
13407978225,CH-SC-广义新-10113990005525-新综合频道-生活日用-京喜拉新-剪辑-转化引导-生活日用-20260527-无-625-8,李虹玉-XNY0271,2026-05-27 19:35:01
13407980002,CH-SC-广义新-10113990005525-新综合频道-生活日用-京喜拉新-剪辑-转化引导-生活日用-20260527-无-625-2,李虹玉-XNY0271,2026-05-27 19:35:15
13407980051,CH-SC-广义新-10113990005525-新综合频道-生活日用-京喜拉新-剪辑-转化引导-生活日用-20260527-无-625-1,李虹玉-XNY0271,2026-05-27 19:35:15
13407982998,CH-SC-低活-10148925772154-超级抢购加补-休闲食品-无-剪辑-转化引导-休闲食品-20260527-无-625-aigc-4,李虹玉-XNY0271,2026-05-27 19:35:36
13407983347,CH-SC-低活-10148925772154-超级抢购加补-休闲食品-无-剪辑-转化引导-休闲食品-20260527-无-625-aigc-2,李虹玉-XNY0271,2026-05-27 19:35:38
13407983420,CH-SC-低活-10148925772154-超级抢购加补-休闲食品-无-剪辑-转化引导-休闲食品-20260527-无-625-aigc-3,李虹玉-XNY0271,2026-05-27 19:35:39
13407984654,CH-SC-低活-10148925772154-超级抢购加补-休闲食品-无-剪辑-转化引导-休闲食品-20260527-无-625-aigc-7,李虹玉-XNY0271,2026-05-27 19:35:48
13407984965,CH-SC-低活-10148925772154-超级抢购加补-休闲食品-无-剪辑-转化引导-休闲食品-20260527-无-625-aigc-5,李虹玉-XNY0271,2026-05-27 19:35:50
13407985853,CH-SC-低活-10148925772154-超级抢购加补-休闲食品-无-剪辑-转化引导-休闲食品-20260527-无-625-aigc-6,李虹玉-XNY0271,2026-05-27 19:35:56
13407986303,CH-SC-低活-10148925772154-超级抢购加补-休闲食品-无-剪辑-转化引导-休闲食品-20260527-无-625-aigc-9,李虹玉-XNY0271,2026-05-27 19:36:00
13407998186,CH-SC-广义新-10162692688878-新综合频道-家用电器-京喜拉新-剪辑-转化引导-家用电器-20260527-无-625-19,李虹玉-XNY0271,2026-05-27 19:37:12
13418636080,CH-SC-低活-10215767576641-超级抢购加补-生鲜-无-剪辑-转化引导-生鲜-20260528-无-625-aigc-4,李虹玉-XNY0271,2026-05-28 19:09:02
13418636496,CH-SC-低活-10215767576641-超级抢购加补-生鲜-无-剪辑-转化引导-生鲜-20260528-无-625-aigc-6,李虹玉-XNY0271,2026-05-28 19:09:05
13418638978,CH-SC-低活-10215767576641-超级抢购加补-生鲜-无-剪辑-转化引导-生鲜-20260528-无-625-aigc-9,李虹玉-XNY0271,2026-05-28 19:09:22
13418639141,CH-SC-低活-10215767576641-超级抢购加补-生鲜-无-剪辑-转化引导-生鲜-20260528-无-625-aigc-7,李虹玉-XNY0271,2026-05-28 19:09:23
13418639713,CH-SC-低活-10215767576641-超级抢购加补-生鲜-无-剪辑-转化引导-生鲜-20260528-无-625-aigc-10,李虹玉-XNY0271,2026-05-28 19:09:27
13418639874,CH-SC-低活-10215767576641-超级抢购加补-生鲜-无-剪辑-转化引导-生鲜-20260528-无-625-aigc-8,李虹玉-XNY0271,2026-05-28 19:09:28
13418641499,CH-SC-低活-10215767576641-超级抢购加补-生鲜-无-剪辑-转化引导-生鲜-20260528-无-625-aigc-11,李虹玉-XNY0271,2026-05-28 19:09:40
13418641613,CH-SC-低活-10215767576641-超级抢购加补-生鲜-无-剪辑-转化引导-生鲜-20260528-无-625-aigc-12,李虹玉-XNY0271,2026-05-28 19:09:40
13418641772,CH-SC-低活-10215767576641-超级抢购加补-生鲜-无-剪辑-转化引导-生鲜-20260528-无-625-aigc-13,李虹玉-XNY0271,2026-05-28 19:09:42
13418644049,CH-SC-低活-10215767576641-超级抢购加补-生鲜-无-剪辑-转化引导-生鲜-20260528-无-625-aigc-15,李虹玉-XNY0271,2026-05-28 19:09:58
13418644879,CH-SC-低活-10215767576641-超级抢购加补-生鲜-无-剪辑-转化引导-生鲜-20260528-无-625-aigc-16,李虹玉-XNY0271,2026-05-28 19:10:04
13418676913,CH-SC-广义新-10136691163260-新综合频道-收纳用品-京喜拉新-剪辑-转化引导-收纳用品-20260528-反向-625-aigc-14,李虹玉-XNY0271,2026-05-28 19:13:38
13418680234,CH-SC-低活-10215767576641-超级抢购加补-生鲜-无-剪辑-转化引导-生鲜-20260528-无-625-aigc-18,李虹玉-XNY0271,2026-05-28 19:13:57
13418681931,CH-SC-低活-10215767576641-超级抢购加补-生鲜-无-剪辑-转化引导-生鲜-20260528-无-625-aigc-17,李虹玉-XNY0271,2026-05-28 19:14:06
13418683402,CH-SC-低活-10215767576641-超级抢购加补-生鲜-无-剪辑-转化引导-生鲜-20260528-无-625-aigc-20,李虹玉-XNY0271,2026-05-28 19:14:14
13418686221,CH-SC-低活-10215767576641-超级抢购加补-生鲜-无-剪辑-转化引导-生鲜-20260528-无-625-aigc-21,李虹玉-XNY0271,2026-05-28 19:14:31
13418687634,CH-SC-低活-10215767576641-超级抢购加补-生鲜-无-剪辑-转化引导-生鲜-20260528-无-625-aigc-25,李虹玉-XNY0271,2026-05-28 19:14:39
13418688998,CH-SC-低活-10215767576641-超级抢购加补-生鲜-无-剪辑-转化引导-生鲜-20260528-无-625-aigc-26,李虹玉-XNY0271,2026-05-28 19:14:48
13418690643,CH-SC-低活-10215767576641-超级抢购加补-生鲜-无-剪辑-转化引导-生鲜-20260528-无-625-aigc-29,李虹玉-XNY0271,2026-05-28 19:14:58
13418690746,CH-SC-低活-10215767576641-超级抢购加补-生鲜-无-剪辑-转化引导-生鲜-20260528-无-625-aigc-28,李虹玉-XNY0271,2026-05-28 19:14:59
13418691395,CH-SC-低活-10215767576641-超级抢购加补-生鲜-无-剪辑-转化引导-生鲜-20260528-无-625-aigc-30,李虹玉-XNY0271,2026-05-28 19:15:03
13418692760,CH-SC-低活-10215767576641-超级抢购加补-生鲜-无-剪辑-转化引导-生鲜-20260528-无-625-aigc-32,李虹玉-XNY0271,2026-05-28 19:15:11
13421923932,CH-SC-广义新-10155085148227-新综合频道-家用电器-京喜拉新-剪辑-转化引导-家用电器-20260528-无-625-6,李虹玉-XNY0271,2026-05-29 10:24:53
13421924875,CH-SC-广义新-10155085148227-新综合频道-家用电器-京喜拉新-剪辑-转化引导-家用电器-20260528-无-625-5,李虹玉-XNY0271,2026-05-29 10:24:56
13421926827,CH-SC-广义新-10155085148227-新综合频道-家用电器-京喜拉新-剪辑-转化引导-家用电器-20260528-无-625-9,李虹玉-XNY0271,2026-05-29 10:25:02
13421927391,CH-SC-广义新-10155085148227-新综合频道-家用电器-京喜拉新-剪辑-转化引导-家用电器-20260528-无-625-8,李虹玉-XNY0271,2026-05-29 10:25:04
13421928684,CH-SC-广义新-10155085148227-新综合频道-家用电器-京喜拉新-剪辑-转化引导-家用电器-20260528-无-625-7,李虹玉-XNY0271,2026-05-29 10:25:09
13421929028,CH-SC-广义新-10155085148227-新综合频道-家用电器-京喜拉新-剪辑-转化引导-家用电器-20260528-无-625-10,李虹玉-XNY0271,2026-05-29 10:25:10
13421929867,CH-SC-广义新-10155085148227-新综合频道-家用电器-京喜拉新-剪辑-转化引导-家用电器-20260528-无-625-12,李虹玉-XNY0271,2026-05-29 10:25:13
13421930366,CH-SC-广义新-10155085148227-新综合频道-家用电器-京喜拉新-剪辑-转化引导-家用电器-20260528-无-625-13,李虹玉-XNY0271,2026-05-29 10:25:15
13421931061,CH-SC-广义新-10155085148227-新综合频道-家用电器-京喜拉新-剪辑-转化引导-家用电器-20260528-无-625-14,李虹玉-XNY0271,2026-05-29 10:25:17
13421931592,CH-SC-广义新-10155085148227-新综合频道-家用电器-京喜拉新-剪辑-转化引导-家用电器-20260528-无-625-11,李虹玉-XNY0271,2026-05-29 10:25:19
13421932017,CH-SC-广义新-10155085148227-新综合频道-家用电器-京喜拉新-剪辑-转化引导-家用电器-20260528-无-625-15,李虹玉-XNY0271,2026-05-29 10:25:20
13421933049,CH-SC-广义新-10155085148227-新综合频道-家用电器-京喜拉新-剪辑-转化引导-家用电器-20260528-无-625-17,李虹玉-XNY0271,2026-05-29 10:25:24
13421934380,CH-SC-广义新-10155085148227-新综合频道-家用电器-京喜拉新-剪辑-转化引导-家用电器-20260528-无-625-19,李虹玉-XNY0271,2026-05-29 10:25:29
13421935381,CH-SC-广义新-10155085148227-新综合频道-家用电器-京喜拉新-剪辑-转化引导-家用电器-20260528-无-625-18,李虹玉-XNY0271,2026-05-29 10:25:32
13421935415,CH-SC-广义新-10155085148227-新综合频道-家用电器-京喜拉新-剪辑-转化引导-家用电器-20260528-无-625-16,李虹玉-XNY0271,2026-05-29 10:25:33
13421936745,CH-SC-广义新-10155085148227-新综合频道-家用电器-京喜拉新-剪辑-转化引导-家用电器-20260528-无-625-20,李虹玉-XNY0271,2026-05-29 10:25:37
13421937357,CH-SC-广义新-10155085148227-新综合频道-家用电器-京喜拉新-剪辑-转化引导-家用电器-20260528-无-625-1,李虹玉-XNY0271,2026-05-29 10:25:39
13421938332,CH-SC-广义新-10155085148227-新综合频道-家用电器-京喜拉新-剪辑-转化引导-家用电器-20260528-无-625-2,李虹玉-XNY0271,2026-05-29 10:25:42
13421939311,CH-SC-广义新-10155085148227-新综合频道-家用电器-京喜拉新-剪辑-转化引导-家用电器-20260528-无-625-3,李虹玉-XNY0271,2026-05-29 10:25:45
13421939796,CH-SC-广义新-10155085148227-新综合频道-家用电器-京喜拉新-剪辑-转化引导-家用电器-20260528-无-625-4,李虹玉-XNY0271,2026-05-29 10:25:47
13429234314,CH-SC-低活-10215767576641-超级抢购加补-生鲜-无-剪辑-转化引导-生鲜-20260529-无-625-1,李虹玉-XNY0271,2026-05-29 19:33:24
13429236582,CH-SC-低活-10217465794542-超级抢购加补-家用电器-无-剪辑-转化引导-家用电器-20260529-无-625-18,李虹玉-XNY0271,2026-05-29 19:33:44
13429237587,CH-SC-低活-10217465794542-超级抢购加补-家用电器-无-剪辑-转化引导-家用电器-20260529-无-625-19,李虹玉-XNY0271,2026-05-29 19:33:54
13429237735,CH-SC-低活-10217465794542-超级抢购加补-家用电器-无-剪辑-转化引导-家用电器-20260529-无-625-20,李虹玉-XNY0271,2026-05-29 19:33:55
13429239350,CH-SC-低活-10217465794542-超级抢购加补-家用电器-无-剪辑-转化引导-家用电器-20260529-无-625-21,李虹玉-XNY0271,2026-05-29 19:34:06
13429239498,CH-SC-低活-10217465794542-超级抢购加补-家用电器-无-剪辑-转化引导-家用电器-20260529-无-625-1,李虹玉-XNY0271,2026-05-29 19:34:08
13429239704,CH-SC-低活-10217465794542-超级抢购加补-家用电器-无-剪辑-转化引导-家用电器-20260529-无-625-22,李虹玉-XNY0271,2026-05-29 19:34:09
13429240945,CH-SC-低活-10217465794542-超级抢购加补-家用电器-无-剪辑-转化引导-家用电器-20260529-无-625-4,李虹玉-XNY0271,2026-05-29 19:34:20
13429241211,CH-SC-低活-10217465794542-超级抢购加补-家用电器-无-剪辑-转化引导-家用电器-20260529-无-625-3,李虹玉-XNY0271,2026-05-29 19:34:22
13429241335,CH-SC-低活-10217465794542-超级抢购加补-家用电器-无-剪辑-转化引导-家用电器-20260529-无-625-2,李虹玉-XNY0271,2026-05-29 19:34:23
13429242819,CH-SC-低活-10217465794542-超级抢购加补-家用电器-无-剪辑-转化引导-家用电器-20260529-无-625-6,李虹玉-XNY0271,2026-05-29 19:34:35
13429242872,CH-SC-低活-10217465794542-超级抢购加补-家用电器-无-剪辑-转化引导-家用电器-20260529-无-625-5,李虹玉-XNY0271,2026-05-29 19:34:36
13429244626,CH-SC-低活-10217465794542-超级抢购加补-家用电器-无-剪辑-转化引导-家用电器-20260529-无-625-9,李虹玉-XNY0271,2026-05-29 19:34:51
13429245039,CH-SC-低活-10217465794542-超级抢购加补-家用电器-无-剪辑-转化引导-家用电器-20260529-无-625-8,李虹玉-XNY0271,2026-05-29 19:34:55
13429245220,CH-SC-低活-10217465794542-超级抢购加补-家用电器-无-剪辑-转化引导-家用电器-20260529-无-625-10,李虹玉-XNY0271,2026-05-29 19:34:57
13429247228,CH-SC-低活-10217465794542-超级抢购加补-家用电器-无-剪辑-转化引导-家用电器-20260529-无-625-12,李虹玉-XNY0271,2026-05-29 19:35:14
13429247490,CH-SC-低活-10217465794542-超级抢购加补-家用电器-无-剪辑-转化引导-家用电器-20260529-无-625-14,李虹玉-XNY0271,2026-05-29 19:35:17
13429247691,CH-SC-低活-10217465794542-超级抢购加补-家用电器-无-剪辑-转化引导-家用电器-20260529-无-625-13,李虹玉-XNY0271,2026-05-29 19:35:19
13429248797,CH-SC-广义新-10139494356547-新综合频道-文教文化用品-京喜拉新-剪辑-转化引导-文教文化用品-20260529-反向-625-aigc-4,李虹玉-XNY0271,2026-05-29 19:35:28
13429249589,CH-SC-广义新-10139494356547-新综合频道-文教文化用品-京喜拉新-剪辑-转化引导-文教文化用品-20260529-反向-625-aigc-6,李虹玉-XNY0271,2026-05-29 19:35:35
13429250261,CH-SC-广义新-10139494356547-新综合频道-文教文化用品-京喜拉新-剪辑-转化引导-文教文化用品-20260529-反向-625-aigc-7,李虹玉-XNY0271,2026-05-29 19:35:41
13429250433,CH-SC-广义新-10139494356547-新综合频道-文教文化用品-京喜拉新-剪辑-转化引导-文教文化用品-20260529-反向-625-aigc-9,李虹玉-XNY0271,2026-05-29 19:35:43
13429262513,CH-SC-低活-10215767576641-超级抢购加补-生鲜-无-剪辑-转化引导-生鲜-20260529-无-625-4,李虹玉-XNY0271,2026-05-29 19:37:17
13429262924,CH-SC-低活-10215767576641-超级抢购加补-生鲜-无-剪辑-转化引导-生鲜-20260529-无-625-3,李虹玉-XNY0271,2026-05-29 19:37:20
13429263441,CH-SC-低活-10217465794542-超级抢购加补-家用电器-无-剪辑-转化引导-家用电器-20260529-无-625-15,李虹玉-XNY0271,2026-05-29 19:37:24
13429269813,CH-SC-低活-10215767576641-超级抢购加补-生鲜-无-剪辑-转化引导-生鲜-20260529-无-625-16,李虹玉-XNY0271,2026-05-29 19:38:15
13429270192,CH-SC-低活-10215767576641-超级抢购加补-生鲜-无-剪辑-转化引导-生鲜-20260529-无-625-18,李虹玉-XNY0271,2026-05-29 19:38:18
13429270745,CH-SC-低活-10215767576641-超级抢购加补-生鲜-无-剪辑-转化引导-生鲜-20260529-无-625-19,李虹玉-XNY0271,2026-05-29 19:38:22
13429274184,CH-SC-低活-10215767576641-超级抢购加补-生鲜-无-剪辑-转化引导-生鲜-20260529-无-625-25,李虹玉-XNY0271,2026-05-29 19:38:48
13442609929,CH-SC-广义新-10219841541026-新综合频道-厨具-京喜拉新-剪辑-转化引导-厨具-20260601-反向-625-2,李虹玉-XNY0271,2026-06-01 10:57:24
13442610658,CH-SC-广义新-10219841541026-新综合频道-厨具-京喜拉新-剪辑-转化引导-厨具-20260601-反向-625-1,李虹玉-XNY0271,2026-06-01 10:57:28
13442611066,CH-SC-广义新-10219841541026-新综合频道-厨具-京喜拉新-剪辑-转化引导-厨具-20260601-反向-625-3,李虹玉-XNY0271,2026-06-01 10:57:31
13442612781,CH-SC-广义新-10219841541026-新综合频道-厨具-京喜拉新-剪辑-转化引导-厨具-20260601-反向-625-4,李虹玉-XNY0271,2026-06-01 10:57:39
13449490232,CH-SC-广义新-10148018967981-新综合频道-灯饰照明-京喜拉新-剪辑-转化引导-灯饰照明-20260601-反向-625-13,李虹玉-XNY0271,2026-06-01 19:37:04
13449490430,CH-SC-广义新-10148018967981-新综合频道-灯饰照明-京喜拉新-剪辑-转化引导-灯饰照明-20260601-反向-625-12,李虹玉-XNY0271,2026-06-01 19:37:06
13449490829,CH-SC-广义新-10148018967981-新综合频道-灯饰照明-京喜拉新-剪辑-转化引导-灯饰照明-20260601-反向-625-11,李虹玉-XNY0271,2026-06-01 19:37:09
13449490895,CH-SC-广义新-10148018967981-新综合频道-灯饰照明-京喜拉新-剪辑-转化引导-灯饰照明-20260601-反向-625-10,李虹玉-XNY0271,2026-06-01 19:37:10
13449491775,CH-SC-广义新-10148018967981-新综合频道-灯饰照明-京喜拉新-剪辑-转化引导-灯饰照明-20260601-反向-625-7,李虹玉-XNY0271,2026-06-01 19:37:16
13449492670,CH-SC-广义新-10148018967981-新综合频道-灯饰照明-京喜拉新-剪辑-转化引导-灯饰照明-20260601-反向-625-4,李虹玉-XNY0271,2026-06-01 19:37:22
13449492963,CH-SC-广义新-10148018967981-新综合频道-灯饰照明-京喜拉新-剪辑-转化引导-灯饰照明-20260601-反向-625-3,李虹玉-XNY0271,2026-06-01 19:37:24
13449493652,CH-SC-广义新-10148018967981-新综合频道-灯饰照明-京喜拉新-剪辑-转化引导-灯饰照明-20260601-反向-625-2,李虹玉-XNY0271,2026-06-01 19:37:30
13449493853,CH-SC-广义新-10148018967981-新综合频道-灯饰照明-京喜拉新-剪辑-转化引导-灯饰照明-20260601-反向-625-1,李虹玉-XNY0271,2026-06-01 19:37:31
13449493911,CH-SC-广义新-10148018967981-新综合频道-灯饰照明-京喜拉新-剪辑-转化引导-灯饰照明-20260601-反向-625,李虹玉-XNY0271,2026-06-01 19:37:32
13449516114,CH-SC-广义新-10148020537906-新综合京选-家用电器-京喜拉新-剪辑-转化引导-家用电器-20260601-反选品-625-16,李虹玉-XNY0271,2026-06-01 19:40:23
13449517038,CH-SC-广义新-10148020537906-新综合京选-家用电器-京喜拉新-剪辑-转化引导-家用电器-20260601-反选品-625-17,李虹玉-XNY0271,2026-06-01 19:40:31
13449517533,CH-SC-广义新-10148020537906-新综合京选-家用电器-京喜拉新-剪辑-转化引导-家用电器-20260601-反选品-625-21,李虹玉-XNY0271,2026-06-01 19:40:36
13449517678,CH-SC-广义新-10148020537906-新综合京选-家用电器-京喜拉新-剪辑-转化引导-家用电器-20260601-反选品-625-20,李虹玉-XNY0271,2026-06-01 19:40:37
13449518101,CH-SC-广义新-10148020537906-新综合京选-家用电器-京喜拉新-剪辑-转化引导-家用电器-20260601-反选品-625-2,李虹玉-XNY0271,2026-06-01 19:40:40
13449520066,CH-SC-低活-10147800266661-超级抢购加补-家庭清洁-无-剪辑-转化引导-家庭清洁-20260601-无-625-15,李虹玉-XNY0271,2026-06-01 19:40:59
13449520334,CH-SC-低活-10147800266661-超级抢购加补-家庭清洁-无-剪辑-转化引导-家庭清洁-20260601-无-625-17,李虹玉-XNY0271,2026-06-01 19:41:01
13449520513,CH-SC-低活-10147800266661-超级抢购加补-家庭清洁-无-剪辑-转化引导-家庭清洁-20260601-无-625-18,李虹玉-XNY0271,2026-06-01 19:41:03
13449520722,CH-SC-低活-10147800266661-超级抢购加补-家庭清洁-无-剪辑-转化引导-家庭清洁-20260601-无-625-19,李虹玉-XNY0271,2026-06-01 19:41:05
13449520790,CH-SC-低活-10147800266661-超级抢购加补-家庭清洁-无-剪辑-转化引导-家庭清洁-20260601-无-625-16,李虹玉-XNY0271,2026-06-01 19:41:06
13449520988,CH-SC-低活-10147800266661-超级抢购加补-家庭清洁-无-剪辑-转化引导-家庭清洁-20260601-无-625-20,李虹玉-XNY0271,2026-06-01 19:41:07
13449521255,CH-SC-低活-10147800266661-超级抢购加补-家庭清洁-无-剪辑-转化引导-家庭清洁-20260601-无-625-1,李虹玉-XNY0271,2026-06-01 19:41:10
13449521896,CH-SC-低活-10147800266661-超级抢购加补-家庭清洁-无-剪辑-转化引导-家庭清洁-20260601-无-625-4,李虹玉-XNY0271,2026-06-01 19:41:16
13449522076,CH-SC-低活-10147800266661-超级抢购加补-家庭清洁-无-剪辑-转化引导-家庭清洁-20260601-无-625-2,李虹玉-XNY0271,2026-06-01 19:41:17
13449522158,CH-SC-低活-10147800266661-超级抢购加补-家庭清洁-无-剪辑-转化引导-家庭清洁-20260601-无-625-3,李虹玉-XNY0271,2026-06-01 19:41:18
13449522253,CH-SC-低活-10147800266661-超级抢购加补-家庭清洁-无-剪辑-转化引导-家庭清洁-20260601-无-625-5,李虹玉-XNY0271,2026-06-01 19:41:19
13449522511,CH-SC-低活-10147800266661-超级抢购加补-家庭清洁-无-剪辑-转化引导-家庭清洁-20260601-无-625-6,李虹玉-XNY0271,2026-06-01 19:41:21
13449522685,CH-SC-低活-10147800266661-超级抢购加补-家庭清洁-无-剪辑-转化引导-家庭清洁-20260601-无-625-7,李虹玉-XNY0271,2026-06-01 19:41:23
13449522982,CH-SC-低活-10147800266661-超级抢购加补-家庭清洁-无-剪辑-转化引导-家庭清洁-20260601-无-625-9,李虹玉-XNY0271,2026-06-01 19:41:25
13449523138,CH-SC-低活-10147800266661-超级抢购加补-家庭清洁-无-剪辑-转化引导-家庭清洁-20260601-无-625-8,李虹玉-XNY0271,2026-06-01 19:41:27
13449523530,CH-SC-低活-10147800266661-超级抢购加补-家庭清洁-无-剪辑-转化引导-家庭清洁-20260601-无-625-11,李虹玉-XNY0271,2026-06-01 19:41:30
13449523792,CH-SC-低活-10147800266661-超级抢购加补-家庭清洁-无-剪辑-转化引导-家庭清洁-20260601-无-625-10,李虹玉-XNY0271,2026-06-01 19:41:32
13449523875,CH-SC-低活-10147800266661-超级抢购加补-家庭清洁-无-剪辑-转化引导-家庭清洁-20260601-无-625-13,李虹玉-XNY0271,2026-06-01 19:41:33
13449524146,CH-SC-低活-10147800266661-超级抢购加补-家庭清洁-无-剪辑-转化引导-家庭清洁-20260601-无-625-12,李虹玉-XNY0271,2026-06-01 19:41:35
13449524163,CH-SC-低活-10147800266661-超级抢购加补-家庭清洁-无-剪辑-转化引导-家庭清洁-20260601-无-625-14,李虹玉-XNY0271,2026-06-01 19:41:36
13449525080,CH-SC-低活-10180623171968-超级抢购加补-家庭清洁-无-剪辑-转化引导-家庭清洁-20260601-无-625-2,李虹玉-XNY0271,2026-06-01 19:41:44
13449526306,CH-SC-低活-10180623171968-超级抢购加补-家庭清洁-无-剪辑-转化引导-家庭清洁-20260601-无-625-3,李虹玉-XNY0271,2026-06-01 19:41:54
13449526330,CH-SC-低活-10180623171968-超级抢购加补-家庭清洁-无-剪辑-转化引导-家庭清洁-20260601-无-625-5,李虹玉-XNY0271,2026-06-01 19:41:54
13449526443,CH-SC-低活-10180623171968-超级抢购加补-家庭清洁-无-剪辑-转化引导-家庭清洁-20260601-无-625-4,李虹玉-XNY0271,2026-06-01 19:41:55
13449527516,CH-SC-低活-10180623171968-超级抢购加补-家庭清洁-无-剪辑-转化引导-家庭清洁-20260601-无-625-7,李虹玉-XNY0271,2026-06-01 19:42:05
13449528123,CH-SC-低活-10180623171968-超级抢购加补-家庭清洁-无-剪辑-转化引导-家庭清洁-20260601-无-625-6,李虹玉-XNY0271,2026-06-01 19:42:10
13449528617,CH-SC-低活-10180623171968-超级抢购加补-家庭清洁-无-剪辑-转化引导-家庭清洁-20260601-无-625-9,李虹玉-XNY0271,2026-06-01 19:42:15
13449529193,CH-SC-低活-10180623171968-超级抢购加补-家庭清洁-无-剪辑-转化引导-家庭清洁-20260601-无-625-8,李虹玉-XNY0271,2026-06-01 19:42:20
13449529395,CH-SC-低活-10180623171968-超级抢购加补-家庭清洁-无-剪辑-转化引导-家庭清洁-20260601-无-625-10,李虹玉-XNY0271,2026-06-01 19:42:21
13449530531,CH-SC-低活-10180623171968-超级抢购加补-家庭清洁-无-剪辑-转化引导-家庭清洁-20260601-无-625-11,李虹玉-XNY0271,2026-06-01 19:42:32
13449530709,CH-SC-低活-10180623171968-超级抢购加补-家庭清洁-无-剪辑-转化引导-家庭清洁-20260601-无-625-12,李虹玉-XNY0271,2026-06-01 19:42:34
13449531822,CH-SC-低活-10180623171968-超级抢购加补-家庭清洁-无-剪辑-转化引导-家庭清洁-20260601-无-625-14,李虹玉-XNY0271,2026-06-01 19:42:43
13449532013,CH-SC-低活-10180623171968-超级抢购加补-家庭清洁-无-剪辑-转化引导-家庭清洁-20260601-无-625-13,李虹玉-XNY0271,2026-06-01 19:42:45
13449533443,CH-SC-低活-10180623171968-超级抢购加补-家庭清洁-无-剪辑-转化引导-家庭清洁-20260601-无-625-17,李虹玉-XNY0271,2026-06-01 19:42:57
13449533530,CH-SC-低活-10180623171968-超级抢购加补-家庭清洁-无-剪辑-转化引导-家庭清洁-20260601-无-625-15,李虹玉-XNY0271,2026-06-01 19:42:57
13449534428,CH-SC-低活-10180623171968-超级抢购加补-家庭清洁-无-剪辑-转化引导-家庭清洁-20260601-无-625-16,李虹玉-XNY0271,2026-06-01 19:43:05
13449535022,CH-SC-低活-10180623171968-超级抢购加补-家庭清洁-无-剪辑-转化引导-家庭清洁-20260601-无-625-18,李虹玉-XNY0271,2026-06-01 19:43:11
13449535564,CH-SC-低活-10180623171968-超级抢购加补-家庭清洁-无-剪辑-转化引导-家庭清洁-20260601-无-625-20,李虹玉-XNY0271,2026-06-01 19:43:15
13449536090,CH-SC-低活-10180623171968-超级抢购加补-家庭清洁-无-剪辑-转化引导-家庭清洁-20260601-无-625-22,李虹玉-XNY0271,2026-06-01 19:43:20
13449536192,CH-SC-低活-10180623171968-超级抢购加补-家庭清洁-无-剪辑-转化引导-家庭清洁-20260601-无-625-21,李虹玉-XNY0271,2026-06-01 19:43:21
13449536403,CH-SC-低活-10180623171968-超级抢购加补-家庭清洁-无-剪辑-转化引导-家庭清洁-20260601-无-625-19,李虹玉-XNY0271,2026-06-01 19:43:22
13449537670,CH-SC-低活-10180623171968-超级抢购加补-家庭清洁-无-剪辑-转化引导-家庭清洁-20260601-无-625-25,李虹玉-XNY0271,2026-06-01 19:43:34
13449538948,CH-SC-低活-10180623171968-超级抢购加补-家庭清洁-无-剪辑-转化引导-家庭清洁-20260601-无-625-26,李虹玉-XNY0271,2026-06-01 19:43:44
13449539030,CH-SC-低活-10180623171968-超级抢购加补-家庭清洁-无-剪辑-转化引导-家庭清洁-20260601-无-625-24,李虹玉-XNY0271,2026-06-01 19:43:45
13449539145,CH-SC-低活-10180623171968-超级抢购加补-家庭清洁-无-剪辑-转化引导-家庭清洁-20260601-无-625-23,李虹玉-XNY0271,2026-06-01 19:43:46
13449539897,CH-SC-低活-10180623171968-超级抢购加补-家庭清洁-无-剪辑-转化引导-家庭清洁-20260601-无-625-27,李虹玉-XNY0271,2026-06-01 19:43:53
13449540144,CH-SC-低活-10180623171968-超级抢购加补-家庭清洁-无-剪辑-转化引导-家庭清洁-20260601-无-625-29,李虹玉-XNY0271,2026-06-01 19:43:55
13449540839,CH-SC-低活-10180623171968-超级抢购加补-家庭清洁-无-剪辑-转化引导-家庭清洁-20260601-无-625-30,李虹玉-XNY0271,2026-06-01 19:44:01
13449541361,CH-SC-低活-10180623171968-超级抢购加补-家庭清洁-无-剪辑-转化引导-家庭清洁-20260601-无-625-28,李虹玉-XNY0271,2026-06-01 19:44:05
13449542183,CH-SC-低活-10180623171968-超级抢购加补-家庭清洁-无-剪辑-转化引导-家庭清洁-20260601-无-625-31,李虹玉-XNY0271,2026-06-01 19:44:12
13449543186,CH-SC-低活-10180623171968-超级抢购加补-家庭清洁-无-剪辑-转化引导-家庭清洁-20260601-无-625-33,李虹玉-XNY0271,2026-06-01 19:44:21
13449543375,CH-SC-低活-10180623171968-超级抢购加补-家庭清洁-无-剪辑-转化引导-家庭清洁-20260601-无-625-1,李虹玉-XNY0271,2026-06-01 19:44:22
13449543401,CH-SC-低活-10180623171968-超级抢购加补-家庭清洁-无-剪辑-转化引导-家庭清洁-20260601-无-625-32,李虹玉-XNY0271,2026-06-01 19:44:22
13449544115,CH-SC-广义新-10148020537906-新综合京选-家用电器-京喜拉新-剪辑-转化引导-家用电器-20260601-反选品-625-10,李虹玉-XNY0271,2026-06-01 19:44:28
13449544388,CH-SC-广义新-10148020537906-新综合京选-家用电器-京喜拉新-剪辑-转化引导-家用电器-20260601-反选品-625-12,李虹玉-XNY0271,2026-06-01 19:44:31
13449544900,CH-SC-广义新-10148020537906-新综合京选-家用电器-京喜拉新-剪辑-转化引导-家用电器-20260601-反选品-625-14,李虹玉-XNY0271,2026-06-01 19:44:35
13449688143,CH-SC-广义新-10112115177356-新综合频道-粮油调味-京喜拉新-剪辑-转化引导-粮油调味-20260601-无-625-16,李虹玉-XNY0271,2026-06-01 20:06:16
13449689058,CH-SC-广义新-10112115177356-新综合频道-粮油调味-京喜拉新-剪辑-转化引导-粮油调味-20260601-无-625-18,李虹玉-XNY0271,2026-06-01 20:06:24
13449689807,CH-SC-广义新-10112115177356-新综合频道-粮油调味-京喜拉新-剪辑-转化引导-粮油调味-20260601-无-625-4,李虹玉-XNY0271,2026-06-01 20:06:32
13449689942,CH-SC-广义新-10112115177356-新综合频道-粮油调味-京喜拉新-剪辑-转化引导-粮油调味-20260601-无-625-3,李虹玉-XNY0271,2026-06-01 20:06:33
13449691475,CH-SC-广义新-10112115177356-新综合频道-粮油调味-京喜拉新-剪辑-转化引导-粮油调味-20260601-无-625-9,李虹玉-XNY0271,2026-06-01 20:06:46
13449692722,CH-SC-广义新-10112115177356-新综合频道-粮油调味-京喜拉新-剪辑-转化引导-粮油调味-20260601-无-625-14,李虹玉-XNY0271,2026-06-01 20:06:56
13471019464,CH-SC-广义新-10147901254587-新综合频道-家具-京喜拉新-剪辑-转化引导-家具-20260602-反向-625-sd-12,李虹玉-XNY0271,2026-06-03 21:25:53
13471019485,CH-SC-广义新-10147901254587-新综合频道-家具-京喜拉新-剪辑-转化引导-家具-20260602-反向-625-sd-14,李虹玉-XNY0271,2026-06-03 21:25:54
13471019683,CH-SC-广义新-10147901254587-新综合频道-家具-京喜拉新-剪辑-转化引导-家具-20260602-反向-625-sd-13,李虹玉-XNY0271,2026-06-03 21:25:57
13471019935,CH-SC-广义新-10147901254587-新综合频道-家具-京喜拉新-剪辑-转化引导-家具-20260602-反向-625-sd-15,李虹玉-XNY0271,2026-06-03 21:26:02
13471020219,CH-SC-广义新-10147901254587-新综合频道-家具-京喜拉新-剪辑-转化引导-家具-20260602-反向-625-sd-1,李虹玉-XNY0271,2026-06-03 21:26:06
13471020400,CH-SC-广义新-10147901254587-新综合频道-家具-京喜拉新-剪辑-转化引导-家具-20260602-反向-625-sd-2,李虹玉-XNY0271,2026-06-03 21:26:09
13471020600,CH-SC-广义新-10147901254587-新综合频道-家具-京喜拉新-剪辑-转化引导-家具-20260602-反向-625-sd-3,李虹玉-XNY0271,2026-06-03 21:26:13
13471020693,CH-SC-广义新-10147901254587-新综合频道-家具-京喜拉新-剪辑-转化引导-家具-20260602-反向-625-sd-5,李虹玉-XNY0271,2026-06-03 21:26:14
13471020819,CH-SC-广义新-10147901254587-新综合频道-家具-京喜拉新-剪辑-转化引导-家具-20260602-反向-625-sd-4,李虹玉-XNY0271,2026-06-03 21:26:17
13471020822,CH-SC-广义新-10147901254587-新综合频道-家具-京喜拉新-剪辑-转化引导-家具-20260602-反向-625-sd-6,李虹玉-XNY0271,2026-06-03 21:26:17
13471020944,CH-SC-广义新-10147901254587-新综合频道-家具-京喜拉新-剪辑-转化引导-家具-20260602-反向-625-sd-7,李虹玉-XNY0271,2026-06-03 21:26:18
13471021253,CH-SC-广义新-10147901254587-新综合频道-家具-京喜拉新-剪辑-转化引导-家具-20260602-反向-625-sd-8,李虹玉-XNY0271,2026-06-03 21:26:24
13471021272,CH-SC-广义新-10147901254587-新综合频道-家具-京喜拉新-剪辑-转化引导-家具-20260602-反向-625-sd-10,李虹玉-XNY0271,2026-06-03 21:26:24
13471021444,CH-SC-广义新-10147901254587-新综合频道-家具-京喜拉新-剪辑-转化引导-家具-20260602-反向-625-sd-9,李虹玉-XNY0271,2026-06-03 21:26:27
13471021543,CH-SC-广义新-10147901254587-新综合频道-家具-京喜拉新-剪辑-转化引导-家具-20260602-反向-625-sd-11,李虹玉-XNY0271,2026-06-03 21:26:29
13471021785,CH-SC-广义新-10207980850814-新综合频道-家用电器-京喜拉新-剪辑-转化引导-家用电器-20260602-反向-625-aigc-10,李虹玉-XNY0271,2026-06-03 21:26:32
13471021853,CH-SC-广义新-10207980850814-新综合频道-家用电器-京喜拉新-剪辑-转化引导-家用电器-20260602-反向-625-aigc-9,李虹玉-XNY0271,2026-06-03 21:26:33
13471021858,CH-SC-广义新-10207980850814-新综合频道-家用电器-京喜拉新-剪辑-转化引导-家用电器-20260602-反向-625-aigc-1,李虹玉-XNY0271,2026-06-03 21:26:33
13471022075,CH-SC-广义新-10219841541026-新综合频道-厨具-京喜拉新-剪辑-转化引导-厨具-20260602-反向-625-aigc-15,李虹玉-XNY0271,2026-06-03 21:26:37
13471022209,CH-SC-广义新-10219841541026-新综合频道-厨具-京喜拉新-剪辑-转化引导-厨具-20260602-反向-625-aigc-17,李虹玉-XNY0271,2026-06-03 21:26:40
13471022250,CH-SC-广义新-10219841541026-新综合频道-厨具-京喜拉新-剪辑-转化引导-厨具-20260602-反向-625-aigc-16,李虹玉-XNY0271,2026-06-03 21:26:40
13471022442,CH-SC-广义新-10219841541026-新综合频道-厨具-京喜拉新-剪辑-转化引导-厨具-20260602-反向-625-aigc-18,李虹玉-XNY0271,2026-06-03 21:26:42
13471022619,CH-SC-广义新-10219841541026-新综合频道-厨具-京喜拉新-剪辑-转化引导-厨具-20260602-反向-625-aigc-20,李虹玉-XNY0271,2026-06-03 21:26:45
13471022746,CH-SC-广义新-10219841541026-新综合频道-厨具-京喜拉新-剪辑-转化引导-厨具-20260602-反向-625-aigc-19,李虹玉-XNY0271,2026-06-03 21:26:47
13471022773,CH-SC-广义新-10219841541026-新综合频道-厨具-京喜拉新-剪辑-转化引导-厨具-20260602-反向-625-aigc-21,李虹玉-XNY0271,2026-06-03 21:26:48
13471022888,CH-SC-广义新-10219841541026-新综合频道-厨具-京喜拉新-剪辑-转化引导-厨具-20260602-反向-625-aigc-22,李虹玉-XNY0271,2026-06-03 21:26:50
13471023020,CH-SC-广义新-10219841541026-新综合频道-厨具-京喜拉新-剪辑-转化引导-厨具-20260602-反向-625-aigc-23,李虹玉-XNY0271,2026-06-03 21:26:52
13471023170,CH-SC-广义新-10219841541026-新综合频道-厨具-京喜拉新-剪辑-转化引导-厨具-20260602-反向-625-aigc-25,李虹玉-XNY0271,2026-06-03 21:26:54
13471023329,CH-SC-广义新-10219841541026-新综合频道-厨具-京喜拉新-剪辑-转化引导-厨具-20260602-反向-625-aigc-26,李虹玉-XNY0271,2026-06-03 21:26:57
13471023372,CH-SC-广义新-10219841541026-新综合频道-厨具-京喜拉新-剪辑-转化引导-厨具-20260602-反向-625-aigc-24,李虹玉-XNY0271,2026-06-03 21:26:57
13471023437,CH-SC-广义新-10219841541026-新综合频道-厨具-京喜拉新-剪辑-转化引导-厨具-20260602-反向-625-aigc-27,李虹玉-XNY0271,2026-06-03 21:26:58
13471023629,CH-SC-广义新-10219841541026-新综合频道-厨具-京喜拉新-剪辑-转化引导-厨具-20260602-反向-625-aigc-28,李虹玉-XNY0271,2026-06-03 21:27:02
13471023693,CH-SC-广义新-10219841541026-新综合频道-厨具-京喜拉新-剪辑-转化引导-厨具-20260602-反向-625-aigc-29,李虹玉-XNY0271,2026-06-03 21:27:03
13471023788,CH-SC-广义新-10219841541026-新综合频道-厨具-京喜拉新-剪辑-转化引导-厨具-20260602-反向-625-aigc-30,李虹玉-XNY0271,2026-06-03 21:27:04
13471023955,CH-SC-广义新-10219841541026-新综合频道-厨具-京喜拉新-剪辑-转化引导-厨具-20260602-反向-625-aigc-1,李虹玉-XNY0271,2026-06-03 21:27:07
13471024038,CH-SC-广义新-10219841541026-新综合频道-厨具-京喜拉新-剪辑-转化引导-厨具-20260602-反向-625-aigc-2,李虹玉-XNY0271,2026-06-03 21:27:08
13471024189,CH-SC-广义新-10219841541026-新综合频道-厨具-京喜拉新-剪辑-转化引导-厨具-20260602-反向-625-aigc-3,李虹玉-XNY0271,2026-06-03 21:27:11
13471024455,CH-SC-广义新-10219841541026-新综合频道-厨具-京喜拉新-剪辑-转化引导-厨具-20260602-反向-625-aigc-6,李虹玉-XNY0271,2026-06-03 21:27:15
13471024542,CH-SC-广义新-10219841541026-新综合频道-厨具-京喜拉新-剪辑-转化引导-厨具-20260602-反向-625-aigc-5,李虹玉-XNY0271,2026-06-03 21:27:17
13471024576,CH-SC-广义新-10219841541026-新综合频道-厨具-京喜拉新-剪辑-转化引导-厨具-20260602-反向-625-aigc-4,李虹玉-XNY0271,2026-06-03 21:27:17
13471024714,CH-SC-广义新-10219841541026-新综合频道-厨具-京喜拉新-剪辑-转化引导-厨具-20260602-反向-625-aigc-7,李虹玉-XNY0271,2026-06-03 21:27:20
13471025007,CH-SC-广义新-10219841541026-新综合频道-厨具-京喜拉新-剪辑-转化引导-厨具-20260602-反向-625-aigc-10,李虹玉-XNY0271,2026-06-03 21:27:25
13471025010,CH-SC-广义新-10219841541026-新综合频道-厨具-京喜拉新-剪辑-转化引导-厨具-20260602-反向-625-aigc-8,李虹玉-XNY0271,2026-06-03 21:27:25
13471025061,CH-SC-广义新-10219841541026-新综合频道-厨具-京喜拉新-剪辑-转化引导-厨具-20260602-反向-625-aigc-9,李虹玉-XNY0271,2026-06-03 21:27:26
13471025316,CH-SC-广义新-10219841541026-新综合频道-厨具-京喜拉新-剪辑-转化引导-厨具-20260602-反向-625-aigc-11,李虹玉-XNY0271,2026-06-03 21:27:30
13471025585,CH-SC-广义新-10219841541026-新综合频道-厨具-京喜拉新-剪辑-转化引导-厨具-20260602-反向-625-aigc-12,李虹玉-XNY0271,2026-06-03 21:27:35
13471025592,CH-SC-广义新-10219841541026-新综合频道-厨具-京喜拉新-剪辑-转化引导-厨具-20260602-反向-625-aigc-13,李虹玉-XNY0271,2026-06-03 21:27:35
13471025784,CH-SC-广义新-10219841541026-新综合频道-厨具-京喜拉新-剪辑-转化引导-厨具-20260602-反向-625-aigc-14,李虹玉-XNY0271,2026-06-03 21:27:38
13471026002,CH-SC-广义新-10207980850814-新综合频道-家用电器-京喜拉新-剪辑-转化引导-家用电器-20260602-反向-625-aigc-3,李虹玉-XNY0271,2026-06-03 21:27:42
13471026063,CH-SC-广义新-10207980850814-新综合频道-家用电器-京喜拉新-剪辑-转化引导-家用电器-20260602-反向-625-aigc-4,李虹玉-XNY0271,2026-06-03 21:27:43
13471026137,CH-SC-广义新-10207980850814-新综合频道-家用电器-京喜拉新-剪辑-转化引导-家用电器-20260602-反向-625-aigc-2,李虹玉-XNY0271,2026-06-03 21:27:44
13471026270,CH-SC-广义新-10207980850814-新综合频道-家用电器-京喜拉新-剪辑-转化引导-家用电器-20260602-反向-625-aigc-5,李虹玉-XNY0271,2026-06-03 21:27:46
13471026431,CH-SC-广义新-10207980850814-新综合频道-家用电器-京喜拉新-剪辑-转化引导-家用电器-20260602-反向-625-aigc-6,李虹玉-XNY0271,2026-06-03 21:27:49
13471026608,CH-SC-低活-10219841541026-超级抢购加补-厨具-无-剪辑-转化引导-厨具-20260602-无-625-18,李虹玉-XNY0271,2026-06-03 21:27:52
13471026686,CH-SC-广义新-10207980850814-新综合频道-家用电器-京喜拉新-剪辑-转化引导-家用电器-20260602-反向-625-aigc-7,李虹玉-XNY0271,2026-06-03 21:27:53
13471026793,CH-SC-低活-10219841541026-超级抢购加补-厨具-无-剪辑-转化引导-厨具-20260602-无-625-19,李虹玉-XNY0271,2026-06-03 21:27:55
13471027051,CH-SC-低活-10219841541026-超级抢购加补-厨具-无-剪辑-转化引导-厨具-20260602-无-625-21,李虹玉-XNY0271,2026-06-03 21:27:59
13471027745,CH-SC-低活-10219841541026-超级抢购加补-厨具-无-剪辑-转化引导-厨具-20260602-无-625-26,李虹玉-XNY0271,2026-06-03 21:28:11
13471029752,CH-SC-低活-10219841541026-超级抢购加补-厨具-无-剪辑-转化引导-厨具-20260602-无-625-2,李虹玉-XNY0271,2026-06-03 21:29:01
13471029836,CH-SC-低活-10219841541026-超级抢购加补-厨具-无-剪辑-转化引导-厨具-20260602-无-625-30,李虹玉-XNY0271,2026-06-03 21:29:03
13471029901,CH-SC-低活-10219841541026-超级抢购加补-厨具-无-剪辑-转化引导-厨具-20260602-无-625-3,李虹玉-XNY0271,2026-06-03 21:29:05
13471030370,CH-SC-低活-10219841541026-超级抢购加补-厨具-无-剪辑-转化引导-厨具-20260602-无-625-4,李虹玉-XNY0271,2026-06-03 21:29:17
13471030725,CH-SC-低活-10219841541026-超级抢购加补-厨具-无-剪辑-转化引导-厨具-20260602-无-625-7,李虹玉-XNY0271,2026-06-03 21:29:26
13471031001,CH-SC-低活-10219841541026-超级抢购加补-厨具-无-剪辑-转化引导-厨具-20260602-无-625-6,李虹玉-XNY0271,2026-06-03 21:29:34
13471031324,CH-SC-低活-10219841541026-超级抢购加补-厨具-无-剪辑-转化引导-厨具-20260602-无-625-1,李虹玉-XNY0271,2026-06-03 21:29:43
13471031591,CH-SC-低活-10219841541026-超级抢购加补-厨具-无-剪辑-转化引导-厨具-20260602-无-625-8,李虹玉-XNY0271,2026-06-03 21:29:49
13471032300,CH-SC-低活-10219841541026-超级抢购加补-厨具-无-剪辑-转化引导-厨具-20260602-无-625-9,李虹玉-XNY0271,2026-06-03 21:30:05
13471033061,CH-SC-低活-10219841541026-超级抢购加补-厨具-无-剪辑-转化引导-厨具-20260602-无-625-10,李虹玉-XNY0271,2026-06-03 21:30:22
13471035002,CH-SC-低活-10208725452905-超级抢购加补-家庭清洁-无-剪辑-转化引导-家庭清洁-20260603-无-625-kl-7,李虹玉-XNY0271,2026-06-03 21:31:08
13471035996,CH-SC-低活-10208725452905-超级抢购加补-家庭清洁-无-剪辑-转化引导-家庭清洁-20260603-无-625-kl-8,李虹玉-XNY0271,2026-06-03 21:31:26
13471036860,CH-SC-低活-10208725452905-超级抢购加补-家庭清洁-无-剪辑-转化引导-家庭清洁-20260603-无-625-kl-9,李虹玉-XNY0271,2026-06-03 21:31:40
13471036954,CH-SC-低活-10208725452905-超级抢购加补-家庭清洁-无-剪辑-转化引导-家庭清洁-20260603-无-625-kl-10,李虹玉-XNY0271,2026-06-03 21:31:42
13471038585,CH-SC-低活-10208725452905-超级抢购加补-家庭清洁-无-剪辑-转化引导-家庭清洁-20260603-无-625-kl-11,李虹玉-XNY0271,2026-06-03 21:32:05
13471038666,CH-SC-广义新-10167448599781-新综合频道-箱包皮具-无-剪辑-转化引导-箱包皮具-20260603-反向-625-aigc-8,李虹玉-XNY0271,2026-06-03 21:32:06
13471038789,CH-SC-广义新-10167448599781-新综合频道-箱包皮具-无-剪辑-转化引导-箱包皮具-20260603-反向-625-aigc-9,李虹玉-XNY0271,2026-06-03 21:32:08
13471039498,CH-SC-广义新-10141727004183-新综合频道-电脑-京喜拉新-剪辑-转化引导-电脑-20260603-反向-625-aigc5,李虹玉-XNY0271,2026-06-03 21:32:18
13471039598,CH-SC-广义新-10141727004183-新综合频道-电脑-京喜拉新-剪辑-转化引导-电脑-20260603-反向-625-aigc4,李虹玉-XNY0271,2026-06-03 21:32:20
13471039600,CH-SC-广义新-10141727004183-新综合频道-电脑-京喜拉新-剪辑-转化引导-电脑-20260603-反向-625-aigc3,李虹玉-XNY0271,2026-06-03 21:32:20
13471040466,CH-SC-广义新-10141727004183-新综合频道-电脑-京喜拉新-剪辑-转化引导-电脑-20260603-反向-625-aigc8,李虹玉-XNY0271,2026-06-03 21:32:33
13471040565,CH-SC-广义新-10141727004183-新综合频道-电脑-京喜拉新-剪辑-转化引导-电脑-20260603-反向-625-aigc6,李虹玉-XNY0271,2026-06-03 21:32:34
13471040697,CH-SC-广义新-10141727004183-新综合频道-电脑-京喜拉新-剪辑-转化引导-电脑-20260603-反向-625-aigc7,李虹玉-XNY0271,2026-06-03 21:32:35
13471041722,CH-SC-广义新-10141727004183-新综合频道-电脑-京喜拉新-剪辑-转化引导-电脑-20260603-反向-625-aigc10,李虹玉-XNY0271,2026-06-03 21:32:49
13471041780,CH-SC-广义新-10141727004183-新综合频道-电脑-京喜拉新-剪辑-转化引导-电脑-20260603-反向-625-aigc9,李虹玉-XNY0271,2026-06-03 21:32:49
13471042536,CH-SC-广义新-10141727004183-新综合频道-电脑-京喜拉新-剪辑-转化引导-电脑-20260603-反向-625-aigc1,李虹玉-XNY0271,2026-06-03 21:32:58
13471043466,CH-SC-广义新-10141727004183-新综合频道-电脑-京喜拉新-剪辑-转化引导-电脑-20260603-反向-625-aigc2,李虹玉-XNY0271,2026-06-03 21:33:10
13471043486,CH-SC-广义新-10167448599781-新综合频道-箱包皮具-无-剪辑-转化引导-箱包皮具-20260603-反向-625-aigc-10,李虹玉-XNY0271,2026-06-03 21:33:11
13471043820,CH-SC-广义新-10167448599781-新综合频道-箱包皮具-无-剪辑-转化引导-箱包皮具-20260603-反向-625-aigc-11,李虹玉-XNY0271,2026-06-03 21:33:15
13471045132,CH-SC-广义新-10167448599781-新综合频道-箱包皮具-无-剪辑-转化引导-箱包皮具-20260603-反向-625-aigc-14,李虹玉-XNY0271,2026-06-03 21:33:31
13471045292,CH-SC-广义新-10167448599781-新综合频道-箱包皮具-无-剪辑-转化引导-箱包皮具-20260603-反向-625-aigc-12,李虹玉-XNY0271,2026-06-03 21:33:33
13471045955,CH-SC-广义新-10167448599781-新综合频道-箱包皮具-无-剪辑-转化引导-箱包皮具-20260603-反向-625-aigc-13,李虹玉-XNY0271,2026-06-03 21:33:41
13471046652,CH-SC-广义新-10167448599781-新综合频道-箱包皮具-无-剪辑-转化引导-箱包皮具-20260603-反向-625-aigc-1,李虹玉-XNY0271,2026-06-03 21:33:51
13471046760,CH-SC-广义新-10167448599781-新综合频道-箱包皮具-无-剪辑-转化引导-箱包皮具-20260603-反向-625-aigc-15,李虹玉-XNY0271,2026-06-03 21:33:52
13471047408,CH-SC-广义新-10167448599781-新综合频道-箱包皮具-无-剪辑-转化引导-箱包皮具-20260603-反向-625-aigc-2,李虹玉-XNY0271,2026-06-03 21:34:00
13471047629,CH-SC-广义新-10167448599781-新综合频道-箱包皮具-无-剪辑-转化引导-箱包皮具-20260603-反向-625-aigc-3,李虹玉-XNY0271,2026-06-03 21:34:03
13471048067,CH-SC-广义新-10167448599781-新综合频道-箱包皮具-无-剪辑-转化引导-箱包皮具-20260603-反向-625-aigc-4,李虹玉-XNY0271,2026-06-03 21:34:08
13471048606,CH-SC-广义新-10167448599781-新综合频道-箱包皮具-无-剪辑-转化引导-箱包皮具-20260603-反向-625-aigc-5,李虹玉-XNY0271,2026-06-03 21:34:15
13471049013,CH-SC-广义新-10167448599781-新综合频道-箱包皮具-无-剪辑-转化引导-箱包皮具-20260603-反向-625-aigc-6,李虹玉-XNY0271,2026-06-03 21:34:20
13471049791,CH-SC-广义新-10167448599781-新综合频道-箱包皮具-无-剪辑-转化引导-箱包皮具-20260603-反向-625-aigc-7,李虹玉-XNY0271,2026-06-03 21:34:30
13471052837,CH-SC-低活-10215767576641-好价清单-生鲜-无-剪辑-转化引导-生鲜-20260603-无-625-2,李虹玉-XNY0271,2026-06-03 21:35:07
13471054282,CH-SC-低活-10208725452905-超级抢购加补-家庭清洁-无-剪辑-转化引导-家庭清洁-20260603-无-625-kl-2,李虹玉-XNY0271,2026-06-03 21:35:25
13471054498,CH-SC-低活-10208725452905-超级抢购加补-家庭清洁-无-剪辑-转化引导-家庭清洁-20260603-无-625-kl-12,李虹玉-XNY0271,2026-06-03 21:35:28
13471055592,CH-SC-低活-10208725452905-超级抢购加补-家庭清洁-无-剪辑-转化引导-家庭清洁-20260603-无-625-kl-1,李虹玉-XNY0271,2026-06-03 21:35:41
13471055628,CH-SC-低活-10208725452905-超级抢购加补-家庭清洁-无-剪辑-转化引导-家庭清洁-20260603-无-625-kl-4,李虹玉-XNY0271,2026-06-03 21:35:41
13471055842,CH-SC-低活-10208725452905-超级抢购加补-家庭清洁-无-剪辑-转化引导-家庭清洁-20260603-无-625-kl-3,李虹玉-XNY0271,2026-06-03 21:35:43
13471056452,CH-SC-低活-10208725452905-超级抢购加补-家庭清洁-无-剪辑-转化引导-家庭清洁-20260603-无-625-kl-5,李虹玉-XNY0271,2026-06-03 21:35:52
13471057528,CH-SC-低活-10208725452905-超级抢购加补-家庭清洁-无-剪辑-转化引导-家庭清洁-20260603-无-625-kl-6,李虹玉-XNY0271,2026-06-03 21:36:06
13471057603,CH-SC-低活-10147800266661-超级抢购加补-家庭清洁-无-剪辑-转化引导-家庭清洁-20260603-无-625-8,李虹玉-XNY0271,2026-06-03 21:36:06
13471057795,CH-SC-低活-10147800266661-超级抢购加补-家庭清洁-无-剪辑-转化引导-家庭清洁-20260603-无-625-7,李虹玉-XNY0271,2026-06-03 21:36:08
13471058222,CH-SC-低活-10147800266661-超级抢购加补-家庭清洁-无-剪辑-转化引导-家庭清洁-20260603-无-625-9,李虹玉-XNY0271,2026-06-03 21:36:14
13471058505,CH-SC-低活-10147800266661-超级抢购加补-家庭清洁-无-剪辑-转化引导-家庭清洁-20260603-无-625-1,李虹玉-XNY0271,2026-06-03 21:36:17
13471058767,CH-SC-低活-10147800266661-超级抢购加补-家庭清洁-无-剪辑-转化引导-家庭清洁-20260603-无-625-2,李虹玉-XNY0271,2026-06-03 21:36:21
13471059312,CH-SC-低活-10147800266661-超级抢购加补-家庭清洁-无-剪辑-转化引导-家庭清洁-20260603-无-625-10,李虹玉-XNY0271,2026-06-03 21:36:27
13471059670,CH-SC-低活-10147800266661-超级抢购加补-家庭清洁-无-剪辑-转化引导-家庭清洁-20260603-无-625-4,李虹玉-XNY0271,2026-06-03 21:36:32
13471059719,CH-SC-低活-10147800266661-超级抢购加补-家庭清洁-无-剪辑-转化引导-家庭清洁-20260603-无-625-3,李虹玉-XNY0271,2026-06-03 21:36:33
13471060265,CH-SC-低活-10147800266661-超级抢购加补-家庭清洁-无-剪辑-转化引导-家庭清洁-20260603-无-625-6,李虹玉-XNY0271,2026-06-03 21:36:39
13471060816,CH-SC-低活-10111503686444-超级抢购加补-纸品-无-剪辑-转化引导-纸品-20260603-无-625-kl-7,李虹玉-XNY0271,2026-06-03 21:36:47
13471060861,CH-SC-低活-10111503686444-超级抢购加补-纸品-无-剪辑-转化引导-纸品-20260603-无-625-kl-6,李虹玉-XNY0271,2026-06-03 21:36:47
13471060906,CH-SC-低活-10147800266661-超级抢购加补-家庭清洁-无-剪辑-转化引导-家庭清洁-20260603-无-625-5,李虹玉-XNY0271,2026-06-03 21:36:48
13471061383,CH-SC-低活-10111503686444-超级抢购加补-纸品-无-剪辑-转化引导-纸品-20260603-无-625-kl-9,李虹玉-XNY0271,2026-06-03 21:36:54
13471061824,CH-SC-低活-10111503686444-超级抢购加补-纸品-无-剪辑-转化引导-纸品-20260603-无-625-kl-8,李虹玉-XNY0271,2026-06-03 21:36:59
13471061983,CH-SC-低活-10111503686444-超级抢购加补-纸品-无-剪辑-转化引导-纸品-20260603-无-625-kl-10,李虹玉-XNY0271,2026-06-03 21:37:02
13471062013,CH-SC-低活-10111503686444-超级抢购加补-纸品-无-剪辑-转化引导-纸品-20260603-无-625-kl-11,李虹玉-XNY0271,2026-06-03 21:37:02
13471062243,CH-SC-低活-10111503686444-超级抢购加补-纸品-无-剪辑-转化引导-纸品-20260603-无-625-kl-12,李虹玉-XNY0271,2026-06-03 21:37:06
13471062831,CH-SC-低活-10111503686444-超级抢购加补-纸品-无-剪辑-转化引导-纸品-20260603-无-625-kl-15,李虹玉-XNY0271,2026-06-03 21:37:13
13471063003,CH-SC-低活-10111503686444-超级抢购加补-纸品-无-剪辑-转化引导-纸品-20260603-无-625-kl-13,李虹玉-XNY0271,2026-06-03 21:37:16
13471063026,CH-SC-低活-10111503686444-超级抢购加补-纸品-无-剪辑-转化引导-纸品-20260603-无-625-kl-14,李虹玉-XNY0271,2026-06-03 21:37:16
13471063264,CH-SC-低活-10111503686444-超级抢购加补-纸品-无-剪辑-转化引导-纸品-20260603-无-625-kl-16,李虹玉-XNY0271,2026-06-03 21:37:19
13471063521,CH-SC-低活-10111503686444-超级抢购加补-纸品-无-剪辑-转化引导-纸品-20260603-无-625-kl-18,李虹玉-XNY0271,2026-06-03 21:37:23
13471064215,CH-SC-低活-10111503686444-超级抢购加补-纸品-无-剪辑-转化引导-纸品-20260603-无-625-kl-17,李虹玉-XNY0271,2026-06-03 21:37:32
13471064506,CH-SC-低活-10111503686444-超级抢购加补-纸品-无-剪辑-转化引导-纸品-20260603-无-625-kl-1,李虹玉-XNY0271,2026-06-03 21:37:35
13471064516,CH-SC-低活-10111503686444-超级抢购加补-纸品-无-剪辑-转化引导-纸品-20260603-无-625-kl-19,李虹玉-XNY0271,2026-06-03 21:37:35
13471064731,CH-SC-低活-10111503686444-超级抢购加补-纸品-无-剪辑-转化引导-纸品-20260603-无-625-kl-2,李虹玉-XNY0271,2026-06-03 21:37:38
13471065210,CH-SC-低活-10111503686444-超级抢购加补-纸品-无-剪辑-转化引导-纸品-20260603-无-625-kl-4,李虹玉-XNY0271,2026-06-03 21:37:44
13471065329,CH-SC-低活-10111503686444-超级抢购加补-纸品-无-剪辑-转化引导-纸品-20260603-无-625-kl-3,李虹玉-XNY0271,2026-06-03 21:37:46
13471065503,CH-SC-低活-10111503686444-超级抢购加补-纸品-无-剪辑-转化引导-纸品-20260603-无-625-kl-5,李虹玉-XNY0271,2026-06-03 21:37:49
13471066198,CH-SC-低活-10219841541026-超级抢购加补-厨具-无-剪辑-转化引导-厨具-20260602-无-625-12,李虹玉-XNY0271,2026-06-03 21:37:58
13471066670,CH-SC-低活-10219841541026-超级抢购加补-厨具-无-剪辑-转化引导-厨具-20260602-无-625-13,李虹玉-XNY0271,2026-06-03 21:38:05
13471066709,CH-SC-低活-10219841541026-超级抢购加补-厨具-无-剪辑-转化引导-厨具-20260602-无-625-14,李虹玉-XNY0271,2026-06-03 21:38:05
13471066844,CH-SC-低活-10219841541026-超级抢购加补-厨具-无-剪辑-转化引导-厨具-20260602-无-625-15,李虹玉-XNY0271,2026-06-03 21:38:07
13471068143,CH-SC-广义新-10207980850814-新综合频道-家用电器-京喜拉新-剪辑-转化引导-家用电器-20260602-反向-625-aigc-8,李虹玉-XNY0271,2026-06-03 21:38:25
13471068253,CH-SC-低活-10219841541026-超级抢购加补-厨具-无-剪辑-转化引导-厨具-20260602-无-625-16,李虹玉-XNY0271,2026-06-03 21:38:27
13471069395,CH-SC-广义新-10136363822650-新综合频道-家庭清洁-京喜拉新-剪辑-转化引导-家庭清洁-20260602-反向-625-aigc-4,李虹玉-XNY0271,2026-06-03 21:38:41
13471069427,CH-SC-广义新-10136363822650-新综合频道-家庭清洁-京喜拉新-剪辑-转化引导-家庭清洁-20260602-反向-625-aigc-3,李虹玉-XNY0271,2026-06-03 21:38:42
13471069673,CH-SC-广义新-10136363822650-新综合频道-家庭清洁-京喜拉新-剪辑-转化引导-家庭清洁-20260602-反向-625-aigc-5,李虹玉-XNY0271,2026-06-03 21:38:45
13471070035,CH-SC-广义新-10136363822650-新综合频道-家庭清洁-京喜拉新-剪辑-转化引导-家庭清洁-20260602-反向-625-1,李虹玉-XNY0271,2026-06-03 21:38:51
13471070253,CH-SC-广义新-10136363822650-新综合频道-家庭清洁-京喜拉新-剪辑-转化引导-家庭清洁-20260602-反向-625-aigc-6,李虹玉-XNY0271,2026-06-03 21:38:53
13471070287,CH-SC-广义新-10136363822650-新综合频道-家庭清洁-京喜拉新-剪辑-转化引导-家庭清洁-20260602-反向-625-3,李虹玉-XNY0271,2026-06-03 21:38:54
13471070415,CH-SC-广义新-10136363822650-新综合频道-家庭清洁-京喜拉新-剪辑-转化引导-家庭清洁-20260602-反向-625-2,李虹玉-XNY0271,2026-06-03 21:38:56
13471070612,CH-SC-广义新-10136363822650-新综合频道-家庭清洁-京喜拉新-剪辑-转化引导-家庭清洁-20260602-反向-625-4,李虹玉-XNY0271,2026-06-03 21:38:59
13471071091,CH-SC-广义新-10212098735618-新综合频道-厨具-京喜拉新-剪辑-转化引导-厨具-20260602-无-625-7,李虹玉-XNY0271,2026-06-03 21:39:06
13471071527,CH-SC-广义新-10136363822650-新综合频道-家庭清洁-京喜拉新-剪辑-转化引导-家庭清洁-20260602-反向-625-aigc-2,李虹玉-XNY0271,2026-06-03 21:39:12
13471071598,CH-SC-广义新-10136363822650-新综合频道-家庭清洁-京喜拉新-剪辑-转化引导-家庭清洁-20260602-反向-625-aigc-1,李虹玉-XNY0271,2026-06-03 21:39:13
13471072597,CH-SC-广义新-10212098735618-新综合频道-厨具-京喜拉新-剪辑-转化引导-厨具-20260602-无-625-aigc-2,李虹玉-XNY0271,2026-06-03 21:39:27
13471072650,CH-SC-广义新-10212098735618-新综合频道-厨具-京喜拉新-剪辑-转化引导-厨具-20260602-无-625-aigc-1,李虹玉-XNY0271,2026-06-03 21:39:28
13471072821,CH-SC-广义新-10212098735618-新综合频道-厨具-京喜拉新-剪辑-转化引导-厨具-20260602-无-625-aigc-3,李虹玉-XNY0271,2026-06-03 21:39:30
13471073363,CH-SC-广义新-10212098735618-新综合频道-厨具-京喜拉新-剪辑-转化引导-厨具-20260602-无-625-aigc-4,李虹玉-XNY0271,2026-06-03 21:39:38
13471073887,CH-SC-广义新-10212098735618-新综合频道-厨具-京喜拉新-剪辑-转化引导-厨具-20260602-无-625-aigc-5,李虹玉-XNY0271,2026-06-03 21:39:45
13471074401,CH-SC-广义新-10212098735618-新综合频道-厨具-京喜拉新-剪辑-转化引导-厨具-20260602-无-625-aigc-7,李虹玉-XNY0271,2026-06-03 21:39:52
13471074432,CH-SC-广义新-10212098735618-新综合频道-厨具-京喜拉新-剪辑-转化引导-厨具-20260602-无-625-aigc-6,李虹玉-XNY0271,2026-06-03 21:39:52
13471074552,CH-SC-广义新-10212098735618-新综合频道-厨具-京喜拉新-剪辑-转化引导-厨具-20260602-无-625-1,李虹玉-XNY0271,2026-06-03 21:39:54
13471074729,CH-SC-广义新-10212098735618-新综合频道-厨具-京喜拉新-剪辑-转化引导-厨具-20260602-无-625-2,李虹玉-XNY0271,2026-06-03 21:39:56
13471074827,CH-SC-广义新-10212098735618-新综合频道-厨具-京喜拉新-剪辑-转化引导-厨具-20260602-无-625-3,李虹玉-XNY0271,2026-06-03 21:39:57
13471074971,CH-SC-广义新-10212098735618-新综合频道-厨具-京喜拉新-剪辑-转化引导-厨具-20260602-无-625-4,李虹玉-XNY0271,2026-06-03 21:39:58
13471075114,CH-SC-广义新-10212098735618-新综合频道-厨具-京喜拉新-剪辑-转化引导-厨具-20260602-无-625-5,李虹玉-XNY0271,2026-06-03 21:40:00
13471075287,CH-SC-广义新-10212098735618-新综合频道-厨具-京喜拉新-剪辑-转化引导-厨具-20260602-无-625-6,李虹玉-XNY0271,2026-06-03 21:40:02
13473089022,CH-SC-广义新-10178972483734-新综合频道-生鲜-无-剪辑-转化引导-生鲜-20260603-反向-625-1,李虹玉-XNY0271,2026-06-04 10:00:03
13473093004,CH-SC-广义新-10178972483734-新综合频道-生鲜-无-剪辑-转化引导-生鲜-20260603-反向-625-2,李虹玉-XNY0271,2026-06-04 10:00:15
13476873025,CH-SC-广义新-10178972483734-新综合频道-生鲜-无-剪辑-转化引导-生鲜-20260604-反向-625-2,李虹玉-XNY0271,2026-06-04 15:09:57
13476875363,CH-SC-广义新-10178972483734-新综合频道-生鲜-无-剪辑-转化引导-生鲜-20260604-反向-625-4,李虹玉-XNY0271,2026-06-04 15:10:04
13476875997,CH-SC-广义新-10178972483734-新综合频道-生鲜-无-剪辑-转化引导-生鲜-20260604-反向-625-3,李虹玉-XNY0271,2026-06-04 15:10:06
13476876306,CH-SC-广义新-10178972483734-新综合频道-生鲜-无-剪辑-转化引导-生鲜-20260604-反向-625-5,李虹玉-XNY0271,2026-06-04 15:10:07
13476878318,CH-SC-广义新-10178972483734-新综合频道-生鲜-无-剪辑-转化引导-生鲜-20260604-反向-625-6,李虹玉-XNY0271,2026-06-04 15:10:13
13476879650,CH-SC-广义新-10178972483734-新综合频道-生鲜-无-剪辑-转化引导-生鲜-20260604-反向-625-1,李虹玉-XNY0271,2026-06-04 15:10:18
13476894705,CH-SC-广义新-10155933569002-新综合频道-生鲜-无-剪辑-转化引导-生鲜-20260604-无-625-1,李虹玉-XNY0271,2026-06-04 15:11:09
13476896163,CH-SC-广义新-10155933569002-新综合频道-生鲜-无-剪辑-转化引导-生鲜-20260604-无-625-3,李虹玉-XNY0271,2026-06-04 15:11:14
13476897097,CH-SC-广义新-10155933569002-新综合频道-生鲜-无-剪辑-转化引导-生鲜-20260604-无-625-4,李虹玉-XNY0271,2026-06-04 15:11:17
13476898985,CH-SC-广义新-10155933569002-新综合频道-生鲜-无-剪辑-转化引导-生鲜-20260604-无-625-5,李虹玉-XNY0271,2026-06-04 15:11:23
13476899256,CH-SC-广义新-10155933569002-新综合频道-生鲜-无-剪辑-转化引导-生鲜-20260604-无-625-7,李虹玉-XNY0271,2026-06-04 15:11:24
13476900496,CH-SC-广义新-10155933569002-新综合频道-生鲜-无-剪辑-转化引导-生鲜-20260604-无-625-6,李虹玉-XNY0271,2026-06-04 15:11:28
13476903090,CH-SC-广义新-10155933569002-新综合频道-生鲜-无-剪辑-转化引导-生鲜-20260604-无-625-9,李虹玉-XNY0271,2026-06-04 15:11:37
13476903662,CH-SC-广义新-10155933569002-新综合频道-生鲜-无-剪辑-转化引导-生鲜-20260604-无-625-11,李虹玉-XNY0271,2026-06-04 15:11:39
13476905662,CH-SC-广义新-10178972483734-新综合频道-生鲜-无-剪辑-转化引导-生鲜-20260604-反向-625-3,李虹玉-XNY0271,2026-06-04 15:11:46
13476906308,CH-SC-广义新-10178972483734-新综合频道-生鲜-无-剪辑-转化引导-生鲜-20260604-反向-625-2,李虹玉-XNY0271,2026-06-04 15:11:48
13476906789,CH-SC-广义新-10178972483734-新综合频道-生鲜-无-剪辑-转化引导-生鲜-20260604-反向-625-4,李虹玉-XNY0271,2026-06-04 15:11:50
13476908459,CH-SC-广义新-10178972483734-新综合频道-生鲜-无-剪辑-转化引导-生鲜-20260604-反向-625-6,李虹玉-XNY0271,2026-06-04 15:11:56
13476909374,CH-SC-广义新-10178972483734-新综合频道-生鲜-无-剪辑-转化引导-生鲜-20260604-反向-625-5,李虹玉-XNY0271,2026-06-04 15:11:59
13476909823,CH-SC-广义新-10178972483734-新综合频道-生鲜-无-剪辑-转化引导-生鲜-20260604-反向-625-1,李虹玉-XNY0271,2026-06-04 15:12:01
13480658402,CH-SC-广义新-无-新10元话费券-10元话费券-京喜拉新-剪辑-转化引导-10元话费券-20260604-无-625-4,李虹玉-XNY0271,2026-06-04 19:39:21
13480659090,CH-SC-广义新-无-新10元话费券-10元话费券-京喜拉新-剪辑-转化引导-10元话费券-20260604-无-625-8,李虹玉-XNY0271,2026-06-04 19:39:26
13480667866,CH-SC-低活-10111392883379-超级抢购加补-五金-无-剪辑-转化引导-五金-20260604-无-625-4,李虹玉-XNY0271,2026-06-04 19:40:30
13480669840,CH-SC-低活-10111392883379-超级抢购加补-五金-无-剪辑-转化引导-五金-20260604-无-625-7,李虹玉-XNY0271,2026-06-04 19:40:43
13480670102,CH-SC-低活-10111392883379-超级抢购加补-五金-无-剪辑-转化引导-五金-20260604-无-625-6,李虹玉-XNY0271,2026-06-04 19:40:44
13480670184,CH-SC-低活-10111392883379-超级抢购加补-五金-无-剪辑-转化引导-五金-20260604-无-625-5,李虹玉-XNY0271,2026-06-04 19:40:45
13480671760,CH-SC-低活-10111392883379-超级抢购加补-五金-无-剪辑-转化引导-五金-20260604-无-625-8,李虹玉-XNY0271,2026-06-04 19:40:55
13480672571,CH-SC-低活-10111392883379-超级抢购加补-五金-无-剪辑-转化引导-五金-20260604-无-625-10,李虹玉-XNY0271,2026-06-04 19:41:00
13480673241,CH-SC-低活-10111392883379-超级抢购加补-五金-无-剪辑-转化引导-五金-20260604-无-625-9,李虹玉-XNY0271,2026-06-04 19:41:04
13480673739,CH-SC-低活-10111392883379-超级抢购加补-五金-无-剪辑-转化引导-五金-20260604-无-625-11,李虹玉-XNY0271,2026-06-04 19:41:07
13480674934,CH-SC-低活-10111392883379-超级抢购加补-五金-无-剪辑-转化引导-五金-20260604-无-625-13,李虹玉-XNY0271,2026-06-04 19:41:14
13480676837,CH-SC-低活-10111392883379-超级抢购加补-五金-无-剪辑-转化引导-五金-20260604-无-625-14,李虹玉-XNY0271,2026-06-04 19:41:26
13480676899,CH-SC-低活-10111392883379-超级抢购加补-五金-无-剪辑-转化引导-五金-20260604-无-625-12,李虹玉-XNY0271,2026-06-04 19:41:26
13480676954,CH-SC-低活-10111392883379-超级抢购加补-五金-无-剪辑-转化引导-五金-20260604-无-625-1,李虹玉-XNY0271,2026-06-04 19:41:27
13480677889,CH-SC-低活-10111392883379-超级抢购加补-五金-无-剪辑-转化引导-五金-20260604-无-625-2,李虹玉-XNY0271,2026-06-04 19:41:32
13480678803,CH-SC-低活-10111392883379-超级抢购加补-五金-无-剪辑-转化引导-五金-20260604-无-625-3,李虹玉-XNY0271,2026-06-04 19:41:37
13480765978,CH-SC-广义新-10150604147722-新综合频道-箱包皮具-京喜拉新-剪辑-转化引导-箱包皮具-20260604-反向-625-2,李虹玉-XNY0271,2026-06-04 19:53:08
13480766654,CH-SC-广义新-10150604147722-新综合频道-箱包皮具-京喜拉新-剪辑-转化引导-箱包皮具-20260604-反向-625-5,李虹玉-XNY0271,2026-06-04 19:53:14
13480766982,CH-SC-广义新-10150604147722-新综合频道-箱包皮具-京喜拉新-剪辑-转化引导-箱包皮具-20260604-反向-625-4,李虹玉-XNY0271,2026-06-04 19:53:16
13480767226,CH-SC-广义新-10150604147722-新综合频道-箱包皮具-京喜拉新-剪辑-转化引导-箱包皮具-20260604-反向-625-7,李虹玉-XNY0271,2026-06-04 19:53:18
13480767628,CH-SC-广义新-10150604147722-新综合频道-箱包皮具-京喜拉新-剪辑-转化引导-箱包皮具-20260604-反向-625-8,李虹玉-XNY0271,2026-06-04 19:53:21
13480767966,CH-SC-广义新-10150604147722-新综合频道-箱包皮具-京喜拉新-剪辑-转化引导-箱包皮具-20260604-反向-625-9,李虹玉-XNY0271,2026-06-04 19:53:25
13480768122,CH-SC-广义新-10150604147722-新综合频道-箱包皮具-京喜拉新-剪辑-转化引导-箱包皮具-20260604-反向-625-11,李虹玉-XNY0271,2026-06-04 19:53:26
13480768731,CH-SC-广义新-10163098387028-新综合频道-家用电器-京喜拉新-剪辑-转化引导-家用电器-20260604-无-625-3,李虹玉-XNY0271,2026-06-04 19:53:32
13480769853,CH-SC-广义新-10163098387028-新综合频道-家用电器-京喜拉新-剪辑-转化引导-家用电器-20260604-无-625-8,李虹玉-XNY0271,2026-06-04 19:53:41
13480770272,CH-SC-广义新-10163098387028-新综合频道-家用电器-京喜拉新-剪辑-转化引导-家用电器-20260604-无-625-9,李虹玉-XNY0271,2026-06-04 19:53:45
13480770403,CH-SC-广义新-10163098387028-新综合频道-家用电器-京喜拉新-剪辑-转化引导-家用电器-20260604-无-625-1,李虹玉-XNY0271,2026-06-04 19:53:46
13480771946,CH-SC-广义新-10219841541026-新综合频道-厨具-京喜拉新-剪辑-转化引导-厨具-20260604-反向-625-15,李虹玉-XNY0271,2026-06-04 19:53:59
13480772564,CH-SC-广义新-10219841541026-新综合频道-厨具-京喜拉新-剪辑-转化引导-厨具-20260604-反向-625-1,李虹玉-XNY0271,2026-06-04 19:54:05
13480772700,CH-SC-广义新-10219841541026-新综合频道-厨具-京喜拉新-剪辑-转化引导-厨具-20260604-反向-625-3,李虹玉-XNY0271,2026-06-04 19:54:06
13480772751,CH-SC-广义新-10219841541026-新综合频道-厨具-京喜拉新-剪辑-转化引导-厨具-20260604-反向-625-2,李虹玉-XNY0271,2026-06-04 19:54:06
13480773066,CH-SC-广义新-10219841541026-新综合频道-厨具-京喜拉新-剪辑-转化引导-厨具-20260604-反向-625-4,李虹玉-XNY0271,2026-06-04 19:54:09
13480773430,CH-SC-广义新-10219841541026-新综合频道-厨具-京喜拉新-剪辑-转化引导-厨具-20260604-反向-625-5,李虹玉-XNY0271,2026-06-04 19:54:12
13480773589,CH-SC-广义新-10219841541026-新综合频道-厨具-京喜拉新-剪辑-转化引导-厨具-20260604-反向-625-6,李虹玉-XNY0271,2026-06-04 19:54:13
13480773857,CH-SC-广义新-10219841541026-新综合频道-厨具-京喜拉新-剪辑-转化引导-厨具-20260604-反向-625-7,李虹玉-XNY0271,2026-06-04 19:54:15
13480774437,CH-SC-广义新-10219841541026-新综合频道-厨具-京喜拉新-剪辑-转化引导-厨具-20260604-反向-625-10,李虹玉-XNY0271,2026-06-04 19:54:21
13480774499,CH-SC-广义新-10219841541026-新综合频道-厨具-京喜拉新-剪辑-转化引导-厨具-20260604-反向-625-8,李虹玉-XNY0271,2026-06-04 19:54:21
13480774602,CH-SC-广义新-10219841541026-新综合频道-厨具-京喜拉新-剪辑-转化引导-厨具-20260604-反向-625-9,李虹玉-XNY0271,2026-06-04 19:54:22
13480775223,CH-SC-广义新-10219841541026-新综合频道-厨具-京喜拉新-剪辑-转化引导-厨具-20260604-反向-625-12,李虹玉-XNY0271,2026-06-04 19:54:27
13480775507,CH-SC-广义新-10219841541026-新综合频道-厨具-京喜拉新-剪辑-转化引导-厨具-20260604-反向-625-13,李虹玉-XNY0271,2026-06-04 19:54:29
13480775677,CH-SC-广义新-10219841541026-新综合频道-厨具-京喜拉新-剪辑-转化引导-厨具-20260604-反向-625-11,李虹玉-XNY0271,2026-06-04 19:54:30
13480776040,CH-SC-广义新-10219841541026-新综合频道-厨具-京喜拉新-剪辑-转化引导-厨具-20260604-反向-625-14,李虹玉-XNY0271,2026-06-04 19:54:32
13486880647,CH-SC-广义新-无-新10元话费券-10元话费券-京喜拉新-剪辑-转化引导-10元话费券-20260605-无-625-21,李虹玉-XNY0271,2026-06-05 14:25:20
13486880867,CH-SC-广义新-无-新10元话费券-10元话费券-京喜拉新-剪辑-转化引导-10元话费券-20260605-无-625-20,李虹玉-XNY0271,2026-06-05 14:25:21
13486880936,CH-SC-广义新-无-新10元话费券-10元话费券-京喜拉新-剪辑-转化引导-10元话费券-20260605-无-625-19,李虹玉-XNY0271,2026-06-05 14:25:21
13486881646,CH-SC-广义新-无-新10元话费券-10元话费券-京喜拉新-剪辑-转化引导-10元话费券-20260605-无-625-22,李虹玉-XNY0271,2026-06-05 14:25:23
13486881864,CH-SC-广义新-无-新10元话费券-10元话费券-京喜拉新-剪辑-转化引导-10元话费券-20260605-无-625-23,李虹玉-XNY0271,2026-06-05 14:25:24
13486881965,CH-SC-广义新-无-新10元话费券-10元话费券-京喜拉新-剪辑-转化引导-10元话费券-20260605-无-625-24,李虹玉-XNY0271,2026-06-05 14:25:24
13486882714,CH-SC-广义新-无-新10元话费券-10元话费券-京喜拉新-剪辑-转化引导-10元话费券-20260605-无-625-25,李虹玉-XNY0271,2026-06-05 14:25:27
13486882744,CH-SC-广义新-无-新10元话费券-10元话费券-京喜拉新-剪辑-转化引导-10元话费券-20260605-无-625-27,李虹玉-XNY0271,2026-06-05 14:25:27
13486882768,CH-SC-广义新-无-新10元话费券-10元话费券-京喜拉新-剪辑-转化引导-10元话费券-20260605-无-625-26,李虹玉-XNY0271,2026-06-05 14:25:27
13486884584,CH-SC-广义新-无-新10元话费券-10元话费券-京喜拉新-剪辑-转化引导-10元话费券-20260605-无-625-3,李虹玉-XNY0271,2026-06-05 14:25:33
13486885161,CH-SC-广义新-无-新10元话费券-10元话费券-京喜拉新-剪辑-转化引导-10元话费券-20260605-无-625-2,李虹玉-XNY0271,2026-06-05 14:25:34
13486885202,CH-SC-广义新-无-新10元话费券-10元话费券-京喜拉新-剪辑-转化引导-10元话费券-20260605-无-625-4,李虹玉-XNY0271,2026-06-05 14:25:35
13486885738,CH-SC-广义新-无-新10元话费券-10元话费券-京喜拉新-剪辑-转化引导-10元话费券-20260605-无-625-5,李虹玉-XNY0271,2026-06-05 14:25:36
13486887136,CH-SC-广义新-无-新10元话费券-10元话费券-京喜拉新-剪辑-转化引导-10元话费券-20260605-无-625-8,李虹玉-XNY0271,2026-06-05 14:25:40
13486888224,CH-SC-广义新-无-新10元话费券-10元话费券-京喜拉新-剪辑-转化引导-10元话费券-20260605-无-625-7,李虹玉-XNY0271,2026-06-05 14:25:44
13486888348,CH-SC-广义新-无-新10元话费券-10元话费券-京喜拉新-剪辑-转化引导-10元话费券-20260605-无-625-9,李虹玉-XNY0271,2026-06-05 14:25:44
13486889621,CH-SC-广义新-无-新10元话费券-10元话费券-京喜拉新-剪辑-转化引导-10元话费券-20260605-无-625-12,李虹玉-XNY0271,2026-06-05 14:25:48
13486890259,CH-SC-广义新-无-新10元话费券-10元话费券-京喜拉新-剪辑-转化引导-10元话费券-20260605-无-625-11,李虹玉-XNY0271,2026-06-05 14:25:50
13486890331,CH-SC-广义新-无-新10元话费券-10元话费券-京喜拉新-剪辑-转化引导-10元话费券-20260605-无-625-10,李虹玉-XNY0271,2026-06-05 14:25:50
13486890772,CH-SC-广义新-无-新10元话费券-10元话费券-京喜拉新-剪辑-转化引导-10元话费券-20260605-无-625-13,李虹玉-XNY0271,2026-06-05 14:25:52
13486891478,CH-SC-广义新-无-新10元话费券-10元话费券-京喜拉新-剪辑-转化引导-10元话费券-20260605-无-625-15,李虹玉-XNY0271,2026-06-05 14:25:54
13486892062,CH-SC-广义新-无-新10元话费券-10元话费券-京喜拉新-剪辑-转化引导-10元话费券-20260605-无-625-16,李虹玉-XNY0271,2026-06-05 14:25:56
13486892531,CH-SC-广义新-无-新10元话费券-10元话费券-京喜拉新-剪辑-转化引导-10元话费券-20260605-无-625-17,李虹玉-XNY0271,2026-06-05 14:25:57
13486892792,CH-SC-广义新-无-新10元话费券-10元话费券-京喜拉新-剪辑-转化引导-10元话费券-20260605-无-625-14,李虹玉-XNY0271,2026-06-05 14:25:58
13486893253,CH-SC-广义新-无-新10元话费券-10元话费券-京喜拉新-剪辑-转化引导-10元话费券-20260605-无-625-18,李虹玉-XNY0271,2026-06-05 14:25:59
13492160921,CH-SC-广义新-10219841541026-新综合频道-厨具-京喜拉新-剪辑-转化引导-厨具-20260605-无-625-16,李虹玉-XNY0271,2026-06-05 20:28:21
13492161161,CH-SC-广义新-10219841541026-新综合频道-厨具-京喜拉新-剪辑-转化引导-厨具-20260605-无-625-15,李虹玉-XNY0271,2026-06-05 20:28:24
13492161327,CH-SC-广义新-10219841541026-新综合频道-厨具-京喜拉新-剪辑-转化引导-厨具-20260605-无-625-14,李虹玉-XNY0271,2026-06-05 20:28:26
13492161344,CH-SC-广义新-10219841541026-新综合频道-厨具-京喜拉新-剪辑-转化引导-厨具-20260605-无-625-17,李虹玉-XNY0271,2026-06-05 20:28:26
13492161737,CH-SC-广义新-10219841541026-新综合频道-厨具-京喜拉新-剪辑-转化引导-厨具-20260605-无-625-18,李虹玉-XNY0271,2026-06-05 20:28:31
13492162092,CH-SC-广义新-10219841541026-新综合频道-厨具-京喜拉新-剪辑-转化引导-厨具-20260605-无-625-20,李虹玉-XNY0271,2026-06-05 20:28:35
13492162196,CH-SC-广义新-10219841541026-新综合频道-厨具-京喜拉新-剪辑-转化引导-厨具-20260605-无-625-23,李虹玉-XNY0271,2026-06-05 20:28:36
13492162300,CH-SC-广义新-10219841541026-新综合频道-厨具-京喜拉新-剪辑-转化引导-厨具-20260605-无-625-21,李虹玉-XNY0271,2026-06-05 20:28:37
13492162585,CH-SC-广义新-10219841541026-新综合频道-厨具-京喜拉新-剪辑-转化引导-厨具-20260605-无-625-24,李虹玉-XNY0271,2026-06-05 20:28:41
13492162903,CH-SC-广义新-10219841541026-新综合频道-厨具-京喜拉新-剪辑-转化引导-厨具-20260605-无-625-28,李虹玉-XNY0271,2026-06-05 20:28:45
13492163099,CH-SC-广义新-10219841541026-新综合频道-厨具-京喜拉新-剪辑-转化引导-厨具-20260605-无-625-1,李虹玉-XNY0271,2026-06-05 20:28:47
13492163366,CH-SC-广义新-10219841541026-新综合频道-厨具-京喜拉新-剪辑-转化引导-厨具-20260605-无-625-3,李虹玉-XNY0271,2026-06-05 20:28:50
13492163450,CH-SC-广义新-10219841541026-新综合频道-厨具-京喜拉新-剪辑-转化引导-厨具-20260605-无-625-2,李虹玉-XNY0271,2026-06-05 20:28:51
13492163498,CH-SC-广义新-10219841541026-新综合频道-厨具-京喜拉新-剪辑-转化引导-厨具-20260605-无-625-4,李虹玉-XNY0271,2026-06-05 20:28:52
13492163722,CH-SC-广义新-10219841541026-新综合频道-厨具-京喜拉新-剪辑-转化引导-厨具-20260605-无-625-5,李虹玉-XNY0271,2026-06-05 20:28:54
13492163902,CH-SC-广义新-10219841541026-新综合频道-厨具-京喜拉新-剪辑-转化引导-厨具-20260605-无-625-6,李虹玉-XNY0271,2026-06-05 20:28:57
13492164158,CH-SC-低活-10120514417086-好价清单-生鲜-无-剪辑-转化引导-生鲜-20260605-无-625-8,李虹玉-XNY0271,2026-06-05 20:29:00
13492164439,CH-SC-低活-10120514417086-好价清单-生鲜-无-剪辑-转化引导-生鲜-20260605-无-625-11,李虹玉-XNY0271,2026-06-05 20:29:03
13492164480,CH-SC-低活-10120514417086-好价清单-生鲜-无-剪辑-转化引导-生鲜-20260605-无-625-10,李虹玉-XNY0271,2026-06-05 20:29:03
13492165141,CH-SC-低活-10120514417086-好价清单-生鲜-无-剪辑-转化引导-生鲜-20260605-无-625-14,李虹玉-XNY0271,2026-06-05 20:29:11
13492165192,CH-SC-低活-10120514417086-好价清单-生鲜-无-剪辑-转化引导-生鲜-20260605-无-625-15,李虹玉-XNY0271,2026-06-05 20:29:11
13492165833,CH-SC-低活-10120514417086-好价清单-生鲜-无-剪辑-转化引导-生鲜-20260605-无-625-2,李虹玉-XNY0271,2026-06-05 20:29:19
13492166932,CH-SC-广义新-10219841541026-新综合频道-厨具-京喜拉新-剪辑-转化引导-厨具-20260605-无-625-7,李虹玉-XNY0271,2026-06-05 20:29:31
13492166944,CH-SC-广义新-10219841541026-新综合频道-厨具-京喜拉新-剪辑-转化引导-厨具-20260605-无-625-8,李虹玉-XNY0271,2026-06-05 20:29:31
13492167225,CH-SC-广义新-10219841541026-新综合频道-厨具-京喜拉新-剪辑-转化引导-厨具-20260605-无-625-9,李虹玉-XNY0271,2026-06-05 20:29:33
13492167732,CH-SC-广义新-10219841541026-新综合频道-厨具-京喜拉新-剪辑-转化引导-厨具-20260605-无-625-12,李虹玉-XNY0271,2026-06-05 20:29:38
13492167993,CH-SC-广义新-10219841541026-新综合频道-厨具-京喜拉新-剪辑-转化引导-厨具-20260605-无-625-11,李虹玉-XNY0271,2026-06-05 20:29:41
13492168025,CH-SC-广义新-10219841541026-新综合频道-厨具-京喜拉新-剪辑-转化引导-厨具-20260605-无-625-10,李虹玉-XNY0271,2026-06-05 20:29:41
13492168139,CH-SC-广义新-10219841541026-新综合频道-厨具-京喜拉新-剪辑-转化引导-厨具-20260605-无-625-13,李虹玉-XNY0271,2026-06-05 20:29:43
13492170223,CH-SC-低活-10200270314233-超级抢购5元-生鲜-无-剪辑-转化引导-生鲜-20260605-无-625-6,李虹玉-XNY0271,2026-06-05 20:30:07
13492170699,CH-SC-低活-10187000434970-超级抢购-厨具-无-剪辑-转化引导-厨具-20260605-无-625-6,李虹玉-XNY0271,2026-06-05 20:30:14
13492170854,CH-SC-低活-10187000434970-超级抢购-厨具-无-剪辑-转化引导-厨具-20260605-无-625-7,李虹玉-XNY0271,2026-06-05 20:30:15
13492170902,CH-SC-低活-10187000434970-超级抢购-厨具-无-剪辑-转化引导-厨具-20260605-无-625-8,李虹玉-XNY0271,2026-06-05 20:30:16
13492171136,CH-SC-低活-10187000434970-超级抢购-厨具-无-剪辑-转化引导-厨具-20260605-无-625-10,李虹玉-XNY0271,2026-06-05 20:30:19
13492171303,CH-SC-低活-10187000434970-超级抢购-厨具-无-剪辑-转化引导-厨具-20260605-无-625-2,李虹玉-XNY0271,2026-06-05 20:30:21
13492171413,CH-SC-低活-10187000434970-超级抢购-厨具-无-剪辑-转化引导-厨具-20260605-无-625-1,李虹玉-XNY0271,2026-06-05 20:30:23
13492171556,CH-SC-低活-10187000434970-超级抢购-厨具-无-剪辑-转化引导-厨具-20260605-无-625-3,李虹玉-XNY0271,2026-06-05 20:30:25
13492171667,CH-SC-低活-10187000434970-超级抢购-厨具-无-剪辑-转化引导-厨具-20260605-无-625-4,李虹玉-XNY0271,2026-06-05 20:30:26
13492172324,CH-SC-低活-10215767576641-超级抢购5元-生鲜-无-剪辑-转化引导-生鲜-20260605-无-625-4,李虹玉-XNY0271,2026-06-05 20:30:35
13492172548,CH-SC-低活-10215767576641-超级抢购5元-生鲜-无-剪辑-转化引导-生鲜-20260605-无-625-5,李虹玉-XNY0271,2026-06-05 20:30:38
13492172927,CH-SC-低活-10215767576641-超级抢购5元-生鲜-无-剪辑-转化引导-生鲜-20260605-无-625-7,李虹玉-XNY0271,2026-06-05 20:30:43
13492173021,CH-SC-低活-10215767576641-超级抢购5元-生鲜-无-剪辑-转化引导-生鲜-20260605-无-625-6,李虹玉-XNY0271,2026-06-05 20:30:44
13492173155,CH-SC-低活-10215767576641-超级抢购5元-生鲜-无-剪辑-转化引导-生鲜-20260605-无-625-8,李虹玉-XNY0271,2026-06-05 20:30:46
13492173295,CH-SC-低活-10140917922437-超级抢购加补-家庭清洁-无-剪辑-转化引导-家庭清洁-20260605-无-625-6,李虹玉-XNY0271,2026-06-05 20:30:48
13492173417,CH-SC-低活-10140917922437-超级抢购加补-家庭清洁-无-剪辑-转化引导-家庭清洁-20260605-无-625-7,李虹玉-XNY0271,2026-06-05 20:30:49
13492173598,CH-SC-低活-10140917922437-超级抢购加补-家庭清洁-无-剪辑-转化引导-家庭清洁-20260605-无-625-8,李虹玉-XNY0271,2026-06-05 20:30:52
13492173791,CH-SC-低活-10140917922437-超级抢购加补-家庭清洁-无-剪辑-转化引导-家庭清洁-20260605-无-625-9,李虹玉-XNY0271,2026-06-05 20:30:54
13492174141,CH-SC-低活-10140917922437-超级抢购加补-家庭清洁-无-剪辑-转化引导-家庭清洁-20260605-无-625-10,李虹玉-XNY0271,2026-06-05 20:30:59
13492174231,CH-SC-低活-10140917922437-超级抢购加补-家庭清洁-无-剪辑-转化引导-家庭清洁-20260605-无-625-1,李虹玉-XNY0271,2026-06-05 20:31:00
13492174380,CH-SC-低活-10140917922437-超级抢购加补-家庭清洁-无-剪辑-转化引导-家庭清洁-20260605-无-625-11,李虹玉-XNY0271,2026-06-05 20:31:02
13492174681,CH-SC-低活-10140917922437-超级抢购加补-家庭清洁-无-剪辑-转化引导-家庭清洁-20260605-无-625-3,李虹玉-XNY0271,2026-06-05 20:31:05
13492174847,CH-SC-低活-10140917922437-超级抢购加补-家庭清洁-无-剪辑-转化引导-家庭清洁-20260605-无-625-4,李虹玉-XNY0271,2026-06-05 20:31:07
13492174922,CH-SC-低活-10140917922437-超级抢购加补-家庭清洁-无-剪辑-转化引导-家庭清洁-20260605-无-625-2,李虹玉-XNY0271,2026-06-05 20:31:08
13492175124,CH-SC-低活-10140917922437-超级抢购加补-家庭清洁-无-剪辑-转化引导-家庭清洁-20260605-无-625-5,李虹玉-XNY0271,2026-06-05 20:31:11
13492175356,CH-SC-低活-10219841541026-超级抢购加补-厨具-无-剪辑-转化引导-厨具-20260605-无-625-8,李虹玉-XNY0271,2026-06-05 20:31:14
13492175504,CH-SC-低活-10219841541026-超级抢购加补-厨具-无-剪辑-转化引导-厨具-20260605-无-625-9,李虹玉-XNY0271,2026-06-05 20:31:16
13492175512,CH-SC-低活-10219841541026-超级抢购加补-厨具-无-剪辑-转化引导-厨具-20260605-无-625-7,李虹玉-XNY0271,2026-06-05 20:31:16
13492175810,CH-SC-低活-10219841541026-超级抢购加补-厨具-无-剪辑-转化引导-厨具-20260605-无-625-10,李虹玉-XNY0271,2026-06-05 20:31:20
13492176093,CH-SC-低活-10219841541026-超级抢购加补-厨具-无-剪辑-转化引导-厨具-20260605-无-625-11,李虹玉-XNY0271,2026-06-05 20:31:24
13492176192,CH-SC-低活-10219841541026-超级抢购加补-厨具-无-剪辑-转化引导-厨具-20260605-无-625-13,李虹玉-XNY0271,2026-06-05 20:31:26
13492176432,CH-SC-低活-10219841541026-超级抢购加补-厨具-无-剪辑-转化引导-厨具-20260605-无-625-14,李虹玉-XNY0271,2026-06-05 20:31:29
13492176482,CH-SC-低活-10219841541026-超级抢购加补-厨具-无-剪辑-转化引导-厨具-20260605-无-625-12,李虹玉-XNY0271,2026-06-05 20:31:30
13492176589,CH-SC-低活-10219841541026-超级抢购加补-厨具-无-剪辑-转化引导-厨具-20260605-无-625-15,李虹玉-XNY0271,2026-06-05 20:31:31
13492176840,CH-SC-低活-10219841541026-超级抢购加补-厨具-无-剪辑-转化引导-厨具-20260605-无-625-1,李虹玉-XNY0271,2026-06-05 20:31:35
13492176991,CH-SC-低活-10219841541026-超级抢购加补-厨具-无-剪辑-转化引导-厨具-20260605-无-625-3,李虹玉-XNY0271,2026-06-05 20:31:38
13492177117,CH-SC-低活-10219841541026-超级抢购加补-厨具-无-剪辑-转化引导-厨具-20260605-无-625-2,李虹玉-XNY0271,2026-06-05 20:31:40
13492177196,CH-SC-低活-10219841541026-超级抢购加补-厨具-无-剪辑-转化引导-厨具-20260605-无-625-4,李虹玉-XNY0271,2026-06-05 20:31:41
13492177311,CH-SC-低活-10219841541026-超级抢购加补-厨具-无-剪辑-转化引导-厨具-20260605-无-625-5,李虹玉-XNY0271,2026-06-05 20:31:43
13492177434,CH-SC-低活-10219841541026-超级抢购加补-厨具-无-剪辑-转化引导-厨具-20260605-无-625-6,李虹玉-XNY0271,2026-06-05 20:31:45
13492177752,CH-SC-低活-10215767576641-超级抢购5元-生鲜-无-剪辑-转化引导-生鲜-20260605-无-625-9,李虹玉-XNY0271,2026-06-05 20:31:50
13492177792,CH-SC-低活-10215767576641-超级抢购5元-生鲜-无-剪辑-转化引导-生鲜-20260605-无-625-10,李虹玉-XNY0271,2026-06-05 20:31:51
13492178035,CH-SC-低活-10215767576641-超级抢购5元-生鲜-无-剪辑-转化引导-生鲜-20260605-无-625-11,李虹玉-XNY0271,2026-06-05 20:31:54
13492178232,CH-SC-低活-10215767576641-超级抢购5元-生鲜-无-剪辑-转化引导-生鲜-20260605-无-625-13,李虹玉-XNY0271,2026-06-05 20:31:57
13492178299,CH-SC-低活-10215767576641-超级抢购5元-生鲜-无-剪辑-转化引导-生鲜-20260605-无-625-12,李虹玉-XNY0271,2026-06-05 20:31:58
13492178504,CH-SC-低活-10215767576641-超级抢购5元-生鲜-无-剪辑-转化引导-生鲜-20260605-无-625-14,李虹玉-XNY0271,2026-06-05 20:32:01
13492178781,CH-SC-低活-10215767576641-超级抢购5元-生鲜-无-剪辑-转化引导-生鲜-20260605-无-625-15,李虹玉-XNY0271,2026-06-05 20:32:06
13492178994,CH-SC-低活-10215767576641-超级抢购5元-生鲜-无-剪辑-转化引导-生鲜-20260605-无-625-17,李虹玉-XNY0271,2026-06-05 20:32:09
13492179076,CH-SC-低活-10215767576641-超级抢购5元-生鲜-无-剪辑-转化引导-生鲜-20260605-无-625-16,李虹玉-XNY0271,2026-06-05 20:32:10
13492179321,CH-SC-低活-10215767576641-超级抢购5元-生鲜-无-剪辑-转化引导-生鲜-20260605-无-625-18,李虹玉-XNY0271,2026-06-05 20:32:13
13492179530,CH-SC-低活-10215767576641-超级抢购5元-生鲜-无-剪辑-转化引导-生鲜-20260605-无-625-20,李虹玉-XNY0271,2026-06-05 20:32:16
13492179586,CH-SC-低活-10215767576641-超级抢购5元-生鲜-无-剪辑-转化引导-生鲜-20260605-无-625-19,李虹玉-XNY0271,2026-06-05 20:32:17
13492179821,CH-SC-低活-10215767576641-超级抢购5元-生鲜-无-剪辑-转化引导-生鲜-20260605-无-625-21,李虹玉-XNY0271,2026-06-05 20:32:20
13492180108,CH-SC-低活-10215767576641-超级抢购5元-生鲜-无-剪辑-转化引导-生鲜-20260605-无-625-23,李虹玉-XNY0271,2026-06-05 20:32:25
13492180306,CH-SC-低活-10215767576641-超级抢购5元-生鲜-无-剪辑-转化引导-生鲜-20260605-无-625-22,李虹玉-XNY0271,2026-06-05 20:32:28
13492180460,CH-SC-低活-10215767576641-超级抢购5元-生鲜-无-剪辑-转化引导-生鲜-20260605-无-625-24,李虹玉-XNY0271,2026-06-05 20:32:30
13492180496,CH-SC-低活-10215767576641-超级抢购5元-生鲜-无-剪辑-转化引导-生鲜-20260605-无-625-25,李虹玉-XNY0271,2026-06-05 20:32:31
13492181129,CH-SC-低活-10215767576641-超级抢购5元-生鲜-无-剪辑-转化引导-生鲜-20260605-无-625-26,李虹玉-XNY0271,2026-06-05 20:32:40
13492181240,CH-SC-低活-10215767576641-超级抢购5元-生鲜-无-剪辑-转化引导-生鲜-20260605-无-625-27,李虹玉-XNY0271,2026-06-05 20:32:41
13492181366,CH-SC-低活-10215767576641-超级抢购5元-生鲜-无-剪辑-转化引导-生鲜-20260605-无-625-1,李虹玉-XNY0271,2026-06-05 20:32:43
13492181531,CH-SC-低活-10215767576641-超级抢购5元-生鲜-无-剪辑-转化引导-生鲜-20260605-无-625-2,李虹玉-XNY0271,2026-06-05 20:32:46
13522193819,CH-SC-低活-10162692688878-超级抢购加补-家用电器-无-剪辑-转化引导-家用电器-20260609-无-625-aigc-6,李虹玉-XNY0271,2026-06-09 16:31:59
13522194085,CH-SC-低活-10162692688878-超级抢购加补-家用电器-无-剪辑-转化引导-家用电器-20260609-无-625-aigc-5,李虹玉-XNY0271,2026-06-09 16:32:00
13522194087,CH-SC-低活-10162692688878-超级抢购加补-家用电器-无-剪辑-转化引导-家用电器-20260609-无-625-aigc-4,李虹玉-XNY0271,2026-06-09 16:32:00
13522195722,CH-SC-低活-10162692688878-超级抢购加补-家用电器-无-剪辑-转化引导-家用电器-20260609-无-625-aigc-7,李虹玉-XNY0271,2026-06-09 16:32:05
13522196423,CH-SC-低活-10162692688878-超级抢购加补-家用电器-无-剪辑-转化引导-家用电器-20260609-无-625-aigc-9,李虹玉-XNY0271,2026-06-09 16:32:07
13522196792,CH-SC-低活-10162692688878-超级抢购加补-家用电器-无-剪辑-转化引导-家用电器-20260609-无-625-aigc-10,李虹玉-XNY0271,2026-06-09 16:32:08
13522196801,CH-SC-低活-10162692688878-超级抢购加补-家用电器-无-剪辑-转化引导-家用电器-20260609-无-625-aigc-8,李虹玉-XNY0271,2026-06-09 16:32:08
13522197531,CH-SC-低活-10162692688878-超级抢购加补-家用电器-无-剪辑-转化引导-家用电器-20260609-无-625-aigc-11,李虹玉-XNY0271,2026-06-09 16:32:11
13522198085,CH-SC-低活-10162692688878-超级抢购加补-家用电器-无-剪辑-转化引导-家用电器-20260609-无-625-aigc-12,李虹玉-XNY0271,2026-06-09 16:32:12
13522198564,CH-SC-低活-10162692688878-超级抢购加补-家用电器-无-剪辑-转化引导-家用电器-20260609-无-625-aigc-2,李虹玉-XNY0271,2026-06-09 16:32:14
13522199212,CH-SC-低活-10162692688878-超级抢购加补-家用电器-无-剪辑-转化引导-家用电器-20260609-无-625-aigc-3,李虹玉-XNY0271,2026-06-09 16:32:16
13522199650,CH-SC-低活-10162692688878-超级抢购加补-家用电器-无-剪辑-转化引导-家用电器-20260609-无-625-aigc-1,李虹玉-XNY0271,2026-06-09 16:32:18
13522200278,CH-SC-低活-10113209119177-超级抢购加补-电动车-无-剪辑-转化引导-电动车-20260609-无-625-aigc-2,李虹玉-XNY0271,2026-06-09 16:32:20
13522201021,CH-SC-低活-10142112415028-超级抢购加补-数码-无-剪辑-转化引导-数码-20260609-无-625-aigc5,李虹玉-XNY0271,2026-06-09 16:32:23
13522201729,CH-SC-低活-10142112415028-超级抢购加补-数码-无-剪辑-转化引导-数码-20260609-无-625-aigc4,李虹玉-XNY0271,2026-06-09 16:32:25
13522201832,CH-SC-低活-10142112415028-超级抢购加补-数码-无-剪辑-转化引导-数码-20260609-无-625-aigc6,李虹玉-XNY0271,2026-06-09 16:32:25
13522202987,CH-SC-低活-10142112415028-超级抢购加补-数码-无-剪辑-转化引导-数码-20260609-无-625-aigc7,李虹玉-XNY0271,2026-06-09 16:32:29
13522203484,CH-SC-低活-10142112415028-超级抢购加补-数码-无-剪辑-转化引导-数码-20260609-无-625-aigc9,李虹玉-XNY0271,2026-06-09 16:32:31
13522204326,CH-SC-低活-10142112415028-超级抢购加补-数码-无-剪辑-转化引导-数码-20260609-无-625-aigc10,李虹玉-XNY0271,2026-06-09 16:32:34
13522204870,CH-SC-低活-10142112415028-超级抢购加补-数码-无-剪辑-转化引导-数码-20260609-无-625-aigc11,李虹玉-XNY0271,2026-06-09 16:32:36
13522204897,CH-SC-低活-10142112415028-超级抢购加补-数码-无-剪辑-转化引导-数码-20260609-无-625-aigc8,李虹玉-XNY0271,2026-06-09 16:32:36
13522205552,CH-SC-低活-10142112415028-超级抢购加补-数码-无-剪辑-转化引导-数码-20260609-无-625-aigc12,李虹玉-XNY0271,2026-06-09 16:32:38
13522206306,CH-SC-低活-10142112415028-超级抢购加补-数码-无-剪辑-转化引导-数码-20260609-无-625-aigc1,李虹玉-XNY0271,2026-06-09 16:32:40
13522206923,CH-SC-低活-10142112415028-超级抢购加补-数码-无-剪辑-转化引导-数码-20260609-无-625-aigc3,李虹玉-XNY0271,2026-06-09 16:32:42
13522207832,CH-SC-低活-10142112415028-超级抢购加补-数码-无-剪辑-转化引导-数码-20260609-无-625-aigc2,李虹玉-XNY0271,2026-06-09 16:32:45
13522207947,CH-SC-低活-10113209119177-超级抢购加补-电动车-无-剪辑-转化引导-电动车-20260609-无-625-aigc-3,李虹玉-XNY0271,2026-06-09 16:32:46
13522208656,CH-SC-低活-10113209119177-超级抢购加补-电动车-无-剪辑-转化引导-电动车-20260609-无-625-aigc-4,李虹玉-XNY0271,2026-06-09 16:32:48
13522211175,CH-SC-低活-10113209119177-超级抢购加补-电动车-无-剪辑-转化引导-电动车-20260609-无-625-aigc-6,李虹玉-XNY0271,2026-06-09 16:32:57
13522212146,CH-SC-低活-10113209119177-超级抢购加补-电动车-无-剪辑-转化引导-电动车-20260609-无-625-aigc-5,李虹玉-XNY0271,2026-06-09 16:32:59
13522212297,CH-SC-低活-10113209119177-超级抢购加补-电动车-无-剪辑-转化引导-电动车-20260609-无-625-aigc-7,李虹玉-XNY0271,2026-06-09 16:33:00
13522213672,CH-SC-低活-10113209119177-超级抢购加补-电动车-无-剪辑-转化引导-电动车-20260609-无-625-aigc-8,李虹玉-XNY0271,2026-06-09 16:33:04
13522214489,CH-SC-低活-10113209119177-超级抢购加补-电动车-无-剪辑-转化引导-电动车-20260609-无-625-aigc-1,李虹玉-XNY0271,2026-06-09 16:33:07
13522229688,CH-SC-广义新-10167215175457-新综合频道-生活日用-京喜拉新-剪辑-转化引导-生活日用-20260609-无-625-aigc-3,李虹玉-XNY0271,2026-06-09 16:33:52
13522232067,CH-SC-广义新-10167215175457-新综合频道-生活日用-京喜拉新-剪辑-转化引导-生活日用-20260609-无-625-aigc-5,李虹玉-XNY0271,2026-06-09 16:33:59
13522232932,CH-SC-广义新-10167215175457-新综合频道-生活日用-京喜拉新-剪辑-转化引导-生活日用-20260609-无-625-aigc-1,李虹玉-XNY0271,2026-06-09 16:34:01
13522234032,CH-SC-广义新-10144960252119-新综合频道-家具-京喜拉新-剪辑-转化引导-家具-20260609-无-625-aigc-4,李虹玉-XNY0271,2026-06-09 16:34:05
13522234855,CH-SC-广义新-10144960252119-新综合频道-家具-京喜拉新-剪辑-转化引导-家具-20260609-无-625-aigc-6,李虹玉-XNY0271,2026-06-09 16:34:07
13522235302,CH-SC-广义新-10144960252119-新综合频道-家具-京喜拉新-剪辑-转化引导-家具-20260609-无-625-aigc-5,李虹玉-XNY0271,2026-06-09 16:34:09
13522235626,CH-SC-广义新-10144960252119-新综合频道-家具-京喜拉新-剪辑-转化引导-家具-20260609-无-625-aigc-1,李虹玉-XNY0271,2026-06-09 16:34:10
13522236781,CH-SC-广义新-10144960252119-新综合频道-家具-京喜拉新-剪辑-转化引导-家具-20260609-无-625-aigc-2,李虹玉-XNY0271,2026-06-09 16:34:13
13522238880,CH-SC-广义新-10144960252119-新综合频道-家具-京喜拉新-剪辑-转化引导-家具-20260609-无-625-aigc-3,李虹玉-XNY0271,2026-06-09 16:34:20
13522250696,CH-SC-广义新-10156923061370-新综合频道-数码-京喜拉新-剪辑-转化引导-数码-20260609-无-625-aigc-4,李虹玉-XNY0271,2026-06-09 16:34:59
13522251041,CH-SC-广义新-10156923061370-新综合频道-数码-京喜拉新-剪辑-转化引导-数码-20260609-无-625-aigc-2,李虹玉-XNY0271,2026-06-09 16:35:00
13522251352,CH-SC-广义新-10156923061370-新综合频道-数码-京喜拉新-剪辑-转化引导-数码-20260609-无-625-aigc-3,李虹玉-XNY0271,2026-06-09 16:35:01
13522252125,CH-SC-广义新-10156923061370-新综合频道-数码-京喜拉新-剪辑-转化引导-数码-20260609-无-625-aigc-5,李虹玉-XNY0271,2026-06-09 16:35:04
13522252663,CH-SC-广义新-10156923061370-新综合频道-数码-京喜拉新-剪辑-转化引导-数码-20260609-无-625-aigc-6,李虹玉-XNY0271,2026-06-09 16:35:06
13522254276,CH-SC-广义新-10156923061370-新综合频道-数码-京喜拉新-剪辑-转化引导-数码-20260609-无-625-aigc-7,李虹玉-XNY0271,2026-06-09 16:35:12
13522254329,CH-SC-广义新-10156923061370-新综合频道-数码-京喜拉新-剪辑-转化引导-数码-20260609-无-625-aigc-9,李虹玉-XNY0271,2026-06-09 16:35:12
13522254603,CH-SC-广义新-10156923061370-新综合频道-数码-京喜拉新-剪辑-转化引导-数码-20260609-无-625-aigc-8,李虹玉-XNY0271,2026-06-09 16:35:13
13522255686,CH-SC-广义新-10156923061370-新综合频道-数码-京喜拉新-剪辑-转化引导-数码-20260609-无-625-aigc-10,李虹玉-XNY0271,2026-06-09 16:35:17
13522256627,CH-SC-广义新-10156923061370-新综合频道-数码-京喜拉新-剪辑-转化引导-数码-20260609-无-625-aigc-12,李虹玉-XNY0271,2026-06-09 16:35:20
13522257244,CH-SC-广义新-10156923061370-新综合频道-数码-京喜拉新-剪辑-转化引导-数码-20260609-无-625-aigc-11,李虹玉-XNY0271,2026-06-09 16:35:22
13522257506,CH-SC-广义新-10156923061370-新综合频道-数码-京喜拉新-剪辑-转化引导-数码-20260609-无-625-aigc-13,李虹玉-XNY0271,2026-06-09 16:35:23
13522257768,CH-SC-广义新-10156923061370-新综合频道-数码-京喜拉新-剪辑-转化引导-数码-20260609-无-625-aigc-1,李虹玉-XNY0271,2026-06-09 16:35:24
13522274121,CH-SC-广义新-10117891615029-新综合频道-家庭清洁-京喜拉新-剪辑-转化引导-家庭清洁-20260609-无-625-aigc-4,李虹玉-XNY0271,2026-06-09 16:36:17
13522274192,CH-SC-广义新-10117891615029-新综合频道-家庭清洁-京喜拉新-剪辑-转化引导-家庭清洁-20260609-无-625-aigc-2,李虹玉-XNY0271,2026-06-09 16:36:17
13522274688,CH-SC-广义新-10117891615029-新综合频道-家庭清洁-京喜拉新-剪辑-转化引导-家庭清洁-20260609-无-625-aigc-3,李虹玉-XNY0271,2026-06-09 16:36:19
13522276666,CH-SC-广义新-10117891615029-新综合频道-家庭清洁-京喜拉新-剪辑-转化引导-家庭清洁-20260609-无-625-aigc-7,李虹玉-XNY0271,2026-06-09 16:36:25
13522277379,CH-SC-广义新-10117891615029-新综合频道-家庭清洁-京喜拉新-剪辑-转化引导-家庭清洁-20260609-无-625-aigc-5,李虹玉-XNY0271,2026-06-09 16:36:27
13522277478,CH-SC-广义新-10117891615029-新综合频道-家庭清洁-京喜拉新-剪辑-转化引导-家庭清洁-20260609-无-625-aigc-6,李虹玉-XNY0271,2026-06-09 16:36:27
13522278156,CH-SC-广义新-10117891615029-新综合频道-家庭清洁-京喜拉新-剪辑-转化引导-家庭清洁-20260609-无-625-aigc-8,李虹玉-XNY0271,2026-06-09 16:36:30
13522278928,CH-SC-广义新-10117891615029-新综合频道-家庭清洁-京喜拉新-剪辑-转化引导-家庭清洁-20260609-无-625-aigc-9,李虹玉-XNY0271,2026-06-09 16:36:32
13522279220,CH-SC-广义新-10117891615029-新综合频道-家庭清洁-京喜拉新-剪辑-转化引导-家庭清洁-20260609-无-625-aigc-1,李虹玉-XNY0271,2026-06-09 16:36:33
13525492063,CH-SC-低活-10206945433071-超级抢购加补-纸品-无-剪辑-转化引导-纸品-20260609-无-625-aigc-2,李虹玉-XNY0271,2026-06-09 20:57:04
13525492318,CH-SC-低活-10206945433071-超级抢购加补-纸品-无-剪辑-转化引导-纸品-20260609-无-625-aigc-4,李虹玉-XNY0271,2026-06-09 20:57:06
13525492667,CH-SC-低活-10206945433071-超级抢购加补-纸品-无-剪辑-转化引导-纸品-20260609-无-625-aigc-5,李虹玉-XNY0271,2026-06-09 20:57:11
13525493396,CH-SC-低活-10206945433071-超级抢购加补-纸品-无-剪辑-转化引导-纸品-20260609-无-625-aigc-6,李虹玉-XNY0271,2026-06-09 20:57:19
13525493430,CH-SC-低活-10206945433071-超级抢购加补-纸品-无-剪辑-转化引导-纸品-20260609-无-625-aigc-3,李虹玉-XNY0271,2026-06-09 20:57:20
13525493458,CH-SC-低活-10206945433071-超级抢购加补-纸品-无-剪辑-转化引导-纸品-20260609-无-625-aigc-7,李虹玉-XNY0271,2026-06-09 20:57:20
13525494621,CH-SC-低活-10206945433071-超级抢购加补-纸品-无-剪辑-转化引导-纸品-20260609-无-625-aigc-10,李虹玉-XNY0271,2026-06-09 20:57:34
13525494681,CH-SC-低活-10206945433071-超级抢购加补-纸品-无-剪辑-转化引导-纸品-20260609-无-625-aigc-9,李虹玉-XNY0271,2026-06-09 20:57:35
13525494713,CH-SC-低活-10206945433071-超级抢购加补-纸品-无-剪辑-转化引导-纸品-20260609-无-625-aigc-8,李虹玉-XNY0271,2026-06-09 20:57:35
13525495629,CH-SC-低活-10206945433071-超级抢购加补-纸品-无-剪辑-转化引导-纸品-20260609-无-625-aigc-12,李虹玉-XNY0271,2026-06-09 20:57:47
13525495632,CH-SC-低活-10206945433071-超级抢购加补-纸品-无-剪辑-转化引导-纸品-20260609-无-625-aigc-11,李虹玉-XNY0271,2026-06-09 20:57:47
13525495703,CH-SC-低活-10206945433071-超级抢购加补-纸品-无-剪辑-转化引导-纸品-20260609-无-625-aigc-13,李虹玉-XNY0271,2026-06-09 20:57:48
13525496182,CH-SC-低活-10206945433071-超级抢购加补-纸品-无-剪辑-转化引导-纸品-20260609-无-625-aigc-14,李虹玉-XNY0271,2026-06-09 20:57:54
13525496765,CH-SC-低活-10206945433071-超级抢购加补-纸品-无-剪辑-转化引导-纸品-20260609-无-625-aigc-16,李虹玉-XNY0271,2026-06-09 20:58:01
13525496912,CH-SC-低活-10206945433071-超级抢购加补-纸品-无-剪辑-转化引导-纸品-20260609-无-625-aigc-17,李虹玉-XNY0271,2026-06-09 20:58:03
13525497130,CH-SC-低活-10206945433071-超级抢购加补-纸品-无-剪辑-转化引导-纸品-20260609-无-625-aigc-15,李虹玉-XNY0271,2026-06-09 20:58:05
13525497933,CH-SC-低活-10206945433071-超级抢购加补-纸品-无-剪辑-转化引导-纸品-20260609-无-625-aigc-1,李虹玉-XNY0271,2026-06-09 20:58:15
13525498517,CH-SC-低活-10140917922437-超级抢购加补-家庭清洁-无-剪辑-转化引导-家庭清洁-20260609-无-625-aigc-2,李虹玉-XNY0271,2026-06-09 20:58:22
13525498736,CH-SC-低活-10140917922437-超级抢购加补-家庭清洁-无-剪辑-转化引导-家庭清洁-20260609-无-625-aigc-3,李虹玉-XNY0271,2026-06-09 20:58:25
13525499504,CH-SC-广义新-10156923061370-新综合频道-数码-京喜拉新-剪辑-转化引导-数码-20260609-无-625-aigc-4,李虹玉-XNY0271,2026-06-09 20:58:33
13525499676,CH-SC-广义新-10156923061370-新综合频道-数码-京喜拉新-剪辑-转化引导-数码-20260609-无-625-aigc-5,李虹玉-XNY0271,2026-06-09 20:58:35
13525499947,CH-SC-广义新-10156923061370-新综合频道-数码-京喜拉新-剪辑-转化引导-数码-20260609-无-625-aigc-6,李虹玉-XNY0271,2026-06-09 20:58:39
13525500181,CH-SC-广义新-10156923061370-新综合频道-数码-京喜拉新-剪辑-转化引导-数码-20260609-无-625-aigc-7,李虹玉-XNY0271,2026-06-09 20:58:42
13525500368,CH-SC-广义新-10156923061370-新综合频道-数码-京喜拉新-剪辑-转化引导-数码-20260609-无-625-aigc-9,李虹玉-XNY0271,2026-06-09 20:58:44
13525500855,CH-SC-广义新-10156923061370-新综合频道-数码-京喜拉新-剪辑-转化引导-数码-20260609-无-625-aigc-8,李虹玉-XNY0271,2026-06-09 20:58:50
13525502119,CH-SC-广义新-10101267118895-新综合频道-厨具-京喜拉新-剪辑-转化引导-厨具-20260609-无-625-9,李虹玉-XNY0271,2026-06-09 20:59:07
13525502421,CH-SC-广义新-10101267118895-新综合频道-厨具-京喜拉新-剪辑-转化引导-厨具-20260609-无-625-11,李虹玉-XNY0271,2026-06-09 20:59:11
13525503587,CH-SC-广义新-10219841541026-新综合频道-数码-京喜拉新-剪辑-转化引导-数码-20260609-无-625-aigc-2,李虹玉-XNY0271,2026-06-09 20:59:27
13525503605,CH-SC-广义新-10219841541026-新综合频道-数码-京喜拉新-剪辑-转化引导-数码-20260609-无-625-aigc-3,李虹玉-XNY0271,2026-06-09 20:59:27
13525503718,CH-SC-广义新-10219841541026-新综合频道-数码-京喜拉新-剪辑-转化引导-数码-20260609-无-625-aigc-4,李虹玉-XNY0271,2026-06-09 20:59:29
13525504203,CH-SC-广义新-10219841541026-新综合频道-数码-京喜拉新-剪辑-转化引导-数码-20260609-无-625-aigc-5,李虹玉-XNY0271,2026-06-09 20:59:34
13525504890,CH-SC-广义新-10219841541026-新综合频道-数码-京喜拉新-剪辑-转化引导-数码-20260609-无-625-aigc-7,李虹玉-XNY0271,2026-06-09 20:59:43
13525504978,CH-SC-广义新-10219841541026-新综合频道-数码-京喜拉新-剪辑-转化引导-数码-20260609-无-625-aigc-6,李虹玉-XNY0271,2026-06-09 20:59:44
13525505219,CH-SC-广义新-10219841541026-新综合频道-数码-京喜拉新-剪辑-转化引导-数码-20260609-无-625-aigc-8,李虹玉-XNY0271,2026-06-09 20:59:47
13525506034,CH-SC-广义新-10219841541026-新综合频道-数码-京喜拉新-剪辑-转化引导-数码-20260609-无-625-aigc-9,李虹玉-XNY0271,2026-06-09 20:59:59
13525506246,CH-SC-广义新-10219841541026-新综合频道-数码-京喜拉新-剪辑-转化引导-数码-20260609-无-625-aigc-11,李虹玉-XNY0271,2026-06-09 21:00:02
13525506293,CH-SC-广义新-10219841541026-新综合频道-数码-京喜拉新-剪辑-转化引导-数码-20260609-无-625-aigc-10,李虹玉-XNY0271,2026-06-09 21:00:02
13525506331,CH-SC-广义新-10219841541026-新综合频道-数码-京喜拉新-剪辑-转化引导-数码-20260609-无-625-aigc-12,李虹玉-XNY0271,2026-06-09 21:00:03
13525506716,CH-SC-广义新-10219841541026-新综合频道-数码-京喜拉新-剪辑-转化引导-数码-20260609-无-625-aigc-15,李虹玉-XNY0271,2026-06-09 21:00:08
13525506815,CH-SC-广义新-10219841541026-新综合频道-数码-京喜拉新-剪辑-转化引导-数码-20260609-无-625-aigc-14,李虹玉-XNY0271,2026-06-09 21:00:10
13525506936,CH-SC-广义新-10219841541026-新综合频道-数码-京喜拉新-剪辑-转化引导-数码-20260609-无-625-aigc-13,李虹玉-XNY0271,2026-06-09 21:00:12
13525506992,CH-SC-广义新-10219841541026-新综合频道-数码-京喜拉新-剪辑-转化引导-数码-20260609-无-625-aigc-1,李虹玉-XNY0271,2026-06-09 21:00:12
13525507102,CH-SC-广义新-10101267118895-新综合频道-厨具-京喜拉新-剪辑-转化引导-厨具-20260609-无-625-12,李虹玉-XNY0271,2026-06-09 21:00:14
13525507292,CH-SC-广义新-10101267118895-新综合频道-厨具-京喜拉新-剪辑-转化引导-厨具-20260609-无-625-14,李虹玉-XNY0271,2026-06-09 21:00:17
13525507411,CH-SC-广义新-10101267118895-新综合频道-厨具-京喜拉新-剪辑-转化引导-厨具-20260609-无-625-1,李虹玉-XNY0271,2026-06-09 21:00:18
13525507683,CH-SC-广义新-10156923061370-新综合频道-数码-京喜拉新-剪辑-转化引导-数码-20260609-无-625-aigc-10,李虹玉-XNY0271,2026-06-09 21:00:22
13525507789,CH-SC-广义新-10156923061370-新综合频道-数码-京喜拉新-剪辑-转化引导-数码-20260609-无-625-aigc-1,李虹玉-XNY0271,2026-06-09 21:00:23
13525507903,CH-SC-广义新-10156923061370-新综合频道-数码-京喜拉新-剪辑-转化引导-数码-20260609-无-625-aigc-2,李虹玉-XNY0271,2026-06-09 21:00:25
13525507944,CH-SC-广义新-10156923061370-新综合频道-数码-京喜拉新-剪辑-转化引导-数码-20260609-无-625-aigc-3,李虹玉-XNY0271,2026-06-09 21:00:26
13525508046,CH-SC-广义新-10158258669630-新综合频道-居家布艺-京喜拉新-剪辑-转化引导-居家布艺-20260609-反向-625-4,李虹玉-XNY0271,2026-06-09 21:00:27
13525508130,CH-SC-广义新-10158258669630-新综合频道-居家布艺-京喜拉新-剪辑-转化引导-居家布艺-20260609-反向-625-5,李虹玉-XNY0271,2026-06-09 21:00:28
13525508195,CH-SC-广义新-10158258669630-新综合频道-居家布艺-京喜拉新-剪辑-转化引导-居家布艺-20260609-反向-625-6,李虹玉-XNY0271,2026-06-09 21:00:29
13525508278,CH-SC-广义新-10158258669630-新综合频道-居家布艺-京喜拉新-剪辑-转化引导-居家布艺-20260609-反向-625-7,李虹玉-XNY0271,2026-06-09 21:00:31
13525508311,CH-SC-广义新-10158258669630-新综合频道-居家布艺-京喜拉新-剪辑-转化引导-居家布艺-20260609-反向-625-8,李虹玉-XNY0271,2026-06-09 21:00:31
13525508400,CH-SC-广义新-10158258669630-新综合频道-居家布艺-京喜拉新-剪辑-转化引导-居家布艺-20260609-反向-625-9,李虹玉-XNY0271,2026-06-09 21:00:33
13525508503,CH-SC-广义新-10158258669630-新综合频道-居家布艺-京喜拉新-剪辑-转化引导-居家布艺-20260609-反向-625-10,李虹玉-XNY0271,2026-06-09 21:00:34
13525508574,CH-SC-广义新-10158258669630-新综合频道-居家布艺-京喜拉新-剪辑-转化引导-居家布艺-20260609-反向-625-11,李虹玉-XNY0271,2026-06-09 21:00:35
13525508648,CH-SC-广义新-10158258669630-新综合频道-居家布艺-京喜拉新-剪辑-转化引导-居家布艺-20260609-反向-625-12,李虹玉-XNY0271,2026-06-09 21:00:36
13525508780,CH-SC-广义新-10158258669630-新综合频道-居家布艺-京喜拉新-剪辑-转化引导-居家布艺-20260609-反向-625-2,李虹玉-XNY0271,2026-06-09 21:00:38
13525508912,CH-SC-广义新-10158258669630-新综合频道-居家布艺-京喜拉新-剪辑-转化引导-居家布艺-20260609-反向-625-3,李虹玉-XNY0271,2026-06-09 21:00:40
13525509429,CH-SC-低活-10140917922437-超级抢购加补-家庭清洁-无-剪辑-转化引导-家庭清洁-20260609-无-625-aigc-6,李虹玉-XNY0271,2026-06-09 21:00:47
13525509539,CH-SC-低活-10140917922437-超级抢购加补-家庭清洁-无-剪辑-转化引导-家庭清洁-20260609-无-625-aigc-5,李虹玉-XNY0271,2026-06-09 21:00:49
13525509662,CH-SC-低活-10140917922437-超级抢购加补-家庭清洁-无-剪辑-转化引导-家庭清洁-20260609-无-625-aigc-4,李虹玉-XNY0271,2026-06-09 21:00:50
13525509772,CH-SC-低活-10140917922437-超级抢购加补-家庭清洁-无-剪辑-转化引导-家庭清洁-20260609-无-625-aigc-7,李虹玉-XNY0271,2026-06-09 21:00:52
13525509906,CH-SC-低活-10140917922437-超级抢购加补-家庭清洁-无-剪辑-转化引导-家庭清洁-20260609-无-625-aigc-8,李虹玉-XNY0271,2026-06-09 21:00:54
13525510211,CH-SC-低活-10140917922437-超级抢购加补-家庭清洁-无-剪辑-转化引导-家庭清洁-20260609-无-625-aigc-9,李虹玉-XNY0271,2026-06-09 21:00:58
13525510315,CH-SC-低活-10140917922437-超级抢购加补-家庭清洁-无-剪辑-转化引导-家庭清洁-20260609-无-625-aigc-11,李虹玉-XNY0271,2026-06-09 21:01:00
13525510406,CH-SC-低活-10140917922437-超级抢购加补-家庭清洁-无-剪辑-转化引导-家庭清洁-20260609-无-625-aigc-10,李虹玉-XNY0271,2026-06-09 21:01:01
13525510522,CH-SC-低活-10140917922437-超级抢购加补-家庭清洁-无-剪辑-转化引导-家庭清洁-20260609-无-625-aigc-12,李虹玉-XNY0271,2026-06-09 21:01:03
13525510630,CH-SC-低活-10140917922437-超级抢购加补-家庭清洁-无-剪辑-转化引导-家庭清洁-20260609-无-625-aigc-13,李虹玉-XNY0271,2026-06-09 21:01:05
13525510750,CH-SC-低活-10140917922437-超级抢购加补-家庭清洁-无-剪辑-转化引导-家庭清洁-20260609-无-625-aigc-14,李虹玉-XNY0271,2026-06-09 21:01:06
13525510802,CH-SC-低活-10140917922437-超级抢购加补-家庭清洁-无-剪辑-转化引导-家庭清洁-20260609-无-625-aigc-15,李虹玉-XNY0271,2026-06-09 21:01:07
13525511012,CH-SC-低活-10140917922437-超级抢购加补-家庭清洁-无-剪辑-转化引导-家庭清洁-20260609-无-625-aigc-16,李虹玉-XNY0271,2026-06-09 21:01:10
13525511245,CH-SC-低活-10140917922437-超级抢购加补-家庭清洁-无-剪辑-转化引导-家庭清洁-20260609-无-625-aigc-18,李虹玉-XNY0271,2026-06-09 21:01:14
13525511409,CH-SC-低活-10140917922437-超级抢购加补-家庭清洁-无-剪辑-转化引导-家庭清洁-20260609-无-625-aigc-19,李虹玉-XNY0271,2026-06-09 21:01:16
13525511443,CH-SC-低活-10140917922437-超级抢购加补-家庭清洁-无-剪辑-转化引导-家庭清洁-20260609-无-625-aigc-17,李虹玉-XNY0271,2026-06-09 21:01:17
13525511578,CH-SC-低活-10140917922437-超级抢购加补-家庭清洁-无-剪辑-转化引导-家庭清洁-20260609-无-625-aigc-20,李虹玉-XNY0271,2026-06-09 21:01:19
13525511741,CH-SC-低活-10140917922437-超级抢购加补-家庭清洁-无-剪辑-转化引导-家庭清洁-20260609-无-625-aigc-21,李虹玉-XNY0271,2026-06-09 21:01:22
13525511955,CH-SC-低活-10140917922437-超级抢购加补-家庭清洁-无-剪辑-转化引导-家庭清洁-20260609-无-625-aigc-1,李虹玉-XNY0271,2026-06-09 21:01:25
13525529530,CH-SC-低活-10156923061370-超级抢购加补-数码-无-剪辑-转化引导-数码-20260609-无-625-10,李虹玉-XNY0271,2026-06-09 21:05:23
13525529592,CH-SC-低活-10156923061370-超级抢购加补-数码-无-剪辑-转化引导-数码-20260609-无-625-8,李虹玉-XNY0271,2026-06-09 21:05:24
13525530021,CH-SC-低活-10156923061370-超级抢购加补-数码-无-剪辑-转化引导-数码-20260609-无-625-9,李虹玉-XNY0271,2026-06-09 21:05:31
13525530424,CH-SC-低活-10156923061370-超级抢购加补-数码-无-剪辑-转化引导-数码-20260609-无-625-12,李虹玉-XNY0271,2026-06-09 21:05:36
13525530501,CH-SC-低活-10156923061370-超级抢购加补-数码-无-剪辑-转化引导-数码-20260609-无-625-11,李虹玉-XNY0271,2026-06-09 21:05:38
13525530534,CH-SC-低活-10156923061370-超级抢购加补-数码-无-剪辑-转化引导-数码-20260609-无-625-13,李虹玉-XNY0271,2026-06-09 21:05:38
13525531454,CH-SC-低活-10156923061370-超级抢购加补-数码-无-剪辑-转化引导-数码-20260609-无-625-16,李虹玉-XNY0271,2026-06-09 21:05:51
13525531500,CH-SC-低活-10156923061370-超级抢购加补-数码-无-剪辑-转化引导-数码-20260609-无-625-15,李虹玉-XNY0271,2026-06-09 21:05:52
13525531564,CH-SC-低活-10156923061370-超级抢购加补-数码-无-剪辑-转化引导-数码-20260609-无-625-14,李虹玉-XNY0271,2026-06-09 21:05:52
13525532275,CH-SC-低活-10156923061370-超级抢购加补-数码-无-剪辑-转化引导-数码-20260609-无-625-17,李虹玉-XNY0271,2026-06-09 21:06:02
13525532527,CH-SC-低活-10156923061370-超级抢购加补-数码-无-剪辑-转化引导-数码-20260609-无-625-19,李虹玉-XNY0271,2026-06-09 21:06:06
13525533035,CH-SC-低活-10156923061370-超级抢购加补-数码-无-剪辑-转化引导-数码-20260609-无-625-18,李虹玉-XNY0271,2026-06-09 21:06:12
13525533077,CH-SC-低活-10156923061370-超级抢购加补-数码-无-剪辑-转化引导-数码-20260609-无-625-20,李虹玉-XNY0271,2026-06-09 21:06:13
13525533177,CH-SC-低活-10156923061370-超级抢购加补-数码-无-剪辑-转化引导-数码-20260609-无-625-21,李虹玉-XNY0271,2026-06-09 21:06:15
13525533927,CH-SC-低活-10156923061370-超级抢购加补-数码-无-剪辑-转化引导-数码-20260609-无-625-1,李虹玉-XNY0271,2026-06-09 21:06:25
13525533971,CH-SC-低活-10156923061370-超级抢购加补-数码-无-剪辑-转化引导-数码-20260609-无-625-2,李虹玉-XNY0271,2026-06-09 21:06:26
13525534003,CH-SC-低活-10156923061370-超级抢购加补-数码-无-剪辑-转化引导-数码-20260609-无-625-3,李虹玉-XNY0271,2026-06-09 21:06:27
13525534535,CH-SC-低活-10156923061370-超级抢购加补-数码-无-剪辑-转化引导-数码-20260609-无-625-4,李虹玉-XNY0271,2026-06-09 21:06:34
13525535031,CH-SC-低活-10156923061370-超级抢购加补-数码-无-剪辑-转化引导-数码-20260609-无-625-5,李虹玉-XNY0271,2026-06-09 21:06:40
13525535360,CH-SC-低活-10156923061370-超级抢购加补-数码-无-剪辑-转化引导-数码-20260609-无-625-7,李虹玉-XNY0271,2026-06-09 21:06:45
13525535504,CH-SC-低活-10156923061370-超级抢购加补-数码-无-剪辑-转化引导-数码-20260609-无-625-6,李虹玉-XNY0271,2026-06-09 21:06:47
13536497484,CH-SC-低活-10219841541026-超级抢购加补-厨具-无-剪辑-转化引导-厨具-20260610-无-625-aigc-29,李虹玉-XNY0271,2026-06-10 20:15:59
13536498216,CH-SC-低活-10219841541026-超级抢购加补-厨具-无-剪辑-转化引导-厨具-20260610-无-625-aigc-30,李虹玉-XNY0271,2026-06-10 20:16:05
13536498847,CH-SC-低活-10219841541026-超级抢购加补-厨具-无-剪辑-转化引导-厨具-20260610-无-625-aigc-31,李虹玉-XNY0271,2026-06-10 20:16:12
13536499112,CH-SC-低活-10219841541026-超级抢购加补-厨具-无-剪辑-转化引导-厨具-20260610-无-625-aigc-33,李虹玉-XNY0271,2026-06-10 20:16:14
13536499570,CH-SC-低活-10219841541026-超级抢购加补-厨具-无-剪辑-转化引导-厨具-20260610-无-625-aigc-32,李虹玉-XNY0271,2026-06-10 20:16:19
13536500145,CH-SC-低活-10162692688878-超级抢购加补-家用电器-无-剪辑-转化引导-家用电器-20260610-无-625-22,李虹玉-XNY0271,2026-06-10 20:16:24
13536500288,CH-SC-低活-10162692688878-超级抢购加补-家用电器-无-剪辑-转化引导-家用电器-20260610-无-625-21,李虹玉-XNY0271,2026-06-10 20:16:26
13536500410,CH-SC-低活-10162692688878-超级抢购加补-家用电器-无-剪辑-转化引导-家用电器-20260610-无-625-23,李虹玉-XNY0271,2026-06-10 20:16:27
13536501388,CH-SC-低活-10162692688878-超级抢购加补-家用电器-无-剪辑-转化引导-家用电器-20260610-无-625-24,李虹玉-XNY0271,2026-06-10 20:16:37
13536501524,CH-SC-低活-10162692688878-超级抢购加补-家用电器-无-剪辑-转化引导-家用电器-20260610-无-625-25,李虹玉-XNY0271,2026-06-10 20:16:39
13536502579,CH-SC-低活-10162692688878-超级抢购加补-家用电器-无-剪辑-转化引导-家用电器-20260610-无-625-26,李虹玉-XNY0271,2026-06-10 20:16:49
13536502584,CH-SC-低活-10162692688878-超级抢购加补-家用电器-无-剪辑-转化引导-家用电器-20260610-无-625-28,李虹玉-XNY0271,2026-06-10 20:16:49
13536502806,CH-SC-低活-10162692688878-超级抢购加补-家用电器-无-剪辑-转化引导-家用电器-20260610-无-625-27,李虹玉-XNY0271,2026-06-10 20:16:51
13536504306,CH-SC-低活-10162692688878-超级抢购加补-家用电器-无-剪辑-转化引导-家用电器-20260610-无-625-29,李虹玉-XNY0271,2026-06-10 20:17:04
13536504706,CH-SC-低活-10162692688878-超级抢购加补-家用电器-无-剪辑-转化引导-家用电器-20260610-无-625-30,李虹玉-XNY0271,2026-06-10 20:17:07
13536504732,CH-SC-低活-10162692688878-超级抢购加补-家用电器-无-剪辑-转化引导-家用电器-20260610-无-625-31,李虹玉-XNY0271,2026-06-10 20:17:07
13536505341,CH-SC-低活-10162692688878-超级抢购加补-家用电器-无-剪辑-转化引导-家用电器-20260610-无-625-32,李虹玉-XNY0271,2026-06-10 20:17:13
13536506034,CH-SC-低活-10162692688878-超级抢购加补-家用电器-无-剪辑-转化引导-家用电器-20260610-无-625-35,李虹玉-XNY0271,2026-06-10 20:17:20
13536506872,CH-SC-低活-10162692688878-超级抢购加补-家用电器-无-剪辑-转化引导-家用电器-20260610-无-625-34,李虹玉-XNY0271,2026-06-10 20:17:29
13536506961,CH-SC-低活-10162692688878-超级抢购加补-家用电器-无-剪辑-转化引导-家用电器-20260610-无-625-33,李虹玉-XNY0271,2026-06-10 20:17:29
13536514791,CH-SC-低活-10162692688878-超级抢购加补-家用电器-无-剪辑-转化引导-家用电器-20260610-无-625-36,李虹玉-XNY0271,2026-06-10 20:18:47
13536515507,CH-SC-低活-10162692688878-超级抢购加补-家用电器-无-剪辑-转化引导-家用电器-20260610-无-625-38,李虹玉-XNY0271,2026-06-10 20:18:53
13536515801,CH-SC-低活-10162692688878-超级抢购加补-家用电器-无-剪辑-转化引导-家用电器-20260610-无-625-37,李虹玉-XNY0271,2026-06-10 20:18:55
13536516462,CH-SC-广义新-10127068425204-新综合频道-收纳用品-京喜拉新-剪辑-转化引导-收纳用品-20260610-无-625-2,李虹玉-XNY0271,2026-06-10 20:19:01
13536516554,CH-SC-广义新-10127068425204-新综合频道-收纳用品-京喜拉新-剪辑-转化引导-收纳用品-20260610-无-625-4,李虹玉-XNY0271,2026-06-10 20:19:01
13536516872,CH-SC-广义新-10127068425204-新综合频道-收纳用品-京喜拉新-剪辑-转化引导-收纳用品-20260610-无-625-3,李虹玉-XNY0271,2026-06-10 20:19:03
13536517318,CH-SC-广义新-10127068425204-新综合频道-收纳用品-京喜拉新-剪辑-转化引导-收纳用品-20260610-无-625-5,李虹玉-XNY0271,2026-06-10 20:19:07
13536517872,CH-SC-广义新-10127068425204-新综合频道-收纳用品-京喜拉新-剪辑-转化引导-收纳用品-20260610-无-625-6,李虹玉-XNY0271,2026-06-10 20:19:10
13536519012,CH-SC-广义新-10127068425204-新综合频道-收纳用品-京喜拉新-剪辑-转化引导-收纳用品-20260610-无-625-9,李虹玉-XNY0271,2026-06-10 20:19:18
13536519326,CH-SC-广义新-10127068425204-新综合频道-收纳用品-京喜拉新-剪辑-转化引导-收纳用品-20260610-无-625-7,李虹玉-XNY0271,2026-06-10 20:19:20
13536519469,CH-SC-广义新-10127068425204-新综合频道-收纳用品-京喜拉新-剪辑-转化引导-收纳用品-20260610-无-625-8,李虹玉-XNY0271,2026-06-10 20:19:21
13536520998,CH-SC-广义新-10127068425204-新综合频道-收纳用品-京喜拉新-剪辑-转化引导-收纳用品-20260610-无-625-10,李虹玉-XNY0271,2026-06-10 20:19:30
13536521344,CH-SC-广义新-10127068425204-新综合频道-收纳用品-京喜拉新-剪辑-转化引导-收纳用品-20260610-无-625-11,李虹玉-XNY0271,2026-06-10 20:19:32
13536521825,CH-SC-广义新-10160913413000-新综合频道-厨具-京喜拉新-剪辑-转化引导-厨具-20260610-无-625-1,李虹玉-XNY0271,2026-06-10 20:19:35
13536522225,CH-SC-广义新-10160913413000-新综合频道-厨具-京喜拉新-剪辑-转化引导-厨具-20260610-无-625-3,李虹玉-XNY0271,2026-06-10 20:19:37
13536522772,CH-SC-广义新-10160913413000-新综合频道-厨具-京喜拉新-剪辑-转化引导-厨具-20260610-无-625-2,李虹玉-XNY0271,2026-06-10 20:19:40
13536523672,CH-SC-广义新-10160913413000-新综合频道-厨具-京喜拉新-剪辑-转化引导-厨具-20260610-无-625-7,李虹玉-XNY0271,2026-06-10 20:19:46
13536524390,CH-SC-广义新-10160913413000-新综合频道-厨具-京喜拉新-剪辑-转化引导-厨具-20260610-无-625-8,李虹玉-XNY0271,2026-06-10 20:19:50
13536524750,CH-SC-广义新-10160913413000-新综合频道-厨具-京喜拉新-剪辑-转化引导-厨具-20260610-无-625-10,李虹玉-XNY0271,2026-06-10 20:19:52
13536531426,CH-SC-低活-10162692688878-超级抢购加补-家用电器-无-剪辑-转化引导-家用电器-20260610-无-625-39,李虹玉-XNY0271,2026-06-10 20:20:33
13536532893,CH-SC-低活-10162692688878-超级抢购加补-家用电器-无-剪辑-转化引导-家用电器-20260610-无-625-1,李虹玉-XNY0271,2026-06-10 20:20:42
13536532992,CH-SC-低活-10162692688878-超级抢购加补-家用电器-无-剪辑-转化引导-家用电器-20260610-无-625-40,李虹玉-XNY0271,2026-06-10 20:20:43
13536533474,CH-SC-低活-10162692688878-超级抢购加补-家用电器-无-剪辑-转化引导-家用电器-20260610-无-625-41,李虹玉-XNY0271,2026-06-10 20:20:46
13536534320,CH-SC-低活-10162692688878-超级抢购加补-家用电器-无-剪辑-转化引导-家用电器-20260610-无-625-3,李虹玉-XNY0271,2026-06-10 20:20:51
13536534553,CH-SC-低活-10162692688878-超级抢购加补-家用电器-无-剪辑-转化引导-家用电器-20260610-无-625-4,李虹玉-XNY0271,2026-06-10 20:20:52
13536534614,CH-SC-低活-10162692688878-超级抢购加补-家用电器-无-剪辑-转化引导-家用电器-20260610-无-625-2,李虹玉-XNY0271,2026-06-10 20:20:53
13536535188,CH-SC-低活-10162692688878-超级抢购加补-家用电器-无-剪辑-转化引导-家用电器-20260610-无-625-5,李虹玉-XNY0271,2026-06-10 20:20:56
13536535550,CH-SC-低活-10162692688878-超级抢购加补-家用电器-无-剪辑-转化引导-家用电器-20260610-无-625-6,李虹玉-XNY0271,2026-06-10 20:20:58
13536536138,CH-SC-低活-10162692688878-超级抢购加补-家用电器-无-剪辑-转化引导-家用电器-20260610-无-625-8,李虹玉-XNY0271,2026-06-10 20:21:02
13536536617,CH-SC-低活-10162692688878-超级抢购加补-家用电器-无-剪辑-转化引导-家用电器-20260610-无-625-7,李虹玉-XNY0271,2026-06-10 20:21:05
13536536817,CH-SC-低活-10162692688878-超级抢购加补-家用电器-无-剪辑-转化引导-家用电器-20260610-无-625-9,李虹玉-XNY0271,2026-06-10 20:21:06
13536537415,CH-SC-低活-10162692688878-超级抢购加补-家用电器-无-剪辑-转化引导-家用电器-20260610-无-625-11,李虹玉-XNY0271,2026-06-10 20:21:10
13536538218,CH-SC-低活-10162692688878-超级抢购加补-家用电器-无-剪辑-转化引导-家用电器-20260610-无-625-13,李虹玉-XNY0271,2026-06-10 20:21:15
13536538408,CH-SC-低活-10162692688878-超级抢购加补-家用电器-无-剪辑-转化引导-家用电器-20260610-无-625-10,李虹玉-XNY0271,2026-06-10 20:21:17
13536538686,CH-SC-低活-10162692688878-超级抢购加补-家用电器-无-剪辑-转化引导-家用电器-20260610-无-625-12,李虹玉-XNY0271,2026-06-10 20:21:18
13536539191,CH-SC-低活-10162692688878-超级抢购加补-家用电器-无-剪辑-转化引导-家用电器-20260610-无-625-14,李虹玉-XNY0271,2026-06-10 20:21:21
13536540101,CH-SC-低活-10162692688878-超级抢购加补-家用电器-无-剪辑-转化引导-家用电器-20260610-无-625-16,李虹玉-XNY0271,2026-06-10 20:21:27
13536541450,CH-SC-低活-10162692688878-超级抢购加补-家用电器-无-剪辑-转化引导-家用电器-20260610-无-625-17,李虹玉-XNY0271,2026-06-10 20:21:36
13536541938,CH-SC-低活-10162692688878-超级抢购加补-家用电器-无-剪辑-转化引导-家用电器-20260610-无-625-15,李虹玉-XNY0271,2026-06-10 20:21:39
13536542111,CH-SC-低活-10162692688878-超级抢购加补-家用电器-无-剪辑-转化引导-家用电器-20260610-无-625-18,李虹玉-XNY0271,2026-06-10 20:21:41
13536542800,CH-SC-低活-10162692688878-超级抢购加补-家用电器-无-剪辑-转化引导-家用电器-20260610-无-625-20,李虹玉-XNY0271,2026-06-10 20:21:46
13536543119,CH-SC-低活-10162692688878-超级抢购加补-家用电器-无-剪辑-转化引导-家用电器-20260610-无-625-19,李虹玉-XNY0271,2026-06-10 20:21:48
13536544039,CH-SC-低活-10219841541026-超级抢购加补-厨具-无-剪辑-转化引导-厨具-20260610-无-625-aigc-2,李虹玉-XNY0271,2026-06-10 20:21:54
13536545311,CH-SC-低活-10219841541026-超级抢购加补-厨具-无-剪辑-转化引导-厨具-20260610-无-625-aigc-3,李虹玉-XNY0271,2026-06-10 20:22:04
13536545427,CH-SC-低活-10219841541026-超级抢购加补-厨具-无-剪辑-转化引导-厨具-20260610-无-625-aigc-4,李虹玉-XNY0271,2026-06-10 20:22:05
13536546698,CH-SC-低活-10219841541026-超级抢购加补-厨具-无-剪辑-转化引导-厨具-20260610-无-625-aigc-5,李虹玉-XNY0271,2026-06-10 20:22:15
13536548029,CH-SC-低活-10219841541026-超级抢购加补-厨具-无-剪辑-转化引导-厨具-20260610-无-625-aigc-6,李虹玉-XNY0271,2026-06-10 20:22:26
13536548377,CH-SC-低活-10219841541026-超级抢购加补-厨具-无-剪辑-转化引导-厨具-20260610-无-625-aigc-9,李虹玉-XNY0271,2026-06-10 20:22:29
13536548555,CH-SC-低活-10219841541026-超级抢购加补-厨具-无-剪辑-转化引导-厨具-20260610-无-625-aigc-8,李虹玉-XNY0271,2026-06-10 20:22:30
13536549173,CH-SC-低活-10219841541026-超级抢购加补-厨具-无-剪辑-转化引导-厨具-20260610-无-625-aigc-10,李虹玉-XNY0271,2026-06-10 20:22:35
13536550087,CH-SC-低活-10219841541026-超级抢购加补-厨具-无-剪辑-转化引导-厨具-20260610-无-625-aigc-12,李虹玉-XNY0271,2026-06-10 20:22:42
13536551237,CH-SC-低活-10219841541026-超级抢购加补-厨具-无-剪辑-转化引导-厨具-20260610-无-625-aigc-14,李虹玉-XNY0271,2026-06-10 20:22:51
13536551379,CH-SC-低活-10219841541026-超级抢购加补-厨具-无-剪辑-转化引导-厨具-20260610-无-625-aigc-11,李虹玉-XNY0271,2026-06-10 20:22:52
13536551506,CH-SC-低活-10219841541026-超级抢购加补-厨具-无-剪辑-转化引导-厨具-20260610-无-625-aigc-13,李虹玉-XNY0271,2026-06-10 20:22:53
13536553327,CH-SC-低活-10219841541026-超级抢购加补-厨具-无-剪辑-转化引导-厨具-20260610-无-625-aigc-16,李虹玉-XNY0271,2026-06-10 20:23:07
13536553421,CH-SC-低活-10219841541026-超级抢购加补-厨具-无-剪辑-转化引导-厨具-20260610-无-625-aigc-15,李虹玉-XNY0271,2026-06-10 20:23:08
13536553671,CH-SC-低活-10219841541026-超级抢购加补-厨具-无-剪辑-转化引导-厨具-20260610-无-625-aigc-17,李虹玉-XNY0271,2026-06-10 20:23:10
13536555403,CH-SC-低活-10219841541026-超级抢购加补-厨具-无-剪辑-转化引导-厨具-20260610-无-625-aigc-20,李虹玉-XNY0271,2026-06-10 20:23:25
13536555504,CH-SC-低活-10219841541026-超级抢购加补-厨具-无-剪辑-转化引导-厨具-20260610-无-625-aigc-18,李虹玉-XNY0271,2026-06-10 20:23:26
13536555649,CH-SC-低活-10219841541026-超级抢购加补-厨具-无-剪辑-转化引导-厨具-20260610-无-625-aigc-19,李虹玉-XNY0271,2026-06-10 20:23:27
13536557982,CH-SC-低活-10219841541026-超级抢购加补-厨具-无-剪辑-转化引导-厨具-20260610-无-625-aigc-23,李虹玉-XNY0271,2026-06-10 20:23:48
13536559073,CH-SC-低活-10219841541026-超级抢购加补-厨具-无-剪辑-转化引导-厨具-20260610-无-625-aigc-25,李虹玉-XNY0271,2026-06-10 20:23:58
13536559378,CH-SC-低活-10219841541026-超级抢购加补-厨具-无-剪辑-转化引导-厨具-20260610-无-625-aigc-26,李虹玉-XNY0271,2026-06-10 20:24:00
13536559418,CH-SC-低活-10219841541026-超级抢购加补-厨具-无-剪辑-转化引导-厨具-20260610-无-625-aigc-24,李虹玉-XNY0271,2026-06-10 20:24:01
13536594103,CH-SC-广义新-10219841541026-新综合频道-厨具-无-剪辑-转化引导-厨具-20260610-无-625-10,李虹玉-XNY0271,2026-06-10 20:28:25
13536595481,CH-SC-广义新-10219841541026-新综合频道-厨具-无-剪辑-转化引导-厨具-20260610-无-625-15,李虹玉-XNY0271,2026-06-10 20:28:34
13540475921,CH-SC-低活-10217490782713-超级抢购加补-粮油调味-无-剪辑-转化引导-粮油调味-2026011-无-625-8,李虹玉-XNY0271,2026-06-11 11:27:35
13540477830,CH-SC-低活-10217490782713-超级抢购加补-粮油调味-无-剪辑-转化引导-粮油调味-2026011-无-625-7,李虹玉-XNY0271,2026-06-11 11:27:42
13540482263,CH-SC-低活-10217490782713-超级抢购加补-粮油调味-无-剪辑-转化引导-粮油调味-2026011-无-625-5,李虹玉-XNY0271,2026-06-11 11:27:58
13540483065,CH-SC-低活-10217490782713-超级抢购加补-粮油调味-无-剪辑-转化引导-粮油调味-2026011-无-625-9,李虹玉-XNY0271,2026-06-11 11:28:01
13540483796,CH-SC-低活-10217490782713-超级抢购加补-粮油调味-无-剪辑-转化引导-粮油调味-2026011-无-625-1,李虹玉-XNY0271,2026-06-11 11:28:04
13540484730,CH-SC-低活-10217490782713-超级抢购加补-粮油调味-无-剪辑-转化引导-粮油调味-2026011-无-625-10,李虹玉-XNY0271,2026-06-11 11:28:07
13540485914,CH-SC-低活-10217490782713-超级抢购加补-粮油调味-无-剪辑-转化引导-粮油调味-2026011-无-625-2,李虹玉-XNY0271,2026-06-11 11:28:12
13540486650,CH-SC-低活-10217490782713-超级抢购加补-粮油调味-无-剪辑-转化引导-粮油调味-2026011-无-625-4,李虹玉-XNY0271,2026-06-11 11:28:14
13540487934,CH-SC-低活-10217490782713-超级抢购加补-粮油调味-无-剪辑-转化引导-粮油调味-2026011-无-625-3,李虹玉-XNY0271,2026-06-11 11:28:20
13540488151,CH-SC-低活-10217490782713-超级抢购加补-粮油调味-无-剪辑-转化引导-粮油调味-2026011-无-625-6,李虹玉-XNY0271,2026-06-11 11:28:20
13547603878,CH-SC-低活-10140207411553-超级抢购加补-文教文化用品-无-剪辑-转化引导-文教文化用品-20260611-无-625-14,李虹玉-XNY0271,2026-06-11 19:58:08
13547603927,CH-SC-低活-10140207411553-超级抢购加补-文教文化用品-无-剪辑-转化引导-文教文化用品-20260611-无-625-2,李虹玉-XNY0271,2026-06-11 19:58:08
13547603956,CH-SC-低活-10140207411553-超级抢购加补-文教文化用品-无-剪辑-转化引导-文教文化用品-20260611-无-625-1,李虹玉-XNY0271,2026-06-11 19:58:08
13547604470,CH-SC-低活-10140207411553-超级抢购加补-文教文化用品-无-剪辑-转化引导-文教文化用品-20260611-无-625-3,李虹玉-XNY0271,2026-06-11 19:58:13
13547605080,CH-SC-低活-10140207411553-超级抢购加补-文教文化用品-无-剪辑-转化引导-文教文化用品-20260611-无-625-6,李虹玉-XNY0271,2026-06-11 19:58:18
13547605175,CH-SC-低活-10140207411553-超级抢购加补-文教文化用品-无-剪辑-转化引导-文教文化用品-20260611-无-625-5,李虹玉-XNY0271,2026-06-11 19:58:19
13547605427,CH-SC-低活-10140207411553-超级抢购加补-文教文化用品-无-剪辑-转化引导-文教文化用品-20260611-无-625-4,李虹玉-XNY0271,2026-06-11 19:58:21
13547605549,CH-SC-低活-10140207411553-超级抢购加补-文教文化用品-无-剪辑-转化引导-文教文化用品-20260611-无-625-7,李虹玉-XNY0271,2026-06-11 19:58:22
13547606521,CH-SC-低活-10140207411553-超级抢购加补-文教文化用品-无-剪辑-转化引导-文教文化用品-20260611-无-625-9,李虹玉-XNY0271,2026-06-11 19:58:31
13547606643,CH-SC-低活-10140207411553-超级抢购加补-文教文化用品-无-剪辑-转化引导-文教文化用品-20260611-无-625-8,李虹玉-XNY0271,2026-06-11 19:58:32
13547606918,CH-SC-低活-10140207411553-超级抢购加补-文教文化用品-无-剪辑-转化引导-文教文化用品-20260611-无-625-10,李虹玉-XNY0271,2026-06-11 19:58:35
13547607733,CH-SC-低活-10140207411553-超级抢购加补-文教文化用品-无-剪辑-转化引导-文教文化用品-20260611-无-625-11,李虹玉-XNY0271,2026-06-11 19:58:43
13547608200,CH-SC-低活-10140207411553-超级抢购加补-文教文化用品-无-剪辑-转化引导-文教文化用品-20260611-无-625-13,李虹玉-XNY0271,2026-06-11 19:58:48
13547608214,CH-SC-低活-10140207411553-超级抢购加补-文教文化用品-无-剪辑-转化引导-文教文化用品-20260611-无-625-12,李虹玉-XNY0271,2026-06-11 19:58:48
13547608219,CH-SC-低活-10224343296687-超级抢购加补-粮油调味-无-剪辑-转化引导-粮油调味-20260611-无-625-1,李虹玉-XNY0271,2026-06-11 19:58:48
13547609450,CH-SC-低活-10224343296687-超级抢购加补-粮油调味-无-剪辑-转化引导-粮油调味-20260611-无-625-3,李虹玉-XNY0271,2026-06-11 19:58:59
13547609465,CH-SC-低活-10224343296687-超级抢购加补-粮油调味-无-剪辑-转化引导-粮油调味-20260611-无-625-2,李虹玉-XNY0271,2026-06-11 19:58:59
13547609716,CH-SC-低活-10224343296687-超级抢购加补-粮油调味-无-剪辑-转化引导-粮油调味-20260611-无-625-4,李虹玉-XNY0271,2026-06-11 19:59:01
13547610902,CH-SC-低活-10217613031260-好价清单-休闲食品-无-剪辑-转化引导-休闲食品-20260611-无-625-15,李虹玉-XNY0271,2026-06-11 19:59:13
13547611069,CH-SC-低活-10217613031260-好价清单-休闲食品-无-剪辑-转化引导-休闲食品-20260611-无-625-14,李虹玉-XNY0271,2026-06-11 19:59:14
13547611839,CH-SC-低活-10217613031260-好价清单-休闲食品-无-剪辑-转化引导-休闲食品-20260611-无-625-16,李虹玉-XNY0271,2026-06-11 19:59:22
13547612924,CH-SC-低活-10217613031260-好价清单-休闲食品-无-剪辑-转化引导-休闲食品-20260611-无-625-3,李虹玉-XNY0271,2026-06-11 19:59:31
13547613103,CH-SC-低活-10217613031260-好价清单-休闲食品-无-剪辑-转化引导-休闲食品-20260611-无-625-2,李虹玉-XNY0271,2026-06-11 19:59:33
13547613166,CH-SC-低活-10217613031260-好价清单-休闲食品-无-剪辑-转化引导-休闲食品-20260611-无-625-1,李虹玉-XNY0271,2026-06-11 19:59:34
13547617079,CH-SC-低活-10217613031260-好价清单-休闲食品-无-剪辑-转化引导-休闲食品-20260611-无-625-5,李虹玉-XNY0271,2026-06-11 20:00:13
13547617160,CH-SC-低活-10217613031260-好价清单-休闲食品-无-剪辑-转化引导-休闲食品-20260611-无-625-4,李虹玉-XNY0271,2026-06-11 20:00:14
13547617839,CH-SC-低活-10217613031260-好价清单-休闲食品-无-剪辑-转化引导-休闲食品-20260611-无-625-6,李虹玉-XNY0271,2026-06-11 20:00:20
13547618177,CH-SC-低活-10217613031260-好价清单-休闲食品-无-剪辑-转化引导-休闲食品-20260611-无-625-8,李虹玉-XNY0271,2026-06-11 20:00:24
13547618344,CH-SC-低活-10217613031260-好价清单-休闲食品-无-剪辑-转化引导-休闲食品-20260611-无-625-9,李虹玉-XNY0271,2026-06-11 20:00:26
13547618479,CH-SC-低活-10217613031260-好价清单-休闲食品-无-剪辑-转化引导-休闲食品-20260611-无-625-7,李虹玉-XNY0271,2026-06-11 20:00:27
13547619304,CH-SC-低活-10217613031260-好价清单-休闲食品-无-剪辑-转化引导-休闲食品-20260611-无-625-11,李虹玉-XNY0271,2026-06-11 20:00:36
13547619349,CH-SC-低活-10217613031260-好价清单-休闲食品-无-剪辑-转化引导-休闲食品-20260611-无-625-12,李虹玉-XNY0271,2026-06-11 20:00:37
13547619370,CH-SC-低活-10217613031260-好价清单-休闲食品-无-剪辑-转化引导-休闲食品-20260611-无-625-10,李虹玉-XNY0271,2026-06-11 20:00:37
13547621068,CH-SC-低活-10217613031260-好价清单-休闲食品-无-剪辑-转化引导-休闲食品-20260611-无-625-13,李虹玉-XNY0271,2026-06-11 20:00:52
13547621111,CH-SC-低活-10224343296687-超级抢购加补-粮油调味-无-剪辑-转化引导-粮油调味-20260611-无-625-5,李虹玉-XNY0271,2026-06-11 20:00:53
13547621674,CH-SC-低活-10224343296687-超级抢购加补-粮油调味-无-剪辑-转化引导-粮油调味-20260611-无-625-6,李虹玉-XNY0271,2026-06-11 20:00:59
13547622792,CH-SC-低活-10224343296687-超级抢购加补-粮油调味-无-剪辑-转化引导-粮油调味-20260611-无-625-7,李虹玉-XNY0271,2026-06-11 20:01:10
13547623718,CH-SC-低活-10224343296687-超级抢购加补-粮油调味-无-剪辑-转化引导-粮油调味-20260611-无-625-8,李虹玉-XNY0271,2026-06-11 20:01:20
13547623945,CH-SC-低活-10224343296687-超级抢购加补-粮油调味-无-剪辑-转化引导-粮油调味-20260611-无-625-9,李虹玉-XNY0271,2026-06-11 20:01:22
13547624064,CH-SC-低活-10224343296687-超级抢购加补-粮油调味-无-剪辑-转化引导-粮油调味-20260611-无-625-10,李虹玉-XNY0271,2026-06-11 20:01:23
13547627539,CH-SC-广义新-1335814-新综合频道-休闲食品-京喜拉新-剪辑-转化引导-休闲食品-20260611-无-625-aigc-1,李虹玉-XNY0271,2026-06-11 20:01:56
13547628062,CH-SC-广义新-1335814-新综合频道-休闲食品-京喜拉新-剪辑-转化引导-休闲食品-20260611-无-625-aigc-3,李虹玉-XNY0271,2026-06-11 20:02:01
13547628147,CH-SC-广义新-1335814-新综合频道-休闲食品-京喜拉新-剪辑-转化引导-休闲食品-20260611-无-625-aigc-2,李虹玉-XNY0271,2026-06-11 20:02:02
13547628490,CH-SC-广义新-10098260560207-新综合频道-家庭清洁-京喜拉新-剪辑-转化引导-家庭清洁-20260611-无-625-aigc-2,李虹玉-XNY0271,2026-06-11 20:02:05
13547628574,CH-SC-广义新-10098260560207-新综合频道-家庭清洁-京喜拉新-剪辑-转化引导-家庭清洁-20260611-无-625-aigc-1,李虹玉-XNY0271,2026-06-11 20:02:06
13547628757,CH-SC-广义新-10098260560207-新综合频道-家庭清洁-京喜拉新-剪辑-转化引导-家庭清洁-20260611-无-625-aigc-3,李虹玉-XNY0271,2026-06-11 20:02:08
13547628989,CH-SC-广义新-10098260560207-新综合频道-家庭清洁-京喜拉新-剪辑-转化引导-家庭清洁-20260611-无-625-aigc-5,李虹玉-XNY0271,2026-06-11 20:02:11
13547629012,CH-SC-广义新-10098260560207-新综合频道-家庭清洁-京喜拉新-剪辑-转化引导-家庭清洁-20260611-无-625-aigc-4,李虹玉-XNY0271,2026-06-11 20:02:11
13547629319,CH-SC-广义新-10098260560207-新综合频道-家庭清洁-京喜拉新-剪辑-转化引导-家庭清洁-20260611-无-625-aigc-6,李虹玉-XNY0271,2026-06-11 20:02:13
13547629627,CH-SC-广义新-10098260560207-新综合频道-家庭清洁-京喜拉新-剪辑-转化引导-家庭清洁-20260611-无-625-aigc-7,李虹玉-XNY0271,2026-06-11 20:02:16
13547630088,CH-SC-广义新-10098260560207-新综合频道-家庭清洁-京喜拉新-剪辑-转化引导-家庭清洁-20260611-无-625-aigc-8,李虹玉-XNY0271,2026-06-11 20:02:19
13547630096,CH-SC-广义新-10098260560207-新综合频道-家庭清洁-京喜拉新-剪辑-转化引导-家庭清洁-20260611-无-625-aigc-10,李虹玉-XNY0271,2026-06-11 20:02:19
13547630267,CH-SC-广义新-10098260560207-新综合频道-家庭清洁-京喜拉新-剪辑-转化引导-家庭清洁-20260611-无-625-aigc-9,李虹玉-XNY0271,2026-06-11 20:02:21
13547630751,CH-SC-广义新-10205972997294-新综合频道-休闲食品-京喜拉新-剪辑-转化引导-休闲食品-20260611-反向-625-aigc-5,李虹玉-XNY0271,2026-06-11 20:02:25
13547630806,CH-SC-广义新-10205972997294-新综合频道-休闲食品-京喜拉新-剪辑-转化引导-休闲食品-20260611-反向-625-aigc-4,李虹玉-XNY0271,2026-06-11 20:02:26
13547630994,CH-SC-广义新-10205972997294-新综合频道-休闲食品-京喜拉新-剪辑-转化引导-休闲食品-20260611-反向-625-aigc-6,李虹玉-XNY0271,2026-06-11 20:02:28
13547631322,CH-SC-广义新-10205972997294-新综合频道-休闲食品-京喜拉新-剪辑-转化引导-休闲食品-20260611-反向-625-aigc-8,李虹玉-XNY0271,2026-06-11 20:02:30
13547631489,CH-SC-广义新-10205972997294-新综合频道-休闲食品-京喜拉新-剪辑-转化引导-休闲食品-20260611-反向-625-aigc-7,李虹玉-XNY0271,2026-06-11 20:02:32
13547631545,CH-SC-广义新-10205972997294-新综合频道-休闲食品-京喜拉新-剪辑-转化引导-休闲食品-20260611-反向-625-aigc-9,李虹玉-XNY0271,2026-06-11 20:02:33
13547631750,CH-SC-广义新-10205972997294-新综合频道-休闲食品-京喜拉新-剪辑-转化引导-休闲食品-20260611-反向-625-aigc-10,李虹玉-XNY0271,2026-06-11 20:02:35
13547632226,CH-SC-广义新-10205972997294-新综合频道-休闲食品-京喜拉新-剪辑-转化引导-休闲食品-20260611-反向-625-aigc-11,李虹玉-XNY0271,2026-06-11 20:02:39
13547632364,CH-SC-广义新-10205972997294-新综合频道-休闲食品-京喜拉新-剪辑-转化引导-休闲食品-20260611-反向-625-aigc-12,李虹玉-XNY0271,2026-06-11 20:02:40
13547632417,CH-SC-广义新-10205972997294-新综合频道-休闲食品-京喜拉新-剪辑-转化引导-休闲食品-20260611-反向-625-aigc-13,李虹玉-XNY0271,2026-06-11 20:02:40
13547632842,CH-SC-广义新-10205972997294-新综合频道-休闲食品-京喜拉新-剪辑-转化引导-休闲食品-20260611-反向-625-aigc-1,李虹玉-XNY0271,2026-06-11 20:02:44
13547633027,CH-SC-广义新-10205972997294-新综合频道-休闲食品-京喜拉新-剪辑-转化引导-休闲食品-20260611-反向-625-aigc-3,李虹玉-XNY0271,2026-06-11 20:02:46
13547633264,CH-SC-广义新-10205972997294-新综合频道-休闲食品-京喜拉新-剪辑-转化引导-休闲食品-20260611-反向-625-aigc-2,李虹玉-XNY0271,2026-06-11 20:02:48
13547635921,CH-SC-广义新-1335814-新综合频道-休闲食品-京喜拉新-剪辑-转化引导-休闲食品-20260611-无-625-aigc-4,李虹玉-XNY0271,2026-06-11 20:03:13
13547636142,CH-SC-广义新-1335814-新综合频道-休闲食品-京喜拉新-剪辑-转化引导-休闲食品-20260611-无-625-aigc-5,李虹玉-XNY0271,2026-06-11 20:03:15
13547636238,CH-SC-广义新-1335814-新综合频道-休闲食品-京喜拉新-剪辑-转化引导-休闲食品-20260611-无-625-aigc-6,李虹玉-XNY0271,2026-06-11 20:03:16
13547636497,CH-SC-广义新-1335814-新综合频道-休闲食品-京喜拉新-剪辑-转化引导-休闲食品-20260611-无-625-aigc-7,李虹玉-XNY0271,2026-06-11 20:03:19
13547636753,CH-SC-广义新-1335814-新综合频道-休闲食品-京喜拉新-剪辑-转化引导-休闲食品-20260611-无-625-aigc-8,李虹玉-XNY0271,2026-06-11 20:03:21
13547636934,CH-SC-广义新-1335814-新综合频道-休闲食品-京喜拉新-剪辑-转化引导-休闲食品-20260611-无-625-aigc-9,李虹玉-XNY0271,2026-06-11 20:03:23
13547637378,CH-SC-广义新-1335814-新综合频道-休闲食品-京喜拉新-剪辑-转化引导-休闲食品-20260611-无-625-aigc-10,李虹玉-XNY0271,2026-06-11 20:03:26
13547637463,CH-SC-广义新-1335814-新综合频道-休闲食品-京喜拉新-剪辑-转化引导-休闲食品-20260611-无-625-aigc-11,李虹玉-XNY0271,2026-06-11 20:03:26
13547637743,CH-SC-广义新-1335814-新综合频道-休闲食品-京喜拉新-剪辑-转化引导-休闲食品-20260611-无-625-aigc-12,李虹玉-XNY0271,2026-06-11 20:03:29
13547637957,CH-SC-广义新-1335814-新综合频道-休闲食品-京喜拉新-剪辑-转化引导-休闲食品-20260611-无-625-aigc-13,李虹玉-XNY0271,2026-06-11 20:03:31
13554298806,CH-PRJ-采销项目-10204138700158-快手安卓-外卖美食-无-剪辑-转化引导-外卖美食-20260612-无-625-12,李虹玉-XNY0271,2026-06-12 14:58:53
13554299152,CH-PRJ-采销项目-10204138700158-快手安卓-外卖美食-无-剪辑-转化引导-外卖美食-20260612-无-625-13,李虹玉-XNY0271,2026-06-12 14:58:55
13554300542,CH-PRJ-采销项目-10204138700158-快手安卓-外卖美食-无-剪辑-转化引导-外卖美食-20260612-无-625-1,李虹玉-XNY0271,2026-06-12 14:59:00
13554300922,CH-PRJ-采销项目-10204138700158-快手安卓-外卖美食-无-剪辑-转化引导-外卖美食-20260612-无-625-14,李虹玉-XNY0271,2026-06-12 14:59:01
13554301999,CH-PRJ-采销项目-10204138700158-快手安卓-外卖美食-无-剪辑-转化引导-外卖美食-20260612-无-625-15,李虹玉-XNY0271,2026-06-12 14:59:04
13554303286,CH-PRJ-采销项目-10204138700158-快手安卓-外卖美食-无-剪辑-转化引导-外卖美食-20260612-无-625-3,李虹玉-XNY0271,2026-06-12 14:59:09
13554303724,CH-PRJ-采销项目-10204138700158-快手安卓-外卖美食-无-剪辑-转化引导-外卖美食-20260612-无-625-2,李虹玉-XNY0271,2026-06-12 14:59:10
13554306557,CH-PRJ-采销项目-10204138700158-快手安卓-外卖美食-无-剪辑-转化引导-外卖美食-20260612-无-625-6,李虹玉-XNY0271,2026-06-12 14:59:19
13554306596,CH-PRJ-采销项目-10204138700158-快手安卓-外卖美食-无-剪辑-转化引导-外卖美食-20260612-无-625-4,李虹玉-XNY0271,2026-06-12 14:59:19
13554307391,CH-PRJ-采销项目-10204138700158-快手安卓-外卖美食-无-剪辑-转化引导-外卖美食-20260612-无-625-5,李虹玉-XNY0271,2026-06-12 14:59:22
13554310271,CH-PRJ-采销项目-10204138700158-快手安卓-外卖美食-无-剪辑-转化引导-外卖美食-20260612-无-625-7,李虹玉-XNY0271,2026-06-12 14:59:31
13554311207,CH-PRJ-采销项目-10204138700158-快手安卓-外卖美食-无-剪辑-转化引导-外卖美食-20260612-无-625-9,李虹玉-XNY0271,2026-06-12 14:59:34
13554311315,CH-PRJ-采销项目-10204138700158-快手安卓-外卖美食-无-剪辑-转化引导-外卖美食-20260612-无-625-8,李虹玉-XNY0271,2026-06-12 14:59:34
13554314368,CH-PRJ-采销项目-10204138700158-快手安卓-外卖美食-无-剪辑-转化引导-外卖美食-20260612-无-625-11,李虹玉-XNY0271,2026-06-12 14:59:43
13554315651,CH-PRJ-采销项目-10204138700158-快手安卓-外卖美食-无-剪辑-转化引导-外卖美食-20260612-无-625-10,李虹玉-XNY0271,2026-06-12 14:59:47
13559844150,CH-PRJ-采销项目-10204138700158-快手安卓-外卖美食-无-剪辑-转化引导-外卖美食-20260612-无-625-2,李虹玉-XNY0271,2026-06-12 21:46:49
13559844197,CH-PRJ-采销项目-10204138700158-快手安卓-外卖美食-无-剪辑-转化引导-外卖美食-20260612-无-625-3,李虹玉-XNY0271,2026-06-12 21:46:50
13559844369,CH-PRJ-采销项目-10204138700158-快手安卓-外卖美食-无-剪辑-转化引导-外卖美食-20260612-无-625-5,李虹玉-XNY0271,2026-06-12 21:46:52
13559844535,CH-PRJ-采销项目-10204138700158-快手安卓-外卖美食-无-剪辑-转化引导-外卖美食-20260612-无-625-6,李虹玉-XNY0271,2026-06-12 21:46:54
13559844692,CH-PRJ-采销项目-10204138700158-快手安卓-外卖美食-无-剪辑-转化引导-外卖美食-20260612-无-625-7,李虹玉-XNY0271,2026-06-12 21:46:55
13559844857,CH-PRJ-采销项目-10204138700158-快手安卓-外卖美食-无-剪辑-转化引导-外卖美食-20260612-无-625-8,李虹玉-XNY0271,2026-06-12 21:46:57
13559845061,CH-PRJ-采销项目-10204138700158-快手安卓-外卖美食-无-剪辑-转化引导-外卖美食-20260612-无-625-9,李虹玉-XNY0271,2026-06-12 21:47:00
13559845188,CH-PRJ-采销项目-10204138700158-快手安卓-外卖美食-无-剪辑-转化引导-外卖美食-20260612-无-625-10,李虹玉-XNY0271,2026-06-12 21:47:01
13559845298,CH-PRJ-采销项目-10204138700158-快手安卓-外卖美食-无-剪辑-转化引导-外卖美食-20260612-无-625-1,李虹玉-XNY0271,2026-06-12 21:47:03
13559845354,CH-PRJ-采销项目-10204138700158-快手安卓-外卖美食-无-剪辑-转化引导-外卖美食-20260612-无-625-4,李虹玉-XNY0271,2026-06-12 21:47:03
13559858332,CH-SC-低活-10177389271423-超级抢购加补-灯饰照明-无-剪辑-转化引导-灯饰照明-20260612-无-625-1,李虹玉-XNY0271,2026-06-12 21:49:40
13559858699,CH-SC-低活-10177389271423-超级抢购加补-灯饰照明-无-剪辑-转化引导-灯饰照明-20260612-无-625-13,李虹玉-XNY0271,2026-06-12 21:49:45
13559858969,CH-SC-低活-10177389271423-超级抢购加补-灯饰照明-无-剪辑-转化引导-灯饰照明-20260612-无-625-3,李虹玉-XNY0271,2026-06-12 21:49:48
13559859019,CH-SC-低活-10177389271423-超级抢购加补-灯饰照明-无-剪辑-转化引导-灯饰照明-20260612-无-625-2,李虹玉-XNY0271,2026-06-12 21:49:49
13559859683,CH-SC-低活-10177389271423-超级抢购加补-灯饰照明-无-剪辑-转化引导-灯饰照明-20260612-无-625-5,李虹玉-XNY0271,2026-06-12 21:49:57
13559860263,CH-SC-低活-10177389271423-超级抢购加补-灯饰照明-无-剪辑-转化引导-灯饰照明-20260612-无-625-6,李虹玉-XNY0271,2026-06-12 21:50:04
13559860287,CH-SC-低活-10177389271423-超级抢购加补-灯饰照明-无-剪辑-转化引导-灯饰照明-20260612-无-625-4,李虹玉-XNY0271,2026-06-12 21:50:04
13559860692,CH-SC-低活-10156925961082-超级抢购加补-家用电器-无-剪辑-转化引导-家用电器-20260604-无-625-9,李虹玉-XNY0271,2026-06-12 21:50:09
13559861286,CH-SC-低活-10156925961082-超级抢购加补-家用电器-无-剪辑-转化引导-家用电器-20260604-无-625-11,李虹玉-XNY0271,2026-06-12 21:50:16
13559861423,CH-SC-低活-10156925961082-超级抢购加补-家用电器-无-剪辑-转化引导-家用电器-20260604-无-625-12,李虹玉-XNY0271,2026-06-12 21:50:18
13559861458,CH-SC-低活-10156925961082-超级抢购加补-家用电器-无-剪辑-转化引导-家用电器-20260604-无-625-10,李虹玉-XNY0271,2026-06-12 21:50:18
13559861839,CH-SC-低活-10156925961082-超级抢购加补-家用电器-无-剪辑-转化引导-家用电器-20260604-无-625-13,李虹玉-XNY0271,2026-06-12 21:50:23
13559862078,CH-SC-低活-10156925961082-超级抢购加补-家用电器-无-剪辑-转化引导-家用电器-20260604-无-625-14,李虹玉-XNY0271,2026-06-12 21:50:26
13559862379,CH-SC-低活-10156925961082-超级抢购加补-家用电器-无-剪辑-转化引导-家用电器-20260604-无-625-15,李虹玉-XNY0271,2026-06-12 21:50:30
13559863173,CH-SC-低活-10156925961082-超级抢购加补-家用电器-无-剪辑-转化引导-家用电器-20260604-无-625-2,李虹玉-XNY0271,2026-06-12 21:50:41
13559863205,CH-SC-低活-10156925961082-超级抢购加补-家用电器-无-剪辑-转化引导-家用电器-20260604-无-625-1,李虹玉-XNY0271,2026-06-12 21:50:41
13559863264,CH-SC-低活-10156925961082-超级抢购加补-家用电器-无-剪辑-转化引导-家用电器-20260604-无-625-3,李虹玉-XNY0271,2026-06-12 21:50:42
13559863892,CH-SC-低活-10156925961082-超级抢购加补-家用电器-无-剪辑-转化引导-家用电器-20260604-无-625-5,李虹玉-XNY0271,2026-06-12 21:50:50
13559864265,CH-SC-低活-10156925961082-超级抢购加补-家用电器-无-剪辑-转化引导-家用电器-20260604-无-625-4,李虹玉-XNY0271,2026-06-12 21:50:55
13559864300,CH-SC-低活-10156925961082-超级抢购加补-家用电器-无-剪辑-转化引导-家用电器-20260604-无-625-7,李虹玉-XNY0271,2026-06-12 21:50:55
13559865019,CH-SC-低活-10156925961082-超级抢购加补-家用电器-无-剪辑-转化引导-家用电器-20260604-无-625-8,李虹玉-XNY0271,2026-06-12 21:51:03
13559865164,CH-SC-低活-10156925961082-超级抢购加补-家用电器-无-剪辑-转化引导-家用电器-20260604-无-625-6,李虹玉-XNY0271,2026-06-12 21:51:05
13559865252,CH-SC-低活-10177389271423-超级抢购加补-灯饰照明-无-剪辑-转化引导-灯饰照明-20260612-无-625-7,李虹玉-XNY0271,2026-06-12 21:51:06
13559865465,CH-SC-低活-10177389271423-超级抢购加补-灯饰照明-无-剪辑-转化引导-灯饰照明-20260612-无-625-8,李虹玉-XNY0271,2026-06-12 21:51:09
13559865654,CH-SC-低活-10177389271423-超级抢购加补-灯饰照明-无-剪辑-转化引导-灯饰照明-20260612-无-625-10,李虹玉-XNY0271,2026-06-12 21:51:11
13559865855,CH-SC-低活-10177389271423-超级抢购加补-灯饰照明-无-剪辑-转化引导-灯饰照明-20260612-无-625-11,李虹玉-XNY0271,2026-06-12 21:51:14
13559866575,CH-SC-低活-10177389271423-超级抢购加补-灯饰照明-无-剪辑-转化引导-灯饰照明-20260612-无-625-12,李虹玉-XNY0271,2026-06-12 21:51:23
13559866807,CH-SC-低活-10177389271423-超级抢购加补-灯饰照明-无-剪辑-转化引导-灯饰照明-20260612-无-625-9,李虹玉-XNY0271,2026-06-12 21:51:27
13559873191,CH-SC-广义新-10139440032542-新综合频道-运动户外-京喜拉新-剪辑-转化引导-运动户外-20260612-无-625-1,李虹玉-XNY0271,2026-06-12 21:52:55
13559873213,CH-SC-广义新-10139440032542-新综合频道-运动户外-京喜拉新-剪辑-转化引导-运动户外-20260612-无-625-16,李虹玉-XNY0271,2026-06-12 21:52:55
13559873433,CH-SC-广义新-10139440032542-新综合频道-运动户外-京喜拉新-剪辑-转化引导-运动户外-20260612-无-625-2,李虹玉-XNY0271,2026-06-12 21:52:59
13559874597,CH-SC-广义新-10139440032542-新综合频道-运动户外-京喜拉新-剪辑-转化引导-运动户外-20260612-无-625-4,李虹玉-XNY0271,2026-06-12 21:53:16
13559874741,CH-SC-广义新-10139440032542-新综合频道-运动户外-京喜拉新-剪辑-转化引导-运动户外-20260612-无-625-5,李虹玉-XNY0271,2026-06-12 21:53:18
13559875363,CH-SC-广义新-10158258669630-新综合频道-居家布艺-京喜拉新-剪辑-转化引导-居家布艺-20260612-无-625-9,李虹玉-XNY0271,2026-06-12 21:53:26
13559875477,CH-SC-广义新-10158258669630-新综合频道-居家布艺-京喜拉新-剪辑-转化引导-居家布艺-20260612-无-625-8,李虹玉-XNY0271,2026-06-12 21:53:28
13559875709,CH-SC-广义新-10158258669630-新综合频道-居家布艺-京喜拉新-剪辑-转化引导-居家布艺-20260612-无-625-10,李虹玉-XNY0271,2026-06-12 21:53:30
13559876362,CH-SC-广义新-10158258669630-新综合频道-居家布艺-京喜拉新-剪辑-转化引导-居家布艺-20260612-无-625-1,李虹玉-XNY0271,2026-06-12 21:53:41
13559876975,CH-SC-广义新-10158258669630-新综合频道-居家布艺-京喜拉新-剪辑-转化引导-居家布艺-20260612-无-625-3,李虹玉-XNY0271,2026-06-12 21:53:51
13559877572,CH-SC-广义新-10219369508118-新综合频道-生鲜-京喜拉新-剪辑-转化引导-生鲜-20260612-反向-625-6,李虹玉-XNY0271,2026-06-12 21:54:00
13559881095,CH-SC-广义新-10219369508118-新综合频道-生鲜-京喜拉新-剪辑-转化引导-生鲜-20260612-反向-625-22,李虹玉-XNY0271,2026-06-12 21:54:57
13559884097,CH-SC-广义新-10120132288166-新综合频道-运动户外-京喜拉新-剪辑-转化引导-运动户外-20260612-无-625-4,李虹玉-XNY0271,2026-06-12 21:55:46
13559884894,CH-SC-广义新-10120132288166-新综合频道-运动户外-京喜拉新-剪辑-转化引导-运动户外-20260612-无-625-3,李虹玉-XNY0271,2026-06-12 21:56:00
13559884947,CH-SC-广义新-10120132288166-新综合频道-运动户外-京喜拉新-剪辑-转化引导-运动户外-20260612-无-625-6,李虹玉-XNY0271,2026-06-12 21:56:00
13559885026,CH-SC-广义新-10120132288166-新综合频道-运动户外-京喜拉新-剪辑-转化引导-运动户外-20260612-无-625-5,李虹玉-XNY0271,2026-06-12 21:56:02
13559885868,CH-SC-广义新-10120132288166-新综合频道-运动户外-京喜拉新-剪辑-转化引导-运动户外-20260612-无-625-7,李虹玉-XNY0271,2026-06-12 21:56:15
13559885872,CH-SC-广义新-10120132288166-新综合频道-运动户外-京喜拉新-剪辑-转化引导-运动户外-20260612-无-625-8,李虹玉-XNY0271,2026-06-12 21:56:15
13559886032,CH-SC-广义新-10120132288166-新综合频道-运动户外-京喜拉新-剪辑-转化引导-运动户外-20260612-无-625-9,李虹玉-XNY0271,2026-06-12 21:56:18
13559886850,CH-SC-广义新-10120132288166-新综合频道-运动户外-京喜拉新-剪辑-转化引导-运动户外-20260612-无-625-10,李虹玉-XNY0271,2026-06-12 21:56:32
13559886877,CH-SC-广义新-10120132288166-新综合频道-运动户外-京喜拉新-剪辑-转化引导-运动户外-20260612-无-625-1,李虹玉-XNY0271,2026-06-12 21:56:33
13559886880,CH-SC-广义新-10120132288166-新综合频道-运动户外-京喜拉新-剪辑-转化引导-运动户外-20260612-无-625-2,李虹玉-XNY0271,2026-06-12 21:56:33
13559887379,CH-SC-广义新-10158258669630-新综合频道-居家布艺-京喜拉新-剪辑-转化引导-居家布艺-20260612-无-625-5,李虹玉-XNY0271,2026-06-12 21:56:41
13559887659,CH-SC-广义新-10158258669630-新综合频道-居家布艺-京喜拉新-剪辑-转化引导-居家布艺-20260612-无-625-4,李虹玉-XNY0271,2026-06-12 21:56:46
13559887896,CH-SC-广义新-10158258669630-新综合频道-居家布艺-京喜拉新-剪辑-转化引导-居家布艺-20260612-无-625-6,李虹玉-XNY0271,2026-06-12 21:56:50
13559888076,CH-SC-广义新-10158258669630-新综合频道-居家布艺-京喜拉新-剪辑-转化引导-居家布艺-20260612-无-625-7,李虹玉-XNY0271,2026-06-12 21:56:53
13559888226,CH-SC-广义新-10139440032542-新综合频道-运动户外-京喜拉新-剪辑-转化引导-运动户外-20260612-无-625-6,李虹玉-XNY0271,2026-06-12 21:56:55
13559888558,CH-SC-广义新-10139440032542-新综合频道-运动户外-京喜拉新-剪辑-转化引导-运动户外-20260612-无-625-7,李虹玉-XNY0271,2026-06-12 21:57:00
13559888740,CH-SC-广义新-10139440032542-新综合频道-运动户外-京喜拉新-剪辑-转化引导-运动户外-20260612-无-625-8,李虹玉-XNY0271,2026-06-12 21:57:03
13559888815,CH-SC-广义新-10139440032542-新综合频道-运动户外-京喜拉新-剪辑-转化引导-运动户外-20260612-无-625-9,李虹玉-XNY0271,2026-06-12 21:57:04
13559890651,CH-SC-广义新-10139440032542-新综合频道-运动户外-京喜拉新-剪辑-转化引导-运动户外-20260612-无-625-15,李虹玉-XNY0271,2026-06-12 21:57:26
13581397148,CH-SC-低活-10155573475063-超级抢购加补-厨具-无-剪辑-转化引导-厨具-20260615-无-625-aigc-2,李虹玉-XNY0271,2026-06-15 20:24:14
13581398123,CH-SC-低活-10155573475063-超级抢购加补-厨具-无-剪辑-转化引导-厨具-20260615-无-625-aigc-1,李虹玉-XNY0271,2026-06-15 20:24:19
13581398436,CH-SC-低活-10155573475063-超级抢购加补-厨具-无-剪辑-转化引导-厨具-20260615-无-625-aigc-3,李虹玉-XNY0271,2026-06-15 20:24:21
13581399447,CH-SC-低活-10155573475063-超级抢购加补-厨具-无-剪辑-转化引导-厨具-20260615-无-625-aigc-5,李虹玉-XNY0271,2026-06-15 20:24:27
13581400779,CH-SC-低活-10155573475063-超级抢购加补-厨具-无-剪辑-转化引导-厨具-20260615-无-625-aigc-4,李虹玉-XNY0271,2026-06-15 20:24:34
13581400905,CH-SC-低活-10155573475063-超级抢购加补-厨具-无-剪辑-转化引导-厨具-20260615-无-625-aigc-6,李虹玉-XNY0271,2026-06-15 20:24:34
13581401248,CH-SC-低活-10155573475063-超级抢购加补-厨具-无-剪辑-转化引导-厨具-20260615-无-625-aigc-7,李虹玉-XNY0271,2026-06-15 20:24:36
13581401885,CH-SC-低活-10155573475063-超级抢购加补-厨具-无-剪辑-转化引导-厨具-20260615-无-625-aigc-9,李虹玉-XNY0271,2026-06-15 20:24:40
13581402069,CH-SC-低活-10155573475063-超级抢购加补-厨具-无-剪辑-转化引导-厨具-20260615-无-625-aigc-8,李虹玉-XNY0271,2026-06-15 20:24:41
13581402763,CH-SC-低活-10162692688878-超级抢购加补-家用电器-无-剪辑-转化引导-家用电器-20260615-无-625-11,李虹玉-XNY0271,2026-06-15 20:24:45
13581404751,CH-SC-低活-10155573475063-超级抢购加补-厨具-无-剪辑-转化引导-厨具-20260615-无-625-aigc-10,李虹玉-XNY0271,2026-06-15 20:24:56
13581404775,CH-SC-低活-10162692688878-超级抢购加补-家用电器-无-剪辑-转化引导-家用电器-20260615-无-625-12,李虹玉-XNY0271,2026-06-15 20:24:56
13581404813,CH-SC-低活-10162692688878-超级抢购加补-家用电器-无-剪辑-转化引导-家用电器-20260615-无-625-13,李虹玉-XNY0271,2026-06-15 20:24:57
13581406747,CH-SC-低活-10162692688878-超级抢购加补-家用电器-无-剪辑-转化引导-家用电器-20260615-无-625-16,李虹玉-XNY0271,2026-06-15 20:25:08
13581407005,CH-SC-低活-10162692688878-超级抢购加补-家用电器-无-剪辑-转化引导-家用电器-20260615-无-625-14,李虹玉-XNY0271,2026-06-15 20:25:10
13581407198,CH-SC-低活-10162692688878-超级抢购加补-家用电器-无-剪辑-转化引导-家用电器-20260615-无-625-15,李虹玉-XNY0271,2026-06-15 20:25:11
13581407542,CH-SC-低活-10162692688878-超级抢购加补-家用电器-无-剪辑-转化引导-家用电器-20260615-无-625-17,李虹玉-XNY0271,2026-06-15 20:25:13
13581408635,CH-SC-低活-10162692688878-超级抢购加补-家用电器-无-剪辑-转化引导-家用电器-20260615-无-625-20,李虹玉-XNY0271,2026-06-15 20:25:19
13581409686,CH-SC-低活-10162692688878-超级抢购加补-家用电器-无-剪辑-转化引导-家用电器-20260615-无-625-21,李虹玉-XNY0271,2026-06-15 20:25:24
13581409702,CH-SC-低活-10162692688878-超级抢购加补-家用电器-无-剪辑-转化引导-家用电器-20260615-无-625-19,李虹玉-XNY0271,2026-06-15 20:25:24
13581410077,CH-SC-低活-10162692688878-超级抢购加补-家用电器-无-剪辑-转化引导-家用电器-20260615-无-625-18,李虹玉-XNY0271,2026-06-15 20:25:27
13581410569,CH-SC-低活-10162692688878-超级抢购加补-家用电器-无-剪辑-转化引导-家用电器-20260615-无-625-23,李虹玉-XNY0271,2026-06-15 20:25:30
13581411652,CH-SC-低活-10162692688878-超级抢购加补-家用电器-无-剪辑-转化引导-家用电器-20260615-无-625-22,李虹玉-XNY0271,2026-06-15 20:25:37
13581411845,CH-SC-低活-10162692688878-超级抢购加补-家用电器-无-剪辑-转化引导-家用电器-20260615-无-625-24,李虹玉-XNY0271,2026-06-15 20:25:38
13581412058,CH-SC-低活-10162692688878-超级抢购加补-家用电器-无-剪辑-转化引导-家用电器-20260615-无-625-25,李虹玉-XNY0271,2026-06-15 20:25:40
13581412755,CH-SC-低活-10162692688878-超级抢购加补-家用电器-无-剪辑-转化引导-家用电器-20260615-无-625-28,李虹玉-XNY0271,2026-06-15 20:25:45
13581413519,CH-SC-低活-10162692688878-超级抢购加补-家用电器-无-剪辑-转化引导-家用电器-20260615-无-625-29,李虹玉-XNY0271,2026-06-15 20:25:50
13581413535,CH-SC-低活-10162692688878-超级抢购加补-家用电器-无-剪辑-转化引导-家用电器-20260615-无-625-26,李虹玉-XNY0271,2026-06-15 20:25:50
13581414538,CH-SC-低活-10162692688878-超级抢购加补-家用电器-无-剪辑-转化引导-家用电器-20260615-无-625-27,李虹玉-XNY0271,2026-06-15 20:25:57
13581415243,CH-SC-低活-10162692688878-超级抢购加补-家用电器-无-剪辑-转化引导-家用电器-20260615-无-625-31,李虹玉-XNY0271,2026-06-15 20:26:02
13581415310,CH-SC-低活-10162692688878-超级抢购加补-家用电器-无-剪辑-转化引导-家用电器-20260615-无-625-32,李虹玉-XNY0271,2026-06-15 20:26:03
13581415747,CH-SC-低活-10162692688878-超级抢购加补-家用电器-无-剪辑-转化引导-家用电器-20260615-无-625-33,李虹玉-XNY0271,2026-06-15 20:26:06
13581415887,CH-SC-低活-10162692688878-超级抢购加补-家用电器-无-剪辑-转化引导-家用电器-20260615-无-625-30,李虹玉-XNY0271,2026-06-15 20:26:06
13581416682,CH-SC-低活-10162692688878-超级抢购加补-家用电器-无-剪辑-转化引导-家用电器-20260615-无-625-34,李虹玉-XNY0271,2026-06-15 20:26:11
13581417159,CH-SC-低活-10162692688878-超级抢购加补-家用电器-无-剪辑-转化引导-家用电器-20260615-无-625-1,李虹玉-XNY0271,2026-06-15 20:26:15
13581417363,CH-SC-低活-10162692688878-超级抢购加补-家用电器-无-剪辑-转化引导-家用电器-20260615-无-625-2,李虹玉-XNY0271,2026-06-15 20:26:17
13581417566,CH-SC-低活-10162692688878-超级抢购加补-家用电器-无-剪辑-转化引导-家用电器-20260615-无-625-3,李虹玉-XNY0271,2026-06-15 20:26:18
13581418473,CH-SC-低活-10162692688878-超级抢购加补-家用电器-无-剪辑-转化引导-家用电器-20260615-无-625-4,李虹玉-XNY0271,2026-06-15 20:26:24
13581418747,CH-SC-低活-10162692688878-超级抢购加补-家用电器-无-剪辑-转化引导-家用电器-20260615-无-625-5,李虹玉-XNY0271,2026-06-15 20:26:26
13581418890,CH-SC-低活-10162692688878-超级抢购加补-家用电器-无-剪辑-转化引导-家用电器-20260615-无-625-6,李虹玉-XNY0271,2026-06-15 20:26:27
13581419814,CH-SC-低活-10162692688878-超级抢购加补-家用电器-无-剪辑-转化引导-家用电器-20260615-无-625-7,李虹玉-XNY0271,2026-06-15 20:26:34
13581419933,CH-SC-低活-10162692688878-超级抢购加补-家用电器-无-剪辑-转化引导-家用电器-20260615-无-625-8,李虹玉-XNY0271,2026-06-15 20:26:35
13581419967,CH-SC-低活-10162692688878-超级抢购加补-家用电器-无-剪辑-转化引导-家用电器-20260615-无-625-9,李虹玉-XNY0271,2026-06-15 20:26:35
13581420900,CH-SC-低活-10162692688878-超级抢购加补-家用电器-无-剪辑-转化引导-家用电器-20260615-无-625-10,李虹玉-XNY0271,2026-06-15 20:26:42
13581421469,CH-SC-低活-10147800266661-超级抢购加补-家庭清洁-无-剪辑-转化引导-家庭清洁-20260615-无-625-aigc-1,李虹玉-XNY0271,2026-06-15 20:26:46
13581422658,CH-SC-低活-10147800266661-超级抢购加补-家庭清洁-无-剪辑-转化引导-家庭清洁-20260615-无-625-aigc-2,李虹玉-XNY0271,2026-06-15 20:26:54
13581422887,CH-SC-低活-10147800266661-超级抢购加补-家庭清洁-无-剪辑-转化引导-家庭清洁-20260615-无-625-aigc-4,李虹玉-XNY0271,2026-06-15 20:26:56
13581424080,CH-SC-低活-10147800266661-超级抢购加补-家庭清洁-无-剪辑-转化引导-家庭清洁-20260615-无-625-aigc-3,李虹玉-XNY0271,2026-06-15 20:27:05
13581424205,CH-SC-低活-10147800266661-超级抢购加补-家庭清洁-无-剪辑-转化引导-家庭清洁-20260615-无-625-aigc-5,李虹玉-XNY0271,2026-06-15 20:27:06
13581424383,CH-SC-低活-10147800266661-超级抢购加补-家庭清洁-无-剪辑-转化引导-家庭清洁-20260615-无-625-aigc-6,李虹玉-XNY0271,2026-06-15 20:27:08
13581425480,CH-SC-广义新-10144727217754-新综合频道-厨具-京喜拉新-剪辑-转化引导-厨具-20260615-反向-625-aigc-9,李虹玉-XNY0271,2026-06-15 20:27:17
13581425792,CH-SC-广义新-10144727217754-新综合频道-厨具-京喜拉新-剪辑-转化引导-厨具-20260615-反向-625-aigc-8,李虹玉-XNY0271,2026-06-15 20:27:19
13581426234,CH-SC-广义新-10144727217754-新综合频道-厨具-京喜拉新-剪辑-转化引导-厨具-20260615-反向-625-aigc-7,李虹玉-XNY0271,2026-06-15 20:27:22
13581426669,CH-SC-广义新-10144727217754-新综合频道-厨具-京喜拉新-剪辑-转化引导-厨具-20260615-反向-625-aigc-1,李虹玉-XNY0271,2026-06-15 20:27:26
13581427321,CH-SC-广义新-10144727217754-新综合频道-厨具-京喜拉新-剪辑-转化引导-厨具-20260615-反向-625-aigc-3,李虹玉-XNY0271,2026-06-15 20:27:31
13581427618,CH-SC-广义新-10144727217754-新综合频道-厨具-京喜拉新-剪辑-转化引导-厨具-20260615-反向-625-aigc-10,李虹玉-XNY0271,2026-06-15 20:27:33
13581428748,CH-SC-广义新-10144727217754-新综合频道-厨具-京喜拉新-剪辑-转化引导-厨具-20260615-反向-625-aigc-2,李虹玉-XNY0271,2026-06-15 20:27:42
13581428758,CH-SC-广义新-10144727217754-新综合频道-厨具-京喜拉新-剪辑-转化引导-厨具-20260615-反向-625-aigc-4,李虹玉-XNY0271,2026-06-15 20:27:42
13581428966,CH-SC-广义新-10144727217754-新综合频道-厨具-京喜拉新-剪辑-转化引导-厨具-20260615-反向-625-aigc-5,李虹玉-XNY0271,2026-06-15 20:27:44
13581430707,CH-SC-广义新-10142394170431-新综合频道-家庭清洁-京喜拉新-剪辑-转化引导-家庭清洁-20260615-反向-625-aigc-12,李虹玉-XNY0271,2026-06-15 20:27:59
13581430750,CH-SC-广义新-10144727217754-新综合频道-厨具-京喜拉新-剪辑-转化引导-厨具-20260615-反向-625-aigc-6,李虹玉-XNY0271,2026-06-15 20:27:59
13581430790,CH-SC-广义新-10142394170431-新综合频道-家庭清洁-京喜拉新-剪辑-转化引导-家庭清洁-20260615-反向-625-aigc-11,李虹玉-XNY0271,2026-06-15 20:27:59
13581431758,CH-SC-广义新-10097507347030-新综合频道-美妆护肤-京喜拉新-剪辑-转化引导-美妆护肤-20260615-无-625-aigc-17,李虹玉-XNY0271,2026-06-15 20:28:08
13581431893,CH-SC-广义新-10097507347030-新综合频道-美妆护肤-京喜拉新-剪辑-转化引导-美妆护肤-20260615-无-625-aigc-18,李虹玉-XNY0271,2026-06-15 20:28:10
13581431988,CH-SC-广义新-10097507347030-新综合频道-美妆护肤-京喜拉新-剪辑-转化引导-美妆护肤-20260615-无-625-aigc-16,李虹玉-XNY0271,2026-06-15 20:28:11
13581433692,CH-SC-广义新-10097507347030-新综合频道-美妆护肤-京喜拉新-剪辑-转化引导-美妆护肤-20260615-无-625-aigc-1,李虹玉-XNY0271,2026-06-15 20:28:25
13581434419,CH-SC-广义新-10097507347030-新综合频道-美妆护肤-京喜拉新-剪辑-转化引导-美妆护肤-20260615-无-625-aigc-20,李虹玉-XNY0271,2026-06-15 20:28:31
13581434457,CH-SC-广义新-10097507347030-新综合频道-美妆护肤-京喜拉新-剪辑-转化引导-美妆护肤-20260615-无-625-aigc-19,李虹玉-XNY0271,2026-06-15 20:28:31
13581435879,CH-SC-广义新-10097507347030-新综合频道-美妆护肤-京喜拉新-剪辑-转化引导-美妆护肤-20260615-无-625-aigc-2,李虹玉-XNY0271,2026-06-15 20:28:42
13581436658,CH-SC-广义新-10097507347030-新综合频道-美妆护肤-京喜拉新-剪辑-转化引导-美妆护肤-20260615-无-625-aigc-3,李虹玉-XNY0271,2026-06-15 20:28:49
13581437442,CH-SC-广义新-10097507347030-新综合频道-美妆护肤-京喜拉新-剪辑-转化引导-美妆护肤-20260615-无-625-aigc-4,李虹玉-XNY0271,2026-06-15 20:28:58
13581437659,CH-SC-广义新-10097507347030-新综合频道-美妆护肤-京喜拉新-剪辑-转化引导-美妆护肤-20260615-无-625-aigc-5,李虹玉-XNY0271,2026-06-15 20:29:00
13581438043,CH-SC-广义新-10097507347030-新综合频道-美妆护肤-京喜拉新-剪辑-转化引导-美妆护肤-20260615-无-625-aigc-8,李虹玉-XNY0271,2026-06-15 20:29:04
13581438106,CH-SC-广义新-10097507347030-新综合频道-美妆护肤-京喜拉新-剪辑-转化引导-美妆护肤-20260615-无-625-aigc-6,李虹玉-XNY0271,2026-06-15 20:29:05
13581438637,CH-SC-广义新-10097507347030-新综合频道-美妆护肤-京喜拉新-剪辑-转化引导-美妆护肤-20260615-无-625-aigc-7,李虹玉-XNY0271,2026-06-15 20:29:10
13581439495,CH-SC-广义新-10097507347030-新综合频道-美妆护肤-京喜拉新-剪辑-转化引导-美妆护肤-20260615-无-625-aigc-10,李虹玉-XNY0271,2026-06-15 20:29:17
13581439655,CH-SC-广义新-10097507347030-新综合频道-美妆护肤-京喜拉新-剪辑-转化引导-美妆护肤-20260615-无-625-aigc-9,李虹玉-XNY0271,2026-06-15 20:29:18
13581439686,CH-SC-广义新-10097507347030-新综合频道-美妆护肤-京喜拉新-剪辑-转化引导-美妆护肤-20260615-无-625-aigc-11,李虹玉-XNY0271,2026-06-15 20:29:19
13581440418,CH-SC-广义新-10097507347030-新综合频道-美妆护肤-京喜拉新-剪辑-转化引导-美妆护肤-20260615-无-625-aigc-14,李虹玉-XNY0271,2026-06-15 20:29:25
13581440572,CH-SC-广义新-10097507347030-新综合频道-美妆护肤-京喜拉新-剪辑-转化引导-美妆护肤-20260615-无-625-aigc-12,李虹玉-XNY0271,2026-06-15 20:29:26
13581441712,CH-SC-广义新-10097507347030-新综合频道-美妆护肤-京喜拉新-剪辑-转化引导-美妆护肤-20260615-无-625-aigc-15,李虹玉-XNY0271,2026-06-15 20:29:35
13581441770,CH-SC-广义新-10097507347030-新综合频道-美妆护肤-京喜拉新-剪辑-转化引导-美妆护肤-20260615-无-625-aigc-13,李虹玉-XNY0271,2026-06-15 20:29:35
13581441905,CH-SC-广义新-10142394170431-新综合频道-家庭清洁-京喜拉新-剪辑-转化引导-家庭清洁-20260615-反向-625-aigc-13,李虹玉-XNY0271,2026-06-15 20:29:36
13581442741,CH-SC-广义新-10142394170431-新综合频道-家庭清洁-京喜拉新-剪辑-转化引导-家庭清洁-20260615-反向-625-aigc-14,李虹玉-XNY0271,2026-06-15 20:29:43
13581442898,CH-SC-广义新-10142394170431-新综合频道-家庭清洁-京喜拉新-剪辑-转化引导-家庭清洁-20260615-反向-625-aigc-15,李虹玉-XNY0271,2026-06-15 20:29:45
13581443665,CH-SC-广义新-10142394170431-新综合频道-家庭清洁-京喜拉新-剪辑-转化引导-家庭清洁-20260615-反向-625-aigc-17,李虹玉-XNY0271,2026-06-15 20:29:54
13581443679,CH-SC-广义新-10142394170431-新综合频道-家庭清洁-京喜拉新-剪辑-转化引导-家庭清洁-20260615-反向-625-aigc-16,李虹玉-XNY0271,2026-06-15 20:29:54
13581443768,CH-SC-广义新-10142394170431-新综合频道-家庭清洁-京喜拉新-剪辑-转化引导-家庭清洁-20260615-反向-625-aigc-18,李虹玉-XNY0271,2026-06-15 20:29:55
13581444190,CH-SC-广义新-10142394170431-新综合频道-家庭清洁-京喜拉新-剪辑-转化引导-家庭清洁-20260615-反向-625-aigc-20,李虹玉-XNY0271,2026-06-15 20:30:00
13581444780,CH-SC-广义新-10142394170431-新综合频道-家庭清洁-京喜拉新-剪辑-转化引导-家庭清洁-20260615-反向-625-aigc-22,李虹玉-XNY0271,2026-06-15 20:30:06
13581444908,CH-SC-广义新-10142394170431-新综合频道-家庭清洁-京喜拉新-剪辑-转化引导-家庭清洁-20260615-反向-625-aigc-21,李虹玉-XNY0271,2026-06-15 20:30:07
13581445106,CH-SC-广义新-10142394170431-新综合频道-家庭清洁-京喜拉新-剪辑-转化引导-家庭清洁-20260615-反向-625-aigc-19,李虹玉-XNY0271,2026-06-15 20:30:10
13581445121,CH-SC-广义新-10142394170431-新综合频道-家庭清洁-京喜拉新-剪辑-转化引导-家庭清洁-20260615-反向-625-aigc-1,李虹玉-XNY0271,2026-06-15 20:30:10
13581445291,CH-SC-广义新-10142394170431-新综合频道-家庭清洁-京喜拉新-剪辑-转化引导-家庭清洁-20260615-反向-625-aigc-2,李虹玉-XNY0271,2026-06-15 20:30:12
13581445779,CH-SC-广义新-10142394170431-新综合频道-家庭清洁-京喜拉新-剪辑-转化引导-家庭清洁-20260615-反向-625-aigc-5,李虹玉-XNY0271,2026-06-15 20:30:18
13581446061,CH-SC-广义新-10142394170431-新综合频道-家庭清洁-京喜拉新-剪辑-转化引导-家庭清洁-20260615-反向-625-aigc-3,李虹玉-XNY0271,2026-06-15 20:30:21
13581446773,CH-SC-广义新-10142394170431-新综合频道-家庭清洁-京喜拉新-剪辑-转化引导-家庭清洁-20260615-反向-625-aigc-7,李虹玉-XNY0271,2026-06-15 20:30:29
13581446824,CH-SC-广义新-10142394170431-新综合频道-家庭清洁-京喜拉新-剪辑-转化引导-家庭清洁-20260615-反向-625-aigc-4,李虹玉-XNY0271,2026-06-15 20:30:30
13581446874,CH-SC-广义新-10142394170431-新综合频道-家庭清洁-京喜拉新-剪辑-转化引导-家庭清洁-20260615-反向-625-aigc-6,李虹玉-XNY0271,2026-06-15 20:30:30
13581447345,CH-SC-广义新-10142394170431-新综合频道-家庭清洁-京喜拉新-剪辑-转化引导-家庭清洁-20260615-反向-625-aigc-9,李虹玉-XNY0271,2026-06-15 20:30:36
13581447988,CH-SC-广义新-10142394170431-新综合频道-家庭清洁-京喜拉新-剪辑-转化引导-家庭清洁-20260615-反向-625-aigc-8,李虹玉-XNY0271,2026-06-15 20:30:44
13581448625,CH-SC-广义新-10130866966155-新综合频道-服饰内衣-京喜拉新-剪辑-转化引导-服饰内衣-20260615-反向-625-aigc-13,李虹玉-XNY0271,2026-06-15 20:30:52
13581448679,CH-SC-广义新-10130866966155-新综合频道-服饰内衣-京喜拉新-剪辑-转化引导-服饰内衣-20260615-反向-625-aigc-12,李虹玉-XNY0271,2026-06-15 20:30:52
13581448900,CH-SC-广义新-10142394170431-新综合频道-家庭清洁-京喜拉新-剪辑-转化引导-家庭清洁-20260615-反向-625-aigc-10,李虹玉-XNY0271,2026-06-15 20:30:55
13581449408,CH-SC-广义新-10130866966155-新综合频道-服饰内衣-京喜拉新-剪辑-转化引导-服饰内衣-20260615-反向-625-aigc-2,李虹玉-XNY0271,2026-06-15 20:31:02
13581449820,CH-SC-广义新-10130866966155-新综合频道-服饰内衣-京喜拉新-剪辑-转化引导-服饰内衣-20260615-反向-625-aigc-3,李虹玉-XNY0271,2026-06-15 20:31:07
13581450030,CH-SC-广义新-10130866966155-新综合频道-服饰内衣-京喜拉新-剪辑-转化引导-服饰内衣-20260615-反向-625-aigc-1,李虹玉-XNY0271,2026-06-15 20:31:10
13581450239,CH-SC-广义新-10130866966155-新综合频道-服饰内衣-京喜拉新-剪辑-转化引导-服饰内衣-20260615-反向-625-aigc-14,李虹玉-XNY0271,2026-06-15 20:31:13
13581450358,CH-SC-广义新-10130866966155-新综合频道-服饰内衣-京喜拉新-剪辑-转化引导-服饰内衣-20260615-反向-625-aigc-4,李虹玉-XNY0271,2026-06-15 20:31:14
13581450811,CH-SC-广义新-10130866966155-新综合频道-服饰内衣-京喜拉新-剪辑-转化引导-服饰内衣-20260615-反向-625-aigc-5,李虹玉-XNY0271,2026-06-15 20:31:20
13581451283,CH-SC-广义新-10130866966155-新综合频道-服饰内衣-京喜拉新-剪辑-转化引导-服饰内衣-20260615-反向-625-aigc-7,李虹玉-XNY0271,2026-06-15 20:31:26
13581451478,CH-SC-广义新-10130866966155-新综合频道-服饰内衣-京喜拉新-剪辑-转化引导-服饰内衣-20260615-反向-625-aigc-6,李虹玉-XNY0271,2026-06-15 20:31:29
13581451665,CH-SC-广义新-10130866966155-新综合频道-服饰内衣-京喜拉新-剪辑-转化引导-服饰内衣-20260615-反向-625-aigc-8,李虹玉-XNY0271,2026-06-15 20:31:31
13581451711,CH-SC-广义新-10130866966155-新综合频道-服饰内衣-京喜拉新-剪辑-转化引导-服饰内衣-20260615-反向-625-aigc-9,李虹玉-XNY0271,2026-06-15 20:31:32
13581452102,CH-SC-广义新-10130866966155-新综合频道-服饰内衣-京喜拉新-剪辑-转化引导-服饰内衣-20260615-反向-625-aigc-10,李虹玉-XNY0271,2026-06-15 20:31:37
13581452559,CH-SC-广义新-10130866966155-新综合频道-服饰内衣-京喜拉新-剪辑-转化引导-服饰内衣-20260615-反向-625-aigc-11,李虹玉-XNY0271,2026-06-15 20:31:43
13581453200,CH-SC-低活-10147800266661-超级抢购加补-家庭清洁-无-剪辑-转化引导-家庭清洁-20260615-无-625-aigc-7,李虹玉-XNY0271,2026-06-15 20:31:51
13581453370,CH-SC-低活-10147800266661-超级抢购加补-家庭清洁-无-剪辑-转化引导-家庭清洁-20260615-无-625-aigc-8,李虹玉-XNY0271,2026-06-15 20:31:54
13581453402,CH-SC-低活-10147800266661-超级抢购加补-家庭清洁-无-剪辑-转化引导-家庭清洁-20260615-无-625-aigc-9,李虹玉-XNY0271,2026-06-15 20:31:54
13581453841,CH-SC-低活-10147800266661-超级抢购加补-家庭清洁-无-剪辑-转化引导-家庭清洁-20260615-无-625-aigc-10,李虹玉-XNY0271,2026-06-15 20:32:00
13581454500,CH-SC-低活-10147800266661-超级抢购加补-家庭清洁-无-剪辑-转化引导-家庭清洁-20260615-无-625-aigc-13,李虹玉-XNY0271,2026-06-15 20:32:09
13581454567,CH-SC-低活-10147800266661-超级抢购加补-家庭清洁-无-剪辑-转化引导-家庭清洁-20260615-无-625-aigc-12,李虹玉-XNY0271,2026-06-15 20:32:10
13581454781,CH-SC-低活-10147800266661-超级抢购加补-家庭清洁-无-剪辑-转化引导-家庭清洁-20260615-无-625-aigc-11,李虹玉-XNY0271,2026-06-15 20:32:13
13581455701,CH-SC-低活-10147800266661-超级抢购加补-家庭清洁-无-剪辑-转化引导-家庭清洁-20260615-无-625-aigc-15,李虹玉-XNY0271,2026-06-15 20:32:24
13581455885,CH-SC-低活-10147800266661-超级抢购加补-家庭清洁-无-剪辑-转化引导-家庭清洁-20260615-无-625-aigc-14,李虹玉-XNY0271,2026-06-15 20:32:27
13581455973,CH-SC-低活-10147800266661-超级抢购加补-家庭清洁-无-剪辑-转化引导-家庭清洁-20260615-无-625-aigc-16,李虹玉-XNY0271,2026-06-15 20:32:28
13581456286,CH-SC-低活-10147800266661-超级抢购加补-家庭清洁-无-剪辑-转化引导-家庭清洁-20260615-无-625-aigc-17,李虹玉-XNY0271,2026-06-15 20:32:33
13581457061,CH-SC-低活-10147800266661-超级抢购加补-家庭清洁-无-剪辑-转化引导-家庭清洁-20260615-无-625-aigc-18,李虹玉-XNY0271,2026-06-15 20:32:42
13592204646,CH-SC-广义新-无-新10元话费券-10元话费券-京喜拉新-剪辑-转化引导-10元话费券-20260616-无-625-11,李虹玉-XNY0271,2026-06-16 20:49:24
13592204972,CH-SC-广义新-无-新10元话费券-10元话费券-京喜拉新-剪辑-转化引导-10元话费券-20260616-无-625-12,李虹玉-XNY0271,2026-06-16 20:49:28
13592205162,CH-SC-广义新-无-新10元话费券-10元话费券-京喜拉新-剪辑-转化引导-10元话费券-20260616-无-625-2,李虹玉-XNY0271,2026-06-16 20:49:30
13592205222,CH-SC-广义新-无-新10元话费券-10元话费券-京喜拉新-剪辑-转化引导-10元话费券-20260616-无-625-3,李虹玉-XNY0271,2026-06-16 20:49:31
13592205434,CH-SC-广义新-无-新10元话费券-10元话费券-京喜拉新-剪辑-转化引导-10元话费券-20260616-无-625-4,李虹玉-XNY0271,2026-06-16 20:49:34
13592205449,CH-SC-广义新-无-新10元话费券-10元话费券-京喜拉新-剪辑-转化引导-10元话费券-20260616-无-625-1,李虹玉-XNY0271,2026-06-16 20:49:34
13592205489,CH-SC-广义新-无-新10元话费券-10元话费券-京喜拉新-剪辑-转化引导-10元话费券-20260616-无-625-5,李虹玉-XNY0271,2026-06-16 20:49:34
13592205740,CH-SC-广义新-无-新10元话费券-10元话费券-京喜拉新-剪辑-转化引导-10元话费券-20260616-无-625-6,李虹玉-XNY0271,2026-06-16 20:49:37
13592206022,CH-SC-广义新-无-新10元话费券-10元话费券-京喜拉新-剪辑-转化引导-10元话费券-20260616-无-625-9,李虹玉-XNY0271,2026-06-16 20:49:41
13592206133,CH-SC-广义新-无-新10元话费券-10元话费券-京喜拉新-剪辑-转化引导-10元话费券-20260616-无-625-7,李虹玉-XNY0271,2026-06-16 20:49:43
13592206399,CH-SC-广义新-无-新10元话费券-10元话费券-京喜拉新-剪辑-转化引导-10元话费券-20260616-无-625-8,李虹玉-XNY0271,2026-06-16 20:49:47
13592206470,CH-SC-广义新-无-新10元话费券-10元话费券-京喜拉新-剪辑-转化引导-10元话费券-20260616-无-625-10,李虹玉-XNY0271,2026-06-16 20:49:48
13592236552,CH-SC-低活-10186710590960-超级抢购-生鲜-无-剪辑-转化引导-生鲜-20260616-无-625-6,李虹玉-XNY0271,2026-06-16 20:58:35
13592236914,CH-SC-低活-10186710590960-超级抢购-生鲜-无-剪辑-转化引导-生鲜-20260616-无-625-4,李虹玉-XNY0271,2026-06-16 20:58:42
13592237076,CH-SC-低活-10186710590960-超级抢购-生鲜-无-剪辑-转化引导-生鲜-20260616-无-625-5,李虹玉-XNY0271,2026-06-16 20:58:46
13592238302,CH-SC-低活-10186710590960-超级抢购-生鲜-无-剪辑-转化引导-生鲜-20260616-无-625-1,李虹玉-XNY0271,2026-06-16 20:59:08
13592238551,CH-SC-低活-10186710590960-超级抢购-生鲜-无-剪辑-转化引导-生鲜-20260616-无-625-7,李虹玉-XNY0271,2026-06-16 20:59:11
13592238686,CH-SC-低活-10186710590960-超级抢购-生鲜-无-剪辑-转化引导-生鲜-20260616-无-625-8,李虹玉-XNY0271,2026-06-16 20:59:13
13592239253,CH-SC-低活-10186710590960-超级抢购-生鲜-无-剪辑-转化引导-生鲜-20260616-无-625-2,李虹玉-XNY0271,2026-06-16 20:59:22
13592240065,CH-SC-低活-10186710590960-超级抢购-生鲜-无-剪辑-转化引导-生鲜-20260616-无-625-3,李虹玉-XNY0271,2026-06-16 20:59:34
13592240426,CH-SC-低活-10158258669630-超级抢购-居家布艺-无-剪辑-转化引导-居家布艺-20260616-无-625-6,李虹玉-XNY0271,2026-06-16 20:59:40
13592240552,CH-SC-低活-10158258669630-超级抢购-居家布艺-无-剪辑-转化引导-居家布艺-20260616-无-625-1,李虹玉-XNY0271,2026-06-16 20:59:42
13592241169,CH-SC-低活-10158258669630-超级抢购-居家布艺-无-剪辑-转化引导-居家布艺-20260616-无-625-5,李虹玉-XNY0271,2026-06-16 20:59:50
13592241759,CH-SC-低活-10158258669630-超级抢购-居家布艺-无-剪辑-转化引导-居家布艺-20260616-无-625-3,李虹玉-XNY0271,2026-06-16 20:59:59
13592241823,CH-SC-低活-10158258669630-超级抢购-居家布艺-无-剪辑-转化引导-居家布艺-20260616-无-625-2,李虹玉-XNY0271,2026-06-16 21:00:00
13592281638,CH-SC-低活-10156925961082-超级抢购加补-家用电器-无-剪辑-转化引导-家用电器-20260616-无-625-aigc-18,李虹玉-XNY0271,2026-06-16 21:08:44
13592281715,CH-SC-低活-10156925961082-超级抢购加补-家用电器-无-剪辑-转化引导-家用电器-20260616-无-625-aigc-20,李虹玉-XNY0271,2026-06-16 21:08:45
13592281920,CH-SC-低活-10156925961082-超级抢购加补-家用电器-无-剪辑-转化引导-家用电器-20260616-无-625-aigc-1,李虹玉-XNY0271,2026-06-16 21:08:48
13592282061,CH-SC-低活-10156925961082-超级抢购加补-家用电器-无-剪辑-转化引导-家用电器-20260616-无-625-aigc-2,李虹玉-XNY0271,2026-06-16 21:08:50
13592282070,CH-SC-低活-10156925961082-超级抢购加补-家用电器-无-剪辑-转化引导-家用电器-20260616-无-625-aigc-19,李虹玉-XNY0271,2026-06-16 21:08:50
13592282242,CH-SC-低活-10156925961082-超级抢购加补-家用电器-无-剪辑-转化引导-家用电器-20260616-无-625-aigc-3,李虹玉-XNY0271,2026-06-16 21:08:53
13592282327,CH-SC-低活-10156925961082-超级抢购加补-家用电器-无-剪辑-转化引导-家用电器-20260616-无-625-aigc-4,李虹玉-XNY0271,2026-06-16 21:08:54
13592282398,CH-SC-低活-10156925961082-超级抢购加补-家用电器-无-剪辑-转化引导-家用电器-20260616-无-625-aigc-5,李虹玉-XNY0271,2026-06-16 21:08:55
13592282467,CH-SC-低活-10156925961082-超级抢购加补-家用电器-无-剪辑-转化引导-家用电器-20260616-无-625-aigc-6,李虹玉-XNY0271,2026-06-16 21:08:57
13592282586,CH-SC-低活-10156925961082-超级抢购加补-家用电器-无-剪辑-转化引导-家用电器-20260616-无-625-aigc-7,李虹玉-XNY0271,2026-06-16 21:08:58
13592282746,CH-SC-低活-10156925961082-超级抢购加补-家用电器-无-剪辑-转化引导-家用电器-20260616-无-625-aigc-9,李虹玉-XNY0271,2026-06-16 21:09:01
13592282839,CH-SC-低活-10156925961082-超级抢购加补-家用电器-无-剪辑-转化引导-家用电器-20260616-无-625-aigc-10,李虹玉-XNY0271,2026-06-16 21:09:02
13592283013,CH-SC-低活-10156925961082-超级抢购加补-家用电器-无-剪辑-转化引导-家用电器-20260616-无-625-aigc-11,李虹玉-XNY0271,2026-06-16 21:09:04
13592283103,CH-SC-低活-10156925961082-超级抢购加补-家用电器-无-剪辑-转化引导-家用电器-20260616-无-625-aigc-8,李虹玉-XNY0271,2026-06-16 21:09:05
13592283159,CH-SC-低活-10156925961082-超级抢购加补-家用电器-无-剪辑-转化引导-家用电器-20260616-无-625-aigc-12,李虹玉-XNY0271,2026-06-16 21:09:06
13592283354,CH-SC-低活-10156925961082-超级抢购加补-家用电器-无-剪辑-转化引导-家用电器-20260616-无-625-aigc-13,李虹玉-XNY0271,2026-06-16 21:09:08
13592283524,CH-SC-低活-10156925961082-超级抢购加补-家用电器-无-剪辑-转化引导-家用电器-20260616-无-625-aigc-14,李虹玉-XNY0271,2026-06-16 21:09:10
13592283610,CH-SC-低活-10156925961082-超级抢购加补-家用电器-无-剪辑-转化引导-家用电器-20260616-无-625-aigc-15,李虹玉-XNY0271,2026-06-16 21:09:11
13592283740,CH-SC-低活-10156925961082-超级抢购加补-家用电器-无-剪辑-转化引导-家用电器-20260616-无-625-aigc-16,李虹玉-XNY0271,2026-06-16 21:09:13
13592283903,CH-SC-低活-10156925961082-超级抢购加补-家用电器-无-剪辑-转化引导-家用电器-20260616-无-625-aigc-17,李虹玉-XNY0271,2026-06-16 21:09:15
13592284109,CH-SC-低活-10160529869429-超级抢购加补-厨具-无-剪辑-转化引导-厨具-20260616-无-625-aigc-7,李虹玉-XNY0271,2026-06-16 21:09:17
13592284222,CH-SC-低活-10160529869429-超级抢购加补-厨具-无-剪辑-转化引导-厨具-20260616-无-625-aigc-6,李虹玉-XNY0271,2026-06-16 21:09:19
13592284255,CH-SC-低活-10160529869429-超级抢购加补-厨具-无-剪辑-转化引导-厨具-20260616-无-625-aigc-8,李虹玉-XNY0271,2026-06-16 21:09:20
13592284569,CH-SC-低活-10160529869429-超级抢购加补-厨具-无-剪辑-转化引导-厨具-20260616-无-625-aigc-10,李虹玉-XNY0271,2026-06-16 21:09:24
13592284670,CH-SC-低活-10160529869429-超级抢购加补-厨具-无-剪辑-转化引导-厨具-20260616-无-625-aigc-9,李虹玉-XNY0271,2026-06-16 21:09:25
13592284696,CH-SC-低活-10160529869429-超级抢购加补-厨具-无-剪辑-转化引导-厨具-20260616-无-625-aigc-11,李虹玉-XNY0271,2026-06-16 21:09:26
13592284888,CH-SC-低活-10160529869429-超级抢购加补-厨具-无-剪辑-转化引导-厨具-20260616-无-625-aigc-12,李虹玉-XNY0271,2026-06-16 21:09:28
13592285036,CH-SC-低活-10160529869429-超级抢购加补-厨具-无-剪辑-转化引导-厨具-20260616-无-625-aigc-13,李虹玉-XNY0271,2026-06-16 21:09:30
13592285122,CH-SC-低活-10160529869429-超级抢购加补-厨具-无-剪辑-转化引导-厨具-20260616-无-625-aigc-14,李虹玉-XNY0271,2026-06-16 21:09:31
13592285203,CH-SC-低活-10160529869429-超级抢购加补-厨具-无-剪辑-转化引导-厨具-20260616-无-625-aigc-15,李虹玉-XNY0271,2026-06-16 21:09:33
13592285345,CH-SC-低活-10160529869429-超级抢购加补-厨具-无-剪辑-转化引导-厨具-20260616-无-625-aigc-1,李虹玉-XNY0271,2026-06-16 21:09:34
13592285587,CH-SC-低活-10160529869429-超级抢购加补-厨具-无-剪辑-转化引导-厨具-20260616-无-625-aigc-3,李虹玉-XNY0271,2026-06-16 21:09:38
13592285661,CH-SC-低活-10160529869429-超级抢购加补-厨具-无-剪辑-转化引导-厨具-20260616-无-625-aigc-2,李虹玉-XNY0271,2026-06-16 21:09:39
13592285713,CH-SC-低活-10160529869429-超级抢购加补-厨具-无-剪辑-转化引导-厨具-20260616-无-625-aigc-4,李虹玉-XNY0271,2026-06-16 21:09:40
13592285933,CH-SC-低活-10160529869429-超级抢购加补-厨具-无-剪辑-转化引导-厨具-20260616-无-625-aigc-5,李虹玉-XNY0271,2026-06-16 21:09:44
13592294539,CH-SC-低活-10136559560331-超级抢购加补-厨具-无-剪辑-转化引导-厨具-20260616-无-625-aigc-13,李虹玉-XNY0271,2026-06-16 21:11:46
13592294682,CH-SC-低活-10136559560331-超级抢购加补-厨具-无-剪辑-转化引导-厨具-20260616-无-625-aigc-11,李虹玉-XNY0271,2026-06-16 21:11:48
13592294738,CH-SC-低活-10136559560331-超级抢购加补-厨具-无-剪辑-转化引导-厨具-20260616-无-625-aigc-12,李虹玉-XNY0271,2026-06-16 21:11:49
13592294912,CH-SC-低活-10136559560331-超级抢购加补-厨具-无-剪辑-转化引导-厨具-20260616-无-625-aigc-14,李虹玉-XNY0271,2026-06-16 21:11:51
13592295070,CH-SC-低活-10136559560331-超级抢购加补-厨具-无-剪辑-转化引导-厨具-20260616-无-625-aigc-16,李虹玉-XNY0271,2026-06-16 21:11:53
13592295142,CH-SC-低活-10136559560331-超级抢购加补-厨具-无-剪辑-转化引导-厨具-20260616-无-625-aigc-15,李虹玉-XNY0271,2026-06-16 21:11:54
13592295195,CH-SC-低活-10136559560331-超级抢购加补-厨具-无-剪辑-转化引导-厨具-20260616-无-625-aigc-17,李虹玉-XNY0271,2026-06-16 21:11:55
13592295335,CH-SC-低活-10136559560331-超级抢购加补-厨具-无-剪辑-转化引导-厨具-20260616-无-625-aigc-18,李虹玉-XNY0271,2026-06-16 21:11:57
13592295448,CH-SC-低活-10136559560331-超级抢购加补-厨具-无-剪辑-转化引导-厨具-20260616-无-625-aigc-19,李虹玉-XNY0271,2026-06-16 21:11:59
13592295504,CH-SC-低活-10136559560331-超级抢购加补-厨具-无-剪辑-转化引导-厨具-20260616-无-625-aigc-20,李虹玉-XNY0271,2026-06-16 21:11:59
13592295634,CH-SC-低活-10136559560331-超级抢购加补-厨具-无-剪辑-转化引导-厨具-20260616-无-625-aigc-1,李虹玉-XNY0271,2026-06-16 21:12:01
13592295749,CH-SC-低活-10136559560331-超级抢购加补-厨具-无-剪辑-转化引导-厨具-20260616-无-625-aigc-2,李虹玉-XNY0271,2026-06-16 21:12:03
13592295841,CH-SC-低活-10136559560331-超级抢购加补-厨具-无-剪辑-转化引导-厨具-20260616-无-625-aigc-3,李虹玉-XNY0271,2026-06-16 21:12:04
13592295948,CH-SC-低活-10136559560331-超级抢购加补-厨具-无-剪辑-转化引导-厨具-20260616-无-625-aigc-4,李虹玉-XNY0271,2026-06-16 21:12:05
13592296048,CH-SC-低活-10136559560331-超级抢购加补-厨具-无-剪辑-转化引导-厨具-20260616-无-625-aigc-5,李虹玉-XNY0271,2026-06-16 21:12:06
13592296166,CH-SC-低活-10136559560331-超级抢购加补-厨具-无-剪辑-转化引导-厨具-20260616-无-625-aigc-6,李虹玉-XNY0271,2026-06-16 21:12:08
13592296191,CH-SC-低活-10136559560331-超级抢购加补-厨具-无-剪辑-转化引导-厨具-20260616-无-625-aigc-7,李虹玉-XNY0271,2026-06-16 21:12:08
13592296275,CH-SC-低活-10136559560331-超级抢购加补-厨具-无-剪辑-转化引导-厨具-20260616-无-625-aigc-8,李虹玉-XNY0271,2026-06-16 21:12:10
13592296506,CH-SC-低活-10136559560331-超级抢购加补-厨具-无-剪辑-转化引导-厨具-20260616-无-625-aigc-9,李虹玉-XNY0271,2026-06-16 21:12:13
13592296515,CH-SC-低活-10136559560331-超级抢购加补-厨具-无-剪辑-转化引导-厨具-20260616-无-625-aigc-10,李虹玉-XNY0271,2026-06-16 21:12:13
13592298638,CH-SC-广义新-10103976537442-新综合频道-粮油调味-京喜拉新-剪辑-转化引导-粮油调味-20260616-无-625-aigc-13,李虹玉-XNY0271,2026-06-16 21:12:43
13592298647,CH-SC-广义新-10103976537442-新综合频道-粮油调味-京喜拉新-剪辑-转化引导-粮油调味-20260616-无-625-aigc-14,李虹玉-XNY0271,2026-06-16 21:12:43
13592298877,CH-SC-广义新-10103976537442-新综合频道-粮油调味-京喜拉新-剪辑-转化引导-粮油调味-20260616-无-625-aigc-12,李虹玉-XNY0271,2026-06-16 21:12:46
13592298993,CH-SC-广义新-10103976537442-新综合频道-粮油调味-京喜拉新-剪辑-转化引导-粮油调味-20260616-无-625-aigc-15,李虹玉-XNY0271,2026-06-16 21:12:48
13592298999,CH-SC-广义新-10103976537442-新综合频道-粮油调味-京喜拉新-剪辑-转化引导-粮油调味-20260616-无-625-aigc-16,李虹玉-XNY0271,2026-06-16 21:12:48
13592299194,CH-SC-广义新-10103976537442-新综合频道-粮油调味-京喜拉新-剪辑-转化引导-粮油调味-20260616-无-625-aigc-17,李虹玉-XNY0271,2026-06-16 21:12:51
13592299363,CH-SC-广义新-10103976537442-新综合频道-粮油调味-京喜拉新-剪辑-转化引导-粮油调味-20260616-无-625-aigc-18,李虹玉-XNY0271,2026-06-16 21:12:53
13592299413,CH-SC-广义新-10103976537442-新综合频道-粮油调味-京喜拉新-剪辑-转化引导-粮油调味-20260616-无-625-aigc-1,李虹玉-XNY0271,2026-06-16 21:12:54
13592299548,CH-SC-广义新-10103976537442-新综合频道-粮油调味-京喜拉新-剪辑-转化引导-粮油调味-20260616-无-625-aigc-2,李虹玉-XNY0271,2026-06-16 21:12:56
13592299697,CH-SC-广义新-10103976537442-新综合频道-粮油调味-京喜拉新-剪辑-转化引导-粮油调味-20260616-无-625-aigc-3,李虹玉-XNY0271,2026-06-16 21:12:58
13592299861,CH-SC-广义新-10103976537442-新综合频道-粮油调味-京喜拉新-剪辑-转化引导-粮油调味-20260616-无-625-aigc-5,李虹玉-XNY0271,2026-06-16 21:13:01
13592300011,CH-SC-广义新-10103976537442-新综合频道-粮油调味-京喜拉新-剪辑-转化引导-粮油调味-20260616-无-625-aigc-6,李虹玉-XNY0271,2026-06-16 21:13:03
13592300032,CH-SC-广义新-10103976537442-新综合频道-粮油调味-京喜拉新-剪辑-转化引导-粮油调味-20260616-无-625-aigc-4,李虹玉-XNY0271,2026-06-16 21:13:03
13592300187,CH-SC-广义新-10103976537442-新综合频道-粮油调味-京喜拉新-剪辑-转化引导-粮油调味-20260616-无-625-aigc-7,李虹玉-XNY0271,2026-06-16 21:13:05
13592300322,CH-SC-广义新-10103976537442-新综合频道-粮油调味-京喜拉新-剪辑-转化引导-粮油调味-20260616-无-625-aigc-8,李虹玉-XNY0271,2026-06-16 21:13:07
13592300347,CH-SC-广义新-10103976537442-新综合频道-粮油调味-京喜拉新-剪辑-转化引导-粮油调味-20260616-无-625-aigc-9,李虹玉-XNY0271,2026-06-16 21:13:07
13592300464,CH-SC-广义新-10103976537442-新综合频道-粮油调味-京喜拉新-剪辑-转化引导-粮油调味-20260616-无-625-aigc-10,李虹玉-XNY0271,2026-06-16 21:13:09
13592300723,CH-SC-广义新-10103976537442-新综合频道-粮油调味-京喜拉新-剪辑-转化引导-粮油调味-20260616-无-625-aigc-11,李虹玉-XNY0271,2026-06-16 21:13:12
13592300989,CH-SC-广义新-10139440032542-新综合频道-运动户外-京喜拉新-剪辑-转化引导-运动户外-20260616-无-625-aigc-34,李虹玉-XNY0271,2026-06-16 21:13:16
13592301062,CH-SC-广义新-10139440032542-新综合频道-运动户外-京喜拉新-剪辑-转化引导-运动户外-20260616-无-625-aigc-35,李虹玉-XNY0271,2026-06-16 21:13:17
13592301234,CH-SC-广义新-10139440032542-新综合频道-运动户外-京喜拉新-剪辑-转化引导-运动户外-20260616-无-625-aigc-36,李虹玉-XNY0271,2026-06-16 21:13:19
13592301637,CH-SC-广义新-10139440032542-新综合频道-运动户外-京喜拉新-剪辑-转化引导-运动户外-20260616-无-625-aigc-38,李虹玉-XNY0271,2026-06-16 21:13:25
13592301724,CH-SC-广义新-10139440032542-新综合频道-运动户外-京喜拉新-剪辑-转化引导-运动户外-20260616-无-625-aigc-37,李虹玉-XNY0271,2026-06-16 21:13:26
13592301923,CH-SC-广义新-10139440032542-新综合频道-运动户外-京喜拉新-剪辑-转化引导-运动户外-20260616-无-625-aigc-39,李虹玉-XNY0271,2026-06-16 21:13:28
13592302437,CH-SC-广义新-10139440032542-新综合频道-运动户外-京喜拉新-剪辑-转化引导-运动户外-20260616-无-625-aigc-41,李虹玉-XNY0271,2026-06-16 21:13:35
13592302560,CH-SC-广义新-10139440032542-新综合频道-运动户外-京喜拉新-剪辑-转化引导-运动户外-20260616-无-625-aigc-40,李虹玉-XNY0271,2026-06-16 21:13:37
13592302947,CH-SC-广义新-10139440032542-新综合频道-运动户外-京喜拉新-剪辑-转化引导-运动户外-20260616-无-625-aigc-42,李虹玉-XNY0271,2026-06-16 21:13:41
13592303336,CH-SC-广义新-10139440032542-新综合频道-运动户外-京喜拉新-剪辑-转化引导-运动户外-20260616-无-625-aigc-43,李虹玉-XNY0271,2026-06-16 21:13:46
13592303613,CH-SC-广义新-10139440032542-新综合频道-运动户外-京喜拉新-剪辑-转化引导-运动户外-20260616-无-625-aigc-45,李虹玉-XNY0271,2026-06-16 21:13:50
13592303876,CH-SC-广义新-10139440032542-新综合频道-运动户外-京喜拉新-剪辑-转化引导-运动户外-20260616-无-625-aigc-44,李虹玉-XNY0271,2026-06-16 21:13:54
13592303999,CH-SC-广义新-10139440032542-新综合频道-运动户外-京喜拉新-剪辑-转化引导-运动户外-20260616-无-625-aigc-46,李虹玉-XNY0271,2026-06-16 21:13:56
13592304025,CH-SC-广义新-10139440032542-新综合频道-运动户外-京喜拉新-剪辑-转化引导-运动户外-20260616-无-625-aigc-47,李虹玉-XNY0271,2026-06-16 21:13:56
13592304214,CH-SC-广义新-10139440032542-新综合频道-运动户外-京喜拉新-剪辑-转化引导-运动户外-20260616-无-625-aigc-48,李虹玉-XNY0271,2026-06-16 21:13:59
13592304514,CH-SC-广义新-10139440032542-新综合频道-运动户外-京喜拉新-剪辑-转化引导-运动户外-20260616-无-625-aigc-49,李虹玉-XNY0271,2026-06-16 21:14:04
13592304881,CH-SC-广义新-10139440032542-新综合频道-运动户外-京喜拉新-剪辑-转化引导-运动户外-20260616-无-625-aigc-51,李虹玉-XNY0271,2026-06-16 21:14:11
13592304887,CH-SC-广义新-10139440032542-新综合频道-运动户外-京喜拉新-剪辑-转化引导-运动户外-20260616-无-625-aigc-50,李虹玉-XNY0271,2026-06-16 21:14:11
13592305394,CH-SC-广义新-10139440032542-新综合频道-运动户外-京喜拉新-剪辑-转化引导-运动户外-20260616-无-625-aigc-53,李虹玉-XNY0271,2026-06-16 21:14:19
13592305637,CH-SC-广义新-10139440032542-新综合频道-运动户外-京喜拉新-剪辑-转化引导-运动户外-20260616-无-625-aigc-52,李虹玉-XNY0271,2026-06-16 21:14:22
13592305719,CH-SC-广义新-10139440032542-新综合频道-运动户外-京喜拉新-剪辑-转化引导-运动户外-20260616-无-625-aigc-54,李虹玉-XNY0271,2026-06-16 21:14:23
13592305777,CH-SC-广义新-10139440032542-新综合频道-运动户外-京喜拉新-剪辑-转化引导-运动户外-20260616-无-625-aigc-55,李虹玉-XNY0271,2026-06-16 21:14:25
13592306144,CH-SC-广义新-10156953930869-新综合频道-家庭清洁-无-剪辑-转化引导-家庭清洁-20260616-无-625-4,李虹玉-XNY0271,2026-06-16 21:14:30
13592306179,CH-SC-广义新-10156953930869-新综合频道-家庭清洁-无-剪辑-转化引导-家庭清洁-20260616-无-625-5,李虹玉-XNY0271,2026-06-16 21:14:30
13592306207,CH-SC-广义新-10139440032542-新综合频道-运动户外-京喜拉新-剪辑-转化引导-运动户外-20260616-无-625-aigc-56,李虹玉-XNY0271,2026-06-16 21:14:31
13592306664,CH-SC-广义新-10156953930869-新综合频道-家庭清洁-无-剪辑-转化引导-家庭清洁-20260616-无-625-8,李虹玉-XNY0271,2026-06-16 21:14:38
13592306720,CH-SC-广义新-10156953930869-新综合频道-家庭清洁-无-剪辑-转化引导-家庭清洁-20260616-无-625-7,李虹玉-XNY0271,2026-06-16 21:14:39
13592306752,CH-SC-广义新-10156953930869-新综合频道-家庭清洁-无-剪辑-转化引导-家庭清洁-20260616-无-625-6,李虹玉-XNY0271,2026-06-16 21:14:40
13592307188,CH-SC-广义新-10156953930869-新综合频道-家庭清洁-无-剪辑-转化引导-家庭清洁-20260616-无-625-10,李虹玉-XNY0271,2026-06-16 21:14:46
13592307398,CH-SC-广义新-10156953930869-新综合频道-家庭清洁-无-剪辑-转化引导-家庭清洁-20260616-无-625-11,李虹玉-XNY0271,2026-06-16 21:14:49
13592307458,CH-SC-广义新-10156953930869-新综合频道-家庭清洁-无-剪辑-转化引导-家庭清洁-20260616-无-625-9,李虹玉-XNY0271,2026-06-16 21:14:50
13592307501,CH-SC-广义新-10156953930869-新综合频道-家庭清洁-无-剪辑-转化引导-家庭清洁-20260616-无-625-1,李虹玉-XNY0271,2026-06-16 21:14:51
13592308174,CH-SC-广义新-10139440032542-新综合频道-运动户外-京喜拉新-剪辑-转化引导-运动户外-20260616-无-625-aigc-1,李虹玉-XNY0271,2026-06-16 21:14:59
13592308339,CH-SC-广义新-10156953930869-新综合频道-家庭清洁-无-剪辑-转化引导-家庭清洁-20260616-无-625-3,李虹玉-XNY0271,2026-06-16 21:15:01
13592308435,CH-SC-广义新-10156953930869-新综合频道-家庭清洁-无-剪辑-转化引导-家庭清洁-20260616-无-625-2,李虹玉-XNY0271,2026-06-16 21:15:02
13592309036,CH-SC-广义新-10139440032542-新综合频道-运动户外-京喜拉新-剪辑-转化引导-运动户外-20260616-无-625-aigc-4,李虹玉-XNY0271,2026-06-16 21:15:10
13592309087,CH-SC-广义新-10139440032542-新综合频道-运动户外-京喜拉新-剪辑-转化引导-运动户外-20260616-无-625-aigc-2,李虹玉-XNY0271,2026-06-16 21:15:11
13592309256,CH-SC-广义新-10139440032542-新综合频道-运动户外-京喜拉新-剪辑-转化引导-运动户外-20260616-无-625-aigc-3,李虹玉-XNY0271,2026-06-16 21:15:14
13592309648,CH-SC-广义新-10139440032542-新综合频道-运动户外-京喜拉新-剪辑-转化引导-运动户外-20260616-无-625-aigc-6,李虹玉-XNY0271,2026-06-16 21:15:19
13592309834,CH-SC-广义新-10139440032542-新综合频道-运动户外-京喜拉新-剪辑-转化引导-运动户外-20260616-无-625-aigc-7,李虹玉-XNY0271,2026-06-16 21:15:22
13592309882,CH-SC-广义新-10139440032542-新综合频道-运动户外-京喜拉新-剪辑-转化引导-运动户外-20260616-无-625-aigc-5,李虹玉-XNY0271,2026-06-16 21:15:23
13592310072,CH-SC-广义新-10139440032542-新综合频道-运动户外-京喜拉新-剪辑-转化引导-运动户外-20260616-无-625-aigc-8,李虹玉-XNY0271,2026-06-16 21:15:27
13592310330,CH-SC-广义新-10139440032542-新综合频道-运动户外-京喜拉新-剪辑-转化引导-运动户外-20260616-无-625-aigc-9,李虹玉-XNY0271,2026-06-16 21:15:30
13592310482,CH-SC-广义新-10139440032542-新综合频道-运动户外-京喜拉新-剪辑-转化引导-运动户外-20260616-无-625-aigc-11,李虹玉-XNY0271,2026-06-16 21:15:33
13592310527,CH-SC-广义新-10139440032542-新综合频道-运动户外-京喜拉新-剪辑-转化引导-运动户外-20260616-无-625-aigc-10,李虹玉-XNY0271,2026-06-16 21:15:34
13592310978,CH-SC-广义新-10139440032542-新综合频道-运动户外-京喜拉新-剪辑-转化引导-运动户外-20260616-无-625-aigc-14,李虹玉-XNY0271,2026-06-16 21:15:41
13592310999,CH-SC-广义新-10139440032542-新综合频道-运动户外-京喜拉新-剪辑-转化引导-运动户外-20260616-无-625-aigc-12,李虹玉-XNY0271,2026-06-16 21:15:41
13592311219,CH-SC-广义新-10139440032542-新综合频道-运动户外-京喜拉新-剪辑-转化引导-运动户外-20260616-无-625-aigc-13,李虹玉-XNY0271,2026-06-16 21:15:45
13592311464,CH-SC-广义新-10139440032542-新综合频道-运动户外-京喜拉新-剪辑-转化引导-运动户外-20260616-无-625-aigc-15,李虹玉-XNY0271,2026-06-16 21:15:48
13592311598,CH-SC-广义新-10139440032542-新综合频道-运动户外-京喜拉新-剪辑-转化引导-运动户外-20260616-无-625-aigc-16,李虹玉-XNY0271,2026-06-16 21:15:51
13592311755,CH-SC-广义新-10139440032542-新综合频道-运动户外-京喜拉新-剪辑-转化引导-运动户外-20260616-无-625-aigc-17,李虹玉-XNY0271,2026-06-16 21:15:53
13592311953,CH-SC-广义新-10139440032542-新综合频道-运动户外-京喜拉新-剪辑-转化引导-运动户外-20260616-无-625-aigc-18,李虹玉-XNY0271,2026-06-16 21:15:56
13592312091,CH-SC-广义新-10139440032542-新综合频道-运动户外-京喜拉新-剪辑-转化引导-运动户外-20260616-无-625-aigc-19,李虹玉-XNY0271,2026-06-16 21:15:58
13592312343,CH-SC-广义新-10139440032542-新综合频道-运动户外-京喜拉新-剪辑-转化引导-运动户外-20260616-无-625-aigc-20,李虹玉-XNY0271,2026-06-16 21:16:01
13592312545,CH-SC-广义新-10139440032542-新综合频道-运动户外-京喜拉新-剪辑-转化引导-运动户外-20260616-无-625-aigc-21,李虹玉-XNY0271,2026-06-16 21:16:05
13592312608,CH-SC-广义新-10139440032542-新综合频道-运动户外-京喜拉新-剪辑-转化引导-运动户外-20260616-无-625-aigc-22,李虹玉-XNY0271,2026-06-16 21:16:05
13592312912,CH-SC-广义新-10139440032542-新综合频道-运动户外-京喜拉新-剪辑-转化引导-运动户外-20260616-无-625-aigc-23,李虹玉-XNY0271,2026-06-16 21:16:10
13592313219,CH-SC-广义新-10139440032542-新综合频道-运动户外-京喜拉新-剪辑-转化引导-运动户外-20260616-无-625-aigc-25,李虹玉-XNY0271,2026-06-16 21:16:14
13592313363,CH-SC-广义新-10139440032542-新综合频道-运动户外-京喜拉新-剪辑-转化引导-运动户外-20260616-无-625-aigc-24,李虹玉-XNY0271,2026-06-16 21:16:16
13592313659,CH-SC-广义新-10139440032542-新综合频道-运动户外-京喜拉新-剪辑-转化引导-运动户外-20260616-无-625-aigc-26,李虹玉-XNY0271,2026-06-16 21:16:20
13592314033,CH-SC-广义新-10139440032542-新综合频道-运动户外-京喜拉新-剪辑-转化引导-运动户外-20260616-无-625-aigc-28,李虹玉-XNY0271,2026-06-16 21:16:25
13592314069,CH-SC-广义新-10139440032542-新综合频道-运动户外-京喜拉新-剪辑-转化引导-运动户外-20260616-无-625-aigc-27,李虹玉-XNY0271,2026-06-16 21:16:26
13592314207,CH-SC-广义新-10139440032542-新综合频道-运动户外-京喜拉新-剪辑-转化引导-运动户外-20260616-无-625-aigc-29,李虹玉-XNY0271,2026-06-16 21:16:28
13592314773,CH-SC-广义新-10139440032542-新综合频道-运动户外-京喜拉新-剪辑-转化引导-运动户外-20260616-无-625-aigc-31,李虹玉-XNY0271,2026-06-16 21:16:35
13592315087,CH-SC-广义新-10139440032542-新综合频道-运动户外-京喜拉新-剪辑-转化引导-运动户外-20260616-无-625-aigc-30,李虹玉-XNY0271,2026-06-16 21:16:39
13592315160,CH-SC-广义新-10139440032542-新综合频道-运动户外-京喜拉新-剪辑-转化引导-运动户外-20260616-无-625-aigc-32,李虹玉-XNY0271,2026-06-16 21:16:40
13592315406,CH-SC-广义新-10139440032542-新综合频道-运动户外-京喜拉新-剪辑-转化引导-运动户外-20260616-无-625-aigc-33,李虹玉-XNY0271,2026-06-16 21:16:43
13592315481,CH-SC-广义新-10146456039187-新综合频道-纸品-京喜拉新-剪辑-转化引导-纸品-20260616-反向-625-aigc-1,李虹玉-XNY0271,2026-06-16 21:16:44
13592315690,CH-SC-广义新-10146456039187-新综合频道-纸品-京喜拉新-剪辑-转化引导-纸品-20260616-反向-625-aigc-2,李虹玉-XNY0271,2026-06-16 21:16:46
13592315880,CH-SC-广义新-10146456039187-新综合频道-纸品-京喜拉新-剪辑-转化引导-纸品-20260616-反向-625-aigc-3,李虹玉-XNY0271,2026-06-16 21:16:49
13592315962,CH-SC-广义新-10146456039187-新综合频道-纸品-京喜拉新-剪辑-转化引导-纸品-20260616-反向-625-aigc-4,李虹玉-XNY0271,2026-06-16 21:16:50
13592316199,CH-SC-广义新-10146456039187-新综合频道-纸品-京喜拉新-剪辑-转化引导-纸品-20260616-反向-625-aigc-5,李虹玉-XNY0271,2026-06-16 21:16:53
13592316368,CH-SC-广义新-10146456039187-新综合频道-纸品-京喜拉新-剪辑-转化引导-纸品-20260616-反向-625-aigc-6,李虹玉-XNY0271,2026-06-16 21:16:55
13592316522,CH-SC-广义新-10146456039187-新综合频道-纸品-京喜拉新-剪辑-转化引导-纸品-20260616-反向-625-aigc-7,李虹玉-XNY0271,2026-06-16 21:16:57
13592316754,CH-SC-广义新-10146456039187-新综合频道-纸品-京喜拉新-剪辑-转化引导-纸品-20260616-反向-625-aigc-8,李虹玉-XNY0271,2026-06-16 21:16:59
13592316964,CH-SC-广义新-10146456039187-新综合频道-纸品-京喜拉新-剪辑-转化引导-纸品-20260616-反向-625-aigc-9,李虹玉-XNY0271,2026-06-16 21:17:02
13592317067,CH-SC-广义新-10146456039187-新综合频道-纸品-京喜拉新-剪辑-转化引导-纸品-20260616-反向-625-aigc-10,李虹玉-XNY0271,2026-06-16 21:17:03
13592317286,CH-SC-广义新-10146456039187-新综合频道-纸品-京喜拉新-剪辑-转化引导-纸品-20260616-反向-625-aigc-11,李虹玉-XNY0271,2026-06-16 21:17:06
13592317471,CH-SC-广义新-10146456039187-新综合频道-纸品-京喜拉新-剪辑-转化引导-纸品-20260616-反向-625-aigc-12,李虹玉-XNY0271,2026-06-16 21:17:09
13592317577,CH-SC-广义新-10146456039187-新综合频道-纸品-京喜拉新-剪辑-转化引导-纸品-20260616-反向-625-aigc-13,李虹玉-XNY0271,2026-06-16 21:17:09
13592317839,CH-SC-广义新-10146456039187-新综合频道-纸品-京喜拉新-剪辑-转化引导-纸品-20260616-反向-625-aigc-14,李虹玉-XNY0271,2026-06-16 21:17:12
13592318033,CH-SC-广义新-10146456039187-新综合频道-纸品-京喜拉新-剪辑-转化引导-纸品-20260616-反向-625-aigc-16,李虹玉-XNY0271,2026-06-16 21:17:15
13592318035,CH-SC-广义新-10146456039187-新综合频道-纸品-京喜拉新-剪辑-转化引导-纸品-20260616-反向-625-aigc-15,李虹玉-XNY0271,2026-06-16 21:17:15
13592318264,CH-SC-广义新-10146456039187-新综合频道-纸品-京喜拉新-剪辑-转化引导-纸品-20260616-反向-625-aigc-17,李虹玉-XNY0271,2026-06-16 21:17:18
13592318438,CH-SC-广义新-10147800266661-新综合频道-家庭清洁-京喜拉新-剪辑-转化引导-家庭清洁-20260616-无-625-aigc-12,李虹玉-XNY0271,2026-06-16 21:17:21
13592318639,CH-SC-广义新-10147800266661-新综合频道-家庭清洁-京喜拉新-剪辑-转化引导-家庭清洁-20260616-无-625-aigc-13,李虹玉-XNY0271,2026-06-16 21:17:23
13592318925,CH-SC-广义新-10147800266661-新综合频道-家庭清洁-京喜拉新-剪辑-转化引导-家庭清洁-20260616-无-625-aigc-1,李虹玉-XNY0271,2026-06-16 21:17:26
13592319008,CH-SC-广义新-10147800266661-新综合频道-家庭清洁-京喜拉新-剪辑-转化引导-家庭清洁-20260616-无-625-aigc-2,李虹玉-XNY0271,2026-06-16 21:17:27
13592319221,CH-SC-广义新-10147800266661-新综合频道-家庭清洁-京喜拉新-剪辑-转化引导-家庭清洁-20260616-无-625-aigc-3,李虹玉-XNY0271,2026-06-16 21:17:30
13592319494,CH-SC-广义新-10147800266661-新综合频道-家庭清洁-京喜拉新-剪辑-转化引导-家庭清洁-20260616-无-625-aigc-4,李虹玉-XNY0271,2026-06-16 21:17:33
13592319703,CH-SC-广义新-10147800266661-新综合频道-家庭清洁-京喜拉新-剪辑-转化引导-家庭清洁-20260616-无-625-aigc-5,李虹玉-XNY0271,2026-06-16 21:17:35
13592319989,CH-SC-广义新-10147800266661-新综合频道-家庭清洁-京喜拉新-剪辑-转化引导-家庭清洁-20260616-无-625-aigc-7,李虹玉-XNY0271,2026-06-16 21:17:39
13592320191,CH-SC-广义新-10147800266661-新综合频道-家庭清洁-京喜拉新-剪辑-转化引导-家庭清洁-20260616-无-625-aigc-6,李虹玉-XNY0271,2026-06-16 21:17:41
13592320381,CH-SC-广义新-10147800266661-新综合频道-家庭清洁-京喜拉新-剪辑-转化引导-家庭清洁-20260616-无-625-aigc-8,李虹玉-XNY0271,2026-06-16 21:17:43
13592320724,CH-SC-广义新-10147800266661-新综合频道-家庭清洁-京喜拉新-剪辑-转化引导-家庭清洁-20260616-无-625-aigc-9,李虹玉-XNY0271,2026-06-16 21:17:47
13592321016,CH-SC-广义新-10147800266661-新综合频道-家庭清洁-京喜拉新-剪辑-转化引导-家庭清洁-20260616-无-625-aigc-10,李虹玉-XNY0271,2026-06-16 21:17:50
13592321067,CH-SC-广义新-10147800266661-新综合频道-家庭清洁-京喜拉新-剪辑-转化引导-家庭清洁-20260616-无-625-aigc-11,李虹玉-XNY0271,2026-06-16 21:17:50
13603291311,CH-SC-低活-10139440032542-超级抢购加补-运动户外-无-剪辑-转化引导-运动户外-20260617-无-625-aigc-2,李虹玉-XNY0271,2026-06-17 19:55:51
13603292622,CH-SC-低活-10139440032542-超级抢购加补-运动户外-无-剪辑-转化引导-运动户外-20260617-无-625-aigc-3,李虹玉-XNY0271,2026-06-17 19:56:00
13603292746,CH-SC-低活-10139440032542-超级抢购加补-运动户外-无-剪辑-转化引导-运动户外-20260617-无-625-aigc-4,李虹玉-XNY0271,2026-06-17 19:56:01
13603295264,CH-SC-低活-10139440032542-超级抢购加补-运动户外-无-剪辑-转化引导-运动户外-20260617-无-625-aigc-6,李虹玉-XNY0271,2026-06-17 19:56:20
13603295742,CH-SC-低活-10139440032542-超级抢购加补-运动户外-无-剪辑-转化引导-运动户外-20260617-无-625-aigc-5,李虹玉-XNY0271,2026-06-17 19:56:24
13603295934,CH-SC-低活-10139440032542-超级抢购加补-运动户外-无-剪辑-转化引导-运动户外-20260617-无-625-aigc-7,李虹玉-XNY0271,2026-06-17 19:56:25
13603297528,CH-SC-广义新-10139440032542-新综合频道-运动户外-京喜拉新-剪辑-转化引导-运动户外-20260617-无-625-aigc2,李虹玉-XNY0271,2026-06-17 19:56:38
13603297889,CH-SC-广义新-10139440032542-新综合频道-运动户外-京喜拉新-剪辑-转化引导-运动户外-20260617-无-625-aigc4,李虹玉-XNY0271,2026-06-17 19:56:41
13603297974,CH-SC-广义新-10139440032542-新综合频道-运动户外-京喜拉新-剪辑-转化引导-运动户外-20260617-无-625-aigc3,李虹玉-XNY0271,2026-06-17 19:56:42
13603299685,CH-SC-广义新-10139440032542-新综合频道-运动户外-京喜拉新-剪辑-转化引导-运动户外-20260617-无-625-aigc7,李虹玉-XNY0271,2026-06-17 19:56:55
13603299896,CH-SC-广义新-10139440032542-新综合频道-运动户外-京喜拉新-剪辑-转化引导-运动户外-20260617-无-625-aigc5,李虹玉-XNY0271,2026-06-17 19:56:57
13603300583,CH-SC-广义新-10139440032542-新综合频道-运动户外-京喜拉新-剪辑-转化引导-运动户外-20260617-无-625-aigc6,李虹玉-XNY0271,2026-06-17 19:57:03
13603301387,CH-SC-广义新-10150866838388-新综合频道-纸品-京喜拉新-剪辑-转化引导-纸品-20260617-反向-625-aigc-3,李虹玉-XNY0271,2026-06-17 19:57:09
13603301478,CH-SC-广义新-10150866838388-新综合频道-纸品-京喜拉新-剪辑-转化引导-纸品-20260617-反向-625-aigc-2,李虹玉-XNY0271,2026-06-17 19:57:10
13603301624,CH-SC-广义新-10150866838388-新综合频道-纸品-京喜拉新-剪辑-转化引导-纸品-20260617-反向-625-aigc-1,李虹玉-XNY0271,2026-06-17 19:57:11
13603302161,CH-SC-广义新-10150866838388-新综合频道-纸品-京喜拉新-剪辑-转化引导-纸品-20260617-反向-625-aigc-4,李虹玉-XNY0271,2026-06-17 19:57:15
13603303513,CH-SC-广义新-10150866838388-新综合频道-纸品-京喜拉新-剪辑-转化引导-纸品-20260617-反向-625-aigc-7,李虹玉-XNY0271,2026-06-17 19:57:24
13603303788,CH-SC-广义新-10150866838388-新综合频道-纸品-京喜拉新-剪辑-转化引导-纸品-20260617-反向-625-aigc-6,李虹玉-XNY0271,2026-06-17 19:57:26
13603304032,CH-SC-广义新-10150866838388-新综合频道-纸品-京喜拉新-剪辑-转化引导-纸品-20260617-反向-625-aigc-5,李虹玉-XNY0271,2026-06-17 19:57:27
13603305567,CH-SC-广义新-10150866838388-新综合频道-纸品-京喜拉新-剪辑-转化引导-纸品-20260617-反向-625-aigc-8,李虹玉-XNY0271,2026-06-17 19:57:38
13603305603,CH-SC-广义新-10150866838388-新综合频道-纸品-京喜拉新-剪辑-转化引导-纸品-20260617-反向-625-aigc-10,李虹玉-XNY0271,2026-06-17 19:57:38
13603305630,CH-SC-广义新-10150866838388-新综合频道-纸品-京喜拉新-剪辑-转化引导-纸品-20260617-反向-625-aigc-9,李虹玉-XNY0271,2026-06-17 19:57:39
13603307249,CH-SC-广义新-10150866838388-新综合频道-纸品-京喜拉新-剪辑-转化引导-纸品-20260617-反向-625-aigc-12,李虹玉-XNY0271,2026-06-17 19:57:49
13603307829,CH-SC-广义新-10150866838388-新综合频道-纸品-京喜拉新-剪辑-转化引导-纸品-20260617-反向-625-aigc-11,李虹玉-XNY0271,2026-06-17 19:57:53
13603309012,CH-SC-广义新-10150866838388-新综合频道-纸品-京喜拉新-剪辑-转化引导-纸品-20260617-反向-625-aigc-15,李虹玉-XNY0271,2026-06-17 19:58:01
13603309072,CH-SC-广义新-10150866838388-新综合频道-纸品-京喜拉新-剪辑-转化引导-纸品-20260617-反向-625-aigc-13,李虹玉-XNY0271,2026-06-17 19:58:01
13603309322,CH-SC-广义新-10150866838388-新综合频道-纸品-京喜拉新-剪辑-转化引导-纸品-20260617-反向-625-aigc-14,李虹玉-XNY0271,2026-06-17 19:58:02
13603310412,CH-SC-广义新-10150866838388-新综合频道-纸品-京喜拉新-剪辑-转化引导-纸品-20260617-反向-625-aigc-16,李虹玉-XNY0271,2026-06-17 19:58:09
13603311210,CH-SC-广义新-10150866838388-新综合频道-纸品-京喜拉新-剪辑-转化引导-纸品-20260617-反向-625-aigc-17,李虹玉-XNY0271,2026-06-17 19:58:15
13603311441,CH-SC-广义新-10150866838388-新综合频道-纸品-京喜拉新-剪辑-转化引导-纸品-20260617-反向-625-aigc-18,李虹玉-XNY0271,2026-06-17 19:58:16
13603311998,CH-SC-广义新-10118706992345-新综合频道-纸品-无-剪辑-转化引导-纸品-20260617-无-625-aigc-1,李虹玉-XNY0271,2026-06-17 19:58:20
13603312877,CH-SC-广义新-10118706992345-新综合频道-纸品-无-剪辑-转化引导-纸品-20260617-无-625-aigc-2,李虹玉-XNY0271,2026-06-17 19:58:25
13603313159,CH-SC-广义新-10118706992345-新综合频道-纸品-无-剪辑-转化引导-纸品-20260617-无-625-aigc-3,李虹玉-XNY0271,2026-06-17 19:58:27
13603314654,CH-SC-广义新-10118706992345-新综合频道-纸品-无-剪辑-转化引导-纸品-20260617-无-625-aigc-4,李虹玉-XNY0271,2026-06-17 19:58:37
13603314805,CH-SC-广义新-10118706992345-新综合频道-纸品-无-剪辑-转化引导-纸品-20260617-无-625-aigc-5,李虹玉-XNY0271,2026-06-17 19:58:38
13603315053,CH-SC-广义新-10118706992345-新综合频道-纸品-无-剪辑-转化引导-纸品-20260617-无-625-aigc-6,李虹玉-XNY0271,2026-06-17 19:58:40
13603316597,CH-SC-广义新-10118706992345-新综合频道-纸品-无-剪辑-转化引导-纸品-20260617-无-625-aigc-7,李虹玉-XNY0271,2026-06-17 19:58:50
13603317054,CH-SC-广义新-10118706992345-新综合频道-纸品-无-剪辑-转化引导-纸品-20260617-无-625-aigc-8,李虹玉-XNY0271,2026-06-17 19:58:52
13603317229,CH-SC-广义新-10118706992345-新综合频道-纸品-无-剪辑-转化引导-纸品-20260617-无-625-aigc-9,李虹玉-XNY0271,2026-06-17 19:58:53
13603318244,CH-SC-广义新-10118706992345-新综合频道-纸品-无-剪辑-转化引导-纸品-20260617-无-625-aigc-11,李虹玉-XNY0271,2026-06-17 19:58:59
13603319928,CH-SC-广义新-10118706992345-新综合频道-纸品-无-剪辑-转化引导-纸品-20260617-无-625-aigc-13,李虹玉-XNY0271,2026-06-17 19:59:11
13603320128,CH-SC-广义新-10118706992345-新综合频道-纸品-无-剪辑-转化引导-纸品-20260617-无-625-aigc-10,李虹玉-XNY0271,2026-06-17 19:59:12
13603320531,CH-SC-广义新-10118706992345-新综合频道-纸品-无-剪辑-转化引导-纸品-20260617-无-625-aigc-12,李虹玉-XNY0271,2026-06-17 19:59:15
13603321023,CH-SC-广义新-10118706992345-新综合频道-纸品-无-剪辑-转化引导-纸品-20260617-无-625-aigc-14,李虹玉-XNY0271,2026-06-17 19:59:18
13603322823,CH-SC-广义新-10118706992345-新综合频道-纸品-无-剪辑-转化引导-纸品-20260617-无-625-aigc-15,李虹玉-XNY0271,2026-06-17 19:59:28
13603322887,CH-SC-广义新-10118706992345-新综合频道-纸品-无-剪辑-转化引导-纸品-20260617-无-625-aigc-16,李虹玉-XNY0271,2026-06-17 19:59:29
13603324189,CH-SC-广义新-10118706992345-新综合频道-纸品-无-剪辑-转化引导-纸品-20260617-无-625-aigc-18,李虹玉-XNY0271,2026-06-17 19:59:35
13603324229,CH-SC-广义新-10118706992345-新综合频道-纸品-无-剪辑-转化引导-纸品-20260617-无-625-aigc-17,李虹玉-XNY0271,2026-06-17 19:59:35
13603326164,CH-SC-广义新-10118706992345-新综合频道-纸品-无-剪辑-转化引导-纸品-20260617-无-625-aigc-19,李虹玉-XNY0271,2026-06-17 19:59:46
13603326648,CH-SC-广义新-10118706992345-新综合频道-纸品-无-剪辑-转化引导-纸品-20260617-无-625-aigc-20,李虹玉-XNY0271,2026-06-17 19:59:48
13603327316,CH-SC-广义新-10118706992345-新综合频道-纸品-无-剪辑-转化引导-纸品-20260617-无-625-aigc-21,李虹玉-XNY0271,2026-06-17 19:59:51
13603329865,CH-SC-广义新-10139440032542-新综合频道-运动户外-京喜拉新-剪辑-转化引导-运动户外-20260617-无-625-aigc10,李虹玉-XNY0271,2026-06-17 20:00:06
13603329993,CH-SC-广义新-10139440032542-新综合频道-运动户外-京喜拉新-剪辑-转化引导-运动户外-20260617-无-625-aigc9,李虹玉-XNY0271,2026-06-17 20:00:06
13603330697,CH-SC-广义新-10139440032542-新综合频道-运动户外-京喜拉新-剪辑-转化引导-运动户外-20260617-无-625-aigc8,李虹玉-XNY0271,2026-06-17 20:00:10
13603332707,CH-SC-广义新-10139440032542-新综合频道-运动户外-京喜拉新-剪辑-转化引导-运动户外-20260617-无-625-aigc12,李虹玉-XNY0271,2026-06-17 20:00:22
13603332847,CH-SC-广义新-10139440032542-新综合频道-运动户外-京喜拉新-剪辑-转化引导-运动户外-20260617-无-625-aigc11,李虹玉-XNY0271,2026-06-17 20:00:23
13603333835,CH-SC-广义新-10139440032542-新综合频道-运动户外-京喜拉新-剪辑-转化引导-运动户外-20260617-无-625-aigc13,李虹玉-XNY0271,2026-06-17 20:00:29
13603334856,CH-SC-广义新-10139440032542-新综合频道-运动户外-京喜拉新-剪辑-转化引导-运动户外-20260617-无-625-aigc14,李虹玉-XNY0271,2026-06-17 20:00:35
13603336629,CH-SC-广义新-10166301474829-新综合频道-厨具-京喜拉新-剪辑-转化引导-厨具-20260617-反向-625-aigc-2,李虹玉-XNY0271,2026-06-17 20:00:45
13603336973,CH-SC-广义新-10166301474829-新综合频道-厨具-京喜拉新-剪辑-转化引导-厨具-20260617-反向-625-aigc-3,李虹玉-XNY0271,2026-06-17 20:00:47
13603337129,CH-SC-广义新-10139440032542-新综合频道-运动户外-京喜拉新-剪辑-转化引导-运动户外-20260617-无-625-aigc1,李虹玉-XNY0271,2026-06-17 20:00:48
13603339171,CH-SC-广义新-10166301474829-新综合频道-厨具-京喜拉新-剪辑-转化引导-厨具-20260617-反向-625-aigc-5,李虹玉-XNY0271,2026-06-17 20:00:59
13603339930,CH-SC-广义新-10166301474829-新综合频道-厨具-京喜拉新-剪辑-转化引导-厨具-20260617-反向-625-aigc-4,李虹玉-XNY0271,2026-06-17 20:01:03
13603340196,CH-SC-广义新-10166301474829-新综合频道-厨具-京喜拉新-剪辑-转化引导-厨具-20260617-反向-625-aigc-6,李虹玉-XNY0271,2026-06-17 20:01:05
13603342598,CH-SC-广义新-10166301474829-新综合频道-厨具-京喜拉新-剪辑-转化引导-厨具-20260617-反向-625-aigc-8,李虹玉-XNY0271,2026-06-17 20:01:18
13603343263,CH-SC-广义新-10166301474829-新综合频道-厨具-京喜拉新-剪辑-转化引导-厨具-20260617-反向-625-aigc-7,李虹玉-XNY0271,2026-06-17 20:01:22
13603343545,CH-SC-广义新-10166301474829-新综合频道-厨具-京喜拉新-剪辑-转化引导-厨具-20260617-反向-625-aigc-9,李虹玉-XNY0271,2026-06-17 20:01:24
13603344490,CH-SC-广义新-10166301474829-新综合频道-厨具-京喜拉新-剪辑-转化引导-厨具-20260617-反向-625-aigc-10,李虹玉-XNY0271,2026-06-17 20:01:29
13603346070,CH-SC-广义新-10166301474829-新综合频道-厨具-京喜拉新-剪辑-转化引导-厨具-20260617-反向-625-aigc-13,李虹玉-XNY0271,2026-06-17 20:01:38
13603346441,CH-SC-广义新-10166301474829-新综合频道-厨具-京喜拉新-剪辑-转化引导-厨具-20260617-反向-625-aigc-11,李虹玉-XNY0271,2026-06-17 20:01:40
13603346672,CH-SC-广义新-10166301474829-新综合频道-厨具-京喜拉新-剪辑-转化引导-厨具-20260617-反向-625-aigc-12,李虹玉-XNY0271,2026-06-17 20:01:41
13603347554,CH-SC-广义新-10166301474829-新综合频道-厨具-京喜拉新-剪辑-转化引导-厨具-20260617-反向-625-aigc-14,李虹玉-XNY0271,2026-06-17 20:01:46
13603348901,CH-SC-广义新-10166301474829-新综合频道-厨具-京喜拉新-剪辑-转化引导-厨具-20260617-反向-625-aigc-16,李虹玉-XNY0271,2026-06-17 20:01:54
13603350696,CH-SC-广义新-10166301474829-新综合频道-厨具-京喜拉新-剪辑-转化引导-厨具-20260617-反向-625-aigc-18,李虹玉-XNY0271,2026-06-17 20:02:04
13603350859,CH-SC-广义新-10166301474829-新综合频道-厨具-京喜拉新-剪辑-转化引导-厨具-20260617-反向-625-aigc-17,李虹玉-XNY0271,2026-06-17 20:02:05
13603351171,CH-SC-广义新-10166301474829-新综合频道-厨具-京喜拉新-剪辑-转化引导-厨具-20260617-反向-625-aigc-15,李虹玉-XNY0271,2026-06-17 20:02:07
13603353242,CH-SC-广义新-10166301474829-新综合频道-厨具-京喜拉新-剪辑-转化引导-厨具-20260617-反向-625-aigc-21,李虹玉-XNY0271,2026-06-17 20:02:19
13603353487,CH-SC-广义新-10166301474829-新综合频道-厨具-京喜拉新-剪辑-转化引导-厨具-20260617-反向-625-aigc-19,李虹玉-XNY0271,2026-06-17 20:02:20
13603354275,CH-SC-广义新-10166301474829-新综合频道-厨具-京喜拉新-剪辑-转化引导-厨具-20260617-反向-625-aigc-20,李虹玉-XNY0271,2026-06-17 20:02:24
13603357596,CH-SC-广义新-10166301474829-新综合频道-厨具-京喜拉新-剪辑-转化引导-厨具-20260617-反向-625-aigc-23,李虹玉-XNY0271,2026-06-17 20:02:44
13603357800,CH-SC-广义新-10166301474829-新综合频道-厨具-京喜拉新-剪辑-转化引导-厨具-20260617-反向-625-aigc-22,李虹玉-XNY0271,2026-06-17 20:02:45
13603357901,CH-SC-广义新-10166301474829-新综合频道-厨具-京喜拉新-剪辑-转化引导-厨具-20260617-反向-625-aigc-24,李虹玉-XNY0271,2026-06-17 20:02:45
13603360081,CH-SC-广义新-10166301474829-新综合频道-厨具-京喜拉新-剪辑-转化引导-厨具-20260617-反向-625-aigc-1,李虹玉-XNY0271,2026-06-17 20:02:58
13603361374,CH-SC-低活-10139440032542-超级抢购加补-运动户外-无-剪辑-转化引导-运动户外-20260617-无-625-aigc-9,李虹玉-XNY0271,2026-06-17 20:03:07
13603362074,CH-SC-低活-10139440032542-超级抢购加补-运动户外-无-剪辑-转化引导-运动户外-20260617-无-625-aigc-10,李虹玉-XNY0271,2026-06-17 20:03:12
13603362405,CH-SC-低活-10139440032542-超级抢购加补-运动户外-无-剪辑-转化引导-运动户外-20260617-无-625-aigc-8,李虹玉-XNY0271,2026-06-17 20:03:14
13603365361,CH-SC-低活-10139440032542-超级抢购加补-运动户外-无-剪辑-转化引导-运动户外-20260617-无-625-aigc-11,李虹玉-XNY0271,2026-06-17 20:03:33
13603365526,CH-SC-低活-10139440032542-超级抢购加补-运动户外-无-剪辑-转化引导-运动户外-20260617-无-625-aigc-12,李虹玉-XNY0271,2026-06-17 20:03:34
13603366057,CH-SC-低活-10139440032542-超级抢购加补-运动户外-无-剪辑-转化引导-运动户外-20260617-无-625-aigc-13,李虹玉-XNY0271,2026-06-17 20:03:38
13603369376,CH-SC-低活-10139440032542-超级抢购加补-运动户外-无-剪辑-转化引导-运动户外-20260617-无-625-aigc-16,李虹玉-XNY0271,2026-06-17 20:03:59
13603369641,CH-SC-低活-10139440032542-超级抢购加补-运动户外-无-剪辑-转化引导-运动户外-20260617-无-625-aigc-15,李虹玉-XNY0271,2026-06-17 20:04:01
13603369690,CH-SC-低活-10139440032542-超级抢购加补-运动户外-无-剪辑-转化引导-运动户外-20260617-无-625-aigc-14,李虹玉-XNY0271,2026-06-17 20:04:02
13603371688,CH-SC-低活-10139440032542-超级抢购加补-运动户外-无-剪辑-转化引导-运动户外-20260617-无-625-aigc-1,李虹玉-XNY0271,2026-06-17 20:04:14
13603372116,CH-SC-低活-10217740550325-超级抢购加补-箱包皮具-无-剪辑-转化引导-箱包皮具-20260617-无-625-aigc-11,李虹玉-XNY0271,2026-06-17 20:04:17
13603372191,CH-SC-低活-10217740550325-超级抢购加补-箱包皮具-无-剪辑-转化引导-箱包皮具-20260617-无-625-aigc-12,李虹玉-XNY0271,2026-06-17 20:04:17
13603372751,CH-SC-低活-10217740550325-超级抢购加补-箱包皮具-无-剪辑-转化引导-箱包皮具-20260617-无-625-aigc-13,李虹玉-XNY0271,2026-06-17 20:04:20
13603374106,CH-SC-低活-10217740550325-超级抢购加补-箱包皮具-无-剪辑-转化引导-箱包皮具-20260617-无-625-aigc-14,李虹玉-XNY0271,2026-06-17 20:04:28
13603375454,CH-SC-低活-10217740550325-超级抢购加补-箱包皮具-无-剪辑-转化引导-箱包皮具-20260617-无-625-aigc-16,李虹玉-XNY0271,2026-06-17 20:04:36
13603375586,CH-SC-低活-10217740550325-超级抢购加补-箱包皮具-无-剪辑-转化引导-箱包皮具-20260617-无-625-aigc-15,李虹玉-XNY0271,2026-06-17 20:04:37
13603376129,CH-SC-低活-10217740550325-超级抢购加补-箱包皮具-无-剪辑-转化引导-箱包皮具-20260617-无-625-aigc-17,李虹玉-XNY0271,2026-06-17 20:04:40
13603377666,CH-SC-低活-10217740550325-超级抢购加补-箱包皮具-无-剪辑-转化引导-箱包皮具-20260617-无-625-aigc-20,李虹玉-XNY0271,2026-06-17 20:04:50
13603377783,CH-SC-低活-10217740550325-超级抢购加补-箱包皮具-无-剪辑-转化引导-箱包皮具-20260617-无-625-aigc-19,李虹玉-XNY0271,2026-06-17 20:04:50
13603378162,CH-SC-低活-10217740550325-超级抢购加补-箱包皮具-无-剪辑-转化引导-箱包皮具-20260617-无-625-aigc-18,李虹玉-XNY0271,2026-06-17 20:04:52
13603379712,CH-SC-低活-10217740550325-超级抢购加补-箱包皮具-无-剪辑-转化引导-箱包皮具-20260617-无-625-aigc-21,李虹玉-XNY0271,2026-06-17 20:05:01
13603379735,CH-SC-低活-10217740550325-超级抢购加补-箱包皮具-无-剪辑-转化引导-箱包皮具-20260617-无-625-aigc-22,李虹玉-XNY0271,2026-06-17 20:05:01
13603380315,CH-SC-低活-10217740550325-超级抢购加补-箱包皮具-无-剪辑-转化引导-箱包皮具-20260617-无-625-aigc-1,李虹玉-XNY0271,2026-06-17 20:05:05
13603381260,CH-SC-低活-10217740550325-超级抢购加补-箱包皮具-无-剪辑-转化引导-箱包皮具-20260617-无-625-aigc-3,李虹玉-XNY0271,2026-06-17 20:05:11
13603382133,CH-SC-低活-10217740550325-超级抢购加补-箱包皮具-无-剪辑-转化引导-箱包皮具-20260617-无-625-aigc-2,李虹玉-XNY0271,2026-06-17 20:05:16
13603383200,CH-SC-低活-10217740550325-超级抢购加补-箱包皮具-无-剪辑-转化引导-箱包皮具-20260617-无-625-aigc-4,李虹玉-XNY0271,2026-06-17 20:05:22
13603383616,CH-SC-低活-10217740550325-超级抢购加补-箱包皮具-无-剪辑-转化引导-箱包皮具-20260617-无-625-aigc-5,李虹玉-XNY0271,2026-06-17 20:05:25
13603383686,CH-SC-低活-10217740550325-超级抢购加补-箱包皮具-无-剪辑-转化引导-箱包皮具-20260617-无-625-aigc-6,李虹玉-XNY0271,2026-06-17 20:05:25
13603385672,CH-SC-低活-10217740550325-超级抢购加补-箱包皮具-无-剪辑-转化引导-箱包皮具-20260617-无-625-aigc-7,李虹玉-XNY0271,2026-06-17 20:05:38
13603386003,CH-SC-低活-10217740550325-超级抢购加补-箱包皮具-无-剪辑-转化引导-箱包皮具-20260617-无-625-aigc-9,李虹玉-XNY0271,2026-06-17 20:05:40
13603386123,CH-SC-低活-10217740550325-超级抢购加补-箱包皮具-无-剪辑-转化引导-箱包皮具-20260617-无-625-aigc-8,李虹玉-XNY0271,2026-06-17 20:05:41
13603387974,CH-SC-低活-10217740550325-超级抢购加补-箱包皮具-无-剪辑-转化引导-箱包皮具-20260617-无-625-aigc-10,李虹玉-XNY0271,2026-06-17 20:05:52
13603388057,CH-SC-低活-10191234838090-超级抢购加补-纸品-无-剪辑-转化引导-纸品-20260617-无-625-aigc-1,李虹玉-XNY0271,2026-06-17 20:05:53
13603388433,CH-SC-低活-10191234838090-超级抢购加补-纸品-无-剪辑-转化引导-纸品-20260617-无-625-aigc-2,李虹玉-XNY0271,2026-06-17 20:05:55
13603389665,CH-SC-低活-10191234838090-超级抢购加补-纸品-无-剪辑-转化引导-纸品-20260617-无-625-aigc-3,李虹玉-XNY0271,2026-06-17 20:06:04
13603390636,CH-SC-低活-10191234838090-超级抢购加补-纸品-无-剪辑-转化引导-纸品-20260617-无-625-aigc-5,李虹玉-XNY0271,2026-06-17 20:06:12
13603391147,CH-SC-低活-10191234838090-超级抢购加补-纸品-无-剪辑-转化引导-纸品-20260617-无-625-aigc-6,李虹玉-XNY0271,2026-06-17 20:06:15
13603391448,CH-SC-低活-10191234838090-超级抢购加补-纸品-无-剪辑-转化引导-纸品-20260617-无-625-aigc-4,李虹玉-XNY0271,2026-06-17 20:06:18
13603392769,CH-SC-低活-10191234838090-超级抢购加补-纸品-无-剪辑-转化引导-纸品-20260617-无-625-aigc-9,李虹玉-XNY0271,2026-06-17 20:06:29
13603392960,CH-SC-低活-10191234838090-超级抢购加补-纸品-无-剪辑-转化引导-纸品-20260617-无-625-aigc-8,李虹玉-XNY0271,2026-06-17 20:06:31
13603393039,CH-SC-低活-10191234838090-超级抢购加补-纸品-无-剪辑-转化引导-纸品-20260617-无-625-aigc-7,李虹玉-XNY0271,2026-06-17 20:06:32
13603393836,CH-SC-低活-10191234838090-超级抢购加补-纸品-无-剪辑-转化引导-纸品-20260617-无-625-aigc-10,李虹玉-XNY0271,2026-06-17 20:06:38
13603394338,CH-SC-低活-10191234838090-超级抢购加补-纸品-无-剪辑-转化引导-纸品-20260617-无-625-aigc-12,李虹玉-XNY0271,2026-06-17 20:06:42
13603395408,CH-SC-低活-10191234838090-超级抢购加补-纸品-无-剪辑-转化引导-纸品-20260617-无-625-aigc-13,李虹玉-XNY0271,2026-06-17 20:06:50
13603395736,CH-SC-低活-10191234838090-超级抢购加补-纸品-无-剪辑-转化引导-纸品-20260617-无-625-aigc-11,李虹玉-XNY0271,2026-06-17 20:06:53
13603396270,CH-SC-低活-10191234838090-超级抢购加补-纸品-无-剪辑-转化引导-纸品-20260617-无-625-aigc-15,李虹玉-XNY0271,2026-06-17 20:06:57
13603396529,CH-SC-低活-10191234838090-超级抢购加补-纸品-无-剪辑-转化引导-纸品-20260617-无-625-aigc-14,李虹玉-XNY0271,2026-06-17 20:06:59
13603397433,CH-SC-低活-10191234838090-超级抢购加补-纸品-无-剪辑-转化引导-纸品-20260617-无-625-aigc-17,李虹玉-XNY0271,2026-06-17 20:07:05
13603397568,CH-SC-低活-10191234838090-超级抢购加补-纸品-无-剪辑-转化引导-纸品-20260617-无-625-aigc-16,李虹玉-XNY0271,2026-06-17 20:07:06
13603399615,CH-SC-低活-10191234838090-超级抢购加补-纸品-无-剪辑-转化引导-纸品-20260617-无-625-aigc-18,李虹玉-XNY0271,2026-06-17 20:07:19
13603399626,CH-SC-低活-10191234838090-超级抢购加补-纸品-无-剪辑-转化引导-纸品-20260617-无-625-aigc-20,李虹玉-XNY0271,2026-06-17 20:07:19
13603399960,CH-SC-低活-10191234838090-超级抢购加补-纸品-无-剪辑-转化引导-纸品-20260617-无-625-aigc-19,李虹玉-XNY0271,2026-06-17 20:07:21
13603401978,CH-SC-低活-10191234838090-超级抢购加补-纸品-无-剪辑-转化引导-纸品-20260617-无-625-aigc-22,李虹玉-XNY0271,2026-06-17 20:07:33
13603402055,CH-SC-低活-10191234838090-超级抢购加补-纸品-无-剪辑-转化引导-纸品-20260617-无-625-aigc-21,李虹玉-XNY0271,2026-06-17 20:07:34
13603402294,CH-SC-低活-10191234838090-超级抢购加补-纸品-无-剪辑-转化引导-纸品-20260617-无-625-aigc-23,李虹玉-XNY0271,2026-06-17 20:07:36
13603403347,CH-SC-低活-10191234838090-超级抢购加补-纸品-无-剪辑-转化引导-纸品-20260617-无-625-aigc-24,李虹玉-XNY0271,2026-06-17 20:07:43
13603404395,CH-SC-低活-10191234838090-超级抢购加补-纸品-无-剪辑-转化引导-纸品-20260617-无-625-aigc-25,李虹玉-XNY0271,2026-06-17 20:07:50
13603405025,CH-SC-低活-10191234838090-超级抢购加补-纸品-无-剪辑-转化引导-纸品-20260617-无-625-aigc-27,李虹玉-XNY0271,2026-06-17 20:07:53
13603405651,CH-SC-低活-10191234838090-超级抢购加补-纸品-无-剪辑-转化引导-纸品-20260617-无-625-aigc-28,李虹玉-XNY0271,2026-06-17 20:07:58
13603405719,CH-SC-低活-10191234838090-超级抢购加补-纸品-无-剪辑-转化引导-纸品-20260617-无-625-aigc-26,李虹玉-XNY0271,2026-06-17 20:07:58
13603407409,CH-SC-低活-10191234838090-超级抢购加补-纸品-无-剪辑-转化引导-纸品-20260617-无-625-aigc-29,李虹玉-XNY0271,2026-06-17 20:08:10
13603407466,CH-SC-低活-10191234838090-超级抢购加补-纸品-无-剪辑-转化引导-纸品-20260617-无-625-aigc-31,李虹玉-XNY0271,2026-06-17 20:08:10
13603407579,CH-SC-低活-10191234838090-超级抢购加补-纸品-无-剪辑-转化引导-纸品-20260617-无-625-aigc-30,李虹玉-XNY0271,2026-06-17 20:08:11
13603409173,CH-SC-低活-10172627929072-超级抢购加补-家装建材-无-剪辑-转化引导-家装建材-20260617-无-625-aigc-2,李虹玉-XNY0271,2026-06-17 20:08:22
13603409381,CH-SC-低活-10172627929072-超级抢购加补-家装建材-无-剪辑-转化引导-家装建材-20260617-无-625-aigc-3,李虹玉-XNY0271,2026-06-17 20:08:24
13603409509,CH-SC-低活-10172627929072-超级抢购加补-家装建材-无-剪辑-转化引导-家装建材-20260617-无-625-aigc-4,李虹玉-XNY0271,2026-06-17 20:08:25
13603411131,CH-SC-低活-10172627929072-超级抢购加补-家装建材-无-剪辑-转化引导-家装建材-20260617-无-625-aigc-6,李虹玉-XNY0271,2026-06-17 20:08:36
13603411436,CH-SC-低活-10172627929072-超级抢购加补-家装建材-无-剪辑-转化引导-家装建材-20260617-无-625-aigc-7,李虹玉-XNY0271,2026-06-17 20:08:38
13603411505,CH-SC-低活-10172627929072-超级抢购加补-家装建材-无-剪辑-转化引导-家装建材-20260617-无-625-aigc-5,李虹玉-XNY0271,2026-06-17 20:08:38
13603411842,CH-SC-低活-10172627929072-超级抢购加补-家装建材-无-剪辑-转化引导-家装建材-20260617-无-625-aigc-8,李虹玉-XNY0271,2026-06-17 20:08:41
13603413096,CH-SC-低活-10172627929072-超级抢购加补-家装建材-无-剪辑-转化引导-家装建材-20260617-无-625-aigc-9,李虹玉-XNY0271,2026-06-17 20:08:50
13603413373,CH-SC-低活-10172627929072-超级抢购加补-家装建材-无-剪辑-转化引导-家装建材-20260617-无-625-aigc-10,李虹玉-XNY0271,2026-06-17 20:08:52
13603413459,CH-SC-低活-10172627929072-超级抢购加补-家装建材-无-剪辑-转化引导-家装建材-20260617-无-625-aigc-11,李虹玉-XNY0271,2026-06-17 20:08:53
13603414673,CH-SC-低活-10172627929072-超级抢购加补-家装建材-无-剪辑-转化引导-家装建材-20260617-无-625-aigc-12,李虹玉-XNY0271,2026-06-17 20:09:01
13603415005,CH-SC-低活-10172627929072-超级抢购加补-家装建材-无-剪辑-转化引导-家装建材-20260617-无-625-aigc-14,李虹玉-XNY0271,2026-06-17 20:09:04
13603415010,CH-SC-低活-10172627929072-超级抢购加补-家装建材-无-剪辑-转化引导-家装建材-20260617-无-625-aigc-13,李虹玉-XNY0271,2026-06-17 20:09:04
13603415565,CH-SC-低活-10172627929072-超级抢购加补-家装建材-无-剪辑-转化引导-家装建材-20260617-无-625-aigc-15,李虹玉-XNY0271,2026-06-17 20:09:08
13603416144,CH-SC-低活-10172627929072-超级抢购加补-家装建材-无-剪辑-转化引导-家装建材-20260617-无-625-aigc-16,李虹玉-XNY0271,2026-06-17 20:09:13
13603416679,CH-SC-低活-10172627929072-超级抢购加补-家装建材-无-剪辑-转化引导-家装建材-20260617-无-625-aigc-18,李虹玉-XNY0271,2026-06-17 20:09:17
13603417215,CH-SC-低活-10172627929072-超级抢购加补-家装建材-无-剪辑-转化引导-家装建材-20260617-无-625-aigc-19,李虹玉-XNY0271,2026-06-17 20:09:21
13603418487,CH-SC-低活-10172627929072-超级抢购加补-家装建材-无-剪辑-转化引导-家装建材-20260617-无-625-aigc-17,李虹玉-XNY0271,2026-06-17 20:09:30
13603418598,CH-SC-低活-10172627929072-超级抢购加补-家装建材-无-剪辑-转化引导-家装建材-20260617-无-625-aigc-20,李虹玉-XNY0271,2026-06-17 20:09:31
13603418713,CH-SC-低活-10172627929072-超级抢购加补-家装建材-无-剪辑-转化引导-家装建材-20260617-无-625-aigc-21,李虹玉-XNY0271,2026-06-17 20:09:32
13603419701,CH-SC-低活-10172627929072-超级抢购加补-家装建材-无-剪辑-转化引导-家装建材-20260617-无-625-aigc-22,李虹玉-XNY0271,2026-06-17 20:09:39
13603419891,CH-SC-低活-10172627929072-超级抢购加补-家装建材-无-剪辑-转化引导-家装建材-20260617-无-625-aigc-1,李虹玉-XNY0271,2026-06-17 20:09:41
13614612540,CH-SC-广义新-10161130444375-新综合频道-农资园艺-京喜拉新-剪辑-转化引导-农资园艺-20260618-反向-625-aigc-2,李虹玉-XNY0271,2026-06-18 18:35:36
13614612617,CH-SC-广义新-10161130444375-新综合频道-农资园艺-京喜拉新-剪辑-转化引导-农资园艺-20260618-反向-625-aigc-4,李虹玉-XNY0271,2026-06-18 18:35:36
13614613443,CH-SC-广义新-10161130444375-新综合频道-农资园艺-京喜拉新-剪辑-转化引导-农资园艺-20260618-反向-625-aigc-3,李虹玉-XNY0271,2026-06-18 18:35:39
13614614062,CH-SC-广义新-10161130444375-新综合频道-农资园艺-京喜拉新-剪辑-转化引导-农资园艺-20260618-反向-625-aigc-5,李虹玉-XNY0271,2026-06-18 18:35:41
13614614832,CH-SC-广义新-10161130444375-新综合频道-农资园艺-京喜拉新-剪辑-转化引导-农资园艺-20260618-反向-625-aigc-6,李虹玉-XNY0271,2026-06-18 18:35:43
13614615825,CH-SC-广义新-10161130444375-新综合频道-农资园艺-京喜拉新-剪辑-转化引导-农资园艺-20260618-反向-625-aigc-7,李虹玉-XNY0271,2026-06-18 18:35:46
13614617361,CH-SC-广义新-10161130444375-新综合频道-农资园艺-京喜拉新-剪辑-转化引导-农资园艺-20260618-反向-625-aigc-8,李虹玉-XNY0271,2026-06-18 18:35:52
13614618075,CH-SC-广义新-10161130444375-新综合频道-农资园艺-京喜拉新-剪辑-转化引导-农资园艺-20260618-反向-625-aigc-10,李虹玉-XNY0271,2026-06-18 18:35:54
13614618263,CH-SC-广义新-10161130444375-新综合频道-农资园艺-京喜拉新-剪辑-转化引导-农资园艺-20260618-反向-625-aigc-9,李虹玉-XNY0271,2026-06-18 18:35:55
13614620052,CH-SC-广义新-10161130444375-新综合频道-农资园艺-京喜拉新-剪辑-转化引导-农资园艺-20260618-反向-625-aigc-13,李虹玉-XNY0271,2026-06-18 18:36:01
13614620169,CH-SC-广义新-10161130444375-新综合频道-农资园艺-京喜拉新-剪辑-转化引导-农资园艺-20260618-反向-625-aigc-11,李虹玉-XNY0271,2026-06-18 18:36:02
13614620757,CH-SC-广义新-10161130444375-新综合频道-农资园艺-京喜拉新-剪辑-转化引导-农资园艺-20260618-反向-625-aigc-12,李虹玉-XNY0271,2026-06-18 18:36:04
13614621411,CH-SC-广义新-10161130444375-新综合频道-农资园艺-京喜拉新-剪辑-转化引导-农资园艺-20260618-反向-625-aigc-15,李虹玉-XNY0271,2026-06-18 18:36:06
13614621848,CH-SC-广义新-10161130444375-新综合频道-农资园艺-京喜拉新-剪辑-转化引导-农资园艺-20260618-反向-625-aigc-14,李虹玉-XNY0271,2026-06-18 18:36:08
13614621921,CH-SC-广义新-10134479334759-新综合频道-钟表眼镜-京喜拉新-剪辑-转化引导-钟表眼镜-20260618-无-625-aigc-2,李虹玉-XNY0271,2026-06-18 18:36:08
13614622976,CH-SC-广义新-10134479334759-新综合频道-钟表眼镜-京喜拉新-剪辑-转化引导-钟表眼镜-20260618-无-625-aigc-3,李虹玉-XNY0271,2026-06-18 18:36:11
13614623163,CH-SC-广义新-10134479334759-新综合频道-钟表眼镜-京喜拉新-剪辑-转化引导-钟表眼镜-20260618-无-625-aigc-4,李虹玉-XNY0271,2026-06-18 18:36:12
13614624374,CH-SC-广义新-10134479334759-新综合频道-钟表眼镜-京喜拉新-剪辑-转化引导-钟表眼镜-20260618-无-625-aigc-6,李虹玉-XNY0271,2026-06-18 18:36:15
13614624623,CH-SC-广义新-10134479334759-新综合频道-钟表眼镜-京喜拉新-剪辑-转化引导-钟表眼镜-20260618-无-625-aigc-7,李虹玉-XNY0271,2026-06-18 18:36:16
13614624762,CH-SC-广义新-10134479334759-新综合频道-钟表眼镜-京喜拉新-剪辑-转化引导-钟表眼镜-20260618-无-625-aigc-5,李虹玉-XNY0271,2026-06-18 18:36:17
13614625693,CH-SC-广义新-10134479334759-新综合频道-钟表眼镜-京喜拉新-剪辑-转化引导-钟表眼镜-20260618-无-625-aigc-8,李虹玉-XNY0271,2026-06-18 18:36:20
13614626425,CH-SC-广义新-10134479334759-新综合频道-钟表眼镜-京喜拉新-剪辑-转化引导-钟表眼镜-20260618-无-625-aigc-10,李虹玉-XNY0271,2026-06-18 18:36:22
13614626731,CH-SC-广义新-10134479334759-新综合频道-钟表眼镜-京喜拉新-剪辑-转化引导-钟表眼镜-20260618-无-625-aigc-11,李虹玉-XNY0271,2026-06-18 18:36:23
13614626827,CH-SC-广义新-10134479334759-新综合频道-钟表眼镜-京喜拉新-剪辑-转化引导-钟表眼镜-20260618-无-625-aigc-9,李虹玉-XNY0271,2026-06-18 18:36:23
13614627498,CH-SC-广义新-10134479334759-新综合频道-钟表眼镜-京喜拉新-剪辑-转化引导-钟表眼镜-20260618-无-625-aigc-12,李虹玉-XNY0271,2026-06-18 18:36:26
13614628051,CH-SC-广义新-10134479334759-新综合频道-钟表眼镜-京喜拉新-剪辑-转化引导-钟表眼镜-20260618-无-625-aigc-14,李虹玉-XNY0271,2026-06-18 18:36:28
13614628614,CH-SC-广义新-10134479334759-新综合频道-钟表眼镜-京喜拉新-剪辑-转化引导-钟表眼镜-20260618-无-625-aigc-15,李虹玉-XNY0271,2026-06-18 18:36:29
13614629036,CH-SC-广义新-10134479334759-新综合频道-钟表眼镜-京喜拉新-剪辑-转化引导-钟表眼镜-20260618-无-625-aigc-13,李虹玉-XNY0271,2026-06-18 18:36:31
13614629156,CH-SC-广义新-10134479334759-新综合频道-钟表眼镜-京喜拉新-剪辑-转化引导-钟表眼镜-20260618-无-625-aigc-16,李虹玉-XNY0271,2026-06-18 18:36:31
13614629658,CH-SC-广义新-10134479334759-新综合频道-钟表眼镜-京喜拉新-剪辑-转化引导-钟表眼镜-20260618-无-625-aigc-1,李虹玉-XNY0271,2026-06-18 18:36:33
13614630943,CH-SC-广义新-10161130444375-新综合频道-农资园艺-京喜拉新-剪辑-转化引导-农资园艺-20260618-反向-625-aigc-16,李虹玉-XNY0271,2026-06-18 18:36:38
13614631318,CH-SC-广义新-10161130444375-新综合频道-农资园艺-京喜拉新-剪辑-转化引导-农资园艺-20260618-反向-625-aigc-1,李虹玉-XNY0271,2026-06-18 18:36:39
13614650479,CH-SC-低活-10147800266661-超级抢购加补-家庭清洁-无-剪辑-转化引导-家庭清洁-20260618-无-625-aigc-2,李虹玉-XNY0271,2026-06-18 18:37:53
13614651020,CH-SC-低活-10147800266661-超级抢购加补-家庭清洁-无-剪辑-转化引导-家庭清洁-20260618-无-625-aigc-4,李虹玉-XNY0271,2026-06-18 18:37:55
13614651526,CH-SC-低活-10147800266661-超级抢购加补-家庭清洁-无-剪辑-转化引导-家庭清洁-20260618-无-625-aigc-3,李虹玉-XNY0271,2026-06-18 18:37:57
13614651608,CH-SC-低活-10147800266661-超级抢购加补-家庭清洁-无-剪辑-转化引导-家庭清洁-20260618-无-625-aigc-5,李虹玉-XNY0271,2026-06-18 18:37:57
13614652115,CH-SC-低活-10147800266661-超级抢购加补-家庭清洁-无-剪辑-转化引导-家庭清洁-20260618-无-625-aigc-6,李虹玉-XNY0271,2026-06-18 18:37:59
13614652511,CH-SC-低活-10147800266661-超级抢购加补-家庭清洁-无-剪辑-转化引导-家庭清洁-20260618-无-625-aigc-8,李虹玉-XNY0271,2026-06-18 18:38:01
13614652620,CH-SC-低活-10147800266661-超级抢购加补-家庭清洁-无-剪辑-转化引导-家庭清洁-20260618-无-625-aigc-7,李虹玉-XNY0271,2026-06-18 18:38:01
13614653147,CH-SC-低活-10147800266661-超级抢购加补-家庭清洁-无-剪辑-转化引导-家庭清洁-20260618-无-625-aigc-9,李虹玉-XNY0271,2026-06-18 18:38:03
13614653474,CH-SC-低活-10147800266661-超级抢购加补-家庭清洁-无-剪辑-转化引导-家庭清洁-20260618-无-625-aigc-10,李虹玉-XNY0271,2026-06-18 18:38:05
13614653974,CH-SC-低活-10147800266661-超级抢购加补-家庭清洁-无-剪辑-转化引导-家庭清洁-20260618-无-625-aigc-11,李虹玉-XNY0271,2026-06-18 18:38:07
13614654305,CH-SC-低活-10147800266661-超级抢购加补-家庭清洁-无-剪辑-转化引导-家庭清洁-20260618-无-625-aigc-12,李虹玉-XNY0271,2026-06-18 18:38:08
13614654977,CH-SC-低活-10147800266661-超级抢购加补-家庭清洁-无-剪辑-转化引导-家庭清洁-20260618-无-625-aigc-13,李虹玉-XNY0271,2026-06-18 18:38:11
13614655862,CH-SC-低活-10147800266661-超级抢购加补-家庭清洁-无-剪辑-转化引导-家庭清洁-20260618-无-625-aigc-14,李虹玉-XNY0271,2026-06-18 18:38:14
13614656060,CH-SC-低活-10147800266661-超级抢购加补-家庭清洁-无-剪辑-转化引导-家庭清洁-20260618-无-625-aigc-15,李虹玉-XNY0271,2026-06-18 18:38:15
13614656686,CH-SC-低活-10147800266661-超级抢购加补-家庭清洁-无-剪辑-转化引导-家庭清洁-20260618-无-625-aigc-1,李虹玉-XNY0271,2026-06-18 18:38:17
13614657015,CH-SC-低活-10168076305008-超级抢购加补-运动户外-无-剪辑-转化引导-运动户外-20260618-无-625-aigc-9,李虹玉-XNY0271,2026-06-18 18:38:19
13614657655,CH-SC-低活-10168076305008-超级抢购加补-运动户外-无-剪辑-转化引导-运动户外-20260618-无-625-aigc-11,李虹玉-XNY0271,2026-06-18 18:38:21
13614658091,CH-SC-低活-10168076305008-超级抢购加补-运动户外-无-剪辑-转化引导-运动户外-20260618-无-625-aigc-10,李虹玉-XNY0271,2026-06-18 18:38:22
13614658117,CH-SC-低活-10168076305008-超级抢购加补-运动户外-无-剪辑-转化引导-运动户外-20260618-无-625-aigc-12,李虹玉-XNY0271,2026-06-18 18:38:22
13614658794,CH-SC-低活-10168076305008-超级抢购加补-运动户外-无-剪辑-转化引导-运动户外-20260618-无-625-aigc-13,李虹玉-XNY0271,2026-06-18 18:38:25
13614659064,CH-SC-低活-10168076305008-超级抢购加补-运动户外-无-剪辑-转化引导-运动户外-20260618-无-625-aigc-15,李虹玉-XNY0271,2026-06-18 18:38:27
13614659723,CH-SC-低活-10168076305008-超级抢购加补-运动户外-无-剪辑-转化引导-运动户外-20260618-无-625-aigc-14,李虹玉-XNY0271,2026-06-18 18:38:29
13614659738,CH-SC-低活-10168076305008-超级抢购加补-运动户外-无-剪辑-转化引导-运动户外-20260618-无-625-aigc-16,李虹玉-XNY0271,2026-06-18 18:38:29
13614660038,CH-SC-低活-10168076305008-超级抢购加补-运动户外-无-剪辑-转化引导-运动户外-20260618-无-625-aigc-17,李虹玉-XNY0271,2026-06-18 18:38:30
13614661033,CH-SC-低活-10168076305008-超级抢购加补-运动户外-无-剪辑-转化引导-运动户外-20260618-无-625-aigc-18,李虹玉-XNY0271,2026-06-18 18:38:34
13614661209,CH-SC-低活-10168076305008-超级抢购加补-运动户外-无-剪辑-转化引导-运动户外-20260618-无-625-aigc-19,李虹玉-XNY0271,2026-06-18 18:38:35
13614661574,CH-SC-低活-10168076305008-超级抢购加补-运动户外-无-剪辑-转化引导-运动户外-20260618-无-625-aigc-20,李虹玉-XNY0271,2026-06-18 18:38:36
13614662054,CH-SC-低活-10168076305008-超级抢购加补-运动户外-无-剪辑-转化引导-运动户外-20260618-无-625-aigc-21,李虹玉-XNY0271,2026-06-18 18:38:38
13614662779,CH-SC-低活-10168076305008-超级抢购加补-运动户外-无-剪辑-转化引导-运动户外-20260618-无-625-aigc-23,李虹玉-XNY0271,2026-06-18 18:38:42
13614663439,CH-SC-低活-10168076305008-超级抢购加补-运动户外-无-剪辑-转化引导-运动户外-20260618-无-625-aigc-22,李虹玉-XNY0271,2026-06-18 18:38:44
13614663857,CH-SC-低活-10168076305008-超级抢购加补-运动户外-无-剪辑-转化引导-运动户外-20260618-无-625-aigc-24,李虹玉-XNY0271,2026-06-18 18:38:46
13614664531,CH-SC-低活-10203815942375-超级抢购5元-手机通讯-无-剪辑-转化引导-手机通讯-20260618-无-625-aigc-1,李虹玉-XNY0271,2026-06-18 18:38:48
13614665212,CH-SC-低活-10203815942375-超级抢购5元-手机通讯-无-剪辑-转化引导-手机通讯-20260618-无-625-aigc-2,李虹玉-XNY0271,2026-06-18 18:38:51
13614666154,CH-SC-低活-10203815942375-超级抢购5元-手机通讯-无-剪辑-转化引导-手机通讯-20260618-无-625-aigc-3,李虹玉-XNY0271,2026-06-18 18:38:54
13614666488,CH-SC-低活-10168076305008-超级抢购加补-运动户外-无-剪辑-转化引导-运动户外-20260618-无-625-aigc-25,李虹玉-XNY0271,2026-06-18 18:38:56
13614666558,CH-SC-低活-10203815942375-超级抢购5元-手机通讯-无-剪辑-转化引导-手机通讯-20260618-无-625-aigc-4,李虹玉-XNY0271,2026-06-18 18:38:56
13614667443,CH-SC-低活-10203815942375-超级抢购5元-手机通讯-无-剪辑-转化引导-手机通讯-20260618-无-625-aigc-5,李虹玉-XNY0271,2026-06-18 18:39:00
13614668144,CH-SC-低活-10203815942375-超级抢购5元-手机通讯-无-剪辑-转化引导-手机通讯-20260618-无-625-aigc-6,李虹玉-XNY0271,2026-06-18 18:39:03
13614668531,CH-SC-低活-10203815942375-超级抢购5元-手机通讯-无-剪辑-转化引导-手机通讯-20260618-无-625-aigc-7,李虹玉-XNY0271,2026-06-18 18:39:04
13614669025,CH-SC-低活-10203815942375-超级抢购5元-手机通讯-无-剪辑-转化引导-手机通讯-20260618-无-625-aigc-8,李虹玉-XNY0271,2026-06-18 18:39:07
13614669569,CH-SC-低活-10203815942375-超级抢购5元-手机通讯-无-剪辑-转化引导-手机通讯-20260618-无-625-aigc-9,李虹玉-XNY0271,2026-06-18 18:39:09
13614670013,CH-SC-低活-10203815942375-超级抢购5元-手机通讯-无-剪辑-转化引导-手机通讯-20260618-无-625-aigc-10,李虹玉-XNY0271,2026-06-18 18:39:11
13614670541,CH-SC-低活-10203815942375-超级抢购5元-手机通讯-无-剪辑-转化引导-手机通讯-20260618-无-625-aigc-11,李虹玉-XNY0271,2026-06-18 18:39:13
13614671221,CH-SC-低活-10203815942375-超级抢购5元-手机通讯-无-剪辑-转化引导-手机通讯-20260618-无-625-aigc-12,李虹玉-XNY0271,2026-06-18 18:39:16
13614671516,CH-SC-低活-10203815942375-超级抢购5元-手机通讯-无-剪辑-转化引导-手机通讯-20260618-无-625-aigc-13,李虹玉-XNY0271,2026-06-18 18:39:17
13614672177,CH-SC-低活-10203815942375-超级抢购5元-手机通讯-无-剪辑-转化引导-手机通讯-20260618-无-625-aigc-14,李虹玉-XNY0271,2026-06-18 18:39:19
13614672821,CH-SC-低活-10203815942375-超级抢购5元-手机通讯-无-剪辑-转化引导-手机通讯-20260618-无-625-aigc-15,李虹玉-XNY0271,2026-06-18 18:39:22
13614673056,CH-SC-低活-10143318867797-超级抢购5元-厨具-无-剪辑-转化引导-厨具-20260618-无-625-aigc-2,李虹玉-XNY0271,2026-06-18 18:39:23
13614673729,CH-SC-低活-10143318867797-超级抢购5元-厨具-无-剪辑-转化引导-厨具-20260618-无-625-aigc-3,李虹玉-XNY0271,2026-06-18 18:39:25
13614674242,CH-SC-低活-10143318867797-超级抢购5元-厨具-无-剪辑-转化引导-厨具-20260618-无-625-aigc-4,李虹玉-XNY0271,2026-06-18 18:39:28
13614674764,CH-SC-低活-10143318867797-超级抢购5元-厨具-无-剪辑-转化引导-厨具-20260618-无-625-aigc-5,李虹玉-XNY0271,2026-06-18 18:39:30
13614675075,CH-SC-低活-10143318867797-超级抢购5元-厨具-无-剪辑-转化引导-厨具-20260618-无-625-aigc-6,李虹玉-XNY0271,2026-06-18 18:39:32
13614675657,CH-SC-低活-10143318867797-超级抢购5元-厨具-无-剪辑-转化引导-厨具-20260618-无-625-aigc-7,李虹玉-XNY0271,2026-06-18 18:39:34
13614676095,CH-SC-低活-10143318867797-超级抢购5元-厨具-无-剪辑-转化引导-厨具-20260618-无-625-aigc-8,李虹玉-XNY0271,2026-06-18 18:39:36
13614676477,CH-SC-低活-10143318867797-超级抢购5元-厨具-无-剪辑-转化引导-厨具-20260618-无-625-aigc-9,李虹玉-XNY0271,2026-06-18 18:39:38
13614677213,CH-SC-低活-10143318867797-超级抢购5元-厨具-无-剪辑-转化引导-厨具-20260618-无-625-aigc-10,李虹玉-XNY0271,2026-06-18 18:39:41
13614677524,CH-SC-低活-10143318867797-超级抢购5元-厨具-无-剪辑-转化引导-厨具-20260618-无-625-aigc-11,李虹玉-XNY0271,2026-06-18 18:39:42
13614678311,CH-SC-低活-10143318867797-超级抢购5元-厨具-无-剪辑-转化引导-厨具-20260618-无-625-aigc-13,李虹玉-XNY0271,2026-06-18 18:39:46
13614678717,CH-SC-低活-10143318867797-超级抢购5元-厨具-无-剪辑-转化引导-厨具-20260618-无-625-aigc-12,李虹玉-XNY0271,2026-06-18 18:39:47
13614678824,CH-SC-低活-10143318867797-超级抢购5元-厨具-无-剪辑-转化引导-厨具-20260618-无-625-aigc-14,李虹玉-XNY0271,2026-06-18 18:39:48
13614679708,CH-SC-低活-10143318867797-超级抢购5元-厨具-无-剪辑-转化引导-厨具-20260618-无-625-aigc-15,李虹玉-XNY0271,2026-06-18 18:39:52
13614680206,CH-SC-低活-10168076305008-超级抢购加补-运动户外-无-剪辑-转化引导-运动户外-20260618-无-625-aigc-26,李虹玉-XNY0271,2026-06-18 18:39:54
13614680716,CH-SC-低活-10143318867797-超级抢购5元-厨具-无-剪辑-转化引导-厨具-20260618-无-625-aigc-1,李虹玉-XNY0271,2026-06-18 18:39:57
13614680953,CH-SC-低活-10168076305008-超级抢购加补-运动户外-无-剪辑-转化引导-运动户外-20260618-无-625-aigc-27,李虹玉-XNY0271,2026-06-18 18:39:58
13614681652,CH-SC-低活-10168076305008-超级抢购加补-运动户外-无-剪辑-转化引导-运动户外-20260618-无-625-aigc-1,李虹玉-XNY0271,2026-06-18 18:40:01
13614682163,CH-SC-低活-10168076305008-超级抢购加补-运动户外-无-剪辑-转化引导-运动户外-20260618-无-625-aigc-2,李虹玉-XNY0271,2026-06-18 18:40:03
13614682495,CH-SC-低活-10168076305008-超级抢购加补-运动户外-无-剪辑-转化引导-运动户外-20260618-无-625-aigc-3,李虹玉-XNY0271,2026-06-18 18:40:05
13614683045,CH-SC-低活-10168076305008-超级抢购加补-运动户外-无-剪辑-转化引导-运动户外-20260618-无-625-aigc-4,李虹玉-XNY0271,2026-06-18 18:40:07
13614683559,CH-SC-低活-10168076305008-超级抢购加补-运动户外-无-剪辑-转化引导-运动户外-20260618-无-625-aigc-5,李虹玉-XNY0271,2026-06-18 18:40:09
13614684222,CH-SC-低活-10168076305008-超级抢购加补-运动户外-无-剪辑-转化引导-运动户外-20260618-无-625-aigc-6,李虹玉-XNY0271,2026-06-18 18:40:12
13614684842,CH-SC-低活-10168076305008-超级抢购加补-运动户外-无-剪辑-转化引导-运动户外-20260618-无-625-aigc-7,李虹玉-XNY0271,2026-06-18 18:40:14
13614685259,CH-SC-低活-10168076305008-超级抢购加补-运动户外-无-剪辑-转化引导-运动户外-20260618-无-625-aigc-8,李虹玉-XNY0271,2026-06-18 18:40:15
13614685996,CH-SC-低活-10203815942375-超级抢购加补-手机通讯-无-剪辑-转化引导-手机通讯-20260618-无-625-aigc-2,李虹玉-XNY0271,2026-06-18 18:40:18
13614686735,CH-SC-低活-10203815942375-超级抢购加补-手机通讯-无-剪辑-转化引导-手机通讯-20260618-无-625-aigc-4,李虹玉-XNY0271,2026-06-18 18:40:21
13614686940,CH-SC-低活-10203815942375-超级抢购加补-手机通讯-无-剪辑-转化引导-手机通讯-20260618-无-625-aigc-3,李虹玉-XNY0271,2026-06-18 18:40:21
13614688238,CH-SC-低活-10203815942375-超级抢购加补-手机通讯-无-剪辑-转化引导-手机通讯-20260618-无-625-aigc-6,李虹玉-XNY0271,2026-06-18 18:40:26
13614688976,CH-SC-低活-10203815942375-超级抢购加补-手机通讯-无-剪辑-转化引导-手机通讯-20260618-无-625-aigc-5,李虹玉-XNY0271,2026-06-18 18:40:29
13614689051,CH-SC-低活-10203815942375-超级抢购加补-手机通讯-无-剪辑-转化引导-手机通讯-20260618-无-625-aigc-7,李虹玉-XNY0271,2026-06-18 18:40:30
13614689851,CH-SC-低活-10203815942375-超级抢购加补-手机通讯-无-剪辑-转化引导-手机通讯-20260618-无-625-aigc-8,李虹玉-XNY0271,2026-06-18 18:40:33
13614690648,CH-SC-低活-10203815942375-超级抢购加补-手机通讯-无-剪辑-转化引导-手机通讯-20260618-无-625-aigc-9,李虹玉-XNY0271,2026-06-18 18:40:37
13614690780,CH-SC-低活-10203815942375-超级抢购加补-手机通讯-无-剪辑-转化引导-手机通讯-20260618-无-625-aigc-10,李虹玉-XNY0271,2026-06-18 18:40:37
13614692318,CH-SC-低活-10203815942375-超级抢购加补-手机通讯-无-剪辑-转化引导-手机通讯-20260618-无-625-aigc-11,李虹玉-XNY0271,2026-06-18 18:40:43
13614692428,CH-SC-低活-10203815942375-超级抢购加补-手机通讯-无-剪辑-转化引导-手机通讯-20260618-无-625-aigc-12,李虹玉-XNY0271,2026-06-18 18:40:44
13614693385,CH-SC-低活-10203815942375-超级抢购加补-手机通讯-无-剪辑-转化引导-手机通讯-20260618-无-625-aigc-13,李虹玉-XNY0271,2026-06-18 18:40:48
13614693606,CH-SC-低活-10203815942375-超级抢购加补-手机通讯-无-剪辑-转化引导-手机通讯-20260618-无-625-aigc-14,李虹玉-XNY0271,2026-06-18 18:40:49
13614694144,CH-SC-低活-10203815942375-超级抢购加补-手机通讯-无-剪辑-转化引导-手机通讯-20260618-无-625-aigc-15,李虹玉-XNY0271,2026-06-18 18:40:51
13614694765,CH-SC-低活-10203815942375-超级抢购加补-手机通讯-无-剪辑-转化引导-手机通讯-20260618-无-625-aigc-1,李虹玉-XNY0271,2026-06-18 18:40:54
13651770811,CH-SC-低活-10081585918372-超级抢购-家庭清洁纸品-无-剪辑-转化引导-家庭清洁纸品-20260623-无-625-aigc-26,李虹玉-XNY0271,2026-06-23 20:33:48
13651771457,CH-SC-低活-10081585918372-超级抢购-家庭清洁纸品-无-剪辑-转化引导-家庭清洁纸品-20260623-无-625-aigc-25,李虹玉-XNY0271,2026-06-23 20:33:51
13651773149,CH-SC-低活-10081585918372-超级抢购-家庭清洁纸品-无-剪辑-转化引导-家庭清洁纸品-20260623-无-625-aigc-27,李虹玉-XNY0271,2026-06-23 20:34:02
13651774470,CH-SC-低活-10081585918372-超级抢购-家庭清洁纸品-无-剪辑-转化引导-家庭清洁纸品-20260623-无-625-aigc-24,李虹玉-XNY0271,2026-06-23 20:34:10
13651774640,CH-SC-低活-10081585918372-超级抢购-家庭清洁纸品-无-剪辑-转化引导-家庭清洁纸品-20260623-无-625-aigc-1,李虹玉-XNY0271,2026-06-23 20:34:11
13651778751,CH-SC-低活-10081585918372-超级抢购-家庭清洁纸品-无-剪辑-转化引导-家庭清洁纸品-20260623-无-625-aigc-2,李虹玉-XNY0271,2026-06-23 20:34:38
13651779757,CH-SC-低活-10081585918372-超级抢购-家庭清洁纸品-无-剪辑-转化引导-家庭清洁纸品-20260623-无-625-aigc-3,李虹玉-XNY0271,2026-06-23 20:34:45
13651781682,CH-SC-低活-10081585918372-超级抢购-家庭清洁纸品-无-剪辑-转化引导-家庭清洁纸品-20260623-无-625-aigc-5,李虹玉-XNY0271,2026-06-23 20:34:58
13651783394,CH-SC-低活-10166301474829-超级抢购加补-厨具-无-剪辑-转化引导-厨具-20260623-无-625-15,李虹玉-XNY0271,2026-06-23 20:35:08
13651783881,CH-SC-低活-10166301474829-超级抢购加补-厨具-无-剪辑-转化引导-厨具-20260623-无-625-16,李虹玉-XNY0271,2026-06-23 20:35:11
13651785144,CH-SC-低活-10166301474829-超级抢购加补-厨具-无-剪辑-转化引导-厨具-20260623-无-625-17,李虹玉-XNY0271,2026-06-23 20:35:19
13651785843,CH-SC-低活-10166301474829-超级抢购加补-厨具-无-剪辑-转化引导-厨具-20260623-无-625-1,李虹玉-XNY0271,2026-06-23 20:35:24
13651786488,CH-SC-低活-10166301474829-超级抢购加补-厨具-无-剪辑-转化引导-厨具-20260623-无-625-18,李虹玉-XNY0271,2026-06-23 20:35:28
13651787986,CH-SC-低活-10166301474829-超级抢购加补-厨具-无-剪辑-转化引导-厨具-20260623-无-625-2,李虹玉-XNY0271,2026-06-23 20:35:37
13651790756,CH-SC-低活-10166301474829-超级抢购加补-厨具-无-剪辑-转化引导-厨具-20260623-无-625-4,李虹玉-XNY0271,2026-06-23 20:35:54
13651790777,CH-SC-低活-10166301474829-超级抢购加补-厨具-无-剪辑-转化引导-厨具-20260623-无-625-3,李虹玉-XNY0271,2026-06-23 20:35:55
13651798542,CH-SC-低活-10166301474829-超级抢购加补-厨具-无-剪辑-转化引导-厨具-20260623-无-625-5,李虹玉-XNY0271,2026-06-23 20:36:50
13651800080,CH-SC-低活-10166301474829-超级抢购加补-厨具-无-剪辑-转化引导-厨具-20260623-无-625-8,李虹玉-XNY0271,2026-06-23 20:37:00
13651800163,CH-SC-低活-10166301474829-超级抢购加补-厨具-无-剪辑-转化引导-厨具-20260623-无-625-7,李虹玉-XNY0271,2026-06-23 20:37:01
13651800701,CH-SC-低活-10166301474829-超级抢购加补-厨具-无-剪辑-转化引导-厨具-20260623-无-625-6,李虹玉-XNY0271,2026-06-23 20:37:04
13651800880,CH-SC-低活-10166301474829-超级抢购加补-厨具-无-剪辑-转化引导-厨具-20260623-无-625-9,李虹玉-XNY0271,2026-06-23 20:37:06
13651801536,CH-SC-低活-10166301474829-超级抢购加补-厨具-无-剪辑-转化引导-厨具-20260623-无-625-10,李虹玉-XNY0271,2026-06-23 20:37:10
13651802379,CH-SC-低活-10166301474829-超级抢购加补-厨具-无-剪辑-转化引导-厨具-20260623-无-625-13,李虹玉-XNY0271,2026-06-23 20:37:17
13651802752,CH-SC-低活-10166301474829-超级抢购加补-厨具-无-剪辑-转化引导-厨具-20260623-无-625-12,李虹玉-XNY0271,2026-06-23 20:37:20
13651802980,CH-SC-低活-10166301474829-超级抢购加补-厨具-无-剪辑-转化引导-厨具-20260623-无-625-14,李虹玉-XNY0271,2026-06-23 20:37:22
13651804888,CH-SC-低活-10147800266661-超级抢购加补-家庭清洁-无-剪辑-转化引导-家庭清洁-20260623-无-625-10,李虹玉-XNY0271,2026-06-23 20:37:38
13651805338,CH-SC-低活-10166301474829-超级抢购加补-厨具-无-剪辑-转化引导-厨具-20260623-无-625-11,李虹玉-XNY0271,2026-06-23 20:37:42
13651805668,CH-SC-低活-10147800266661-超级抢购加补-家庭清洁-无-剪辑-转化引导-家庭清洁-20260623-无-625-2,李虹玉-XNY0271,2026-06-23 20:37:44
13651806103,CH-SC-低活-10147800266661-超级抢购加补-家庭清洁-无-剪辑-转化引导-家庭清洁-20260623-无-625-3,李虹玉-XNY0271,2026-06-23 20:37:47
13651806238,CH-SC-低活-10147800266661-超级抢购加补-家庭清洁-无-剪辑-转化引导-家庭清洁-20260623-无-625-1,李虹玉-XNY0271,2026-06-23 20:37:48
13651806275,CH-SC-低活-10147800266661-超级抢购加补-家庭清洁-无-剪辑-转化引导-家庭清洁-20260623-无-625-4,李虹玉-XNY0271,2026-06-23 20:37:49
13651806750,CH-SC-低活-10147800266661-超级抢购加补-家庭清洁-无-剪辑-转化引导-家庭清洁-20260623-无-625-5,李虹玉-XNY0271,2026-06-23 20:37:53
13651807819,CH-SC-低活-10147800266661-超级抢购加补-家庭清洁-无-剪辑-转化引导-家庭清洁-20260623-无-625-7,李虹玉-XNY0271,2026-06-23 20:38:01
13651808069,CH-SC-低活-10147800266661-超级抢购加补-家庭清洁-无-剪辑-转化引导-家庭清洁-20260623-无-625-8,李虹玉-XNY0271,2026-06-23 20:38:03
13651808290,CH-SC-低活-10147800266661-超级抢购加补-家庭清洁-无-剪辑-转化引导-家庭清洁-20260623-无-625-6,李虹玉-XNY0271,2026-06-23 20:38:05
13651809551,CH-SC-低活-10147800266661-超级抢购加补-家庭清洁-无-剪辑-转化引导-家庭清洁-20260623-无-625-9,李虹玉-XNY0271,2026-06-23 20:38:16
13651810082,CH-SC-低活-10081585918372-超级抢购-家庭清洁纸品-无-剪辑-转化引导-家庭清洁纸品-20260623-无-625-aigc-7,李虹玉-XNY0271,2026-06-23 20:38:20
13651810473,CH-SC-低活-10081585918372-超级抢购-家庭清洁纸品-无-剪辑-转化引导-家庭清洁纸品-20260623-无-625-aigc-8,李虹玉-XNY0271,2026-06-23 20:38:24
13651811209,CH-SC-低活-10081585918372-超级抢购-家庭清洁纸品-无-剪辑-转化引导-家庭清洁纸品-20260623-无-625-aigc-6,李虹玉-XNY0271,2026-06-23 20:38:31
13651811425,CH-SC-低活-10081585918372-超级抢购-家庭清洁纸品-无-剪辑-转化引导-家庭清洁纸品-20260623-无-625-aigc-9,李虹玉-XNY0271,2026-06-23 20:38:33
13651811864,CH-SC-低活-10081585918372-超级抢购-家庭清洁纸品-无-剪辑-转化引导-家庭清洁纸品-20260623-无-625-aigc-10,李虹玉-XNY0271,2026-06-23 20:38:37
13651812729,CH-SC-低活-10081585918372-超级抢购-家庭清洁纸品-无-剪辑-转化引导-家庭清洁纸品-20260623-无-625-aigc-12,李虹玉-XNY0271,2026-06-23 20:38:44
13651813816,CH-SC-低活-10081585918372-超级抢购-家庭清洁纸品-无-剪辑-转化引导-家庭清洁纸品-20260623-无-625-aigc-13,李虹玉-XNY0271,2026-06-23 20:38:53
13651813903,CH-SC-低活-10081585918372-超级抢购-家庭清洁纸品-无-剪辑-转化引导-家庭清洁纸品-20260623-无-625-aigc-14,李虹玉-XNY0271,2026-06-23 20:38:53
13651814241,CH-SC-低活-10081585918372-超级抢购-家庭清洁纸品-无-剪辑-转化引导-家庭清洁纸品-20260623-无-625-aigc-11,李虹玉-XNY0271,2026-06-23 20:38:56
13651815416,CH-SC-低活-10081585918372-超级抢购-家庭清洁纸品-无-剪辑-转化引导-家庭清洁纸品-20260623-无-625-aigc-16,李虹玉-XNY0271,2026-06-23 20:39:06
13651815762,CH-SC-低活-10081585918372-超级抢购-家庭清洁纸品-无-剪辑-转化引导-家庭清洁纸品-20260623-无-625-aigc-17,李虹玉-XNY0271,2026-06-23 20:39:09
13651815810,CH-SC-低活-10081585918372-超级抢购-家庭清洁纸品-无-剪辑-转化引导-家庭清洁纸品-20260623-无-625-aigc-15,李虹玉-XNY0271,2026-06-23 20:39:10
13651816053,CH-SC-低活-10081585918372-超级抢购-家庭清洁纸品-无-剪辑-转化引导-家庭清洁纸品-20260623-无-625-aigc-18,李虹玉-XNY0271,2026-06-23 20:39:12
13651816360,CH-SC-低活-10081585918372-超级抢购-家庭清洁纸品-无-剪辑-转化引导-家庭清洁纸品-20260623-无-625-aigc-20,李虹玉-XNY0271,2026-06-23 20:39:14
13651816738,CH-SC-低活-10081585918372-超级抢购-家庭清洁纸品-无-剪辑-转化引导-家庭清洁纸品-20260623-无-625-aigc-21,李虹玉-XNY0271,2026-06-23 20:39:18
13651816914,CH-SC-低活-10081585918372-超级抢购-家庭清洁纸品-无-剪辑-转化引导-家庭清洁纸品-20260623-无-625-aigc-19,李虹玉-XNY0271,2026-06-23 20:39:19
13651817967,CH-SC-低活-10081585918372-超级抢购-家庭清洁纸品-无-剪辑-转化引导-家庭清洁纸品-20260623-无-625-aigc-23,李虹玉-XNY0271,2026-06-23 20:39:28
13651821994,CH-SC-低活-10081585918372-超级抢购-家庭清洁纸品-无-剪辑-转化引导-家庭清洁纸品-20260623-无-625-aigc-22,李虹玉-XNY0271,2026-06-23 20:40:06
13651850860,CH-SC-广义新-10147912251356-新综合频道-文教文化用品-京喜拉新-剪辑-转化引导-文教文化用品-20260623-反向-625-1,李虹玉-XNY0271,2026-06-23 20:44:29
13651851755,CH-SC-广义新-10147912251356-新综合频道-文教文化用品-京喜拉新-剪辑-转化引导-文教文化用品-20260623-反向-625-3,李虹玉-XNY0271,2026-06-23 20:44:39
13651851994,CH-SC-广义新-10147912251356-新综合频道-文教文化用品-京喜拉新-剪辑-转化引导-文教文化用品-20260623-反向-625-2,李虹玉-XNY0271,2026-06-23 20:44:42
13651852452,CH-SC-广义新-10147912251356-新综合频道-文教文化用品-京喜拉新-剪辑-转化引导-文教文化用品-20260623-反向-625-6,李虹玉-XNY0271,2026-06-23 20:44:48
13651852673,CH-SC-广义新-10147912251356-新综合频道-文教文化用品-京喜拉新-剪辑-转化引导-文教文化用品-20260623-反向-625-5,李虹玉-XNY0271,2026-06-23 20:44:50
13651853013,CH-SC-广义新-10147912251356-新综合频道-文教文化用品-京喜拉新-剪辑-转化引导-文教文化用品-20260623-反向-625-7,李虹玉-XNY0271,2026-06-23 20:44:54
13651853333,CH-SC-广义新-10147912251356-新综合频道-文教文化用品-京喜拉新-剪辑-转化引导-文教文化用品-20260623-反向-625-8,李虹玉-XNY0271,2026-06-23 20:44:57
13651854007,CH-SC-广义新-10147912251356-新综合频道-文教文化用品-京喜拉新-剪辑-转化引导-文教文化用品-20260623-反向-625-9,李虹玉-XNY0271,2026-06-23 20:45:05
13651854164,CH-SC-广义新-10147912251356-新综合频道-文教文化用品-京喜拉新-剪辑-转化引导-文教文化用品-20260623-反向-625-4,李虹玉-XNY0271,2026-06-23 20:45:08
13651855615,CH-SC-广义新-10147912251356-新综合频道-文教文化用品-京喜拉新-剪辑-转化引导-文教文化用品-20260623-反向-625-11,李虹玉-XNY0271,2026-06-23 20:45:25
13651855801,CH-SC-广义新-10147912251356-新综合频道-文教文化用品-京喜拉新-剪辑-转化引导-文教文化用品-20260623-反向-625-12,李虹玉-XNY0271,2026-06-23 20:45:27
13651856167,CH-SC-广义新-10147912251356-新综合频道-文教文化用品-京喜拉新-剪辑-转化引导-文教文化用品-20260623-反向-625-10,李虹玉-XNY0271,2026-06-23 20:45:32
13651860401,CH-SC-广义新-10147912251356-新综合频道-文教文化用品-京喜拉新-剪辑-转化引导-文教文化用品-20260623-反向-625-13,李虹玉-XNY0271,2026-06-23 20:46:20
13651860455,CH-SC-广义新-10125368295124-新综合频道-家用电器-京喜拉新-剪辑-转化引导-家用电器-20260623-无-625-2,李虹玉-XNY0271,2026-06-23 20:46:21
13651861431,CH-SC-广义新-10213431959840-新综合频道-家庭清洁-京喜拉新-剪辑-转化引导-家庭清洁-20260623-反向-625-aigc-3,李虹玉-XNY0271,2026-06-23 20:46:32
13651861465,CH-SC-广义新-10213431959840-新综合频道-家庭清洁-京喜拉新-剪辑-转化引导-家庭清洁-20260623-反向-625-aigc-2,李虹玉-XNY0271,2026-06-23 20:46:32
13651861755,CH-SC-广义新-10125368295124-新综合频道-家用电器-京喜拉新-剪辑-转化引导-家用电器-20260623-无-625-3,李虹玉-XNY0271,2026-06-23 20:46:36
13651861859,CH-SC-广义新-10213431959840-新综合频道-家庭清洁-京喜拉新-剪辑-转化引导-家庭清洁-20260623-反向-625-aigc-4,李虹玉-XNY0271,2026-06-23 20:46:37
13651862232,CH-SC-广义新-10213431959840-新综合频道-家庭清洁-京喜拉新-剪辑-转化引导-家庭清洁-20260623-反向-625-aigc-5,李虹玉-XNY0271,2026-06-23 20:46:41
13651862601,CH-SC-广义新-10213431959840-新综合频道-家庭清洁-京喜拉新-剪辑-转化引导-家庭清洁-20260623-反向-625-aigc-6,李虹玉-XNY0271,2026-06-23 20:46:45
13651864053,CH-SC-广义新-10213431959840-新综合频道-家庭清洁-京喜拉新-剪辑-转化引导-家庭清洁-20260623-反向-625-aigc-7,李虹玉-XNY0271,2026-06-23 20:47:01
13651864547,CH-SC-广义新-10213431959840-新综合频道-家庭清洁-京喜拉新-剪辑-转化引导-家庭清洁-20260623-反向-625-aigc-9,李虹玉-XNY0271,2026-06-23 20:47:08
13651864900,CH-SC-广义新-10213431959840-新综合频道-家庭清洁-京喜拉新-剪辑-转化引导-家庭清洁-20260623-反向-625-aigc-8,李虹玉-XNY0271,2026-06-23 20:47:12
13651865035,CH-SC-广义新-10213431959840-新综合频道-家庭清洁-京喜拉新-剪辑-转化引导-家庭清洁-20260623-反向-625-aigc-10,李虹玉-XNY0271,2026-06-23 20:47:14
13651865526,CH-SC-广义新-10213431959840-新综合频道-家庭清洁-京喜拉新-剪辑-转化引导-家庭清洁-20260623-反向-625-aigc-11,李虹玉-XNY0271,2026-06-23 20:47:20
13651866702,CH-SC-广义新-10213431959840-新综合频道-家庭清洁-京喜拉新-剪辑-转化引导-家庭清洁-20260623-反向-625-aigc-14,李虹玉-XNY0271,2026-06-23 20:47:35
13651867016,CH-SC-广义新-10213431959840-新综合频道-家庭清洁-京喜拉新-剪辑-转化引导-家庭清洁-20260623-反向-625-aigc-12,李虹玉-XNY0271,2026-06-23 20:47:39
13651867052,CH-SC-广义新-10213431959840-新综合频道-家庭清洁-京喜拉新-剪辑-转化引导-家庭清洁-20260623-反向-625-aigc-13,李虹玉-XNY0271,2026-06-23 20:47:40
13651867317,CH-SC-广义新-10213431959840-新综合频道-家庭清洁-京喜拉新-剪辑-转化引导-家庭清洁-20260623-反向-625-aigc-15,李虹玉-XNY0271,2026-06-23 20:47:44
13651867623,CH-SC-广义新-10213431959840-新综合频道-家庭清洁-京喜拉新-剪辑-转化引导-家庭清洁-20260623-反向-625-aigc-16,李虹玉-XNY0271,2026-06-23 20:47:47
13651868317,CH-SC-广义新-10213431959840-新综合频道-家庭清洁-京喜拉新-剪辑-转化引导-家庭清洁-20260623-反向-625-aigc-18,李虹玉-XNY0271,2026-06-23 20:47:57
13651868656,CH-SC-广义新-10213431959840-新综合频道-家庭清洁-京喜拉新-剪辑-转化引导-家庭清洁-20260623-反向-625-aigc-19,李虹玉-XNY0271,2026-06-23 20:48:02
13651869042,CH-SC-广义新-10213431959840-新综合频道-家庭清洁-京喜拉新-剪辑-转化引导-家庭清洁-20260623-反向-625-aigc-21,李虹玉-XNY0271,2026-06-23 20:48:07
13651869143,CH-SC-广义新-10213431959840-新综合频道-家庭清洁-京喜拉新-剪辑-转化引导-家庭清洁-20260623-反向-625-aigc-17,李虹玉-XNY0271,2026-06-23 20:48:09
13651869511,CH-SC-广义新-10213431959840-新综合频道-家庭清洁-京喜拉新-剪辑-转化引导-家庭清洁-20260623-反向-625-aigc-20,李虹玉-XNY0271,2026-06-23 20:48:14
13651869794,CH-SC-广义新-10213431959840-新综合频道-家庭清洁-京喜拉新-剪辑-转化引导-家庭清洁-20260623-反向-625-aigc-1,李虹玉-XNY0271,2026-06-23 20:48:18
13651870480,CH-SC-广义新-10221651611333-新综合频道-生鲜-京喜拉新-剪辑-转化引导-生鲜-20260623-反向-625-aigc-2,李虹玉-XNY0271,2026-06-23 20:48:26
13651870642,CH-SC-广义新-10221651611333-新综合频道-生鲜-京喜拉新-剪辑-转化引导-生鲜-20260623-反向-625-aigc-1,李虹玉-XNY0271,2026-06-23 20:48:29
13651870861,CH-SC-广义新-10221651611333-新综合频道-生鲜-京喜拉新-剪辑-转化引导-生鲜-20260623-反向-625-aigc-3,李虹玉-XNY0271,2026-06-23 20:48:32
13651871272,CH-SC-广义新-10221651611333-新综合频道-生鲜-京喜拉新-剪辑-转化引导-生鲜-20260623-反向-625-aigc-6,李虹玉-XNY0271,2026-06-23 20:48:38
13651871512,CH-SC-广义新-10221651611333-新综合频道-生鲜-京喜拉新-剪辑-转化引导-生鲜-20260623-反向-625-aigc-4,李虹玉-XNY0271,2026-06-23 20:48:40
13651872170,CH-SC-广义新-10221651611333-新综合频道-生鲜-京喜拉新-剪辑-转化引导-生鲜-20260623-反向-625-aigc-5,李虹玉-XNY0271,2026-06-23 20:48:48
13651872403,CH-SC-广义新-10221651611333-新综合频道-生鲜-京喜拉新-剪辑-转化引导-生鲜-20260623-反向-625-aigc-7,李虹玉-XNY0271,2026-06-23 20:48:52
13651872734,CH-SC-广义新-10221651611333-新综合频道-生鲜-京喜拉新-剪辑-转化引导-生鲜-20260623-反向-625-aigc-9,李虹玉-XNY0271,2026-06-23 20:48:57
13651872870,CH-SC-广义新-10221651611333-新综合频道-生鲜-京喜拉新-剪辑-转化引导-生鲜-20260623-反向-625-aigc-8,李虹玉-XNY0271,2026-06-23 20:48:58
13651873301,CH-SC-广义新-10221651611333-新综合频道-生鲜-京喜拉新-剪辑-转化引导-生鲜-20260623-反向-625-aigc-10,李虹玉-XNY0271,2026-06-23 20:49:04
13651873308,CH-SC-广义新-10221651611333-新综合频道-生鲜-京喜拉新-剪辑-转化引导-生鲜-20260623-反向-625-aigc-11,李虹玉-XNY0271,2026-06-23 20:49:04
13651873403,CH-SC-广义新-10221651611333-新综合频道-生鲜-京喜拉新-剪辑-转化引导-生鲜-20260623-反向-625-aigc-12,李虹玉-XNY0271,2026-06-23 20:49:05
13651873894,CH-SC-广义新-10221651611333-新综合频道-生鲜-京喜拉新-剪辑-转化引导-生鲜-20260623-反向-625-aigc-15,李虹玉-XNY0271,2026-06-23 20:49:11
13651873900,CH-SC-广义新-10221651611333-新综合频道-生鲜-京喜拉新-剪辑-转化引导-生鲜-20260623-反向-625-aigc-13,李虹玉-XNY0271,2026-06-23 20:49:11
13651874382,CH-SC-广义新-10221651611333-新综合频道-生鲜-京喜拉新-剪辑-转化引导-生鲜-20260623-反向-625-aigc-14,李虹玉-XNY0271,2026-06-23 20:49:18
13651874407,CH-SC-广义新-10221651611333-新综合频道-生鲜-京喜拉新-剪辑-转化引导-生鲜-20260623-反向-625-aigc-16,李虹玉-XNY0271,2026-06-23 20:49:18
13651874660,CH-SC-广义新-10221651611333-新综合频道-生鲜-京喜拉新-剪辑-转化引导-生鲜-20260623-反向-625-aigc-17,李虹玉-XNY0271,2026-06-23 20:49:21
13651875077,CH-SC-广义新-10221651611333-新综合频道-生鲜-京喜拉新-剪辑-转化引导-生鲜-20260623-反向-625-aigc-18,李虹玉-XNY0271,2026-06-23 20:49:27
13651875549,CH-SC-广义新-10125368295124-新综合频道-家用电器-京喜拉新-剪辑-转化引导-家用电器-20260623-无-625-5,李虹玉-XNY0271,2026-06-23 20:49:33
13651875619,CH-SC-广义新-10125368295124-新综合频道-家用电器-京喜拉新-剪辑-转化引导-家用电器-20260623-无-625-4,李虹玉-XNY0271,2026-06-23 20:49:34
13651875836,CH-SC-广义新-10125368295124-新综合频道-家用电器-京喜拉新-剪辑-转化引导-家用电器-20260623-无-625-6,李虹玉-XNY0271,2026-06-23 20:49:36
13651876489,CH-SC-广义新-10125368295124-新综合频道-家用电器-京喜拉新-剪辑-转化引导-家用电器-20260623-无-625-8,李虹玉-XNY0271,2026-06-23 20:49:44
13651876554,CH-SC-广义新-10125368295124-新综合频道-家用电器-京喜拉新-剪辑-转化引导-家用电器-20260623-无-625-7,李虹玉-XNY0271,2026-06-23 20:49:46
13651876631,CH-SC-广义新-10125368295124-新综合频道-家用电器-京喜拉新-剪辑-转化引导-家用电器-20260623-无-625-9,李虹玉-XNY0271,2026-06-23 20:49:47
13651876869,CH-SC-广义新-10125368295124-新综合频道-家用电器-京喜拉新-剪辑-转化引导-家用电器-20260623-无-625-11,李虹玉-XNY0271,2026-06-23 20:49:50
13651877199,CH-SC-广义新-10125368295124-新综合频道-家用电器-京喜拉新-剪辑-转化引导-家用电器-20260623-无-625-12,李虹玉-XNY0271,2026-06-23 20:49:54
13651877303,CH-SC-广义新-10125368295124-新综合频道-家用电器-京喜拉新-剪辑-转化引导-家用电器-20260623-无-625-10,李虹玉-XNY0271,2026-06-23 20:49:55
13651877509,CH-SC-广义新-10125368295124-新综合频道-家用电器-京喜拉新-剪辑-转化引导-家用电器-20260623-无-625-1,李虹玉-XNY0271,2026-06-23 20:49:59
13651878492,CH-SC-广义新-10207138434083-新综合频道-电脑办公-京喜拉新-剪辑-转化引导-电脑办公-20260623-反向-625-2,李虹玉-XNY0271,2026-06-23 20:50:12
13651878512,CH-SC-广义新-10207138434083-新综合频道-电脑办公-京喜拉新-剪辑-转化引导-电脑办公-20260623-反向-625-4,李虹玉-XNY0271,2026-06-23 20:50:12
13651878752,CH-SC-广义新-10207138434083-新综合频道-电脑办公-京喜拉新-剪辑-转化引导-电脑办公-20260623-反向-625-3,李虹玉-XNY0271,2026-06-23 20:50:15
13651880005,CH-SC-广义新-10207138434083-新综合频道-电脑办公-京喜拉新-剪辑-转化引导-电脑办公-20260623-反向-625-5,李虹玉-XNY0271,2026-06-23 20:50:30
13651880454,CH-SC-广义新-10207138434083-新综合频道-电脑办公-京喜拉新-剪辑-转化引导-电脑办公-20260623-反向-625-6,李虹玉-XNY0271,2026-06-23 20:50:36
13651880811,CH-SC-广义新-10207138434083-新综合频道-电脑办公-京喜拉新-剪辑-转化引导-电脑办公-20260623-反向-625-7,李虹玉-XNY0271,2026-06-23 20:50:40
13651881155,CH-SC-广义新-10207138434083-新综合频道-电脑办公-京喜拉新-剪辑-转化引导-电脑办公-20260623-反向-625-8,李虹玉-XNY0271,2026-06-23 20:50:45
13651881329,CH-SC-广义新-10207138434083-新综合频道-电脑办公-京喜拉新-剪辑-转化引导-电脑办公-20260623-反向-625-9,李虹玉-XNY0271,2026-06-23 20:50:48
13651881534,CH-SC-广义新-10207138434083-新综合频道-电脑办公-京喜拉新-剪辑-转化引导-电脑办公-20260623-反向-625-1,李虹玉-XNY0271,2026-06-23 20:50:51
13651882206,CH-SC-广义新-10207138434083-新综合频道-电脑办公-京喜拉新-剪辑-转化引导-电脑办公-20260623-反向-625-10,李虹玉-XNY0271,2026-06-23 20:50:59
13651882417,CH-SC-低活-10081585918372-超级抢购-家庭清洁纸品-无-剪辑-转化引导-家庭清洁纸品-20260623-无-625-aigc-4,李虹玉-XNY0271,2026-06-23 20:51:02
13654503193,CH-SC-广义新-10125368295124-新综合频道-家用电器-京喜拉新-剪辑-转化引导-家用电器-20260623-无-625-1,李虹玉-XNY0271,2026-06-24 09:59:43
13654503987,CH-SC-广义新-10125368295124-新综合频道-家用电器-京喜拉新-剪辑-转化引导-家用电器-20260623-无-625-2,李虹玉-XNY0271,2026-06-24 09:59:47
13654504494,CH-SC-广义新-10125368295124-新综合频道-家用电器-京喜拉新-剪辑-转化引导-家用电器-20260623-无-625-3,李虹玉-XNY0271,2026-06-24 09:59:49
13662879438,CH-SC-低活-10134479334759-超级抢购通用-钟表眼镜-无-剪辑-转化引导-钟表眼镜-20260624-无-625-AIGC-6,李虹玉-XNY0271,2026-06-24 19:50:16
13662879534,CH-SC-低活-10134479334759-超级抢购通用-钟表眼镜-无-剪辑-转化引导-钟表眼镜-20260624-无-625-AIGC-7,李虹玉-XNY0271,2026-06-24 19:50:16
13662879542,CH-SC-低活-10134479334759-超级抢购通用-钟表眼镜-无-剪辑-转化引导-钟表眼镜-20260624-无-625-AIGC-8,李虹玉-XNY0271,2026-06-24 19:50:16
13662879898,CH-SC-低活-10134479334759-超级抢购通用-钟表眼镜-无-剪辑-转化引导-钟表眼镜-20260624-无-625-AIGC-9,李虹玉-XNY0271,2026-06-24 19:50:19
13662879985,CH-SC-低活-10134479334759-超级抢购通用-钟表眼镜-无-剪辑-转化引导-钟表眼镜-20260624-无-625-AIGC-10,李虹玉-XNY0271,2026-06-24 19:50:20
13662880003,CH-SC-低活-10134479334759-超级抢购通用-钟表眼镜-无-剪辑-转化引导-钟表眼镜-20260624-无-625-AIGC-11,李虹玉-XNY0271,2026-06-24 19:50:20
13662880352,CH-SC-低活-10134479334759-超级抢购通用-钟表眼镜-无-剪辑-转化引导-钟表眼镜-20260624-无-625-AIGC-12,李虹玉-XNY0271,2026-06-24 19:50:23
13662880438,CH-SC-低活-10134479334759-超级抢购通用-钟表眼镜-无-剪辑-转化引导-钟表眼镜-20260624-无-625-AIGC-13,李虹玉-XNY0271,2026-06-24 19:50:24
13662880493,CH-SC-低活-10134479334759-超级抢购通用-钟表眼镜-无-剪辑-转化引导-钟表眼镜-20260624-无-625-AIGC-14,李虹玉-XNY0271,2026-06-24 19:50:24
13662880732,CH-SC-低活-10134479334759-超级抢购通用-钟表眼镜-无-剪辑-转化引导-钟表眼镜-20260624-无-625-AIGC-15,李虹玉-XNY0271,2026-06-24 19:50:26
13662880805,CH-SC-低活-10134479334759-超级抢购通用-钟表眼镜-无-剪辑-转化引导-钟表眼镜-20260624-无-625-AIGC-16,李虹玉-XNY0271,2026-06-24 19:50:27
13662880986,CH-SC-低活-10134479334759-超级抢购通用-钟表眼镜-无-剪辑-转化引导-钟表眼镜-20260624-无-625-AIGC-1,李虹玉-XNY0271,2026-06-24 19:50:28
13662881235,CH-SC-低活-10134479334759-超级抢购通用-钟表眼镜-无-剪辑-转化引导-钟表眼镜-20260624-无-625-AIGC-3,李虹玉-XNY0271,2026-06-24 19:50:30
13662881239,CH-SC-低活-10134479334759-超级抢购通用-钟表眼镜-无-剪辑-转化引导-钟表眼镜-20260624-无-625-AIGC-2,李虹玉-XNY0271,2026-06-24 19:50:30
13662881467,CH-SC-低活-10134479334759-超级抢购通用-钟表眼镜-无-剪辑-转化引导-钟表眼镜-20260624-无-625-AIGC-4,李虹玉-XNY0271,2026-06-24 19:50:32
13662881669,CH-SC-低活-10134479334759-超级抢购通用-钟表眼镜-无-剪辑-转化引导-钟表眼镜-20260624-无-625-AIGC-5,李虹玉-XNY0271,2026-06-24 19:50:33
13662881776,CH-SC-低活-10145471007764-超级抢购通用-厨具-无-剪辑-转化引导-厨具-20260624-无-625-7,李虹玉-XNY0271,2026-06-24 19:50:34
13662881971,CH-SC-低活-10145471007764-超级抢购通用-厨具-无-剪辑-转化引导-厨具-20260624-无-625-8,李虹玉-XNY0271,2026-06-24 19:50:35
13662882228,CH-SC-低活-10145471007764-超级抢购通用-厨具-无-剪辑-转化引导-厨具-20260624-无-625-9,李虹玉-XNY0271,2026-06-24 19:50:38
13662882254,CH-SC-低活-10145471007764-超级抢购通用-厨具-无-剪辑-转化引导-厨具-20260624-无-625-10,李虹玉-XNY0271,2026-06-24 19:50:38
13662882418,CH-SC-低活-10145471007764-超级抢购通用-厨具-无-剪辑-转化引导-厨具-20260624-无-625-11,李虹玉-XNY0271,2026-06-24 19:50:39
13662882885,CH-SC-低活-10145471007764-超级抢购通用-厨具-无-剪辑-转化引导-厨具-20260624-无-625-13,李虹玉-XNY0271,2026-06-24 19:50:43
13662882909,CH-SC-低活-10145471007764-超级抢购通用-厨具-无-剪辑-转化引导-厨具-20260624-无-625-12,李虹玉-XNY0271,2026-06-24 19:50:43
13662883124,CH-SC-低活-10145471007764-超级抢购通用-厨具-无-剪辑-转化引导-厨具-20260624-无-625-1,李虹玉-XNY0271,2026-06-24 19:50:45
13662883394,CH-SC-低活-10145471007764-超级抢购通用-厨具-无-剪辑-转化引导-厨具-20260624-无-625-2,李虹玉-XNY0271,2026-06-24 19:50:47
13662883520,CH-SC-低活-10145471007764-超级抢购通用-厨具-无-剪辑-转化引导-厨具-20260624-无-625-3,李虹玉-XNY0271,2026-06-24 19:50:48
13662883636,CH-SC-低活-10145471007764-超级抢购通用-厨具-无-剪辑-转化引导-厨具-20260624-无-625-4,李虹玉-XNY0271,2026-06-24 19:50:49
13662884085,CH-SC-低活-10145471007764-超级抢购通用-厨具-无-剪辑-转化引导-厨具-20260624-无-625-5,李虹玉-XNY0271,2026-06-24 19:50:53
13662884325,CH-SC-低活-10145471007764-超级抢购通用-厨具-无-剪辑-转化引导-厨具-20260624-无-625-6,李虹玉-XNY0271,2026-06-24 19:50:55
13662888340,CH-SC-低活-10223482211866-超级抢购-生活日用-无-剪辑-转化引导-生活日用-20260624-无-625-AIGC-6,李虹玉-XNY0271,2026-06-24 19:51:19
13662888353,CH-SC-低活-10223482211866-超级抢购-生活日用-无-剪辑-转化引导-生活日用-20260624-无-625-AIGC-8,李虹玉-XNY0271,2026-06-24 19:51:19
13662889428,CH-SC-低活-10223482211866-超级抢购-生活日用-无-剪辑-转化引导-生活日用-20260624-无-625-AIGC-9,李虹玉-XNY0271,2026-06-24 19:51:24
13662889449,CH-SC-低活-10223482211866-超级抢购-生活日用-无-剪辑-转化引导-生活日用-20260624-无-625-AIGC-7,李虹玉-XNY0271,2026-06-24 19:51:24
13662889974,CH-SC-低活-10223482211866-超级抢购-生活日用-无-剪辑-转化引导-生活日用-20260624-无-625-AIGC-10,李虹玉-XNY0271,2026-06-24 19:51:26
13662891208,CH-SC-低活-10223482211866-超级抢购-生活日用-无-剪辑-转化引导-生活日用-20260624-无-625-AIGC-12,李虹玉-XNY0271,2026-06-24 19:51:31
13662891228,CH-SC-低活-10223482211866-超级抢购-生活日用-无-剪辑-转化引导-生活日用-20260624-无-625-AIGC-13,李虹玉-XNY0271,2026-06-24 19:51:32
13662891527,CH-SC-低活-10223482211866-超级抢购-生活日用-无-剪辑-转化引导-生活日用-20260624-无-625-AIGC-11,李虹玉-XNY0271,2026-06-24 19:51:33
13662892945,CH-SC-低活-10223482211866-超级抢购-生活日用-无-剪辑-转化引导-生活日用-20260624-无-625-AIGC-14,李虹玉-XNY0271,2026-06-24 19:51:40
13662893392,CH-SC-低活-10223482211866-超级抢购-生活日用-无-剪辑-转化引导-生活日用-20260624-无-625-AIGC-16,李虹玉-XNY0271,2026-06-24 19:51:42
13662893689,CH-SC-低活-10223482211866-超级抢购-生活日用-无-剪辑-转化引导-生活日用-20260624-无-625-AIGC-15,李虹玉-XNY0271,2026-06-24 19:51:43
13662894183,CH-SC-低活-10223482211866-超级抢购-生活日用-无-剪辑-转化引导-生活日用-20260624-无-625-AIGC-17,李虹玉-XNY0271,2026-06-24 19:51:45
13662894690,CH-SC-低活-10223482211866-超级抢购-生活日用-无-剪辑-转化引导-生活日用-20260624-无-625-AIGC-1,李虹玉-XNY0271,2026-06-24 19:51:47
13662894943,CH-SC-低活-10223482211866-超级抢购-生活日用-无-剪辑-转化引导-生活日用-20260624-无-625-AIGC-2,李虹玉-XNY0271,2026-06-24 19:51:48
13662895357,CH-SC-低活-10223482211866-超级抢购-生活日用-无-剪辑-转化引导-生活日用-20260624-无-625-AIGC-3,李虹玉-XNY0271,2026-06-24 19:51:50
13662895759,CH-SC-低活-10223482211866-超级抢购-生活日用-无-剪辑-转化引导-生活日用-20260624-无-625-AIGC-4,李虹玉-XNY0271,2026-06-24 19:51:52
13662896462,CH-SC-低活-10223482211866-超级抢购-生活日用-无-剪辑-转化引导-生活日用-20260624-无-625-AIGC-5,李虹玉-XNY0271,2026-06-24 19:51:55
13662909127,CH-SC-广义新-10219841541026-新综合频道-厨具-京喜拉新-剪辑-转化引导-厨具-20260624-反向-625-aigc-3,李虹玉-XNY0271,2026-06-24 19:53:28
13662909414,CH-SC-广义新-10219841541026-新综合频道-厨具-京喜拉新-剪辑-转化引导-厨具-20260624-反向-625-aigc-5,李虹玉-XNY0271,2026-06-24 19:53:30
13662909427,CH-SC-广义新-10219841541026-新综合频道-厨具-京喜拉新-剪辑-转化引导-厨具-20260624-反向-625-aigc-4,李虹玉-XNY0271,2026-06-24 19:53:30
13662910587,CH-SC-广义新-10219841541026-新综合频道-厨具-京喜拉新-剪辑-转化引导-厨具-20260624-反向-625-aigc-6,李虹玉-XNY0271,2026-06-24 19:53:40
13662911331,CH-SC-广义新-10219841541026-新综合频道-厨具-京喜拉新-剪辑-转化引导-厨具-20260624-反向-625-aigc-7,李虹玉-XNY0271,2026-06-24 19:53:46
13662911548,CH-SC-广义新-10219841541026-新综合频道-厨具-京喜拉新-剪辑-转化引导-厨具-20260624-反向-625-aigc-8,李虹玉-XNY0271,2026-06-24 19:53:47
13662911911,CH-SC-广义新-10219841541026-新综合频道-厨具-京喜拉新-剪辑-转化引导-厨具-20260624-反向-625-aigc-9,李虹玉-XNY0271,2026-06-24 19:53:50
13662912222,CH-SC-广义新-10219841541026-新综合频道-厨具-京喜拉新-剪辑-转化引导-厨具-20260624-反向-625-aigc-10,李虹玉-XNY0271,2026-06-24 19:53:52
13662912380,CH-SC-广义新-10219841541026-新综合频道-厨具-京喜拉新-剪辑-转化引导-厨具-20260624-反向-625-aigc-11,李虹玉-XNY0271,2026-06-24 19:53:53
13662912641,CH-SC-广义新-10219841541026-新综合频道-厨具-京喜拉新-剪辑-转化引导-厨具-20260624-反向-625-aigc-12,李虹玉-XNY0271,2026-06-24 19:53:55
13662912924,CH-SC-广义新-10219841541026-新综合频道-厨具-京喜拉新-剪辑-转化引导-厨具-20260624-反向-625-aigc-13,李虹玉-XNY0271,2026-06-24 19:53:58
13662912953,CH-SC-广义新-10219841541026-新综合频道-厨具-京喜拉新-剪辑-转化引导-厨具-20260624-反向-625-aigc-14,李虹玉-XNY0271,2026-06-24 19:53:58
13662913219,CH-SC-广义新-10219841541026-新综合频道-厨具-京喜拉新-剪辑-转化引导-厨具-20260624-反向-625-aigc-15,李虹玉-XNY0271,2026-06-24 19:54:00
13662913522,CH-SC-广义新-10219841541026-新综合频道-厨具-京喜拉新-剪辑-转化引导-厨具-20260624-反向-625-aigc-16,李虹玉-XNY0271,2026-06-24 19:54:02
13662913702,CH-SC-广义新-10219841541026-新综合频道-厨具-京喜拉新-剪辑-转化引导-厨具-20260624-反向-625-aigc-1,李虹玉-XNY0271,2026-06-24 19:54:04
13662913842,CH-SC-广义新-10219841541026-新综合频道-厨具-京喜拉新-剪辑-转化引导-厨具-20260624-反向-625-aigc-2,李虹玉-XNY0271,2026-06-24 19:54:05
13662914951,CH-SC-广义新-10223419649136-新综合频道-手机通讯-京喜拉新-剪辑-转化引导-手机通讯-20260624-反向-625-AIGC-4,李虹玉-XNY0271,2026-06-24 19:54:14
13662915049,CH-SC-广义新-10223419649136-新综合频道-手机通讯-京喜拉新-剪辑-转化引导-手机通讯-20260624-反向-625-AIGC-3,李虹玉-XNY0271,2026-06-24 19:54:15
13662915269,CH-SC-广义新-10223419649136-新综合频道-手机通讯-京喜拉新-剪辑-转化引导-手机通讯-20260624-反向-625-AIGC-2,李虹玉-XNY0271,2026-06-24 19:54:16
13662916527,CH-SC-广义新-10223419649136-新综合频道-手机通讯-京喜拉新-剪辑-转化引导-手机通讯-20260624-反向-625-AIGC-6,李虹玉-XNY0271,2026-06-24 19:54:26
13662916653,CH-SC-广义新-10223419649136-新综合频道-手机通讯-京喜拉新-剪辑-转化引导-手机通讯-20260624-反向-625-AIGC-7,李虹玉-XNY0271,2026-06-24 19:54:27
13662917192,CH-SC-广义新-10223419649136-新综合频道-手机通讯-京喜拉新-剪辑-转化引导-手机通讯-20260624-反向-625-AIGC-5,李虹玉-XNY0271,2026-06-24 19:54:31
13662918517,CH-SC-广义新-10223419649136-新综合频道-手机通讯-京喜拉新-剪辑-转化引导-手机通讯-20260624-反向-625-AIGC-10,李虹玉-XNY0271,2026-06-24 19:54:41
13662918775,CH-SC-广义新-10223419649136-新综合频道-手机通讯-京喜拉新-剪辑-转化引导-手机通讯-20260624-反向-625-AIGC-9,李虹玉-XNY0271,2026-06-24 19:54:43
13662918877,CH-SC-广义新-10223419649136-新综合频道-手机通讯-京喜拉新-剪辑-转化引导-手机通讯-20260624-反向-625-AIGC-8,李虹玉-XNY0271,2026-06-24 19:54:44
13662919215,CH-SC-广义新-10130866966155-新综合频道-服饰内衣-京喜拉新-剪辑-转化引导-服饰内衣-20260624-无-625-3,李虹玉-XNY0271,2026-06-24 19:54:46
13662919410,CH-SC-广义新-10130866966155-新综合频道-服饰内衣-京喜拉新-剪辑-转化引导-服饰内衣-20260624-无-625-4,李虹玉-XNY0271,2026-06-24 19:54:47
13662919580,CH-SC-广义新-10130866966155-新综合频道-服饰内衣-京喜拉新-剪辑-转化引导-服饰内衣-20260624-无-625-2,李虹玉-XNY0271,2026-06-24 19:54:49
13662919828,CH-SC-广义新-10130866966155-新综合频道-服饰内衣-京喜拉新-剪辑-转化引导-服饰内衣-20260624-无-625-5,李虹玉-XNY0271,2026-06-24 19:54:51
13662919973,CH-SC-广义新-10130866966155-新综合频道-服饰内衣-京喜拉新-剪辑-转化引导-服饰内衣-20260624-无-625-6,李虹玉-XNY0271,2026-06-24 19:54:52
13662920218,CH-SC-广义新-10130866966155-新综合频道-服饰内衣-京喜拉新-剪辑-转化引导-服饰内衣-20260624-无-625-7,李虹玉-XNY0271,2026-06-24 19:54:54
13662920383,CH-SC-广义新-10130866966155-新综合频道-服饰内衣-京喜拉新-剪辑-转化引导-服饰内衣-20260624-无-625-8,李虹玉-XNY0271,2026-06-24 19:54:55
13662920782,CH-SC-广义新-10130866966155-新综合频道-服饰内衣-京喜拉新-剪辑-转化引导-服饰内衣-20260624-无-625-10,李虹玉-XNY0271,2026-06-24 19:54:58
13662920826,CH-SC-广义新-10130866966155-新综合频道-服饰内衣-京喜拉新-剪辑-转化引导-服饰内衣-20260624-无-625-9,李虹玉-XNY0271,2026-06-24 19:54:59
13662920894,CH-SC-广义新-10130866966155-新综合频道-服饰内衣-京喜拉新-剪辑-转化引导-服饰内衣-20260624-无-625-11,李虹玉-XNY0271,2026-06-24 19:54:59
13662921777,CH-SC-广义新-10130866966155-新综合频道-服饰内衣-京喜拉新-剪辑-转化引导-服饰内衣-20260624-无-625-1,李虹玉-XNY0271,2026-06-24 19:55:06
13662921862,CH-SC-广义新-10109384225188-新综合频道-个人护理-京喜拉新-剪辑-转化引导-个人护理-20260624-无-625-3,李虹玉-XNY0271,2026-06-24 19:55:07
13662921880,CH-SC-广义新-10109384225188-新综合频道-个人护理-京喜拉新-剪辑-转化引导-个人护理-20260624-无-625-2,李虹玉-XNY0271,2026-06-24 19:55:07
13662922351,CH-SC-广义新-10109384225188-新综合频道-个人护理-京喜拉新-剪辑-转化引导-个人护理-20260624-无-625-4,李虹玉-XNY0271,2026-06-24 19:55:10
13662922370,CH-SC-广义新-10109384225188-新综合频道-个人护理-京喜拉新-剪辑-转化引导-个人护理-20260624-无-625-5,李虹玉-XNY0271,2026-06-24 19:55:10
13662922719,CH-SC-广义新-10109384225188-新综合频道-个人护理-京喜拉新-剪辑-转化引导-个人护理-20260624-无-625-6,李虹玉-XNY0271,2026-06-24 19:55:13
13662922966,CH-SC-广义新-10109384225188-新综合频道-个人护理-京喜拉新-剪辑-转化引导-个人护理-20260624-无-625-7,李虹玉-XNY0271,2026-06-24 19:55:15
13662923267,CH-SC-广义新-10109384225188-新综合频道-个人护理-京喜拉新-剪辑-转化引导-个人护理-20260624-无-625-9,李虹玉-XNY0271,2026-06-24 19:55:18
13662923532,CH-SC-广义新-10109384225188-新综合频道-个人护理-京喜拉新-剪辑-转化引导-个人护理-20260624-无-625-10,李虹玉-XNY0271,2026-06-24 19:55:19
13662923708,CH-SC-广义新-10109384225188-新综合频道-个人护理-京喜拉新-剪辑-转化引导-个人护理-20260624-无-625-1,李虹玉-XNY0271,2026-06-24 19:55:21
13662923762,CH-SC-广义新-10109384225188-新综合频道-个人护理-京喜拉新-剪辑-转化引导-个人护理-20260624-无-625-8,李虹玉-XNY0271,2026-06-24 19:55:21
13662924325,CH-SC-广义新-10161303120179-新综合频道-生活日用-京喜拉新-剪辑-转化引导-生活日用-20260624-无-625-2,李虹玉-XNY0271,2026-06-24 19:55:26
13662924459,CH-SC-广义新-10161303120179-新综合频道-生活日用-京喜拉新-剪辑-转化引导-生活日用-20260624-无-625-4,李虹玉-XNY0271,2026-06-24 19:55:27
13662924760,CH-SC-广义新-10161303120179-新综合频道-生活日用-京喜拉新-剪辑-转化引导-生活日用-20260624-无-625-3,李虹玉-XNY0271,2026-06-24 19:55:29
13662925533,CH-SC-广义新-10161303120179-新综合频道-生活日用-京喜拉新-剪辑-转化引导-生活日用-20260624-无-625-6,李虹玉-XNY0271,2026-06-24 19:55:35
13662925610,CH-SC-广义新-10161303120179-新综合频道-生活日用-京喜拉新-剪辑-转化引导-生活日用-20260624-无-625-7,李虹玉-XNY0271,2026-06-24 19:55:36
13662925846,CH-SC-广义新-10161303120179-新综合频道-生活日用-京喜拉新-剪辑-转化引导-生活日用-20260624-无-625-5,李虹玉-XNY0271,2026-06-24 19:55:38
13662925982,CH-SC-广义新-10161303120179-新综合频道-生活日用-京喜拉新-剪辑-转化引导-生活日用-20260624-无-625-8,李虹玉-XNY0271,2026-06-24 19:55:39
13662926179,CH-SC-广义新-10161303120179-新综合频道-生活日用-京喜拉新-剪辑-转化引导-生活日用-20260624-无-625-9,李虹玉-XNY0271,2026-06-24 19:55:40
13662926426,CH-SC-广义新-10161303120179-新综合频道-生活日用-京喜拉新-剪辑-转化引导-生活日用-20260624-无-625-10,李虹玉-XNY0271,2026-06-24 19:55:42
13662926589,CH-SC-广义新-10161303120179-新综合频道-生活日用-京喜拉新-剪辑-转化引导-生活日用-20260624-无-625-12,李虹玉-XNY0271,2026-06-24 19:55:44
13662926663,CH-SC-广义新-10161303120179-新综合频道-生活日用-京喜拉新-剪辑-转化引导-生活日用-20260624-无-625-11,李虹玉-XNY0271,2026-06-24 19:55:44
13662926881,CH-SC-广义新-10161303120179-新综合频道-生活日用-京喜拉新-剪辑-转化引导-生活日用-20260624-无-625-13,李虹玉-XNY0271,2026-06-24 19:55:46
13662927076,CH-SC-广义新-10161303120179-新综合频道-生活日用-京喜拉新-剪辑-转化引导-生活日用-20260624-无-625-1,李虹玉-XNY0271,2026-06-24 19:55:47
13662927148,CH-SC-广义新-10183630558390-新综合频道-手机通讯-京喜拉新-剪辑-转化引导-手机通讯-20260624-无-625-2,李虹玉-XNY0271,2026-06-24 19:55:48
13662927432,CH-SC-广义新-10183630558390-新综合频道-手机通讯-京喜拉新-剪辑-转化引导-手机通讯-20260624-无-625-3,李虹玉-XNY0271,2026-06-24 19:55:50
13662927625,CH-SC-广义新-10183630558390-新综合频道-手机通讯-京喜拉新-剪辑-转化引导-手机通讯-20260624-无-625-5,李虹玉-XNY0271,2026-06-24 19:55:52
13662927790,CH-SC-广义新-10183630558390-新综合频道-手机通讯-京喜拉新-剪辑-转化引导-手机通讯-20260624-无-625-4,李虹玉-XNY0271,2026-06-24 19:55:53
13662927909,CH-SC-广义新-10183630558390-新综合频道-手机通讯-京喜拉新-剪辑-转化引导-手机通讯-20260624-无-625-6,李虹玉-XNY0271,2026-06-24 19:55:54
13662928139,CH-SC-广义新-10183630558390-新综合频道-手机通讯-京喜拉新-剪辑-转化引导-手机通讯-20260624-无-625-7,李虹玉-XNY0271,2026-06-24 19:55:55
13662928347,CH-SC-广义新-10183630558390-新综合频道-手机通讯-京喜拉新-剪辑-转化引导-手机通讯-20260624-无-625-8,李虹玉-XNY0271,2026-06-24 19:55:57
13662928712,CH-SC-广义新-10183630558390-新综合频道-手机通讯-京喜拉新-剪辑-转化引导-手机通讯-20260624-无-625-10,李虹玉-XNY0271,2026-06-24 19:56:00
13662928756,CH-SC-广义新-10183630558390-新综合频道-手机通讯-京喜拉新-剪辑-转化引导-手机通讯-20260624-无-625-9,李虹玉-XNY0271,2026-06-24 19:56:00
13662928781,CH-SC-广义新-10183630558390-新综合频道-手机通讯-京喜拉新-剪辑-转化引导-手机通讯-20260624-无-625-11,李虹玉-XNY0271,2026-06-24 19:56:00
13662929141,CH-SC-广义新-10183630558390-新综合频道-手机通讯-京喜拉新-剪辑-转化引导-手机通讯-20260624-无-625-12,李虹玉-XNY0271,2026-06-24 19:56:03
13662929299,CH-SC-广义新-10183630558390-新综合频道-手机通讯-京喜拉新-剪辑-转化引导-手机通讯-20260624-无-625-1,李虹玉-XNY0271,2026-06-24 19:56:05
13662929591,CH-SC-广义新-10159015048337-新综合频道-粮油调味-京喜拉新-剪辑-转化引导-粮油调味-20260624-无-625-3,李虹玉-XNY0271,2026-06-24 19:56:07
13662929735,CH-SC-广义新-10159015048337-新综合频道-粮油调味-京喜拉新-剪辑-转化引导-粮油调味-20260624-无-625-2,李虹玉-XNY0271,2026-06-24 19:56:08
13662929811,CH-SC-广义新-10159015048337-新综合频道-粮油调味-京喜拉新-剪辑-转化引导-粮油调味-20260624-无-625-4,李虹玉-XNY0271,2026-06-24 19:56:09
13662930220,CH-SC-广义新-10159015048337-新综合频道-粮油调味-京喜拉新-剪辑-转化引导-粮油调味-20260624-无-625-6,李虹玉-XNY0271,2026-06-24 19:56:12
13662930432,CH-SC-广义新-10159015048337-新综合频道-粮油调味-京喜拉新-剪辑-转化引导-粮油调味-20260624-无-625-5,李虹玉-XNY0271,2026-06-24 19:56:14
13662930558,CH-SC-广义新-10159015048337-新综合频道-粮油调味-京喜拉新-剪辑-转化引导-粮油调味-20260624-无-625-8,李虹玉-XNY0271,2026-06-24 19:56:15
13662930579,CH-SC-广义新-10159015048337-新综合频道-粮油调味-京喜拉新-剪辑-转化引导-粮油调味-20260624-无-625-7,李虹玉-XNY0271,2026-06-24 19:56:15
13662930936,CH-SC-广义新-10159015048337-新综合频道-粮油调味-京喜拉新-剪辑-转化引导-粮油调味-20260624-无-625-9,李虹玉-XNY0271,2026-06-24 19:56:18
13662931032,CH-SC-广义新-10159015048337-新综合频道-粮油调味-京喜拉新-剪辑-转化引导-粮油调味-20260624-无-625-10,李虹玉-XNY0271,2026-06-24 19:56:19
13662931110,CH-SC-广义新-10159015048337-新综合频道-粮油调味-京喜拉新-剪辑-转化引导-粮油调味-20260624-无-625-11,李虹玉-XNY0271,2026-06-24 19:56:19
13662931398,CH-SC-广义新-10159015048337-新综合频道-粮油调味-京喜拉新-剪辑-转化引导-粮油调味-20260624-无-625-12,李虹玉-XNY0271,2026-06-24 19:56:22
13662931428,CH-SC-广义新-10159015048337-新综合频道-粮油调味-京喜拉新-剪辑-转化引导-粮油调味-20260624-无-625-1,李虹玉-XNY0271,2026-06-24 19:56:22
13662931727,CH-SC-广义新-10223419649136-新综合频道-手机通讯-京喜拉新-剪辑-转化引导-手机通讯-20260624-反向-625-AIGC-11,李虹玉-XNY0271,2026-06-24 19:56:24
13662932302,CH-SC-广义新-10223419649136-新综合频道-手机通讯-京喜拉新-剪辑-转化引导-手机通讯-20260624-反向-625-AIGC-1,李虹玉-XNY0271,2026-06-24 19:56:29
13662932518,CH-SC-广义新-10223419649136-新综合频道-手机通讯-京喜拉新-剪辑-转化引导-手机通讯-20260624-反向-625-AIGC-12,李虹玉-XNY0271,2026-06-24 19:56:30
13673735783,CH-SC-低活-10166301474829-超级抢购加补-厨具-无-剪辑-转化引导-厨具-20260625-无-625-3,李虹玉-XNY0271,2026-06-25 19:05:47
13673736170,CH-SC-低活-10166301474829-超级抢购加补-厨具-无-剪辑-转化引导-厨具-20260625-无-625-4,李虹玉-XNY0271,2026-06-25 19:05:49
13673736391,CH-SC-低活-10166301474829-超级抢购加补-厨具-无-剪辑-转化引导-厨具-20260625-无-625-5,李虹玉-XNY0271,2026-06-25 19:05:50
13673736521,CH-SC-低活-10166301474829-超级抢购加补-厨具-无-剪辑-转化引导-厨具-20260625-无-625-6,李虹玉-XNY0271,2026-06-25 19:05:51
13673737008,CH-SC-低活-10166301474829-超级抢购加补-厨具-无-剪辑-转化引导-厨具-20260625-无-625-7,李虹玉-XNY0271,2026-06-25 19:05:54
13673737411,CH-SC-低活-10166301474829-超级抢购加补-厨具-无-剪辑-转化引导-厨具-20260625-无-625-9,李虹玉-XNY0271,2026-06-25 19:05:56
13673737489,CH-SC-低活-10166301474829-超级抢购加补-厨具-无-剪辑-转化引导-厨具-20260625-无-625-8,李虹玉-XNY0271,2026-06-25 19:05:57
13673737833,CH-SC-低活-10166301474829-超级抢购加补-厨具-无-剪辑-转化引导-厨具-20260625-无-625-10,李虹玉-XNY0271,2026-06-25 19:05:58
13673738405,CH-SC-低活-10166301474829-超级抢购加补-厨具-无-剪辑-转化引导-厨具-20260625-无-625-11,李虹玉-XNY0271,2026-06-25 19:06:02
13673738557,CH-SC-低活-10166301474829-超级抢购加补-厨具-无-剪辑-转化引导-厨具-20260625-无-625-12,李虹玉-XNY0271,2026-06-25 19:06:03
13673738697,CH-SC-低活-10166301474829-超级抢购加补-厨具-无-剪辑-转化引导-厨具-20260625-无-625-13,李虹玉-XNY0271,2026-06-25 19:06:03
13673739446,CH-SC-低活-10166301474829-超级抢购加补-厨具-无-剪辑-转化引导-厨具-20260625-无-625-1,李虹玉-XNY0271,2026-06-25 19:06:08
13673739450,CH-SC-低活-10166301474829-超级抢购加补-厨具-无-剪辑-转化引导-厨具-20260625-无-625-14,李虹玉-XNY0271,2026-06-25 19:06:08
13673739532,CH-SC-低活-10166301474829-超级抢购加补-厨具-无-剪辑-转化引导-厨具-20260625-无-625-2,李虹玉-XNY0271,2026-06-25 19:06:08
13673795195,CH-SC-低活-10156923061370-超级抢购通用-数码-无-剪辑-转化引导-数码-20260625-无-625-13,李虹玉-XNY0271,2026-06-25 19:11:28
13673795300,CH-SC-低活-10156923061370-超级抢购通用-数码-无-剪辑-转化引导-数码-20260625-无-625-14,李虹玉-XNY0271,2026-06-25 19:11:29
13673795883,CH-SC-低活-10156923061370-超级抢购通用-数码-无-剪辑-转化引导-数码-20260625-无-625-16,李虹玉-XNY0271,2026-06-25 19:11:32
13673796193,CH-SC-低活-10156923061370-超级抢购通用-数码-无-剪辑-转化引导-数码-20260625-无-625-15,李虹玉-XNY0271,2026-06-25 19:11:34
13673796484,CH-SC-低活-10156923061370-超级抢购通用-数码-无-剪辑-转化引导-数码-20260625-无-625-2,李虹玉-XNY0271,2026-06-25 19:11:36
13673796565,CH-SC-低活-10156923061370-超级抢购通用-数码-无-剪辑-转化引导-数码-20260625-无-625-1,李虹玉-XNY0271,2026-06-25 19:11:36
13673796795,CH-SC-低活-10156923061370-超级抢购通用-数码-无-剪辑-转化引导-数码-20260625-无-625-3,李虹玉-XNY0271,2026-06-25 19:11:38
13673797061,CH-SC-低活-10156923061370-超级抢购通用-数码-无-剪辑-转化引导-数码-20260625-无-625-4,李虹玉-XNY0271,2026-06-25 19:11:39
13673797359,CH-SC-低活-10156923061370-超级抢购通用-数码-无-剪辑-转化引导-数码-20260625-无-625-5,李虹玉-XNY0271,2026-06-25 19:11:41
13673797729,CH-SC-低活-10156923061370-超级抢购通用-数码-无-剪辑-转化引导-数码-20260625-无-625-7,李虹玉-XNY0271,2026-06-25 19:11:43
13673798032,CH-SC-低活-10156923061370-超级抢购通用-数码-无-剪辑-转化引导-数码-20260625-无-625-8,李虹玉-XNY0271,2026-06-25 19:11:45
13673798286,CH-SC-低活-10156923061370-超级抢购通用-数码-无-剪辑-转化引导-数码-20260625-无-625-6,李虹玉-XNY0271,2026-06-25 19:11:46
13673798404,CH-SC-低活-10156923061370-超级抢购通用-数码-无-剪辑-转化引导-数码-20260625-无-625-9,李虹玉-XNY0271,2026-06-25 19:11:47
13673798793,CH-SC-低活-10156923061370-超级抢购通用-数码-无-剪辑-转化引导-数码-20260625-无-625-10,李虹玉-XNY0271,2026-06-25 19:11:49
13673799077,CH-SC-低活-10156923061370-超级抢购通用-数码-无-剪辑-转化引导-数码-20260625-无-625-11,李虹玉-XNY0271,2026-06-25 19:11:51
13673799539,CH-SC-低活-10156923061370-超级抢购通用-数码-无-剪辑-转化引导-数码-20260625-无-625-12,李虹玉-XNY0271,2026-06-25 19:11:53
13673808012,CH-SC-低活-10215767576641-超级抢购-生鲜-无-剪辑-转化引导-生鲜-20260625-无-625-aigc-4,李虹玉-XNY0271,2026-06-25 19:12:44
13673809233,CH-SC-低活-10215767576641-超级抢购-生鲜-无-剪辑-转化引导-生鲜-20260625-无-625-aigc-5,李虹玉-XNY0271,2026-06-25 19:12:52
13673809336,CH-SC-低活-10215767576641-超级抢购-生鲜-无-剪辑-转化引导-生鲜-20260625-无-625-aigc-2,李虹玉-XNY0271,2026-06-25 19:12:52
13673809379,CH-SC-低活-10215767576641-超级抢购-生鲜-无-剪辑-转化引导-生鲜-20260625-无-625-aigc-3,李虹玉-XNY0271,2026-06-25 19:12:53
13673810870,CH-SC-低活-10215767576641-超级抢购-生鲜-无-剪辑-转化引导-生鲜-20260625-无-625-aigc-8,李虹玉-XNY0271,2026-06-25 19:13:03
13673811964,CH-SC-低活-10215767576641-超级抢购-生鲜-无-剪辑-转化引导-生鲜-20260625-无-625-aigc-9,李虹玉-XNY0271,2026-06-25 19:13:10
13673812064,CH-SC-低活-10215767576641-超级抢购-生鲜-无-剪辑-转化引导-生鲜-20260625-无-625-aigc-6,李虹玉-XNY0271,2026-06-25 19:13:11
13673812963,CH-SC-低活-10215767576641-超级抢购-生鲜-无-剪辑-转化引导-生鲜-20260625-无-625-aigc-7,李虹玉-XNY0271,2026-06-25 19:13:17
13673814486,CH-SC-低活-10215767576641-超级抢购-生鲜-无-剪辑-转化引导-生鲜-20260625-无-625-aigc-10,李虹玉-XNY0271,2026-06-25 19:13:28
13673814487,CH-SC-低活-10215767576641-超级抢购-生鲜-无-剪辑-转化引导-生鲜-20260625-无-625-aigc-1,李虹玉-XNY0271,2026-06-25 19:13:28
13673814638,CH-SC-低活-10081585918372-超级抢购-纸品-无-剪辑-转化引导-纸品-20260625-无-625-aigc-1,李虹玉-XNY0271,2026-06-25 19:13:29
13673816192,CH-SC-低活-10081585918372-超级抢购-纸品-无-剪辑-转化引导-纸品-20260625-无-625-aigc-2,李虹玉-XNY0271,2026-06-25 19:13:39
13673816925,CH-SC-低活-10081585918372-超级抢购-纸品-无-剪辑-转化引导-纸品-20260625-无-625-aigc-3,李虹玉-XNY0271,2026-06-25 19:13:45
13673817564,CH-SC-广义新-10164666193436-新综合频道-数码-京喜拉新-剪辑-转化引导-数码-20260625-无-625-aigc-2,李虹玉-XNY0271,2026-06-25 19:13:49
13673817882,CH-SC-低活-10081585918372-超级抢购-纸品-无-剪辑-转化引导-纸品-20260625-无-625-aigc-5,李虹玉-XNY0271,2026-06-25 19:13:52
13673818618,CH-SC-广义新-10164666193436-新综合频道-数码-京喜拉新-剪辑-转化引导-数码-20260625-无-625-aigc-3,李虹玉-XNY0271,2026-06-25 19:13:57
13673818886,CH-SC-广义新-10164666193436-新综合频道-数码-京喜拉新-剪辑-转化引导-数码-20260625-无-625-aigc-4,李虹玉-XNY0271,2026-06-25 19:13:59
13673818915,CH-SC-低活-10081585918372-超级抢购-纸品-无-剪辑-转化引导-纸品-20260625-无-625-aigc-4,李虹玉-XNY0271,2026-06-25 19:13:59
13673819530,CH-SC-广义新-10164666193436-新综合频道-数码-京喜拉新-剪辑-转化引导-数码-20260625-无-625-aigc-5,李虹玉-XNY0271,2026-06-25 19:14:03
13673820358,CH-SC-广义新-10164666193436-新综合频道-数码-京喜拉新-剪辑-转化引导-数码-20260625-无-625-aigc-8,李虹玉-XNY0271,2026-06-25 19:14:09
13673820651,CH-SC-广义新-10164666193436-新综合频道-数码-京喜拉新-剪辑-转化引导-数码-20260625-无-625-aigc-6,李虹玉-XNY0271,2026-06-25 19:14:11
13673821009,CH-SC-广义新-10164666193436-新综合频道-数码-京喜拉新-剪辑-转化引导-数码-20260625-无-625-aigc-9,李虹玉-XNY0271,2026-06-25 19:14:14
13673821720,CH-SC-广义新-10164666193436-新综合频道-数码-京喜拉新-剪辑-转化引导-数码-20260625-无-625-aigc-11,李虹玉-XNY0271,2026-06-25 19:14:20
13673821897,CH-SC-广义新-10164666193436-新综合频道-数码-京喜拉新-剪辑-转化引导-数码-20260625-无-625-aigc-10,李虹玉-XNY0271,2026-06-25 19:14:21
13673822286,CH-SC-广义新-10164666193436-新综合频道-数码-京喜拉新-剪辑-转化引导-数码-20260625-无-625-aigc-7,李虹玉-XNY0271,2026-06-25 19:14:24
13673822329,CH-SC-广义新-10164666193436-新综合频道-数码-京喜拉新-剪辑-转化引导-数码-20260625-无-625-aigc-12,李虹玉-XNY0271,2026-06-25 19:14:24
13673822913,CH-SC-广义新-10164666193436-新综合频道-数码-京喜拉新-剪辑-转化引导-数码-20260625-无-625-aigc-1,李虹玉-XNY0271,2026-06-25 19:14:29
13673824339,CH-SC-广义新-10217572866513-新综合频道-生活日用-京喜拉新-剪辑-转化引导-生活日用-20260625-反向-625-aigc-4,李虹玉-XNY0271,2026-06-25 19:14:40
13673824349,CH-SC-广义新-10217572866513-新综合频道-生活日用-京喜拉新-剪辑-转化引导-生活日用-20260625-反向-625-aigc-2,李虹玉-XNY0271,2026-06-25 19:14:40
13673825167,CH-SC-广义新-10217572866513-新综合频道-生活日用-京喜拉新-剪辑-转化引导-生活日用-20260625-反向-625-aigc-3,李虹玉-XNY0271,2026-06-25 19:14:46
13673826609,CH-SC-广义新-10217572866513-新综合频道-生活日用-京喜拉新-剪辑-转化引导-生活日用-20260625-反向-625-aigc-7,李虹玉-XNY0271,2026-06-25 19:14:57
13673827381,CH-SC-广义新-10217572866513-新综合频道-生活日用-京喜拉新-剪辑-转化引导-生活日用-20260625-反向-625-aigc-6,李虹玉-XNY0271,2026-06-25 19:15:03
13673827713,CH-SC-广义新-10217572866513-新综合频道-生活日用-京喜拉新-剪辑-转化引导-生活日用-20260625-反向-625-aigc-5,李虹玉-XNY0271,2026-06-25 19:15:05
13673828530,CH-SC-广义新-10217572866513-新综合频道-生活日用-京喜拉新-剪辑-转化引导-生活日用-20260625-反向-625-aigc-9,李虹玉-XNY0271,2026-06-25 19:15:11
13673828590,CH-SC-广义新-10217572866513-新综合频道-生活日用-京喜拉新-剪辑-转化引导-生活日用-20260625-反向-625-aigc-8,李虹玉-XNY0271,2026-06-25 19:15:12
13673830688,CH-SC-广义新-10217572866513-新综合频道-生活日用-京喜拉新-剪辑-转化引导-生活日用-20260625-反向-625-aigc-12,李虹玉-XNY0271,2026-06-25 19:15:26
13673830718,CH-SC-广义新-10217572866513-新综合频道-生活日用-京喜拉新-剪辑-转化引导-生活日用-20260625-反向-625-aigc-10,李虹玉-XNY0271,2026-06-25 19:15:27
13673831929,CH-SC-广义新-10217572866513-新综合频道-生活日用-京喜拉新-剪辑-转化引导-生活日用-20260625-反向-625-aigc-11,李虹玉-XNY0271,2026-06-25 19:15:35
13673832685,CH-SC-广义新-10217572866513-新综合频道-生活日用-京喜拉新-剪辑-转化引导-生活日用-20260625-反向-625-aigc-1,李虹玉-XNY0271,2026-06-25 19:15:41
13673833001,CH-SC-广义新-10203352076369-新综合频道-粮油调味-京喜拉新-剪辑-转化引导-粮油调味-20260625-反向-625-aigc-2,李虹玉-XNY0271,2026-06-25 19:15:43
13673833117,CH-SC-广义新-10203352076369-新综合频道-粮油调味-京喜拉新-剪辑-转化引导-粮油调味-20260625-反向-625-aigc-1,李虹玉-XNY0271,2026-06-25 19:15:44
13673834487,CH-SC-广义新-10203352076369-新综合频道-粮油调味-京喜拉新-剪辑-转化引导-粮油调味-20260625-反向-625-aigc-5,李虹玉-XNY0271,2026-06-25 19:15:54
13673834574,CH-SC-广义新-10203352076369-新综合频道-粮油调味-京喜拉新-剪辑-转化引导-粮油调味-20260625-反向-625-aigc-3,李虹玉-XNY0271,2026-06-25 19:15:55
13673834707,CH-SC-广义新-10203352076369-新综合频道-粮油调味-京喜拉新-剪辑-转化引导-粮油调味-20260625-反向-625-aigc-4,李虹玉-XNY0271,2026-06-25 19:15:56
13673835347,CH-SC-广义新-10203352076369-新综合频道-粮油调味-京喜拉新-剪辑-转化引导-粮油调味-20260625-反向-625-aigc-6,李虹玉-XNY0271,2026-06-25 19:16:01
13673836560,CH-SC-广义新-10203352076369-新综合频道-粮油调味-京喜拉新-剪辑-转化引导-粮油调味-20260625-反向-625-aigc-7,李虹玉-XNY0271,2026-06-25 19:16:10
13673836820,CH-SC-广义新-10203352076369-新综合频道-粮油调味-京喜拉新-剪辑-转化引导-粮油调味-20260625-反向-625-aigc-8,李虹玉-XNY0271,2026-06-25 19:16:12
13673837536,CH-SC-广义新-10203352076369-新综合频道-粮油调味-京喜拉新-剪辑-转化引导-粮油调味-20260625-反向-625-aigc-10,李虹玉-XNY0271,2026-06-25 19:16:17
13673837705,CH-SC-广义新-10152079409592-新综合频道-纸品-京喜拉新-剪辑-转化引导-纸品-20260625-反向-625-aigc-1,李虹玉-XNY0271,2026-06-25 19:16:19
13673837906,CH-SC-广义新-10152079409592-新综合频道-纸品-京喜拉新-剪辑-转化引导-纸品-20260625-反向-625-aigc-2,李虹玉-XNY0271,2026-06-25 19:16:20
13673838138,CH-SC-广义新-10152079409592-新综合频道-纸品-京喜拉新-剪辑-转化引导-纸品-20260625-反向-625-aigc-3,李虹玉-XNY0271,2026-06-25 19:16:22
13673838475,CH-SC-广义新-10152079409592-新综合频道-纸品-京喜拉新-剪辑-转化引导-纸品-20260625-反向-625-aigc-4,李虹玉-XNY0271,2026-06-25 19:16:25
13673838709,CH-SC-广义新-10203352076369-新综合频道-粮油调味-京喜拉新-剪辑-转化引导-粮油调味-20260625-反向-625-aigc-9,李虹玉-XNY0271,2026-06-25 19:16:27
13673838854,CH-SC-广义新-10152079409592-新综合频道-纸品-京喜拉新-剪辑-转化引导-纸品-20260625-反向-625-aigc-5,李虹玉-XNY0271,2026-06-25 19:16:28
13673838921,CH-SC-广义新-10152079409592-新综合频道-纸品-京喜拉新-剪辑-转化引导-纸品-20260625-反向-625-aigc-6,李虹玉-XNY0271,2026-06-25 19:16:28
13673839160,CH-SC-广义新-10152079409592-新综合频道-纸品-京喜拉新-剪辑-转化引导-纸品-20260625-反向-625-aigc-7,李虹玉-XNY0271,2026-06-25 19:16:30
13673839556,CH-SC-广义新-10152079409592-新综合频道-纸品-京喜拉新-剪辑-转化引导-纸品-20260625-反向-625-aigc-8,李虹玉-XNY0271,2026-06-25 19:16:33
13673840458,CH-SC-广义新-10152079409592-新综合频道-纸品-京喜拉新-剪辑-转化引导-纸品-20260625-反向-625-aigc-10,李虹玉-XNY0271,2026-06-25 19:16:39
13673840524,CH-SC-广义新-10152079409592-新综合频道-纸品-京喜拉新-剪辑-转化引导-纸品-20260625-反向-625-aigc-9,李虹玉-XNY0271,2026-06-25 19:16:39
13673840563,CH-SC-广义新-10152079409592-新综合频道-纸品-京喜拉新-剪辑-转化引导-纸品-20260625-反向-625-aigc-11,李虹玉-XNY0271,2026-06-25 19:16:40
13673840930,CH-SC-广义新-10156923061370-新综合频道-数码-京喜拉新-剪辑-转化引导-数码-20260625-无-625-2,李虹玉-XNY0271,2026-06-25 19:16:42
13673841567,CH-SC-广义新-10156923061370-新综合频道-数码-京喜拉新-剪辑-转化引导-数码-20260625-无-625-5,李虹玉-XNY0271,2026-06-25 19:16:47
13673841589,CH-SC-广义新-10156923061370-新综合频道-数码-京喜拉新-剪辑-转化引导-数码-20260625-无-625-3,李虹玉-XNY0271,2026-06-25 19:16:47
13673842126,CH-SC-广义新-10156923061370-新综合频道-数码-京喜拉新-剪辑-转化引导-数码-20260625-无-625-6,李虹玉-XNY0271,2026-06-25 19:16:50
13673842192,CH-SC-广义新-10156923061370-新综合频道-数码-京喜拉新-剪辑-转化引导-数码-20260625-无-625-4,李虹玉-XNY0271,2026-06-25 19:16:50
13673842592,CH-SC-广义新-10156923061370-新综合频道-数码-京喜拉新-剪辑-转化引导-数码-20260625-无-625-8,李虹玉-XNY0271,2026-06-25 19:16:53
13673842611,CH-SC-广义新-10156923061370-新综合频道-数码-京喜拉新-剪辑-转化引导-数码-20260625-无-625-7,李虹玉-XNY0271,2026-06-25 19:16:53
13673843076,CH-SC-广义新-10156923061370-新综合频道-数码-京喜拉新-剪辑-转化引导-数码-20260625-无-625-10,李虹玉-XNY0271,2026-06-25 19:16:57
13673843409,CH-SC-广义新-10156923061370-新综合频道-数码-京喜拉新-剪辑-转化引导-数码-20260625-无-625-9,李虹玉-XNY0271,2026-06-25 19:16:59
13673843559,CH-SC-广义新-10156923061370-新综合频道-数码-京喜拉新-剪辑-转化引导-数码-20260625-无-625-11,李虹玉-XNY0271,2026-06-25 19:17:00
13673844113,CH-SC-广义新-10156923061370-新综合频道-数码-京喜拉新-剪辑-转化引导-数码-20260625-无-625-1,李虹玉-XNY0271,2026-06-25 19:17:04
13673844524,CH-SC-低活-10081585918372-超级抢购-纸品-无-剪辑-转化引导-纸品-20260625-无-625-aigc-6,李虹玉-XNY0271,2026-06-25 19:17:07
13673844702,CH-SC-广义新-10156923061370-新综合频道-数码-京喜拉新-剪辑-转化引导-数码-20260625-无-625-12,李虹玉-XNY0271,2026-06-25 19:17:08
13673845777,CH-SC-低活-10081585918372-超级抢购-纸品-无-剪辑-转化引导-纸品-20260625-无-625-aigc-7,李虹玉-XNY0271,2026-06-25 19:17:16
13673846270,CH-SC-低活-10081585918372-超级抢购-纸品-无-剪辑-转化引导-纸品-20260625-无-625-aigc-8,李虹玉-XNY0271,2026-06-25 19:17:20
13673847544,CH-SC-低活-10093106199290-超级抢购-纸品-无-剪辑-转化引导-纸品-20260625-无-625-aigc-2,李虹玉-XNY0271,2026-06-25 19:17:29
13673847731,CH-SC-低活-10081585918372-超级抢购-纸品-无-剪辑-转化引导-纸品-20260625-无-625-aigc-9,李虹玉-XNY0271,2026-06-25 19:17:30
13673847811,CH-SC-低活-10081585918372-超级抢购-纸品-无-剪辑-转化引导-纸品-20260625-无-625-aigc-10,李虹玉-XNY0271,2026-06-25 19:17:31
13673848741,CH-SC-低活-10093106199290-超级抢购-纸品-无-剪辑-转化引导-纸品-20260625-无-625-aigc-3,李虹玉-XNY0271,2026-06-25 19:17:36
13673849641,CH-SC-低活-10093106199290-超级抢购-纸品-无-剪辑-转化引导-纸品-20260625-无-625-aigc-6,李虹玉-XNY0271,2026-06-25 19:17:43
13673850488,CH-SC-低活-10093106199290-超级抢购-纸品-无-剪辑-转化引导-纸品-20260625-无-625-aigc-7,李虹玉-XNY0271,2026-06-25 19:17:49
13673850787,CH-SC-低活-10093106199290-超级抢购-纸品-无-剪辑-转化引导-纸品-20260625-无-625-aigc-5,李虹玉-XNY0271,2026-06-25 19:17:51
13673851638,CH-SC-低活-10093106199290-超级抢购-纸品-无-剪辑-转化引导-纸品-20260625-无-625-aigc-4,李虹玉-XNY0271,2026-06-25 19:17:57
13673852697,CH-SC-低活-10093106199290-超级抢购-纸品-无-剪辑-转化引导-纸品-20260625-无-625-aigc-9,李虹玉-XNY0271,2026-06-25 19:18:04
13673853135,CH-SC-低活-10093106199290-超级抢购-纸品-无-剪辑-转化引导-纸品-20260625-无-625-aigc-8,李虹玉-XNY0271,2026-06-25 19:18:07
13673853715,CH-SC-低活-10093106199290-超级抢购-纸品-无-剪辑-转化引导-纸品-20260625-无-625-aigc-1,李虹玉-XNY0271,2026-06-25 19:18:11
13673853726,CH-SC-低活-10093106199290-超级抢购-纸品-无-剪辑-转化引导-纸品-20260625-无-625-aigc-10,李虹玉-XNY0271,2026-06-25 19:18:11
13684850767,CH-SC-广义新-无-新10元话费券-10元话费券-京喜拉新-剪辑-转化引导-10元话费券-20260626-无-625-13,李虹玉-XNY0271,2026-06-26 18:33:54
13684852267,CH-SC-广义新-无-新10元话费券-10元话费券-京喜拉新-剪辑-转化引导-10元话费券-20260626-无-625-12,李虹玉-XNY0271,2026-06-26 18:33:59
13684853530,CH-SC-广义新-无-新10元话费券-10元话费券-京喜拉新-剪辑-转化引导-10元话费券-20260626-无-625-11,李虹玉-XNY0271,2026-06-26 18:34:04
13684856393,CH-SC-广义新-无-新10元话费券-10元话费券-京喜拉新-剪辑-转化引导-10元话费券-20260626-无-625-2,李虹玉-XNY0271,2026-06-26 18:34:14
13684856672,CH-SC-广义新-无-新10元话费券-10元话费券-京喜拉新-剪辑-转化引导-10元话费券-20260626-无-625-1,李虹玉-XNY0271,2026-06-26 18:34:15
13684857671,CH-SC-广义新-无-新10元话费券-10元话费券-京喜拉新-剪辑-转化引导-10元话费券-20260626-无-625-3,李虹玉-XNY0271,2026-06-26 18:34:19
13684858155,CH-SC-广义新-无-新10元话费券-10元话费券-京喜拉新-剪辑-转化引导-10元话费券-20260626-无-625-4,李虹玉-XNY0271,2026-06-26 18:34:20
13684860501,CH-SC-广义新-无-新10元话费券-10元话费券-京喜拉新-剪辑-转化引导-10元话费券-20260626-无-625-7,李虹玉-XNY0271,2026-06-26 18:34:30
13684860918,CH-SC-广义新-无-新10元话费券-10元话费券-京喜拉新-剪辑-转化引导-10元话费券-20260626-无-625-5,李虹玉-XNY0271,2026-06-26 18:34:31
13684860935,CH-SC-广义新-无-新10元话费券-10元话费券-京喜拉新-剪辑-转化引导-10元话费券-20260626-无-625-6,李虹玉-XNY0271,2026-06-26 18:34:31
13684863576,625-作废-29,李虹玉-XNY0271,2026-06-26 18:34:39
13684866190,625-作废-28,李虹玉-XNY0271,2026-06-26 18:34:47
13684866992,625-作废-27,李虹玉-XNY0271,2026-06-26 18:34:49
13684867438,625-作废-26,李虹玉-XNY0271,2026-06-26 18:34:50
13684872194,625-作废-23,李虹玉-XNY0271,2026-06-26 18:35:03
13684872211,625-作废-24,李虹玉-XNY0271,2026-06-26 18:35:03
13684872345,625-作废-25,李虹玉-XNY0271,2026-06-26 18:35:03
13684876538,625-作废-21,李虹玉-XNY0271,2026-06-26 18:35:17
13684876652,625-作废-22,李虹玉-XNY0271,2026-06-26 18:35:17
13684876910,625-作废-20,李虹玉-XNY0271,2026-06-26 18:35:18
13684880285,625-作废-18,李虹玉-XNY0271,2026-06-26 18:35:32
13684880357,625-作废-19,李虹玉-XNY0271,2026-06-26 18:35:32
13684880515,625-作废-17,李虹玉-XNY0271,2026-06-26 18:35:33
13684882427,CH-SC-低活-10150446326220-好价清单-厨具-无-剪辑-转化引导-厨具-20260626-无-625-aigc-2,李虹玉-XNY0271,2026-06-26 18:35:41
13684884925,CH-SC-低活-10150446326220-好价清单-厨具-无-剪辑-转化引导-厨具-20260626-无-625-aigc-5,李虹玉-XNY0271,2026-06-26 18:35:51
13684885358,CH-SC-低活-10150446326220-好价清单-厨具-无-剪辑-转化引导-厨具-20260626-无-625-aigc-4,李虹玉-XNY0271,2026-06-26 18:35:52
13684885426,CH-SC-低活-10150446326220-好价清单-厨具-无-剪辑-转化引导-厨具-20260626-无-625-aigc-3,李虹玉-XNY0271,2026-06-26 18:35:53
13684888019,CH-SC-低活-10150446326220-好价清单-厨具-无-剪辑-转化引导-厨具-20260626-无-625-aigc-6,李虹玉-XNY0271,2026-06-26 18:36:03
13684888088,CH-SC-低活-10150446326220-好价清单-厨具-无-剪辑-转化引导-厨具-20260626-无-625-aigc-7,李虹玉-XNY0271,2026-06-26 18:36:03
13684888623,CH-SC-低活-10150446326220-好价清单-厨具-无-剪辑-转化引导-厨具-20260626-无-625-aigc-8,李虹玉-XNY0271,2026-06-26 18:36:05
13684891590,CH-SC-低活-10113209119177-超级抢购-摩托车-无-剪辑-转化引导-摩托车-20260626-无-625-aigc-3,李虹玉-XNY0271,2026-06-26 18:36:17
13684892071,CH-SC-低活-10113209119177-超级抢购-摩托车-无-剪辑-转化引导-摩托车-20260626-无-625-aigc-2,李虹玉-XNY0271,2026-06-26 18:36:19
13684893657,CH-SC-低活-10113209119177-超级抢购-摩托车-无-剪辑-转化引导-摩托车-20260626-无-625-aigc-4,李虹玉-XNY0271,2026-06-26 18:36:25
13684894330,CH-SC-低活-10113209119177-超级抢购-摩托车-无-剪辑-转化引导-摩托车-20260626-无-625-aigc-6,李虹玉-XNY0271,2026-06-26 18:36:28
13684894906,CH-SC-低活-10113209119177-超级抢购-摩托车-无-剪辑-转化引导-摩托车-20260626-无-625-aigc-5,李虹玉-XNY0271,2026-06-26 18:36:30
13684897141,CH-SC-低活-10113209119177-超级抢购-摩托车-无-剪辑-转化引导-摩托车-20260626-无-625-aigc-9,李虹玉-XNY0271,2026-06-26 18:36:39
13684897264,CH-SC-低活-10113209119177-超级抢购-摩托车-无-剪辑-转化引导-摩托车-20260626-无-625-aigc-8,李虹玉-XNY0271,2026-06-26 18:36:40
13684897379,CH-SC-低活-10113209119177-超级抢购-摩托车-无-剪辑-转化引导-摩托车-20260626-无-625-aigc-7,李虹玉-XNY0271,2026-06-26 18:36:40
13684898089,625-作废-16,李虹玉-XNY0271,2026-06-26 18:36:43
13684898264,625-作废-15,李虹玉-XNY0271,2026-06-26 18:36:44
13684898401,625-作废-14,李虹玉-XNY0271,2026-06-26 18:36:45
13684898885,625-作废-13,李虹玉-XNY0271,2026-06-26 18:36:47
13684899089,625-作废-11,李虹玉-XNY0271,2026-06-26 18:36:48
13684899180,625-作废-12,李虹玉-XNY0271,2026-06-26 18:36:48
13684899636,625-作废-10,李虹玉-XNY0271,2026-06-26 18:36:50
13684899770,625-作废-9,李虹玉-XNY0271,2026-06-26 18:36:51
13684899985,625-作废-8,李虹玉-XNY0271,2026-06-26 18:36:52
13684900387,625-作废-7,李虹玉-XNY0271,2026-06-26 18:36:54
13684900696,625-作废-5,李虹玉-XNY0271,2026-06-26 18:36:55
13684900705,625-作废-6,李虹玉-XNY0271,2026-06-26 18:36:55
13684901132,625-作废-4,李虹玉-XNY0271,2026-06-26 18:36:57
13684901499,625-作废-3,李虹玉-XNY0271,2026-06-26 18:36:59
13684901621,CH-SC-低活-10113209119177-超级抢购-摩托车-无-剪辑-转化引导-摩托车-20260626-无-625-aigc-10,李虹玉-XNY0271,2026-06-26 18:36:59
13684902541,CH-SC-低活-10113209119177-超级抢购-摩托车-无-剪辑-转化引导-摩托车-20260626-无-625-aigc-11,李虹玉-XNY0271,2026-06-26 18:37:03
13684902878,CH-SC-低活-10113209119177-超级抢购-摩托车-无-剪辑-转化引导-摩托车-20260626-无-625-aigc-12,李虹玉-XNY0271,2026-06-26 18:37:04
13684903373,CH-SC-低活-10113209119177-超级抢购-摩托车-无-剪辑-转化引导-摩托车-20260626-无-625-aigc-14,李虹玉-XNY0271,2026-06-26 18:37:07
13684903748,CH-SC-低活-10113209119177-超级抢购-摩托车-无-剪辑-转化引导-摩托车-20260626-无-625-aigc-13,李虹玉-XNY0271,2026-06-26 18:37:08
13684903843,CH-SC-低活-10113209119177-超级抢购-摩托车-无-剪辑-转化引导-摩托车-20260626-无-625-aigc-15,李虹玉-XNY0271,2026-06-26 18:37:09
13684905039,CH-SC-低活-10113209119177-超级抢购-摩托车-无-剪辑-转化引导-摩托车-20260626-无-625-aigc-16,李虹玉-XNY0271,2026-06-26 18:37:14
13684905307,CH-SC-低活-10113209119177-超级抢购-摩托车-无-剪辑-转化引导-摩托车-20260626-无-625-aigc-17,李虹玉-XNY0271,2026-06-26 18:37:15
13684905542,CH-SC-低活-10113209119177-超级抢购-摩托车-无-剪辑-转化引导-摩托车-20260626-无-625-aigc-18,李虹玉-XNY0271,2026-06-26 18:37:16
13684906014,CH-SC-低活-10113209119177-超级抢购-摩托车-无-剪辑-转化引导-摩托车-20260626-无-625-aigc-1,李虹玉-XNY0271,2026-06-26 18:37:18
13684906493,CH-SC-低活-10150446326220-好价清单-厨具-无-剪辑-转化引导-厨具-20260626-无-625-aigc-9,李虹玉-XNY0271,2026-06-26 18:37:19
13684906805,CH-SC-低活-10150446326220-好价清单-厨具-无-剪辑-转化引导-厨具-20260626-无-625-aigc-10,李虹玉-XNY0271,2026-06-26 18:37:21
13684907572,CH-SC-低活-10150446326220-好价清单-厨具-无-剪辑-转化引导-厨具-20260626-无-625-aigc-12,李虹玉-XNY0271,2026-06-26 18:37:23
13684908249,CH-SC-低活-10150446326220-好价清单-厨具-无-剪辑-转化引导-厨具-20260626-无-625-aigc-11,李虹玉-XNY0271,2026-06-26 18:37:25
13684908407,CH-SC-低活-10150446326220-好价清单-厨具-无-剪辑-转化引导-厨具-20260626-无-625-aigc-1,李虹玉-XNY0271,2026-06-26 18:37:26
13684910588,625-作废-1,李虹玉-XNY0271,2026-06-26 18:37:32
13684910629,625-作废-2,李虹玉-XNY0271,2026-06-26 18:37:32
13684911150,625-作废,李虹玉-XNY0271,2026-06-26 18:37:33
13684912089,CH-SC-广义新-无-新10元话费券-10元话费券-京喜拉新-剪辑-转化引导-10元话费券-20260626-无-625-9,李虹玉-XNY0271,2026-06-26 18:37:36
13684912102,CH-SC-广义新-无-新10元话费券-10元话费券-京喜拉新-剪辑-转化引导-10元话费券-20260626-无-625-8,李虹玉-XNY0271,2026-06-26 18:37:36
13684912714,CH-SC-广义新-无-新10元话费券-10元话费券-京喜拉新-剪辑-转化引导-10元话费券-20260626-无-625-10,李虹玉-XNY0271,2026-06-26 18:37:38
13685095472,CH-SC-低活-10140162082900-超级抢购加补-厨具-无-剪辑-转化引导-厨具-20260626-无-625-2,李虹玉-XNY0271,2026-06-26 18:52:07
13685097007,CH-SC-低活-10140162082900-超级抢购加补-厨具-无-剪辑-转化引导-厨具-20260626-无-625-4,李虹玉-XNY0271,2026-06-26 18:52:14
13685097337,CH-SC-低活-10140162082900-超级抢购加补-厨具-无-剪辑-转化引导-厨具-20260626-无-625-3,李虹玉-XNY0271,2026-06-26 18:52:15
13685097593,CH-SC-低活-10140162082900-超级抢购加补-厨具-无-剪辑-转化引导-厨具-20260626-无-625-5,李虹玉-XNY0271,2026-06-26 18:52:17
13685098528,CH-SC-低活-10140162082900-超级抢购加补-厨具-无-剪辑-转化引导-厨具-20260626-无-625-6,李虹玉-XNY0271,2026-06-26 18:52:21
13685099299,CH-SC-低活-10140162082900-超级抢购加补-厨具-无-剪辑-转化引导-厨具-20260626-无-625-7,李虹玉-XNY0271,2026-06-26 18:52:25
13685099745,CH-SC-低活-10140162082900-超级抢购加补-厨具-无-剪辑-转化引导-厨具-20260626-无-625-9,李虹玉-XNY0271,2026-06-26 18:52:27
13685100716,CH-SC-低活-10140162082900-超级抢购加补-厨具-无-剪辑-转化引导-厨具-20260626-无-625-10,李虹玉-XNY0271,2026-06-26 18:52:31
13685100812,CH-SC-低活-10140162082900-超级抢购加补-厨具-无-剪辑-转化引导-厨具-20260626-无-625-8,李虹玉-XNY0271,2026-06-26 18:52:31
13685101875,CH-SC-低活-10140162082900-超级抢购加补-厨具-无-剪辑-转化引导-厨具-20260626-无-625-11,李虹玉-XNY0271,2026-06-26 18:52:36
13685102008,CH-SC-低活-10140162082900-超级抢购加补-厨具-无-剪辑-转化引导-厨具-20260626-无-625-12,李虹玉-XNY0271,2026-06-26 18:52:36
13685103567,CH-SC-低活-10140162082900-超级抢购加补-厨具-无-剪辑-转化引导-厨具-20260626-无-625-13,李虹玉-XNY0271,2026-06-26 18:52:43
13685104407,CH-SC-低活-10140162082900-超级抢购加补-厨具-无-剪辑-转化引导-厨具-20260626-无-625-14,李虹玉-XNY0271,2026-06-26 18:52:46
13685104422,CH-SC-低活-10140162082900-超级抢购加补-厨具-无-剪辑-转化引导-厨具-20260626-无-625-1,李虹玉-XNY0271,2026-06-26 18:52:47
13685266465,CH-SC-低活-10220560400432-超级抢购加补-生活日用-无-剪辑-转化引导-生活日用-20260626-无-625-aigc-7,李虹玉-XNY0271,2026-06-26 19:05:00
13685267417,CH-SC-低活-10220560400432-超级抢购加补-生活日用-无-剪辑-转化引导-生活日用-20260626-无-625-aigc-10,李虹玉-XNY0271,2026-06-26 19:05:05
13685267585,CH-SC-低活-10220560400432-超级抢购加补-生活日用-无-剪辑-转化引导-生活日用-20260626-无-625-aigc-8,李虹玉-XNY0271,2026-06-26 19:05:06
13685268386,CH-SC-低活-10220560400432-超级抢购加补-生活日用-无-剪辑-转化引导-生活日用-20260626-无-625-aigc-11,李虹玉-XNY0271,2026-06-26 19:05:10
13685268587,CH-SC-低活-10220560400432-超级抢购加补-生活日用-无-剪辑-转化引导-生活日用-20260626-无-625-aigc-9,李虹玉-XNY0271,2026-06-26 19:05:11
13685269007,CH-SC-低活-10220560400432-超级抢购加补-生活日用-无-剪辑-转化引导-生活日用-20260626-无-625-aigc-12,李虹玉-XNY0271,2026-06-26 19:05:13
13685269854,CH-SC-低活-10220560400432-超级抢购加补-生活日用-无-剪辑-转化引导-生活日用-20260626-无-625-aigc-15,李虹玉-XNY0271,2026-06-26 19:05:17
13685269945,CH-SC-低活-10220560400432-超级抢购加补-生活日用-无-剪辑-转化引导-生活日用-20260626-无-625-aigc-13,李虹玉-XNY0271,2026-06-26 19:05:17
13685270209,CH-SC-低活-10220560400432-超级抢购加补-生活日用-无-剪辑-转化引导-生活日用-20260626-无-625-aigc-14,李虹玉-XNY0271,2026-06-26 19:05:19
13685271253,CH-SC-低活-10220560400432-超级抢购加补-生活日用-无-剪辑-转化引导-生活日用-20260626-无-625-aigc-3,李虹玉-XNY0271,2026-06-26 19:05:24
13685271405,CH-SC-低活-10220560400432-超级抢购加补-生活日用-无-剪辑-转化引导-生活日用-20260626-无-625-aigc-1,李虹玉-XNY0271,2026-06-26 19:05:24
13685271545,CH-SC-低活-10220560400432-超级抢购加补-生活日用-无-剪辑-转化引导-生活日用-20260626-无-625-aigc-2,李虹玉-XNY0271,2026-06-26 19:05:25
13685272306,CH-SC-低活-10220560400432-超级抢购加补-生活日用-无-剪辑-转化引导-生活日用-20260626-无-625-aigc-4,李虹玉-XNY0271,2026-06-26 19:05:29
13685273042,CH-SC-低活-10220560400432-超级抢购加补-生活日用-无-剪辑-转化引导-生活日用-20260626-无-625-aigc-6,李虹玉-XNY0271,2026-06-26 19:05:32
13685273186,CH-SC-低活-10220560400432-超级抢购加补-生活日用-无-剪辑-转化引导-生活日用-20260626-无-625-aigc-5,李虹玉-XNY0271,2026-06-26 19:05:33
13719127978,CH-SC-广义新-10130866966155-新综合频道-服饰内衣-京喜拉新-剪辑-转化引导-服饰内衣-20260629-无-625-aigc-3,李虹玉-XNY0271,2026-06-30 21:03:10
13719128160,CH-SC-广义新-10130866966155-新综合频道-服饰内衣-京喜拉新-剪辑-转化引导-服饰内衣-20260629-无-625-aigc-4,李虹玉-XNY0271,2026-06-30 21:03:12
13719128579,CH-SC-广义新-10130866966155-新综合频道-服饰内衣-京喜拉新-剪辑-转化引导-服饰内衣-20260629-无-625-aigc-5,李虹玉-XNY0271,2026-06-30 21:03:17
13719128591,CH-SC-广义新-10130866966155-新综合频道-服饰内衣-京喜拉新-剪辑-转化引导-服饰内衣-20260629-无-625-aigc-2,李虹玉-XNY0271,2026-06-30 21:03:18
13719129077,CH-SC-广义新-10130866966155-新综合频道-服饰内衣-京喜拉新-剪辑-转化引导-服饰内衣-20260629-无-625-aigc-6,李虹玉-XNY0271,2026-06-30 21:03:24
13719129393,CH-SC-广义新-10130866966155-新综合频道-服饰内衣-京喜拉新-剪辑-转化引导-服饰内衣-20260629-无-625-aigc-7,李虹玉-XNY0271,2026-06-30 21:03:29
13719129557,CH-SC-广义新-10130866966155-新综合频道-服饰内衣-京喜拉新-剪辑-转化引导-服饰内衣-20260629-无-625-aigc-8,李虹玉-XNY0271,2026-06-30 21:03:32
13719129907,CH-SC-广义新-10130866966155-新综合频道-服饰内衣-京喜拉新-剪辑-转化引导-服饰内衣-20260629-无-625-aigc-10,李虹玉-XNY0271,2026-06-30 21:03:37
13719130093,CH-SC-广义新-10130866966155-新综合频道-服饰内衣-京喜拉新-剪辑-转化引导-服饰内衣-20260629-无-625-aigc-9,李虹玉-XNY0271,2026-06-30 21:03:40
13719130258,CH-SC-广义新-10130866966155-新综合频道-服饰内衣-京喜拉新-剪辑-转化引导-服饰内衣-20260629-无-625-aigc-1,李虹玉-XNY0271,2026-06-30 21:03:43
13722915237,CH-SC-低活-10156923061370-超级抢购加补-数码-无-剪辑-转化引导-数码-20260629-无-625-aigc-10,李虹玉-XNY0271,2026-07-01 12:19:17
13722915364,CH-SC-低活-10156923061370-超级抢购加补-数码-无-剪辑-转化引导-数码-20260629-无-625-aigc-12,李虹玉-XNY0271,2026-07-01 12:19:18
13722915378,CH-SC-低活-10156923061370-超级抢购加补-数码-无-剪辑-转化引导-数码-20260629-无-625-aigc-11,李虹玉-XNY0271,2026-07-01 12:19:18
13722915633,CH-SC-低活-10156923061370-超级抢购加补-数码-无-剪辑-转化引导-数码-20260629-无-625-aigc-1,李虹玉-XNY0271,2026-07-01 12:19:20
13722915761,CH-SC-低活-10156923061370-超级抢购加补-数码-无-剪辑-转化引导-数码-20260629-无-625-aigc-2,李虹玉-XNY0271,2026-07-01 12:19:22
13722915791,CH-SC-低活-10156923061370-超级抢购加补-数码-无-剪辑-转化引导-数码-20260629-无-625-aigc-3,李虹玉-XNY0271,2026-07-01 12:19:22
13722915976,CH-SC-低活-10156923061370-超级抢购加补-数码-无-剪辑-转化引导-数码-20260629-无-625-aigc-4,李虹玉-XNY0271,2026-07-01 12:19:24
13722916079,CH-SC-低活-10156923061370-超级抢购加补-数码-无-剪辑-转化引导-数码-20260629-无-625-aigc-5,李虹玉-XNY0271,2026-07-01 12:19:25
13722916135,CH-SC-低活-10156923061370-超级抢购加补-数码-无-剪辑-转化引导-数码-20260629-无-625-aigc-6,李虹玉-XNY0271,2026-07-01 12:19:25
13722916386,CH-SC-低活-10156923061370-超级抢购加补-数码-无-剪辑-转化引导-数码-20260629-无-625-aigc-7,李虹玉-XNY0271,2026-07-01 12:19:27
13722916475,CH-SC-低活-10156923061370-超级抢购加补-数码-无-剪辑-转化引导-数码-20260629-无-625-aigc-8,李虹玉-XNY0271,2026-07-01 12:19:28
13722916543,CH-SC-低活-10156923061370-超级抢购加补-数码-无-剪辑-转化引导-数码-20260629-无-625-aigc-9,李虹玉-XNY0271,2026-07-01 12:19:29
13722916801,CH-SC-低活-10121469593113-超级抢购加补-生活日用-无-剪辑-转化引导-生活日用-20260629-无-625-16,李虹玉-XNY0271,2026-07-01 12:19:31
13722916894,CH-SC-低活-10121469593113-超级抢购加补-生活日用-无-剪辑-转化引导-生活日用-20260629-无-625-17,李虹玉-XNY0271,2026-07-01 12:19:32
13722916927,CH-SC-低活-10121469593113-超级抢购加补-生活日用-无-剪辑-转化引导-生活日用-20260629-无-625-18,李虹玉-XNY0271,2026-07-01 12:19:33
13722917100,CH-SC-低活-10121469593113-超级抢购加补-生活日用-无-剪辑-转化引导-生活日用-20260629-无-625-1,李虹玉-XNY0271,2026-07-01 12:19:34
13722917197,CH-SC-低活-10121469593113-超级抢购加补-生活日用-无-剪辑-转化引导-生活日用-20260629-无-625-2,李虹玉-XNY0271,2026-07-01 12:19:35
13722917261,CH-SC-低活-10121469593113-超级抢购加补-生活日用-无-剪辑-转化引导-生活日用-20260629-无-625-3,李虹玉-XNY0271,2026-07-01 12:19:36
13722917666,CH-SC-低活-10220560400432-超级抢购加补-生活日用-无-剪辑-转化引导-生活日用-20260629-无-625-aigc-10,李虹玉-XNY0271,2026-07-01 12:19:40
13722917815,CH-SC-低活-10220560400432-超级抢购加补-生活日用-无-剪辑-转化引导-生活日用-20260629-无-625-aigc-12,李虹玉-XNY0271,2026-07-01 12:19:41
13722917983,CH-SC-低活-10220560400432-超级抢购加补-生活日用-无-剪辑-转化引导-生活日用-20260629-无-625-aigc-11,李虹玉-XNY0271,2026-07-01 12:19:43
13722918174,CH-SC-低活-10220560400432-超级抢购加补-生活日用-无-剪辑-转化引导-生活日用-20260629-无-625-aigc-13,李虹玉-XNY0271,2026-07-01 12:19:44
13722918343,CH-SC-低活-10220560400432-超级抢购加补-生活日用-无-剪辑-转化引导-生活日用-20260629-无-625-aigc-14,李虹玉-XNY0271,2026-07-01 12:19:46
13722918495,CH-SC-低活-10220560400432-超级抢购加补-生活日用-无-剪辑-转化引导-生活日用-20260629-无-625-aigc-1,李虹玉-XNY0271,2026-07-01 12:19:48
13722918680,CH-SC-低活-10220560400432-超级抢购加补-生活日用-无-剪辑-转化引导-生活日用-20260629-无-625-aigc-2,李虹玉-XNY0271,2026-07-01 12:19:49
13722918826,CH-SC-低活-10220560400432-超级抢购加补-生活日用-无-剪辑-转化引导-生活日用-20260629-无-625-aigc-3,李虹玉-XNY0271,2026-07-01 12:19:51
13722919113,CH-SC-低活-10220560400432-超级抢购加补-生活日用-无-剪辑-转化引导-生活日用-20260629-无-625-aigc-4,李虹玉-XNY0271,2026-07-01 12:19:54
13722919375,CH-SC-低活-10220560400432-超级抢购加补-生活日用-无-剪辑-转化引导-生活日用-20260629-无-625-aigc-5,李虹玉-XNY0271,2026-07-01 12:19:56
13722919477,CH-SC-低活-10220560400432-超级抢购加补-生活日用-无-剪辑-转化引导-生活日用-20260629-无-625-aigc-6,李虹玉-XNY0271,2026-07-01 12:19:57
13722919792,CH-SC-低活-10220560400432-超级抢购加补-生活日用-无-剪辑-转化引导-生活日用-20260629-无-625-aigc-7,李虹玉-XNY0271,2026-07-01 12:20:00
13722920074,CH-SC-低活-10220560400432-超级抢购加补-生活日用-无-剪辑-转化引导-生活日用-20260629-无-625-aigc-8,李虹玉-XNY0271,2026-07-01 12:20:02
13722920398,CH-SC-低活-10220560400432-超级抢购加补-生活日用-无-剪辑-转化引导-生活日用-20260629-无-625-aigc-9,李虹玉-XNY0271,2026-07-01 12:20:05
13722920466,CH-SC-低活-10121469593113-超级抢购加补-生活日用-无-剪辑-转化引导-生活日用-20260629-无-625-4,李虹玉-XNY0271,2026-07-01 12:20:06
13722920913,CH-SC-低活-10121469593113-超级抢购加补-生活日用-无-剪辑-转化引导-生活日用-20260629-无-625-5,李虹玉-XNY0271,2026-07-01 12:20:09
13722921120,CH-SC-低活-10121469593113-超级抢购加补-生活日用-无-剪辑-转化引导-生活日用-20260629-无-625-6,李虹玉-XNY0271,2026-07-01 12:20:11
13722921133,CH-SC-低活-10121469593113-超级抢购加补-生活日用-无-剪辑-转化引导-生活日用-20260629-无-625-7,李虹玉-XNY0271,2026-07-01 12:20:11
13722921640,CH-SC-低活-10121469593113-超级抢购加补-生活日用-无-剪辑-转化引导-生活日用-20260629-无-625-8,李虹玉-XNY0271,2026-07-01 12:20:16
13722921712,CH-SC-低活-10121469593113-超级抢购加补-生活日用-无-剪辑-转化引导-生活日用-20260629-无-625-10,李虹玉-XNY0271,2026-07-01 12:20:17
13722921947,CH-SC-低活-10121469593113-超级抢购加补-生活日用-无-剪辑-转化引导-生活日用-20260629-无-625-9,李虹玉-XNY0271,2026-07-01 12:20:19
13722922323,CH-SC-低活-10121469593113-超级抢购加补-生活日用-无-剪辑-转化引导-生活日用-20260629-无-625-12,李虹玉-XNY0271,2026-07-01 12:20:23
13722922327,CH-SC-低活-10121469593113-超级抢购加补-生活日用-无-剪辑-转化引导-生活日用-20260629-无-625-11,李虹玉-XNY0271,2026-07-01 12:20:23
13722922621,CH-SC-低活-10121469593113-超级抢购加补-生活日用-无-剪辑-转化引导-生活日用-20260629-无-625-13,李虹玉-XNY0271,2026-07-01 12:20:26
13722922938,CH-SC-低活-10121469593113-超级抢购加补-生活日用-无-剪辑-转化引导-生活日用-20260629-无-625-15,李虹玉-XNY0271,2026-07-01 12:20:29
13722922973,CH-SC-低活-10121469593113-超级抢购加补-生活日用-无-剪辑-转化引导-生活日用-20260629-无-625-14,李虹玉-XNY0271,2026-07-01 12:20:29
13722923244,CH-SC-低活-10147800266661-超级抢购加补-家庭清洁-无-剪辑-转化引导-家庭清洁-20260629-无-625-aigc-6,李虹玉-XNY0271,2026-07-01 12:20:31
13722923522,CH-SC-低活-10147800266661-超级抢购加补-家庭清洁-无-剪辑-转化引导-家庭清洁-20260629-无-625-aigc-7,李虹玉-XNY0271,2026-07-01 12:20:34
13722923532,CH-SC-低活-10147800266661-超级抢购加补-家庭清洁-无-剪辑-转化引导-家庭清洁-20260629-无-625-aigc-8,李虹玉-XNY0271,2026-07-01 12:20:34
13722923849,CH-SC-低活-10147800266661-超级抢购加补-家庭清洁-无-剪辑-转化引导-家庭清洁-20260629-无-625-aigc-9,李虹玉-XNY0271,2026-07-01 12:20:37
13722924051,CH-SC-低活-10147800266661-超级抢购加补-家庭清洁-无-剪辑-转化引导-家庭清洁-20260629-无-625-aigc-10,李虹玉-XNY0271,2026-07-01 12:20:39
13722924126,CH-SC-低活-10147800266661-超级抢购加补-家庭清洁-无-剪辑-转化引导-家庭清洁-20260629-无-625-aigc-1,李虹玉-XNY0271,2026-07-01 12:20:40
13722924348,CH-SC-低活-10147800266661-超级抢购加补-家庭清洁-无-剪辑-转化引导-家庭清洁-20260629-无-625-aigc-2,李虹玉-XNY0271,2026-07-01 12:20:42
13722924570,CH-SC-低活-10147800266661-超级抢购加补-家庭清洁-无-剪辑-转化引导-家庭清洁-20260629-无-625-aigc-3,李虹玉-XNY0271,2026-07-01 12:20:44
13722924605,CH-SC-低活-10147800266661-超级抢购加补-家庭清洁-无-剪辑-转化引导-家庭清洁-20260629-无-625-aigc-4,李虹玉-XNY0271,2026-07-01 12:20:44
13722924873,CH-SC-低活-10147800266661-超级抢购加补-家庭清洁-无-剪辑-转化引导-家庭清洁-20260629-无-625-aigc-5,李虹玉-XNY0271,2026-07-01 12:20:47
13722925053,CH-SC-低活-10118706992345-超级抢购加补-纸品-无-剪辑-转化引导-纸品-20260629-无-625-aigc-9,李虹玉-XNY0271,2026-07-01 12:20:48
13722925111,CH-SC-低活-10118706992345-超级抢购加补-纸品-无-剪辑-转化引导-纸品-20260629-无-625-aigc-10,李虹玉-XNY0271,2026-07-01 12:20:49
13722925364,CH-SC-低活-10118706992345-超级抢购加补-纸品-无-剪辑-转化引导-纸品-20260629-无-625-aigc-11,李虹玉-XNY0271,2026-07-01 12:20:52
13722925511,CH-SC-低活-10118706992345-超级抢购加补-纸品-无-剪辑-转化引导-纸品-20260629-无-625-aigc-12,李虹玉-XNY0271,2026-07-01 12:20:53
13722925668,CH-SC-低活-10118706992345-超级抢购加补-纸品-无-剪辑-转化引导-纸品-20260629-无-625-aigc-13,李虹玉-XNY0271,2026-07-01 12:20:55
13722925846,CH-SC-低活-10118706992345-超级抢购加补-纸品-无-剪辑-转化引导-纸品-20260629-无-625-aigc-14,李虹玉-XNY0271,2026-07-01 12:20:57
13722925921,CH-SC-低活-10118706992345-超级抢购加补-纸品-无-剪辑-转化引导-纸品-20260629-无-625-aigc-15,李虹玉-XNY0271,2026-07-01 12:20:57
13722926118,CH-SC-低活-10118706992345-超级抢购加补-纸品-无-剪辑-转化引导-纸品-20260629-无-625-aigc-16,李虹玉-XNY0271,2026-07-01 12:20:59
13722926269,CH-SC-低活-10118706992345-超级抢购加补-纸品-无-剪辑-转化引导-纸品-20260629-无-625-aigc-17,李虹玉-XNY0271,2026-07-01 12:21:01
13722926310,CH-SC-低活-10118706992345-超级抢购加补-纸品-无-剪辑-转化引导-纸品-20260629-无-625-aigc-18,李虹玉-XNY0271,2026-07-01 12:21:01
13722926601,CH-SC-低活-10118706992345-超级抢购加补-纸品-无-剪辑-转化引导-纸品-20260629-无-625-aigc-1,李虹玉-XNY0271,2026-07-01 12:21:04
13722926690,CH-SC-低活-10118706992345-超级抢购加补-纸品-无-剪辑-转化引导-纸品-20260629-无-625-aigc-3,李虹玉-XNY0271,2026-07-01 12:21:05
13722926709,CH-SC-低活-10118706992345-超级抢购加补-纸品-无-剪辑-转化引导-纸品-20260629-无-625-aigc-2,李虹玉-XNY0271,2026-07-01 12:21:05
13722927047,CH-SC-低活-10118706992345-超级抢购加补-纸品-无-剪辑-转化引导-纸品-20260629-无-625-aigc-4,李虹玉-XNY0271,2026-07-01 12:21:08
13722927139,CH-SC-低活-10118706992345-超级抢购加补-纸品-无-剪辑-转化引导-纸品-20260629-无-625-aigc-5,李虹玉-XNY0271,2026-07-01 12:21:09
13722927177,CH-SC-低活-10118706992345-超级抢购加补-纸品-无-剪辑-转化引导-纸品-20260629-无-625-aigc-6,李虹玉-XNY0271,2026-07-01 12:21:09
13722927412,CH-SC-低活-10118706992345-超级抢购加补-纸品-无-剪辑-转化引导-纸品-20260629-无-625-aigc-7,李虹玉-XNY0271,2026-07-01 12:21:12
13722927439,CH-SC-低活-10118706992345-超级抢购加补-纸品-无-剪辑-转化引导-纸品-20260629-无-625-aigc-8,李虹玉-XNY0271,2026-07-01 12:21:12
13731644877,CH-SC-广义新-10139440032542-新综合频道-运动户外-京喜拉新-剪辑-转化引导-运动户外-20260630-无-625-aigc-7,李虹玉-XNY0271,2026-07-02 09:54:19
13731644953,CH-SC-广义新-10139440032542-新综合频道-运动户外-京喜拉新-剪辑-转化引导-运动户外-20260630-无-625-aigc-8,李虹玉-XNY0271,2026-07-02 09:54:19
13731645684,CH-SC-广义新-10139440032542-新综合频道-运动户外-京喜拉新-剪辑-转化引导-运动户外-20260630-无-625-aigc-6,李虹玉-XNY0271,2026-07-02 09:54:22
13731646004,CH-SC-广义新-10139440032542-新综合频道-运动户外-京喜拉新-剪辑-转化引导-运动户外-20260630-无-625-aigc-10,李虹玉-XNY0271,2026-07-02 09:54:24
13731646677,CH-SC-广义新-10139440032542-新综合频道-运动户外-京喜拉新-剪辑-转化引导-运动户外-20260630-无-625-aigc-1,李虹玉-XNY0271,2026-07-02 09:54:26
13731646942,CH-SC-广义新-10139440032542-新综合频道-运动户外-京喜拉新-剪辑-转化引导-运动户外-20260630-无-625-aigc-9,李虹玉-XNY0271,2026-07-02 09:54:27
13731647838,CH-SC-广义新-10139440032542-新综合频道-运动户外-京喜拉新-剪辑-转化引导-运动户外-20260630-无-625-aigc-3,李虹玉-XNY0271,2026-07-02 09:54:31
13731648259,CH-SC-广义新-10139440032542-新综合频道-运动户外-京喜拉新-剪辑-转化引导-运动户外-20260630-无-625-aigc-4,李虹玉-XNY0271,2026-07-02 09:54:33
13731648525,CH-SC-广义新-10139440032542-新综合频道-运动户外-京喜拉新-剪辑-转化引导-运动户外-20260630-无-625-aigc-2,李虹玉-XNY0271,2026-07-02 09:54:34
13731648868,CH-SC-广义新-10139440032542-新综合频道-运动户外-京喜拉新-剪辑-转化引导-运动户外-20260630-无-625-aigc-5,李虹玉-XNY0271,2026-07-02 09:54:35
13731655868,CH-SC-广义新-10103971298079-新综合频道-家具-京喜拉新-剪辑-转化引导-家具-20260630-反向-625-13,李虹玉-XNY0271,2026-07-02 09:55:03
13731655884,CH-SC-广义新-10103971298079-新综合频道-家具-京喜拉新-剪辑-转化引导-家具-20260630-反向-625-12,李虹玉-XNY0271,2026-07-02 09:55:03
13731656219,CH-SC-广义新-10103971298079-新综合频道-家具-京喜拉新-剪辑-转化引导-家具-20260630-反向-625-14,李虹玉-XNY0271,2026-07-02 09:55:04
13731657139,CH-SC-广义新-10103971298079-新综合频道-家具-京喜拉新-剪辑-转化引导-家具-20260630-反向-625-16,李虹玉-XNY0271,2026-07-02 09:55:08
13731657231,CH-SC-广义新-10103971298079-新综合频道-家具-京喜拉新-剪辑-转化引导-家具-20260630-反向-625-15,李虹玉-XNY0271,2026-07-02 09:55:08
13731657291,CH-SC-广义新-10103971298079-新综合频道-家具-京喜拉新-剪辑-转化引导-家具-20260630-反向-625-17,李虹玉-XNY0271,2026-07-02 09:55:08
13731658321,CH-SC-广义新-10103971298079-新综合频道-家具-京喜拉新-剪辑-转化引导-家具-20260630-反向-625-18,李虹玉-XNY0271,2026-07-02 09:55:12
13731658362,CH-SC-广义新-10103971298079-新综合频道-家具-京喜拉新-剪辑-转化引导-家具-20260630-反向-625-19,李虹玉-XNY0271,2026-07-02 09:55:12
13731658537,CH-SC-广义新-10103971298079-新综合频道-家具-京喜拉新-剪辑-转化引导-家具-20260630-反向-625-20,李虹玉-XNY0271,2026-07-02 09:55:13
13731659463,CH-SC-广义新-10103971298079-新综合频道-家具-京喜拉新-剪辑-转化引导-家具-20260630-反向-625-1,李虹玉-XNY0271,2026-07-02 09:55:16
13731659493,CH-SC-广义新-10103971298079-新综合频道-家具-京喜拉新-剪辑-转化引导-家具-20260630-反向-625-2,李虹玉-XNY0271,2026-07-02 09:55:17
13731659791,CH-SC-广义新-10103971298079-新综合频道-家具-京喜拉新-剪辑-转化引导-家具-20260630-反向-625-21,李虹玉-XNY0271,2026-07-02 09:55:18
13731660267,CH-SC-广义新-10103971298079-新综合频道-家具-京喜拉新-剪辑-转化引导-家具-20260630-反向-625-3,李虹玉-XNY0271,2026-07-02 09:55:20
13731660352,CH-SC-广义新-10103971298079-新综合频道-家具-京喜拉新-剪辑-转化引导-家具-20260630-反向-625-4,李虹玉-XNY0271,2026-07-02 09:55:20
13731660821,CH-SC-广义新-10103971298079-新综合频道-家具-京喜拉新-剪辑-转化引导-家具-20260630-反向-625-5,李虹玉-XNY0271,2026-07-02 09:55:22
13731661138,CH-SC-广义新-10103971298079-新综合频道-家具-京喜拉新-剪辑-转化引导-家具-20260630-反向-625-6,李虹玉-XNY0271,2026-07-02 09:55:23
13731661171,CH-SC-广义新-10103971298079-新综合频道-家具-京喜拉新-剪辑-转化引导-家具-20260630-反向-625-7,李虹玉-XNY0271,2026-07-02 09:55:23
13731661880,CH-SC-广义新-10103971298079-新综合频道-家具-京喜拉新-剪辑-转化引导-家具-20260630-反向-625-8,李虹玉-XNY0271,2026-07-02 09:55:27
13731662146,CH-SC-广义新-10103971298079-新综合频道-家具-京喜拉新-剪辑-转化引导-家具-20260630-反向-625-10,李虹玉-XNY0271,2026-07-02 09:55:28
13731662859,CH-SC-广义新-10103971298079-新综合频道-家具-京喜拉新-剪辑-转化引导-家具-20260630-反向-625-11,李虹玉-XNY0271,2026-07-02 09:55:30
13731663097,CH-SC-广义新-10103971298079-新综合频道-家具-京喜拉新-剪辑-转化引导-家具-20260630-反向-625-9,李虹玉-XNY0271,2026-07-02 09:55:31
13746134030,CH-SC-低活-10154156974144-超级抢购-厨具-无-剪辑-转化引导-厨具-20260701-无-625-aigc-13,李虹玉-XNY0271,2026-07-03 13:41:20
13746135132,CH-SC-低活-10154156974144-超级抢购-厨具-无-剪辑-转化引导-厨具-20260701-无-625-aigc-12,李虹玉-XNY0271,2026-07-03 13:41:24
13746135517,CH-SC-低活-10154156974144-超级抢购-厨具-无-剪辑-转化引导-厨具-20260701-无-625-aigc-11,李虹玉-XNY0271,2026-07-03 13:41:26
13746139217,CH-SC-低活-10154156974144-超级抢购-厨具-无-剪辑-转化引导-厨具-20260701-无-625-aigc-14,李虹玉-XNY0271,2026-07-03 13:41:37
13746139362,CH-SC-低活-10154156974144-超级抢购-厨具-无-剪辑-转化引导-厨具-20260701-无-625-aigc-16,李虹玉-XNY0271,2026-07-03 13:41:37
13746139900,CH-SC-低活-10154156974144-超级抢购-厨具-无-剪辑-转化引导-厨具-20260701-无-625-aigc-15,李虹玉-XNY0271,2026-07-03 13:41:39
13746143935,CH-SC-低活-10154156974144-超级抢购-厨具-无-剪辑-转化引导-厨具-20260701-无-625-aigc-18,李虹玉-XNY0271,2026-07-03 13:41:51
13746145049,CH-SC-低活-10154156974144-超级抢购-厨具-无-剪辑-转化引导-厨具-20260701-无-625-aigc-17,李虹玉-XNY0271,2026-07-03 13:41:54
13746147151,CH-SC-低活-10136559560331-超级抢购-厨具-无-剪辑-转化引导-厨具-20260701-无-625-aigc-5,李虹玉-XNY0271,2026-07-03 13:42:00
13746148315,CH-SC-低活-10136559560331-超级抢购-厨具-无-剪辑-转化引导-厨具-20260701-无-625-aigc-6,李虹玉-XNY0271,2026-07-03 13:42:04
13746149744,CH-SC-低活-10136559560331-超级抢购-厨具-无-剪辑-转化引导-厨具-20260701-无-625-aigc-7,李虹玉-XNY0271,2026-07-03 13:42:08
13746151090,CH-SC-低活-10154156974144-超级抢购-厨具-无-剪辑-转化引导-厨具-20260701-无-625-aigc-1,李虹玉-XNY0271,2026-07-03 13:42:12
13746153552,CH-SC-低活-10136559560331-超级抢购-厨具-无-剪辑-转化引导-厨具-20260701-无-625-aigc-10,李虹玉-XNY0271,2026-07-03 13:42:19
13746154452,CH-SC-低活-10136559560331-超级抢购-厨具-无-剪辑-转化引导-厨具-20260701-无-625-aigc-8,李虹玉-XNY0271,2026-07-03 13:42:21
13746154656,CH-SC-低活-10136559560331-超级抢购-厨具-无-剪辑-转化引导-厨具-20260701-无-625-aigc-1,李虹玉-XNY0271,2026-07-03 13:42:22
13746156409,CH-SC-低活-10100644668875-超级抢购加补-汽车用品-无-剪辑-转化引导-汽车用品-20260701-无-625-aigc-14,李虹玉-XNY0271,2026-07-03 13:42:27
13746159370,CH-SC-低活-10100644668875-超级抢购加补-汽车用品-无-剪辑-转化引导-汽车用品-20260701-无-625-aigc-16,李虹玉-XNY0271,2026-07-03 13:42:35
13746160038,CH-SC-低活-10100644668875-超级抢购加补-汽车用品-无-剪辑-转化引导-汽车用品-20260701-无-625-aigc-15,李虹玉-XNY0271,2026-07-03 13:42:38
13746160729,CH-SC-低活-10100644668875-超级抢购加补-汽车用品-无-剪辑-转化引导-汽车用品-20260701-无-625-aigc-17,李虹玉-XNY0271,2026-07-03 13:42:40
13746165166,CH-SC-低活-10100644668875-超级抢购加补-汽车用品-无-剪辑-转化引导-汽车用品-20260701-无-625-aigc-2,李虹玉-XNY0271,2026-07-03 13:42:53
13746165522,CH-SC-低活-10100644668875-超级抢购加补-汽车用品-无-剪辑-转化引导-汽车用品-20260701-无-625-aigc-18,李虹玉-XNY0271,2026-07-03 13:42:54
13746166232,CH-SC-低活-10100644668875-超级抢购加补-汽车用品-无-剪辑-转化引导-汽车用品-20260701-无-625-aigc-1,李虹玉-XNY0271,2026-07-03 13:42:56
13746169335,CH-SC-低活-10100644668875-超级抢购加补-汽车用品-无-剪辑-转化引导-汽车用品-20260701-无-625-aigc-4,李虹玉-XNY0271,2026-07-03 13:43:05
13746170188,CH-SC-低活-10100644668875-超级抢购加补-汽车用品-无-剪辑-转化引导-汽车用品-20260701-无-625-aigc-3,李虹玉-XNY0271,2026-07-03 13:43:07
13746172103,CH-SC-低活-10100644668875-超级抢购加补-汽车用品-无-剪辑-转化引导-汽车用品-20260701-无-625-aigc-5,李虹玉-XNY0271,2026-07-03 13:43:12
13746174476,CH-SC-低活-10100644668875-超级抢购加补-汽车用品-无-剪辑-转化引导-汽车用品-20260701-无-625-aigc-8,李虹玉-XNY0271,2026-07-03 13:43:19
13746174775,CH-SC-低活-10100644668875-超级抢购加补-汽车用品-无-剪辑-转化引导-汽车用品-20260701-无-625-aigc-6,李虹玉-XNY0271,2026-07-03 13:43:20
13746176594,CH-SC-低活-10100644668875-超级抢购加补-汽车用品-无-剪辑-转化引导-汽车用品-20260701-无-625-aigc-9,李虹玉-XNY0271,2026-07-03 13:43:24
13746178185,CH-SC-低活-10100644668875-超级抢购加补-汽车用品-无-剪辑-转化引导-汽车用品-20260701-无-625-aigc-10,李虹玉-XNY0271,2026-07-03 13:43:29
13746182266,CH-SC-低活-10100644668875-超级抢购加补-汽车用品-无-剪辑-转化引导-汽车用品-20260701-无-625-aigc-12,李虹玉-XNY0271,2026-07-03 13:43:40
13746182618,CH-SC-低活-10100644668875-超级抢购加补-汽车用品-无-剪辑-转化引导-汽车用品-20260701-无-625-aigc-13,李虹玉-XNY0271,2026-07-03 13:43:40
13746182619,CH-SC-低活-10100644668875-超级抢购加补-汽车用品-无-剪辑-转化引导-汽车用品-20260701-无-625-aigc-11,李虹玉-XNY0271,2026-07-03 13:43:40
13746187455,CH-SC-低活-10136559560331-超级抢购-厨具-无-剪辑-转化引导-厨具-20260701-无-625-aigc-4,李虹玉-XNY0271,2026-07-03 13:43:54
13746188117,CH-SC-低活-10136559560331-超级抢购-厨具-无-剪辑-转化引导-厨具-20260701-无-625-aigc-2,李虹玉-XNY0271,2026-07-03 13:43:56
13746188907,CH-SC-低活-10154156974144-超级抢购-厨具-无-剪辑-转化引导-厨具-20260701-无-625-aigc-2,李虹玉-XNY0271,2026-07-03 13:43:58
13746193220,CH-SC-低活-10154156974144-超级抢购-厨具-无-剪辑-转化引导-厨具-20260701-无-625-aigc-3,李虹玉-XNY0271,2026-07-03 13:44:10
13746193230,CH-SC-低活-10154156974144-超级抢购-厨具-无-剪辑-转化引导-厨具-20260701-无-625-aigc-4,李虹玉-XNY0271,2026-07-03 13:44:10
13746194241,CH-SC-低活-10154156974144-超级抢购-厨具-无-剪辑-转化引导-厨具-20260701-无-625-aigc-5,李虹玉-XNY0271,2026-07-03 13:44:12
13746199607,CH-SC-低活-10154156974144-超级抢购-厨具-无-剪辑-转化引导-厨具-20260701-无-625-aigc-7,李虹玉-XNY0271,2026-07-03 13:44:27
13746199752,CH-SC-低活-10154156974144-超级抢购-厨具-无-剪辑-转化引导-厨具-20260701-无-625-aigc-6,李虹玉-XNY0271,2026-07-03 13:44:27
13746200210,CH-SC-低活-10154156974144-超级抢购-厨具-无-剪辑-转化引导-厨具-20260701-无-625-aigc-8,李虹玉-XNY0271,2026-07-03 13:44:28
13746203094,CH-SC-低活-10154156974144-超级抢购-厨具-无-剪辑-转化引导-厨具-20260701-无-625-aigc-9,李虹玉-XNY0271,2026-07-03 13:44:36
13746206402,CH-SC-低活-10172627929072-超级抢购-家装建材-无-剪辑-转化引导-家装建材-20260702-无-625-aigc-12,李虹玉-XNY0271,2026-07-03 13:44:47
13746207506,CH-SC-低活-10154156974144-超级抢购-厨具-无-剪辑-转化引导-厨具-20260701-无-625-aigc-10,李虹玉-XNY0271,2026-07-03 13:44:49
13746208339,CH-SC-低活-10172627929072-超级抢购-家装建材-无-剪辑-转化引导-家装建材-20260702-无-625-aigc-13,李虹玉-XNY0271,2026-07-03 13:44:52
13746211361,CH-SC-低活-10172627929072-超级抢购-家装建材-无-剪辑-转化引导-家装建材-20260702-无-625-aigc-14,李虹玉-XNY0271,2026-07-03 13:45:02
13746212015,CH-SC-低活-10172627929072-超级抢购-家装建材-无-剪辑-转化引导-家装建材-20260702-无-625-aigc-16,李虹玉-XNY0271,2026-07-03 13:45:04
13746223961,CH-SC-低活-10172627929072-超级抢购-家装建材-无-剪辑-转化引导-家装建材-20260702-无-625-aigc-17,李虹玉-XNY0271,2026-07-03 13:45:44
13746227642,CH-SC-低活-10172627929072-超级抢购-家装建材-无-剪辑-转化引导-家装建材-20260702-无-625-aigc-18,李虹玉-XNY0271,2026-07-03 13:45:58
13746229355,CH-SC-低活-10172627929072-超级抢购-家装建材-无-剪辑-转化引导-家装建材-20260702-无-625-aigc-19,李虹玉-XNY0271,2026-07-03 13:46:06
13746231598,CH-SC-低活-10172627929072-超级抢购-家装建材-无-剪辑-转化引导-家装建材-20260702-无-625-aigc-20,李虹玉-XNY0271,2026-07-03 13:46:15
13746231743,CH-SC-低活-10172627929072-超级抢购-家装建材-无-剪辑-转化引导-家装建材-20260702-无-625-aigc-21,李虹玉-XNY0271,2026-07-03 13:46:16
13746234288,CH-SC-低活-10172627929072-超级抢购-家装建材-无-剪辑-转化引导-家装建材-20260702-无-625-aigc-22,李虹玉-XNY0271,2026-07-03 13:46:26
13746234548,CH-SC-低活-10172627929072-超级抢购-家装建材-无-剪辑-转化引导-家装建材-20260702-无-625-aigc-1,李虹玉-XNY0271,2026-07-03 13:46:27
13746237002,CH-SC-低活-10172627929072-超级抢购-家装建材-无-剪辑-转化引导-家装建材-20260702-无-625-aigc-2,李虹玉-XNY0271,2026-07-03 13:46:35
13746238139,CH-SC-低活-10172627929072-超级抢购-家装建材-无-剪辑-转化引导-家装建材-20260702-无-625-aigc-4,李虹玉-XNY0271,2026-07-03 13:46:39
13746239564,CH-SC-低活-10172627929072-超级抢购-家装建材-无-剪辑-转化引导-家装建材-20260702-无-625-aigc-3,李虹玉-XNY0271,2026-07-03 13:46:43
13746243290,CH-SC-低活-10172627929072-超级抢购-家装建材-无-剪辑-转化引导-家装建材-20260702-无-625-aigc-6,李虹玉-XNY0271,2026-07-03 13:46:53
13746243989,CH-SC-低活-10172627929072-超级抢购-家装建材-无-剪辑-转化引导-家装建材-20260702-无-625-aigc-7,李虹玉-XNY0271,2026-07-03 13:46:55
13746244220,CH-SC-低活-10172627929072-超级抢购-家装建材-无-剪辑-转化引导-家装建材-20260702-无-625-aigc-8,李虹玉-XNY0271,2026-07-03 13:46:56
13746247532,CH-SC-低活-10172627929072-超级抢购-家装建材-无-剪辑-转化引导-家装建材-20260702-无-625-aigc-10,李虹玉-XNY0271,2026-07-03 13:47:06
13746248468,CH-SC-广义新-10223783882007-新综合频道-纸品-京喜拉新-剪辑-转化引导-纸品-20260630-反向-625-aigc-2,李虹玉-XNY0271,2026-07-03 13:47:10
13746249004,CH-SC-低活-10172627929072-超级抢购-家装建材-无-剪辑-转化引导-家装建材-20260702-无-625-aigc-9,李虹玉-XNY0271,2026-07-03 13:47:11
13746251106,CH-SC-广义新-10223783882007-新综合频道-纸品-京喜拉新-剪辑-转化引导-纸品-20260630-反向-625-aigc-4,李虹玉-XNY0271,2026-07-03 13:47:18
13746252963,CH-SC-广义新-10223783882007-新综合频道-纸品-京喜拉新-剪辑-转化引导-纸品-20260630-反向-625-aigc-3,李虹玉-XNY0271,2026-07-03 13:47:25
13746253625,CH-SC-广义新-10223783882007-新综合频道-纸品-京喜拉新-剪辑-转化引导-纸品-20260630-反向-625-aigc-5,李虹玉-XNY0271,2026-07-03 13:47:27
13746254418,CH-SC-广义新-10223783882007-新综合频道-纸品-京喜拉新-剪辑-转化引导-纸品-20260630-反向-625-aigc-6,李虹玉-XNY0271,2026-07-03 13:47:29
13746257164,CH-SC-广义新-10223783882007-新综合频道-纸品-京喜拉新-剪辑-转化引导-纸品-20260630-反向-625-aigc-8,李虹玉-XNY0271,2026-07-03 13:47:37
13746257807,CH-SC-广义新-10223783882007-新综合频道-纸品-京喜拉新-剪辑-转化引导-纸品-20260630-反向-625-aigc-7,李虹玉-XNY0271,2026-07-03 13:47:40
13746258021,CH-SC-广义新-10223783882007-新综合频道-纸品-京喜拉新-剪辑-转化引导-纸品-20260630-反向-625-aigc-9,李虹玉-XNY0271,2026-07-03 13:47:41
13746261195,CH-SC-广义新-10223783882007-新综合频道-纸品-京喜拉新-剪辑-转化引导-纸品-20260630-反向-625-aigc-10,李虹玉-XNY0271,2026-07-03 13:47:52
13746261762,CH-SC-广义新-10223783882007-新综合频道-纸品-京喜拉新-剪辑-转化引导-纸品-20260630-反向-625-aigc-1,李虹玉-XNY0271,2026-07-03 13:47:54
13746261932,CH-SC-广义新-10196323916105-新综合频道-数码-京喜拉新-剪辑-转化引导-数码-20260630-无-625-aigc-3,李虹玉-XNY0271,2026-07-03 13:47:55
13746264345,CH-SC-广义新-10196323916105-新综合频道-数码-京喜拉新-剪辑-转化引导-数码-20260630-无-625-aigc-6,李虹玉-XNY0271,2026-07-03 13:48:05
13746264356,CH-SC-广义新-10196323916105-新综合频道-数码-京喜拉新-剪辑-转化引导-数码-20260630-无-625-aigc-4,李虹玉-XNY0271,2026-07-03 13:48:05
13746265067,CH-SC-广义新-10196323916105-新综合频道-数码-京喜拉新-剪辑-转化引导-数码-20260630-无-625-aigc-5,李虹玉-XNY0271,2026-07-03 13:48:09
13746266511,CH-SC-广义新-10196323916105-新综合频道-数码-京喜拉新-剪辑-转化引导-数码-20260630-无-625-aigc-7,李虹玉-XNY0271,2026-07-03 13:48:17
13746267202,CH-SC-广义新-10196323916105-新综合频道-数码-京喜拉新-剪辑-转化引导-数码-20260630-无-625-aigc-8,李虹玉-XNY0271,2026-07-03 13:48:20
13746268038,CH-SC-广义新-10196323916105-新综合频道-数码-京喜拉新-剪辑-转化引导-数码-20260630-无-625-aigc-10,李虹玉-XNY0271,2026-07-03 13:48:25
13746268949,CH-SC-广义新-10196323916105-新综合频道-数码-京喜拉新-剪辑-转化引导-数码-20260630-无-625-aigc-9,李虹玉-XNY0271,2026-07-03 13:48:30
13746269667,CH-SC-广义新-10109170972947-新综合频道-钟表眼镜-京喜拉新-剪辑-转化引导-钟表眼镜-20260701-无-625-aigc-16,李虹玉-XNY0271,2026-07-03 13:48:34
13746270308,CH-SC-广义新-10109170972947-新综合频道-钟表眼镜-京喜拉新-剪辑-转化引导-钟表眼镜-20260701-无-625-aigc-17,李虹玉-XNY0271,2026-07-03 13:48:36
13746272362,CH-SC-广义新-10109170972947-新综合频道-钟表眼镜-京喜拉新-剪辑-转化引导-钟表眼镜-20260701-无-625-aigc-18,李虹玉-XNY0271,2026-07-03 13:48:45
13746272789,CH-SC-广义新-10109170972947-新综合频道-钟表眼镜-京喜拉新-剪辑-转化引导-钟表眼镜-20260701-无-625-aigc-19,李虹玉-XNY0271,2026-07-03 13:48:46
13746273311,CH-SC-广义新-10109170972947-新综合频道-钟表眼镜-京喜拉新-剪辑-转化引导-钟表眼镜-20260701-无-625-aigc-20,李虹玉-XNY0271,2026-07-03 13:48:49
13746275603,CH-SC-广义新-10109170972947-新综合频道-钟表眼镜-京喜拉新-剪辑-转化引导-钟表眼镜-20260701-无-625-aigc-3,李虹玉-XNY0271,2026-07-03 13:48:59
13746275943,CH-SC-广义新-10109170972947-新综合频道-钟表眼镜-京喜拉新-剪辑-转化引导-钟表眼镜-20260701-无-625-aigc-1,李虹玉-XNY0271,2026-07-03 13:49:00
13746276241,CH-SC-广义新-10109170972947-新综合频道-钟表眼镜-京喜拉新-剪辑-转化引导-钟表眼镜-20260701-无-625-aigc-2,李虹玉-XNY0271,2026-07-03 13:49:02
13746278025,CH-SC-广义新-10109170972947-新综合频道-钟表眼镜-京喜拉新-剪辑-转化引导-钟表眼镜-20260701-无-625-aigc-4,李虹玉-XNY0271,2026-07-03 13:49:10
13746279039,CH-SC-广义新-10109170972947-新综合频道-钟表眼镜-京喜拉新-剪辑-转化引导-钟表眼镜-20260701-无-625-aigc-5,李虹玉-XNY0271,2026-07-03 13:49:15
13746279967,CH-SC-广义新-10109170972947-新综合频道-钟表眼镜-京喜拉新-剪辑-转化引导-钟表眼镜-20260701-无-625-aigc-7,李虹玉-XNY0271,2026-07-03 13:49:19
13746280542,CH-SC-广义新-10109170972947-新综合频道-钟表眼镜-京喜拉新-剪辑-转化引导-钟表眼镜-20260701-无-625-aigc-6,李虹玉-XNY0271,2026-07-03 13:49:21
13746281307,CH-SC-广义新-10109170972947-新综合频道-钟表眼镜-京喜拉新-剪辑-转化引导-钟表眼镜-20260701-无-625-aigc-8,李虹玉-XNY0271,2026-07-03 13:49:24
13746283960,CH-SC-广义新-10109170972947-新综合频道-钟表眼镜-京喜拉新-剪辑-转化引导-钟表眼镜-20260701-无-625-aigc-9,李虹玉-XNY0271,2026-07-03 13:49:34
13746283998,CH-SC-广义新-10109170972947-新综合频道-钟表眼镜-京喜拉新-剪辑-转化引导-钟表眼镜-20260701-无-625-aigc-10,李虹玉-XNY0271,2026-07-03 13:49:34
13746285472,CH-SC-广义新-10109170972947-新综合频道-钟表眼镜-京喜拉新-剪辑-转化引导-钟表眼镜-20260701-无-625-aigc-11,李虹玉-XNY0271,2026-07-03 13:49:40
13746287409,CH-SC-广义新-10109170972947-新综合频道-钟表眼镜-京喜拉新-剪辑-转化引导-钟表眼镜-20260701-无-625-aigc-12,李虹玉-XNY0271,2026-07-03 13:49:48
13746287990,CH-SC-广义新-10109170972947-新综合频道-钟表眼镜-京喜拉新-剪辑-转化引导-钟表眼镜-20260701-无-625-aigc-13,李虹玉-XNY0271,2026-07-03 13:49:50
13746289343,CH-SC-广义新-10109170972947-新综合频道-钟表眼镜-京喜拉新-剪辑-转化引导-钟表眼镜-20260701-无-625-aigc-14,李虹玉-XNY0271,2026-07-03 13:49:55
13746289876,CH-SC-广义新-10109170972947-新综合频道-钟表眼镜-京喜拉新-剪辑-转化引导-钟表眼镜-20260701-无-625-aigc-15,李虹玉-XNY0271,2026-07-03 13:49:57
13746292023,CH-SC-广义新-10136364012448-新综合频道-纸品-京喜拉新-剪辑-转化引导-纸品-20260701-无-625-aigc-17,李虹玉-XNY0271,2026-07-03 13:50:07
13746292295,CH-SC-广义新-10136364012448-新综合频道-纸品-京喜拉新-剪辑-转化引导-纸品-20260701-无-625-aigc-16,李虹玉-XNY0271,2026-07-03 13:50:07
13746295666,CH-SC-广义新-10136364012448-新综合频道-纸品-京喜拉新-剪辑-转化引导-纸品-20260701-无-625-aigc-18,李虹玉-XNY0271,2026-07-03 13:50:19
13746295941,CH-SC-广义新-10136364012448-新综合频道-纸品-京喜拉新-剪辑-转化引导-纸品-20260701-无-625-aigc-19,李虹玉-XNY0271,2026-07-03 13:50:20
13746296787,CH-SC-广义新-10136364012448-新综合频道-纸品-京喜拉新-剪辑-转化引导-纸品-20260701-无-625-aigc-20,李虹玉-XNY0271,2026-07-03 13:50:23
13746300537,CH-SC-广义新-10136364012448-新综合频道-纸品-京喜拉新-剪辑-转化引导-纸品-20260701-无-625-aigc-2,李虹玉-XNY0271,2026-07-03 13:50:36
13746301237,CH-SC-广义新-10136364012448-新综合频道-纸品-京喜拉新-剪辑-转化引导-纸品-20260701-无-625-aigc-1,李虹玉-XNY0271,2026-07-03 13:50:38
13746301261,CH-SC-广义新-10136364012448-新综合频道-纸品-京喜拉新-剪辑-转化引导-纸品-20260701-无-625-aigc-3,李虹玉-XNY0271,2026-07-03 13:50:38
13746305468,CH-SC-广义新-10136364012448-新综合频道-纸品-京喜拉新-剪辑-转化引导-纸品-20260701-无-625-aigc-6,李虹玉-XNY0271,2026-07-03 13:50:52
13746305739,CH-SC-广义新-10136364012448-新综合频道-纸品-京喜拉新-剪辑-转化引导-纸品-20260701-无-625-aigc-4,李虹玉-XNY0271,2026-07-03 13:50:52
13746306693,CH-SC-广义新-10136364012448-新综合频道-纸品-京喜拉新-剪辑-转化引导-纸品-20260701-无-625-aigc-5,李虹玉-XNY0271,2026-07-03 13:50:56
13746307382,CH-SC-广义新-10136364012448-新综合频道-纸品-京喜拉新-剪辑-转化引导-纸品-20260701-无-625-aigc-7,李虹玉-XNY0271,2026-07-03 13:50:59
13746310067,CH-SC-广义新-10136364012448-新综合频道-纸品-京喜拉新-剪辑-转化引导-纸品-20260701-无-625-aigc-8,李虹玉-XNY0271,2026-07-03 13:51:10
13746310254,CH-SC-广义新-10136364012448-新综合频道-纸品-京喜拉新-剪辑-转化引导-纸品-20260701-无-625-aigc-9,李虹玉-XNY0271,2026-07-03 13:51:11
13746310794,CH-SC-广义新-10136364012448-新综合频道-纸品-京喜拉新-剪辑-转化引导-纸品-20260701-无-625-aigc-10,李虹玉-XNY0271,2026-07-03 13:51:13
13746314373,CH-SC-广义新-10136364012448-新综合频道-纸品-京喜拉新-剪辑-转化引导-纸品-20260701-无-625-aigc-12,李虹玉-XNY0271,2026-07-03 13:51:24
13746314980,CH-SC-广义新-10136364012448-新综合频道-纸品-京喜拉新-剪辑-转化引导-纸品-20260701-无-625-aigc-13,李虹玉-XNY0271,2026-07-03 13:51:27
13746315224,CH-SC-广义新-10136364012448-新综合频道-纸品-京喜拉新-剪辑-转化引导-纸品-20260701-无-625-aigc-11,李虹玉-XNY0271,2026-07-03 13:51:27
13746316917,CH-SC-广义新-10136364012448-新综合频道-纸品-京喜拉新-剪辑-转化引导-纸品-20260701-无-625-aigc-14,李虹玉-XNY0271,2026-07-03 13:51:33
13746318805,CH-SC-广义新-10136364012448-新综合频道-纸品-京喜拉新-剪辑-转化引导-纸品-20260701-无-625-aigc-15,李虹玉-XNY0271,2026-07-03 13:51:41
13746319970,CH-SC-低活-10139440032542-超级抢购5元-运动户外-无-剪辑-转化引导-运动户外-20260630-无-625-aigc-12,李虹玉-XNY0271,2026-07-03 13:51:45
13746320691,CH-SC-低活-10139440032542-超级抢购5元-运动户外-无-剪辑-转化引导-运动户外-20260630-无-625-aigc-1,李虹玉-XNY0271,2026-07-03 13:51:48
13746320869,CH-SC-低活-10139440032542-超级抢购5元-运动户外-无-剪辑-转化引导-运动户外-20260630-无-625-aigc-2,李虹玉-XNY0271,2026-07-03 13:51:49
13746324048,CH-SC-低活-10139440032542-超级抢购5元-运动户外-无-剪辑-转化引导-运动户外-20260630-无-625-aigc-4,李虹玉-XNY0271,2026-07-03 13:52:01
13746324684,CH-SC-低活-10139440032542-超级抢购5元-运动户外-无-剪辑-转化引导-运动户外-20260630-无-625-aigc-5,李虹玉-XNY0271,2026-07-03 13:52:03
13746324829,CH-SC-低活-10139440032542-超级抢购5元-运动户外-无-剪辑-转化引导-运动户外-20260630-无-625-aigc-3,李虹玉-XNY0271,2026-07-03 13:52:04
13746328293,CH-SC-低活-10139440032542-超级抢购5元-运动户外-无-剪辑-转化引导-运动户外-20260630-无-625-aigc-6,李虹玉-XNY0271,2026-07-03 13:52:18
13746328313,CH-SC-低活-10139440032542-超级抢购5元-运动户外-无-剪辑-转化引导-运动户外-20260630-无-625-aigc-8,李虹玉-XNY0271,2026-07-03 13:52:18
13746328503,CH-SC-低活-10139440032542-超级抢购5元-运动户外-无-剪辑-转化引导-运动户外-20260630-无-625-aigc-7,李虹玉-XNY0271,2026-07-03 13:52:19
13746331550,CH-SC-低活-10139440032542-超级抢购5元-运动户外-无-剪辑-转化引导-运动户外-20260630-无-625-aigc-9,李虹玉-XNY0271,2026-07-03 13:52:30
13746333377,CH-SC-低活-10081585918372-超级抢购加补-纸品-无-剪辑-转化引导-纸品-20260630-无-625-aigc-6,李虹玉-XNY0271,2026-07-03 13:52:37
13746333921,CH-SC-低活-10139440032542-超级抢购5元-运动户外-无-剪辑-转化引导-运动户外-20260630-无-625-aigc-10,李虹玉-XNY0271,2026-07-03 13:52:39
13746334314,CH-SC-低活-10139440032542-超级抢购5元-运动户外-无-剪辑-转化引导-运动户外-20260630-无-625-aigc-11,李虹玉-XNY0271,2026-07-03 13:52:41
13746335202,CH-SC-低活-10081585918372-超级抢购加补-纸品-无-剪辑-转化引导-纸品-20260630-无-625-aigc-7,李虹玉-XNY0271,2026-07-03 13:52:44
13746336127,CH-SC-低活-10081585918372-超级抢购加补-纸品-无-剪辑-转化引导-纸品-20260630-无-625-aigc-8,李虹玉-XNY0271,2026-07-03 13:52:47
13746337302,CH-SC-低活-10081585918372-超级抢购加补-纸品-无-剪辑-转化引导-纸品-20260630-无-625-aigc-10,李虹玉-XNY0271,2026-07-03 13:52:51
13746337893,CH-SC-低活-10081585918372-超级抢购加补-纸品-无-剪辑-转化引导-纸品-20260630-无-625-aigc-9,李虹玉-XNY0271,2026-07-03 13:52:54
13746338083,CH-SC-低活-10081585918372-超级抢购加补-纸品-无-剪辑-转化引导-纸品-20260630-无-625-aigc-11,李虹玉-XNY0271,2026-07-03 13:52:54
13746340211,CH-SC-低活-10081585918372-超级抢购加补-纸品-无-剪辑-转化引导-纸品-20260630-无-625-aigc-1,李虹玉-XNY0271,2026-07-03 13:53:02
13746340384,CH-SC-低活-10081585918372-超级抢购加补-纸品-无-剪辑-转化引导-纸品-20260630-无-625-aigc-2,李虹玉-XNY0271,2026-07-03 13:53:03
13746341086,CH-SC-低活-10081585918372-超级抢购加补-纸品-无-剪辑-转化引导-纸品-20260630-无-625-aigc-3,李虹玉-XNY0271,2026-07-03 13:53:05
13746343016,CH-SC-低活-10081585918372-超级抢购加补-纸品-无-剪辑-转化引导-纸品-20260630-无-625-aigc-5,李虹玉-XNY0271,2026-07-03 13:53:12
13746343025,CH-SC-低活-10081585918372-超级抢购加补-纸品-无-剪辑-转化引导-纸品-20260630-无-625-aigc-4,李虹玉-XNY0271,2026-07-03 13:53:12
13746343667,CH-SC-低活-10219841541026-超级抢购加补-厨具-无-剪辑-转化引导-厨具-20260630-无-625-aigc-2,李虹玉-XNY0271,2026-07-03 13:53:15
13746344348,CH-SC-低活-10219841541026-超级抢购加补-厨具-无-剪辑-转化引导-厨具-20260630-无-625-aigc-3,李虹玉-XNY0271,2026-07-03 13:53:17
13746345176,CH-SC-低活-10219841541026-超级抢购加补-厨具-无-剪辑-转化引导-厨具-20260630-无-625-aigc-5,李虹玉-XNY0271,2026-07-03 13:53:21
13746345865,CH-SC-低活-10219841541026-超级抢购加补-厨具-无-剪辑-转化引导-厨具-20260630-无-625-aigc-6,李虹玉-XNY0271,2026-07-03 13:53:24
13746346445,CH-SC-低活-10219841541026-超级抢购加补-厨具-无-剪辑-转化引导-厨具-20260630-无-625-aigc-7,李虹玉-XNY0271,2026-07-03 13:53:27
13746347679,CH-SC-低活-10219841541026-超级抢购加补-厨具-无-剪辑-转化引导-厨具-20260630-无-625-aigc-8,李虹玉-XNY0271,2026-07-03 13:53:32
13746348234,CH-SC-低活-10219841541026-超级抢购加补-厨具-无-剪辑-转化引导-厨具-20260630-无-625-aigc-4,李虹玉-XNY0271,2026-07-03 13:53:34
13746349093,CH-SC-低活-10219841541026-超级抢购加补-厨具-无-剪辑-转化引导-厨具-20260630-无-625-aigc-10,李虹玉-XNY0271,2026-07-03 13:53:37
13746349129,CH-SC-低活-10219841541026-超级抢购加补-厨具-无-剪辑-转化引导-厨具-20260630-无-625-aigc-9,李虹玉-XNY0271,2026-07-03 13:53:37
13746349792,CH-SC-低活-10219841541026-超级抢购加补-厨具-无-剪辑-转化引导-厨具-20260630-无-625-aigc-11,李虹玉-XNY0271,2026-07-03 13:53:40
13746350693,CH-SC-低活-10219841541026-超级抢购加补-厨具-无-剪辑-转化引导-厨具-20260630-无-625-aigc-12,李虹玉-XNY0271,2026-07-03 13:53:43
13746350873,CH-SC-低活-10112643484929-超级抢购加补-手机通讯-无-剪辑-转化引导-手机通讯-20260630-无-625-8,李虹玉-XNY0271,2026-07-03 13:53:44
13746350963,CH-SC-低活-10219841541026-超级抢购加补-厨具-无-剪辑-转化引导-厨具-20260630-无-625-aigc-1,李虹玉-XNY0271,2026-07-03 13:53:44
13746352353,CH-SC-低活-10112643484929-超级抢购加补-手机通讯-无-剪辑-转化引导-手机通讯-20260630-无-625-9,李虹玉-XNY0271,2026-07-03 13:53:49
13746353080,CH-SC-低活-10112643484929-超级抢购加补-手机通讯-无-剪辑-转化引导-手机通讯-20260630-无-625-11,李虹玉-XNY0271,2026-07-03 13:53:52
13746353346,CH-SC-低活-10112643484929-超级抢购加补-手机通讯-无-剪辑-转化引导-手机通讯-20260630-无-625-10,李虹玉-XNY0271,2026-07-03 13:53:52
13746354197,CH-SC-低活-10112643484929-超级抢购加补-手机通讯-无-剪辑-转化引导-手机通讯-20260630-无-625-12,李虹玉-XNY0271,2026-07-03 13:53:55
13746354558,CH-SC-低活-10112643484929-超级抢购加补-手机通讯-无-剪辑-转化引导-手机通讯-20260630-无-625-2,李虹玉-XNY0271,2026-07-03 13:53:56
13746354563,CH-SC-低活-10112643484929-超级抢购加补-手机通讯-无-剪辑-转化引导-手机通讯-20260630-无-625-1,李虹玉-XNY0271,2026-07-03 13:53:56
13746355396,CH-SC-低活-10112643484929-超级抢购加补-手机通讯-无-剪辑-转化引导-手机通讯-20260630-无-625-3,李虹玉-XNY0271,2026-07-03 13:54:00
13746356251,CH-SC-低活-10112643484929-超级抢购加补-手机通讯-无-剪辑-转化引导-手机通讯-20260630-无-625-4,李虹玉-XNY0271,2026-07-03 13:54:03
13746356332,CH-SC-低活-10112643484929-超级抢购加补-手机通讯-无-剪辑-转化引导-手机通讯-20260630-无-625-5,李虹玉-XNY0271,2026-07-03 13:54:03
13746356941,CH-SC-低活-10112643484929-超级抢购加补-手机通讯-无-剪辑-转化引导-手机通讯-20260630-无-625-6,李虹玉-XNY0271,2026-07-03 13:54:05
13746357541,CH-SC-低活-10112643484929-超级抢购加补-手机通讯-无-剪辑-转化引导-手机通讯-20260630-无-625-7,李虹玉-XNY0271,2026-07-03 13:54:07
13776352729,CH-PRJ-采销项目-15250972-26年7月图书爆品-图书-无-剪辑-转化引导-图书-20260706-无-625-1,李虹玉-XNY0271,2026-07-07 09:24:11
13776353003,CH-PRJ-采销项目-15250972-26年7月图书爆品-图书-无-剪辑-转化引导-图书-20260706-无-625-2,李虹玉-XNY0271,2026-07-07 09:24:13
13776353209,CH-PRJ-采销项目-15250972-26年7月图书爆品-图书-无-剪辑-转化引导-图书-20260706-无-625-4,李虹玉-XNY0271,2026-07-07 09:24:15
13776353231,CH-PRJ-采销项目-15250972-26年7月图书爆品-图书-无-剪辑-转化引导-图书-20260706-无-625-3,李虹玉-XNY0271,2026-07-07 09:24:15
13776353846,CH-PRJ-采销项目-15250972-26年7月图书爆品-图书-无-剪辑-转化引导-图书-20260706-无-625-5,李虹玉-XNY0271,2026-07-07 09:24:21
13776354143,CH-PRJ-采销项目-15250972-26年7月图书爆品-图书-无-剪辑-转化引导-图书-20260706-无-625-7,李虹玉-XNY0271,2026-07-07 09:24:24
13776354392,CH-PRJ-采销项目-15250972-26年7月图书爆品-图书-无-剪辑-转化引导-图书-20260706-无-625-8,李虹玉-XNY0271,2026-07-07 09:24:27
13776354652,CH-PRJ-采销项目-15250972-26年7月图书爆品-图书-无-剪辑-转化引导-图书-20260706-无-625-6,李虹玉-XNY0271,2026-07-07 09:24:29
13776354706,CH-PRJ-采销项目-15250972-26年7月图书爆品-图书-无-剪辑-转化引导-图书-20260706-无-625-9,李虹玉-XNY0271,2026-07-07 09:24:30
13776354901,CH-PRJ-采销项目-15250972-26年7月图书爆品-图书-无-剪辑-转化引导-图书-20260706-无-625-10,李虹玉-XNY0271,2026-07-07 09:24:32
13776497388,CH-SC-广义新-10143318867797-新综合频道-厨具-京喜拉新-剪辑-转化引导-厨具-20260702-反向-625-aigc-14,李虹玉-XNY0271,2026-07-07 09:41:33
13776498693,CH-SC-广义新-10143318867797-新综合频道-厨具-京喜拉新-剪辑-转化引导-厨具-20260702-反向-625-aigc-16,李虹玉-XNY0271,2026-07-07 09:41:41
13776499056,CH-SC-广义新-10143318867797-新综合频道-厨具-京喜拉新-剪辑-转化引导-厨具-20260702-反向-625-aigc-17,李虹玉-XNY0271,2026-07-07 09:41:43
13776500412,CH-SC-广义新-10143318867797-新综合频道-厨具-京喜拉新-剪辑-转化引导-厨具-20260702-反向-625-aigc-15,李虹玉-XNY0271,2026-07-07 09:41:52
13776500483,CH-SC-广义新-10143318867797-新综合频道-厨具-京喜拉新-剪辑-转化引导-厨具-20260702-反向-625-aigc-1,李虹玉-XNY0271,2026-07-07 09:41:52
13776500941,CH-SC-广义新-10143318867797-新综合频道-厨具-京喜拉新-剪辑-转化引导-厨具-20260702-反向-625-aigc-2,李虹玉-XNY0271,2026-07-07 09:41:55
13776502221,CH-SC-广义新-10143318867797-新综合频道-厨具-京喜拉新-剪辑-转化引导-厨具-20260702-反向-625-aigc-5,李虹玉-XNY0271,2026-07-07 09:42:03
13776502418,CH-SC-广义新-10143318867797-新综合频道-厨具-京喜拉新-剪辑-转化引导-厨具-20260702-反向-625-aigc-3,李虹玉-XNY0271,2026-07-07 09:42:04
13776504198,CH-SC-广义新-10143318867797-新综合频道-厨具-京喜拉新-剪辑-转化引导-厨具-20260702-反向-625-aigc-4,李虹玉-XNY0271,2026-07-07 09:42:15
13776504220,CH-SC-广义新-10143318867797-新综合频道-厨具-京喜拉新-剪辑-转化引导-厨具-20260702-反向-625-aigc-6,李虹玉-XNY0271,2026-07-07 09:42:16
13776504313,CH-SC-广义新-10143318867797-新综合频道-厨具-京喜拉新-剪辑-转化引导-厨具-20260702-反向-625-aigc-7,李虹玉-XNY0271,2026-07-07 09:42:16
13776506456,CH-SC-广义新-10143318867797-新综合频道-厨具-京喜拉新-剪辑-转化引导-厨具-20260702-反向-625-aigc-10,李虹玉-XNY0271,2026-07-07 09:42:30
13776506584,CH-SC-广义新-10143318867797-新综合频道-厨具-京喜拉新-剪辑-转化引导-厨具-20260702-反向-625-aigc-8,李虹玉-XNY0271,2026-07-07 09:42:31
13776507756,CH-SC-广义新-10143318867797-新综合频道-厨具-京喜拉新-剪辑-转化引导-厨具-20260702-反向-625-aigc-9,李虹玉-XNY0271,2026-07-07 09:42:39
13776507847,CH-SC-广义新-10143318867797-新综合频道-厨具-京喜拉新-剪辑-转化引导-厨具-20260702-反向-625-aigc-11,李虹玉-XNY0271,2026-07-07 09:42:40
13776508851,CH-SC-广义新-10101267118895-新综合频道-厨具-京喜拉新-剪辑-转化引导-厨具-20260702-无-625-aigc-7,李虹玉-XNY0271,2026-07-07 09:42:46
13776510087,CH-SC-广义新-10143318867797-新综合频道-厨具-京喜拉新-剪辑-转化引导-厨具-20260702-反向-625-aigc-12,李虹玉-XNY0271,2026-07-07 09:42:54
13776510268,CH-SC-广义新-10101267118895-新综合频道-厨具-京喜拉新-剪辑-转化引导-厨具-20260702-无-625-aigc-8,李虹玉-XNY0271,2026-07-07 09:42:56
13776510325,CH-SC-广义新-10101267118895-新综合频道-厨具-京喜拉新-剪辑-转化引导-厨具-20260702-无-625-aigc-9,李虹玉-XNY0271,2026-07-07 09:42:56
13776511664,CH-SC-广义新-10101267118895-新综合频道-厨具-京喜拉新-剪辑-转化引导-厨具-20260702-无-625-aigc-2,李虹玉-XNY0271,2026-07-07 09:43:06
13776511820,CH-SC-广义新-10101267118895-新综合频道-厨具-京喜拉新-剪辑-转化引导-厨具-20260702-无-625-aigc-10,李虹玉-XNY0271,2026-07-07 09:43:07
13776513609,CH-SC-广义新-10101267118895-新综合频道-厨具-京喜拉新-剪辑-转化引导-厨具-20260702-无-625-aigc-1,李虹玉-XNY0271,2026-07-07 09:43:18
13776514227,CH-SC-广义新-10101267118895-新综合频道-厨具-京喜拉新-剪辑-转化引导-厨具-20260702-无-625-aigc-4,李虹玉-XNY0271,2026-07-07 09:43:21
13776515468,CH-SC-广义新-10101267118895-新综合频道-厨具-京喜拉新-剪辑-转化引导-厨具-20260702-无-625-aigc-3,李虹玉-XNY0271,2026-07-07 09:43:28
13776516547,CH-SC-广义新-10101267118895-新综合频道-厨具-京喜拉新-剪辑-转化引导-厨具-20260702-无-625-aigc-5,李虹玉-XNY0271,2026-07-07 09:43:34
13776516669,CH-SC-广义新-10101267118895-新综合频道-厨具-京喜拉新-剪辑-转化引导-厨具-20260702-无-625-aigc-6,李虹玉-XNY0271,2026-07-07 09:43:35
13776518168,CH-SC-广义新-10130866966155-新综合频道-服饰内衣-京喜拉新-剪辑-转化引导-服饰内衣-20260702-无-625-aigc-3,李虹玉-XNY0271,2026-07-07 09:43:44
13776518178,CH-SC-广义新-10130866966155-新综合频道-服饰内衣-京喜拉新-剪辑-转化引导-服饰内衣-20260702-无-625-aigc-4,李虹玉-XNY0271,2026-07-07 09:43:44
13776519630,CH-SC-广义新-10130866966155-新综合频道-服饰内衣-京喜拉新-剪辑-转化引导-服饰内衣-20260702-无-625-aigc-5,李虹玉-XNY0271,2026-07-07 09:43:53
13776519951,CH-SC-广义新-10130866966155-新综合频道-服饰内衣-京喜拉新-剪辑-转化引导-服饰内衣-20260702-无-625-aigc-7,李虹玉-XNY0271,2026-07-07 09:43:55
13776521520,CH-SC-广义新-10130866966155-新综合频道-服饰内衣-京喜拉新-剪辑-转化引导-服饰内衣-20260702-无-625-aigc-6,李虹玉-XNY0271,2026-07-07 09:44:06
13776521547,CH-SC-广义新-10130866966155-新综合频道-服饰内衣-京喜拉新-剪辑-转化引导-服饰内衣-20260702-无-625-aigc-8,李虹玉-XNY0271,2026-07-07 09:44:06
13776521705,CH-SC-广义新-10130866966155-新综合频道-服饰内衣-京喜拉新-剪辑-转化引导-服饰内衣-20260702-无-625-aigc-9,李虹玉-XNY0271,2026-07-07 09:44:07
13776523214,CH-SC-广义新-10130866966155-新综合频道-服饰内衣-京喜拉新-剪辑-转化引导-服饰内衣-20260702-无-625-aigc-10,李虹玉-XNY0271,2026-07-07 09:44:17
13776524108,CH-SC-广义新-10130866966155-新综合频道-服饰内衣-京喜拉新-剪辑-转化引导-服饰内衣-20260702-无-625-aigc-11,李虹玉-XNY0271,2026-07-07 09:44:22
13776525905,CH-SC-广义新-10130866966155-新综合频道-服饰内衣-京喜拉新-剪辑-转化引导-服饰内衣-20260702-无-625-aigc-14,李虹玉-XNY0271,2026-07-07 09:44:31
13776526340,CH-SC-广义新-10130866966155-新综合频道-服饰内衣-京喜拉新-剪辑-转化引导-服饰内衣-20260702-无-625-aigc-12,李虹玉-XNY0271,2026-07-07 09:44:34
13776526368,CH-SC-广义新-10130866966155-新综合频道-服饰内衣-京喜拉新-剪辑-转化引导-服饰内衣-20260702-无-625-aigc-13,李虹玉-XNY0271,2026-07-07 09:44:34
13776527810,CH-SC-广义新-10130866966155-新综合频道-服饰内衣-京喜拉新-剪辑-转化引导-服饰内衣-20260702-无-625-aigc-16,李虹玉-XNY0271,2026-07-07 09:44:42
13776528725,CH-SC-广义新-10130866966155-新综合频道-服饰内衣-京喜拉新-剪辑-转化引导-服饰内衣-20260702-无-625-aigc-15,李虹玉-XNY0271,2026-07-07 09:44:47
13776532381,CH-SC-广义新-10130866966155-新综合频道-服饰内衣-京喜拉新-剪辑-转化引导-服饰内衣-20260702-无-625-aigc-17,李虹玉-XNY0271,2026-07-07 09:45:05
13776533495,CH-SC-广义新-10130866966155-新综合频道-服饰内衣-京喜拉新-剪辑-转化引导-服饰内衣-20260702-无-625-aigc-18,李虹玉-XNY0271,2026-07-07 09:45:10
13776536723,CH-SC-广义新-10130866966155-新综合频道-服饰内衣-京喜拉新-剪辑-转化引导-服饰内衣-20260702-无-625-aigc-1,李虹玉-XNY0271,2026-07-07 09:45:26
13776540896,CH-SC-广义新-10130866966155-新综合频道-服饰内衣-京喜拉新-剪辑-转化引导-服饰内衣-20260702-无-625-aigc-2,李虹玉-XNY0271,2026-07-07 09:45:45
13776542575,CH-SC-广义新-10143318867797-新综合频道-厨具-京喜拉新-剪辑-转化引导-厨具-20260702-反向-625-aigc-13,李虹玉-XNY0271,2026-07-07 09:45:52
13776543339,CH-SC-广义新-10122158874402-新综合频道-箱包皮具-京喜拉新-剪辑-转化引导-箱包皮具-20260702-反向-625-aigc-6,李虹玉-XNY0271,2026-07-07 09:45:56
13776547321,CH-SC-广义新-10122158874402-新综合频道-箱包皮具-京喜拉新-剪辑-转化引导-箱包皮具-20260702-反向-625-aigc-7,李虹玉-XNY0271,2026-07-07 09:46:16
13776548610,CH-SC-广义新-10122158874402-新综合频道-箱包皮具-京喜拉新-剪辑-转化引导-箱包皮具-20260702-反向-625-aigc-9,李虹玉-XNY0271,2026-07-07 09:46:22
13776551159,CH-SC-广义新-10122158874402-新综合频道-箱包皮具-京喜拉新-剪辑-转化引导-箱包皮具-20260702-反向-625-aigc-8,李虹玉-XNY0271,2026-07-07 09:46:35
13776553842,CH-SC-广义新-10122158874402-新综合频道-箱包皮具-京喜拉新-剪辑-转化引导-箱包皮具-20260702-反向-625-aigc-10,李虹玉-XNY0271,2026-07-07 09:46:47
13776555388,CH-SC-广义新-10122158874402-新综合频道-箱包皮具-京喜拉新-剪辑-转化引导-箱包皮具-20260702-反向-625-aigc-11,李虹玉-XNY0271,2026-07-07 09:46:55
13776558616,CH-SC-广义新-10122158874402-新综合频道-箱包皮具-京喜拉新-剪辑-转化引导-箱包皮具-20260702-反向-625-aigc-12,李虹玉-XNY0271,2026-07-07 09:47:12
13776560564,CH-SC-广义新-10122158874402-新综合频道-箱包皮具-京喜拉新-剪辑-转化引导-箱包皮具-20260702-反向-625-aigc-1,李虹玉-XNY0271,2026-07-07 09:47:21
13776565000,CH-SC-广义新-10122158874402-新综合频道-箱包皮具-京喜拉新-剪辑-转化引导-箱包皮具-20260702-反向-625-aigc-2,李虹玉-XNY0271,2026-07-07 09:47:41
13776566678,CH-SC-广义新-10122158874402-新综合频道-箱包皮具-京喜拉新-剪辑-转化引导-箱包皮具-20260702-反向-625-aigc-4,李虹玉-XNY0271,2026-07-07 09:47:48
13776567137,CH-SC-广义新-10122158874402-新综合频道-箱包皮具-京喜拉新-剪辑-转化引导-箱包皮具-20260702-反向-625-aigc-3,李虹玉-XNY0271,2026-07-07 09:47:50
13776572528,CH-SC-广义新-10177393646076-新综合频道-灯饰照明-京喜拉新-剪辑-转化引导-灯饰照明-20260702-反向-625-aigc-4,李虹玉-XNY0271,2026-07-07 09:48:15
13776572852,CH-SC-广义新-10177393646076-新综合频道-灯饰照明-京喜拉新-剪辑-转化引导-灯饰照明-20260702-反向-625-aigc-5,李虹玉-XNY0271,2026-07-07 09:48:16
13776575158,CH-SC-广义新-10122158874402-新综合频道-箱包皮具-京喜拉新-剪辑-转化引导-箱包皮具-20260702-反向-625-aigc-5,李虹玉-XNY0271,2026-07-07 09:48:28
13776578384,CH-SC-广义新-10177393646076-新综合频道-灯饰照明-京喜拉新-剪辑-转化引导-灯饰照明-20260702-反向-625-aigc-7,李虹玉-XNY0271,2026-07-07 09:48:45
13776578824,CH-SC-广义新-10177393646076-新综合频道-灯饰照明-京喜拉新-剪辑-转化引导-灯饰照明-20260702-反向-625-aigc-6,李虹玉-XNY0271,2026-07-07 09:48:47
13776579149,CH-SC-广义新-10177393646076-新综合频道-灯饰照明-京喜拉新-剪辑-转化引导-灯饰照明-20260702-反向-625-aigc-8,李虹玉-XNY0271,2026-07-07 09:48:49
13776585448,CH-SC-广义新-10177393646076-新综合频道-灯饰照明-京喜拉新-剪辑-转化引导-灯饰照明-20260702-反向-625-aigc-10,李虹玉-XNY0271,2026-07-07 09:49:17
13776588223,CH-SC-广义新-10177393646076-新综合频道-灯饰照明-京喜拉新-剪辑-转化引导-灯饰照明-20260702-反向-625-aigc-11,李虹玉-XNY0271,2026-07-07 09:49:26
13776589156,CH-SC-广义新-10177393646076-新综合频道-灯饰照明-京喜拉新-剪辑-转化引导-灯饰照明-20260702-反向-625-aigc-9,李虹玉-XNY0271,2026-07-07 09:49:29
13776592019,CH-SC-广义新-10177393646076-新综合频道-灯饰照明-京喜拉新-剪辑-转化引导-灯饰照明-20260702-反向-625-aigc-12,李虹玉-XNY0271,2026-07-07 09:49:39
13776598178,CH-SC-广义新-10177393646076-新综合频道-灯饰照明-京喜拉新-剪辑-转化引导-灯饰照明-20260702-反向-625-aigc-15,李虹玉-XNY0271,2026-07-07 09:50:00
13776598531,CH-SC-广义新-10177393646076-新综合频道-灯饰照明-京喜拉新-剪辑-转化引导-灯饰照明-20260702-反向-625-aigc-13,李虹玉-XNY0271,2026-07-07 09:50:02
13776599474,CH-SC-广义新-10177393646076-新综合频道-灯饰照明-京喜拉新-剪辑-转化引导-灯饰照明-20260702-反向-625-aigc-14,李虹玉-XNY0271,2026-07-07 09:50:05
13776607706,CH-SC-广义新-10177393646076-新综合频道-灯饰照明-京喜拉新-剪辑-转化引导-灯饰照明-20260702-反向-625-aigc-17,李虹玉-XNY0271,2026-07-07 09:50:30
13776608225,CH-SC-广义新-10177393646076-新综合频道-灯饰照明-京喜拉新-剪辑-转化引导-灯饰照明-20260702-反向-625-aigc-16,李虹玉-XNY0271,2026-07-07 09:50:32
13776610816,CH-SC-广义新-10177393646076-新综合频道-灯饰照明-京喜拉新-剪辑-转化引导-灯饰照明-20260702-反向-625-aigc-18,李虹玉-XNY0271,2026-07-07 09:50:40
13776617021,CH-SC-广义新-10177393646076-新综合频道-灯饰照明-京喜拉新-剪辑-转化引导-灯饰照明-20260702-反向-625-aigc-19,李虹玉-XNY0271,2026-07-07 09:51:00
13776617326,CH-SC-广义新-10177393646076-新综合频道-灯饰照明-京喜拉新-剪辑-转化引导-灯饰照明-20260702-反向-625-aigc-20,李虹玉-XNY0271,2026-07-07 09:51:01
13776619971,CH-SC-广义新-10177393646076-新综合频道-灯饰照明-京喜拉新-剪辑-转化引导-灯饰照明-20260702-反向-625-aigc-21,李虹玉-XNY0271,2026-07-07 09:51:10
13776625183,CH-SC-广义新-10177393646076-新综合频道-灯饰照明-京喜拉新-剪辑-转化引导-灯饰照明-20260702-反向-625-aigc-22,李虹玉-XNY0271,2026-07-07 09:51:27
13776625426,CH-SC-广义新-10177393646076-新综合频道-灯饰照明-京喜拉新-剪辑-转化引导-灯饰照明-20260702-反向-625-aigc-24,李虹玉-XNY0271,2026-07-07 09:51:28
13776626389,CH-SC-广义新-10177393646076-新综合频道-灯饰照明-京喜拉新-剪辑-转化引导-灯饰照明-20260702-反向-625-aigc-23,李虹玉-XNY0271,2026-07-07 09:51:31
13776633875,CH-SC-广义新-10177393646076-新综合频道-灯饰照明-京喜拉新-剪辑-转化引导-灯饰照明-20260702-反向-625-aigc-3,李虹玉-XNY0271,2026-07-07 09:51:53
13776634575,CH-SC-广义新-10177393646076-新综合频道-灯饰照明-京喜拉新-剪辑-转化引导-灯饰照明-20260702-反向-625-aigc-1,李虹玉-XNY0271,2026-07-07 09:51:55
13776636016,CH-SC-广义新-10177393646076-新综合频道-灯饰照明-京喜拉新-剪辑-转化引导-灯饰照明-20260702-反向-625-aigc-2,李虹玉-XNY0271,2026-07-07 09:52:00
13776644238,CH-SC-广义新-10118706992345-新综合频道-纸品-京喜拉新-剪辑-转化引导-纸品-20260702-无-625-aigc-3,李虹玉-XNY0271,2026-07-07 09:52:25
13776646339,CH-SC-广义新-10118706992345-新综合频道-纸品-京喜拉新-剪辑-转化引导-纸品-20260702-无-625-aigc-4,李虹玉-XNY0271,2026-07-07 09:52:31
13776646990,CH-SC-广义新-10118706992345-新综合频道-纸品-京喜拉新-剪辑-转化引导-纸品-20260702-无-625-aigc-5,李虹玉-XNY0271,2026-07-07 09:52:33
13776655353,CH-SC-广义新-10118706992345-新综合频道-纸品-京喜拉新-剪辑-转化引导-纸品-20260702-无-625-aigc-6,李虹玉-XNY0271,2026-07-07 09:52:57
13776655433,CH-SC-广义新-10118706992345-新综合频道-纸品-京喜拉新-剪辑-转化引导-纸品-20260702-无-625-aigc-8,李虹玉-XNY0271,2026-07-07 09:52:57
13776655862,CH-SC-广义新-10118706992345-新综合频道-纸品-京喜拉新-剪辑-转化引导-纸品-20260702-无-625-aigc-7,李虹玉-XNY0271,2026-07-07 09:52:59
13776664970,CH-SC-广义新-10118706992345-新综合频道-纸品-京喜拉新-剪辑-转化引导-纸品-20260702-无-625-aigc-9,李虹玉-XNY0271,2026-07-07 09:53:25
13776665594,CH-SC-广义新-10118706992345-新综合频道-纸品-京喜拉新-剪辑-转化引导-纸品-20260702-无-625-aigc-11,李虹玉-XNY0271,2026-07-07 09:53:27
13776668560,CH-SC-广义新-10118706992345-新综合频道-纸品-京喜拉新-剪辑-转化引导-纸品-20260702-无-625-aigc-10,李虹玉-XNY0271,2026-07-07 09:53:35
13776673362,CH-SC-广义新-10118706992345-新综合频道-纸品-京喜拉新-剪辑-转化引导-纸品-20260702-无-625-aigc-12,李虹玉-XNY0271,2026-07-07 09:53:49
13776675932,CH-SC-广义新-10118706992345-新综合频道-纸品-京喜拉新-剪辑-转化引导-纸品-20260702-无-625-aigc-1,李虹玉-XNY0271,2026-07-07 09:53:56
13776677575,CH-SC-广义新-10118706992345-新综合频道-纸品-京喜拉新-剪辑-转化引导-纸品-20260702-无-625-aigc-2,李虹玉-XNY0271,2026-07-07 09:54:01
13777183517,CH-SC-低活-10186710590962-超级抢购5元-生鲜-无-剪辑-转化引导-生鲜-202600707-无-625-,李虹玉-XNY0271,2026-07-07 10:27:47
13777186429,误传1,李虹玉-XNY0271,2026-07-07 10:27:58
13777187679,CH-SC-低活-10156923061370-超级抢购加补-数码-无-剪辑-转化引导-数码-202600707-无-625-1,李虹玉-XNY0271,2026-07-07 10:28:02
13799704332,CH-SC-广义新-100239568741-新综合频道-纸品-大商超-剪辑-转化引导-纸品-20260706-无-625-aigc-11,李虹玉-XNY0271,2026-07-09 10:00:54
13799704840,CH-SC-广义新-100239568741-新综合频道-纸品-大商超-剪辑-转化引导-纸品-20260706-无-625-aigc-12,李虹玉-XNY0271,2026-07-09 10:00:56
13799707417,CH-SC-广义新-100239568741-新综合频道-纸品-大商超-剪辑-转化引导-纸品-20260706-无-625-aigc-1,李虹玉-XNY0271,2026-07-09 10:01:03
13799708070,CH-SC-广义新-100239568741-新综合频道-纸品-大商超-剪辑-转化引导-纸品-20260706-无-625-aigc-2,李虹玉-XNY0271,2026-07-09 10:01:05
13799709968,CH-SC-广义新-100239568741-新综合频道-纸品-大商超-剪辑-转化引导-纸品-20260706-无-625-aigc-3,李虹玉-XNY0271,2026-07-09 10:01:10
13799712455,CH-SC-广义新-100239568741-新综合频道-纸品-大商超-剪辑-转化引导-纸品-20260706-无-625-aigc-4,李虹玉-XNY0271,2026-07-09 10:01:16
13799715751,CH-SC-广义新-100239568741-新综合频道-纸品-大商超-剪辑-转化引导-纸品-20260706-无-625-aigc-7,李虹玉-XNY0271,2026-07-09 10:01:23
13799716119,CH-SC-广义新-100239568741-新综合频道-纸品-大商超-剪辑-转化引导-纸品-20260706-无-625-aigc-5,李虹玉-XNY0271,2026-07-09 10:01:24
13799716292,CH-SC-广义新-100239568741-新综合频道-纸品-大商超-剪辑-转化引导-纸品-20260706-无-625-aigc-6,李虹玉-XNY0271,2026-07-09 10:01:25
13799720091,CH-SC-广义新-100239568741-新综合频道-纸品-大商超-剪辑-转化引导-纸品-20260706-无-625-aigc-9,李虹玉-XNY0271,2026-07-09 10:01:34
13799720990,CH-SC-广义新-100239568741-新综合频道-纸品-大商超-剪辑-转化引导-纸品-20260706-无-625-aigc-8,李虹玉-XNY0271,2026-07-09 10:01:36
13799725593,CH-SC-广义新-10139440032542-新综合频道-运动户外-京喜拉新-剪辑-转化引导-运动户外-20260703-无-625-aigc-23,李虹玉-XNY0271,2026-07-09 10:01:46
13799726254,CH-SC-广义新-10151951361733-新综合频道-箱包皮具-京喜拉新-剪辑-转化引导-箱包皮具-20260706-反向-625-aigc-4,李虹玉-XNY0271,2026-07-09 10:01:48
13799726480,CH-SC-广义新-100239568741-新综合频道-纸品-大商超-剪辑-转化引导-纸品-20260706-无-625-aigc-10,李虹玉-XNY0271,2026-07-09 10:01:48
13799727298,CH-SC-广义新-10151951361733-新综合频道-箱包皮具-京喜拉新-剪辑-转化引导-箱包皮具-20260706-反向-625-aigc-5,李虹玉-XNY0271,2026-07-09 10:01:50
13799729372,CH-SC-广义新-10151951361733-新综合频道-箱包皮具-京喜拉新-剪辑-转化引导-箱包皮具-20260706-反向-625-aigc-8,李虹玉-XNY0271,2026-07-09 10:01:55
13799730521,CH-SC-广义新-10151951361733-新综合频道-箱包皮具-京喜拉新-剪辑-转化引导-箱包皮具-20260706-反向-625-aigc-6,李虹玉-XNY0271,2026-07-09 10:01:58
13799731696,CH-SC-广义新-10151951361733-新综合频道-箱包皮具-京喜拉新-剪辑-转化引导-箱包皮具-20260706-反向-625-aigc-7,李虹玉-XNY0271,2026-07-09 10:02:01
13799732068,CH-SC-广义新-10151951361733-新综合频道-箱包皮具-京喜拉新-剪辑-转化引导-箱包皮具-20260706-反向-625-aigc-9,李虹玉-XNY0271,2026-07-09 10:02:02
13799734027,CH-SC-广义新-10151951361733-新综合频道-箱包皮具-京喜拉新-剪辑-转化引导-箱包皮具-20260706-反向-625-aigc-11,李虹玉-XNY0271,2026-07-09 10:02:06
13799734064,CH-SC-广义新-10151951361733-新综合频道-箱包皮具-京喜拉新-剪辑-转化引导-箱包皮具-20260706-反向-625-aigc-10,李虹玉-XNY0271,2026-07-09 10:02:07
13799735650,CH-SC-广义新-10151951361733-新综合频道-箱包皮具-京喜拉新-剪辑-转化引导-箱包皮具-20260706-反向-625-aigc-1,李虹玉-XNY0271,2026-07-09 10:02:10
13799736101,CH-SC-广义新-10151951361733-新综合频道-箱包皮具-京喜拉新-剪辑-转化引导-箱包皮具-20260706-反向-625-aigc-2,李虹玉-XNY0271,2026-07-09 10:02:11
13799739392,CH-SC-广义新-10151951361733-新综合频道-箱包皮具-京喜拉新-剪辑-转化引导-箱包皮具-20260706-反向-625-aigc-3,李虹玉-XNY0271,2026-07-09 10:02:19
13799741063,CH-SC-广义新-10155085148227-新综合频道-家用电器-京喜拉新-剪辑-转化引导-家用电器-20260706-无-625-aigc-14,李虹玉-XNY0271,2026-07-09 10:02:23
13799745513,CH-SC-广义新-10155085148227-新综合频道-家用电器-京喜拉新-剪辑-转化引导-家用电器-20260706-无-625-aigc-16,李虹玉-XNY0271,2026-07-09 10:02:34
13799745586,CH-SC-广义新-10155085148227-新综合频道-家用电器-京喜拉新-剪辑-转化引导-家用电器-20260706-无-625-aigc-13,李虹玉-XNY0271,2026-07-09 10:02:34
13799745874,CH-SC-广义新-10155085148227-新综合频道-家用电器-京喜拉新-剪辑-转化引导-家用电器-20260706-无-625-aigc-15,李虹玉-XNY0271,2026-07-09 10:02:35
13799751625,CH-SC-广义新-10155085148227-新综合频道-家用电器-京喜拉新-剪辑-转化引导-家用电器-20260706-无-625-aigc-3,李虹玉-XNY0271,2026-07-09 10:02:50
13799752251,CH-SC-广义新-10155085148227-新综合频道-家用电器-京喜拉新-剪辑-转化引导-家用电器-20260706-无-625-aigc-1,李虹玉-XNY0271,2026-07-09 10:02:52
13799752628,CH-SC-广义新-10155085148227-新综合频道-家用电器-京喜拉新-剪辑-转化引导-家用电器-20260706-无-625-aigc-2,李虹玉-XNY0271,2026-07-09 10:02:53
13799754100,CH-SC-广义新-10155085148227-新综合频道-家用电器-京喜拉新-剪辑-转化引导-家用电器-20260706-无-625-aigc-10,李虹玉-XNY0271,2026-07-09 10:02:57
13799756880,CH-SC-广义新-10157346551639-新综合频道-生鲜-京喜拉新-剪辑-转化引导-生鲜-20260706-无-625-11,李虹玉-XNY0271,2026-07-09 10:03:05
13799757252,CH-SC-广义新-10155085148227-新综合频道-家用电器-京喜拉新-剪辑-转化引导-家用电器-20260706-无-625-aigc-12,李虹玉-XNY0271,2026-07-09 10:03:06
13799758293,CH-SC-广义新-10155085148227-新综合频道-家用电器-京喜拉新-剪辑-转化引导-家用电器-20260706-无-625-aigc-11,李虹玉-XNY0271,2026-07-09 10:03:09
13799758725,CH-SC-广义新-10157346551639-新综合频道-生鲜-京喜拉新-剪辑-转化引导-生鲜-20260706-无-625-12,李虹玉-XNY0271,2026-07-09 10:03:10
13799760353,CH-SC-广义新-10157346551639-新综合频道-生鲜-京喜拉新-剪辑-转化引导-生鲜-20260706-无-625-7,李虹玉-XNY0271,2026-07-09 10:03:15
13799762465,CH-SC-广义新-10157346551639-新综合频道-生鲜-京喜拉新-剪辑-转化引导-生鲜-20260706-无-625-9,李虹玉-XNY0271,2026-07-09 10:03:21
13799763117,CH-SC-广义新-10157346551639-新综合频道-生鲜-京喜拉新-剪辑-转化引导-生鲜-20260706-无-625-10,李虹玉-XNY0271,2026-07-09 10:03:23
13799763885,CH-SC-广义新-10157346551639-新综合频道-生鲜-京喜拉新-剪辑-转化引导-生鲜-20260706-无-625-8,李虹玉-XNY0271,2026-07-09 10:03:26
13799766055,CH-SC-广义新-10165597603354-新综合频道-家庭清洁-京喜拉新-剪辑-转化引导-家庭清洁-20260706-反向-625-aigc-1,李虹玉-XNY0271,2026-07-09 10:03:32
13799766839,CH-SC-广义新-10165597603354-新综合频道-家庭清洁-京喜拉新-剪辑-转化引导-家庭清洁-20260706-反向-625-aigc-10,李虹玉-XNY0271,2026-07-09 10:03:34
13799768252,CH-SC-广义新-10165597603354-新综合频道-家庭清洁-京喜拉新-剪辑-转化引导-家庭清洁-20260706-反向-625-aigc-2,李虹玉-XNY0271,2026-07-09 10:03:39
13799769429,CH-SC-广义新-10165597603354-新综合频道-家庭清洁-京喜拉新-剪辑-转化引导-家庭清洁-20260706-反向-625-aigc-3,李虹玉-XNY0271,2026-07-09 10:03:42
13799770095,CH-SC-广义新-10165597603354-新综合频道-家庭清洁-京喜拉新-剪辑-转化引导-家庭清洁-20260706-反向-625-aigc-4,李虹玉-XNY0271,2026-07-09 10:03:44
13799774961,CH-SC-广义新-10155085148227-新综合频道-家用电器-京喜拉新-剪辑-转化引导-家用电器-20260707-反向-625-aigc-11,李虹玉-XNY0271,2026-07-09 10:03:58
13799775352,CH-SC-广义新-10155085148227-新综合频道-家用电器-京喜拉新-剪辑-转化引导-家用电器-20260707-反向-625-aigc-13,李虹玉-XNY0271,2026-07-09 10:03:59
13799775505,CH-SC-广义新-10155085148227-新综合频道-家用电器-京喜拉新-剪辑-转化引导-家用电器-20260707-反向-625-aigc-12,李虹玉-XNY0271,2026-07-09 10:04:00
13799781175,CH-SC-广义新-10155085148227-新综合频道-家用电器-京喜拉新-剪辑-转化引导-家用电器-20260707-反向-625-aigc-14,李虹玉-XNY0271,2026-07-09 10:04:16
13799781798,CH-SC-广义新-10155085148227-新综合频道-家用电器-京喜拉新-剪辑-转化引导-家用电器-20260707-反向-625-aigc-16,李虹玉-XNY0271,2026-07-09 10:04:18
13799781871,CH-SC-广义新-10155085148227-新综合频道-家用电器-京喜拉新-剪辑-转化引导-家用电器-20260707-反向-625-aigc-15,李虹玉-XNY0271,2026-07-09 10:04:18
13799783455,CH-SC-广义新-10155085148227-新综合频道-家用电器-京喜拉新-剪辑-转化引导-家用电器-20260707-反向-625-aigc-17,李虹玉-XNY0271,2026-07-09 10:04:23
13799786449,CH-SC-广义新-10155085148227-新综合频道-家用电器-京喜拉新-剪辑-转化引导-家用电器-20260707-反向-625-aigc-20,李虹玉-XNY0271,2026-07-09 10:04:33
13799788126,CH-SC-广义新-10155085148227-新综合频道-家用电器-京喜拉新-剪辑-转化引导-家用电器-20260707-反向-625-aigc-19,李虹玉-XNY0271,2026-07-09 10:04:39
13799788605,CH-SC-广义新-10155085148227-新综合频道-家用电器-京喜拉新-剪辑-转化引导-家用电器-20260707-反向-625-aigc-18,李虹玉-XNY0271,2026-07-09 10:04:41
13799792096,CH-SC-广义新-10155085148227-新综合频道-家用电器-京喜拉新-剪辑-转化引导-家用电器-20260707-反向-625-aigc-1,李虹玉-XNY0271,2026-07-09 10:04:52
13799792684,CH-SC-广义新-10155085148227-新综合频道-家用电器-京喜拉新-剪辑-转化引导-家用电器-20260707-反向-625-aigc-21,李虹玉-XNY0271,2026-07-09 10:04:54
13799793362,CH-SC-广义新-10155085148227-新综合频道-家用电器-京喜拉新-剪辑-转化引导-家用电器-20260707-反向-625-aigc-2,李虹玉-XNY0271,2026-07-09 10:04:57
13799797654,CH-SC-广义新-10155085148227-新综合频道-家用电器-京喜拉新-剪辑-转化引导-家用电器-20260707-反向-625-aigc-3,李虹玉-XNY0271,2026-07-09 10:05:12
13799797660,CH-SC-广义新-10155085148227-新综合频道-家用电器-京喜拉新-剪辑-转化引导-家用电器-20260707-反向-625-aigc-5,李虹玉-XNY0271,2026-07-09 10:05:12
13799798181,CH-SC-广义新-10155085148227-新综合频道-家用电器-京喜拉新-剪辑-转化引导-家用电器-20260707-反向-625-aigc-4,李虹玉-XNY0271,2026-07-09 10:05:14
13799802168,CH-SC-广义新-10155085148227-新综合频道-家用电器-京喜拉新-剪辑-转化引导-家用电器-20260707-反向-625-aigc-7,李虹玉-XNY0271,2026-07-09 10:05:29
13799802478,CH-SC-广义新-10155085148227-新综合频道-家用电器-京喜拉新-剪辑-转化引导-家用电器-20260707-反向-625-aigc-8,李虹玉-XNY0271,2026-07-09 10:05:30
13799802662,CH-SC-广义新-10155085148227-新综合频道-家用电器-京喜拉新-剪辑-转化引导-家用电器-20260707-反向-625-aigc-6,李虹玉-XNY0271,2026-07-09 10:05:31
13799804422,CH-SC-广义新-10155085148227-新综合频道-家用电器-京喜拉新-剪辑-转化引导-家用电器-20260707-反向-625-aigc-9,李虹玉-XNY0271,2026-07-09 10:05:38
13799808077,CH-SC-广义新-10156923061370-新综合频道-数码-京喜拉新-剪辑-转化引导-数码-20260707-无-625-aigc-12,李虹玉-XNY0271,2026-07-09 10:05:53
13799808792,CH-SC-广义新-10155085148227-新综合频道-家用电器-京喜拉新-剪辑-转化引导-家用电器-20260707-反向-625-aigc-10,李虹玉-XNY0271,2026-07-09 10:05:56
13799808991,CH-SC-广义新-10156923061370-新综合频道-数码-京喜拉新-剪辑-转化引导-数码-20260707-无-625-aigc-13,李虹玉-XNY0271,2026-07-09 10:05:56
13799811854,CH-SC-广义新-10156923061370-新综合频道-数码-京喜拉新-剪辑-转化引导-数码-20260707-无-625-aigc-15,李虹玉-XNY0271,2026-07-09 10:06:09
13799812071,CH-SC-广义新-10156923061370-新综合频道-数码-京喜拉新-剪辑-转化引导-数码-20260707-无-625-aigc-14,李虹玉-XNY0271,2026-07-09 10:06:09
13799812737,CH-SC-广义新-10156923061370-新综合频道-数码-京喜拉新-剪辑-转化引导-数码-20260707-无-625-aigc-16,李虹玉-XNY0271,2026-07-09 10:06:13
13799816014,CH-SC-广义新-10156923061370-新综合频道-数码-京喜拉新-剪辑-转化引导-数码-20260707-无-625-aigc-17,李虹玉-XNY0271,2026-07-09 10:06:27
13799816485,CH-SC-广义新-10156923061370-新综合频道-数码-京喜拉新-剪辑-转化引导-数码-20260707-无-625-aigc-18,李虹玉-XNY0271,2026-07-09 10:06:29
13799816684,CH-SC-广义新-10156923061370-新综合频道-数码-京喜拉新-剪辑-转化引导-数码-20260707-无-625-aigc-19,李虹玉-XNY0271,2026-07-09 10:06:31
13799818579,CH-SC-广义新-10156923061370-新综合频道-数码-京喜拉新-剪辑-转化引导-数码-20260707-无-625-aigc-1,李虹玉-XNY0271,2026-07-09 10:06:39
13799819999,CH-SC-广义新-10156923061370-新综合频道-数码-京喜拉新-剪辑-转化引导-数码-20260707-无-625-aigc-2,李虹玉-XNY0271,2026-07-09 10:06:45
13799821489,CH-SC-广义新-10156923061370-新综合频道-数码-京喜拉新-剪辑-转化引导-数码-20260707-无-625-aigc-3,李虹玉-XNY0271,2026-07-09 10:06:51
13799823477,CH-SC-广义新-10156923061370-新综合频道-数码-京喜拉新-剪辑-转化引导-数码-20260707-无-625-aigc-5,李虹玉-XNY0271,2026-07-09 10:06:59
13799824478,CH-SC-广义新-10156923061370-新综合频道-数码-京喜拉新-剪辑-转化引导-数码-20260707-无-625-aigc-4,李虹玉-XNY0271,2026-07-09 10:07:03
13799826545,CH-SC-广义新-10156923061370-新综合频道-数码-京喜拉新-剪辑-转化引导-数码-20260707-无-625-aigc-6,李虹玉-XNY0271,2026-07-09 10:07:11
13799827592,CH-SC-广义新-10156923061370-新综合频道-数码-京喜拉新-剪辑-转化引导-数码-20260707-无-625-aigc-8,李虹玉-XNY0271,2026-07-09 10:07:16
13799827740,CH-SC-广义新-10156923061370-新综合频道-数码-京喜拉新-剪辑-转化引导-数码-20260707-无-625-aigc-7,李虹玉-XNY0271,2026-07-09 10:07:16
13799829989,CH-SC-广义新-10156923061370-新综合频道-数码-京喜拉新-剪辑-转化引导-数码-20260707-无-625-aigc-10,李虹玉-XNY0271,2026-07-09 10:07:26
13799831594,CH-SC-广义新-10156923061370-新综合频道-数码-京喜拉新-剪辑-转化引导-数码-20260707-无-625-aigc-9,李虹玉-XNY0271,2026-07-09 10:07:32
13799831975,CH-SC-广义新-10165597603354-新综合频道-家庭清洁-京喜拉新-剪辑-转化引导-家庭清洁-20260706-反向-625-aigc-5,李虹玉-XNY0271,2026-07-09 10:07:34
13799834838,CH-SC-广义新-10156923061370-新综合频道-数码-京喜拉新-剪辑-转化引导-数码-20260707-无-625-aigc-11,李虹玉-XNY0271,2026-07-09 10:07:46
13799835406,CH-SC-广义新-10165597603354-新综合频道-家庭清洁-京喜拉新-剪辑-转化引导-家庭清洁-20260706-反向-625-aigc-6,李虹玉-XNY0271,2026-07-09 10:07:48
13799835775,CH-SC-广义新-10165597603354-新综合频道-家庭清洁-京喜拉新-剪辑-转化引导-家庭清洁-20260706-反向-625-aigc-7,李虹玉-XNY0271,2026-07-09 10:07:50
13799838695,CH-SC-广义新-10165597603354-新综合频道-家庭清洁-京喜拉新-剪辑-转化引导-家庭清洁-20260706-反向-625-aigc-8,李虹玉-XNY0271,2026-07-09 10:08:02
13799839275,CH-SC-广义新-10183335983500-新综合频道-厨具-京喜拉新-剪辑-转化引导-厨具-20260707-无-625-aigc-12,李虹玉-XNY0271,2026-07-09 10:08:04
13799839652,CH-SC-广义新-10165597603354-新综合频道-家庭清洁-京喜拉新-剪辑-转化引导-家庭清洁-20260706-反向-625-aigc-9,李虹玉-XNY0271,2026-07-09 10:08:05
13799841248,CH-SC-广义新-10183335983500-新综合频道-厨具-京喜拉新-剪辑-转化引导-厨具-20260707-无-625-aigc-13,李虹玉-XNY0271,2026-07-09 10:08:12
13799842369,CH-SC-广义新-10183335983500-新综合频道-厨具-京喜拉新-剪辑-转化引导-厨具-20260707-无-625-aigc-15,李虹玉-XNY0271,2026-07-09 10:08:17
13799843782,CH-SC-广义新-10183335983500-新综合频道-厨具-京喜拉新-剪辑-转化引导-厨具-20260707-无-625-aigc-14,李虹玉-XNY0271,2026-07-09 10:08:22
13799845511,CH-SC-广义新-10183335983500-新综合频道-厨具-京喜拉新-剪辑-转化引导-厨具-20260707-无-625-aigc-17,李虹玉-XNY0271,2026-07-09 10:08:28
13799847326,CH-SC-广义新-10183335983500-新综合频道-厨具-京喜拉新-剪辑-转化引导-厨具-20260707-无-625-aigc-16,李虹玉-XNY0271,2026-07-09 10:08:35
13799847911,CH-SC-广义新-10183335983500-新综合频道-厨具-京喜拉新-剪辑-转化引导-厨具-20260707-无-625-aigc-18,李虹玉-XNY0271,2026-07-09 10:08:37
13799848527,CH-SC-广义新-10183335983500-新综合频道-厨具-京喜拉新-剪辑-转化引导-厨具-20260707-无-625-aigc-1,李虹玉-XNY0271,2026-07-09 10:08:40
13799851857,CH-SC-广义新-10183335983500-新综合频道-厨具-京喜拉新-剪辑-转化引导-厨具-20260707-无-625-aigc-2,李虹玉-XNY0271,2026-07-09 10:08:51
13799852183,CH-SC-广义新-10183335983500-新综合频道-厨具-京喜拉新-剪辑-转化引导-厨具-20260707-无-625-aigc-4,李虹玉-XNY0271,2026-07-09 10:08:52
13799852378,CH-SC-广义新-10183335983500-新综合频道-厨具-京喜拉新-剪辑-转化引导-厨具-20260707-无-625-aigc-3,李虹玉-XNY0271,2026-07-09 10:08:53
13799855419,CH-SC-广义新-10183335983500-新综合频道-厨具-京喜拉新-剪辑-转化引导-厨具-20260707-无-625-aigc-6,李虹玉-XNY0271,2026-07-09 10:09:03
13799856173,CH-SC-广义新-10183335983500-新综合频道-厨具-京喜拉新-剪辑-转化引导-厨具-20260707-无-625-aigc-5,李虹玉-XNY0271,2026-07-09 10:09:05
13799857172,CH-SC-广义新-10183335983500-新综合频道-厨具-京喜拉新-剪辑-转化引导-厨具-20260707-无-625-aigc-7,李虹玉-XNY0271,2026-07-09 10:09:08
13799860505,CH-SC-广义新-10183335983500-新综合频道-厨具-京喜拉新-剪辑-转化引导-厨具-20260707-无-625-aigc-8,李虹玉-XNY0271,2026-07-09 10:09:19
13799861163,CH-SC-广义新-10183335983500-新综合频道-厨具-京喜拉新-剪辑-转化引导-厨具-20260707-无-625-aigc-10,李虹玉-XNY0271,2026-07-09 10:09:21
13799861365,CH-SC-广义新-10183335983500-新综合频道-厨具-京喜拉新-剪辑-转化引导-厨具-20260707-无-625-aigc-9,李虹玉-XNY0271,2026-07-09 10:09:22
13799863994,CH-SC-广义新-10183335983500-新综合频道-厨具-京喜拉新-剪辑-转化引导-厨具-20260707-无-625-aigc-11,李虹玉-XNY0271,2026-07-09 10:09:31
13799866197,CH-SC-广义新-10140493395931-新综合频道-厨房卫浴-京喜拉新-剪辑-转化引导-厨房卫浴-20260707-无-625-aigc-13,李虹玉-XNY0271,2026-07-09 10:09:39
13799866346,CH-SC-广义新-10140493395931-新综合频道-厨房卫浴-京喜拉新-剪辑-转化引导-厨房卫浴-20260707-无-625-aigc-11,李虹玉-XNY0271,2026-07-09 10:09:40
13799869550,CH-SC-广义新-10140493395931-新综合频道-厨房卫浴-京喜拉新-剪辑-转化引导-厨房卫浴-20260707-无-625-aigc-14,李虹玉-XNY0271,2026-07-09 10:09:52
13799870097,CH-SC-广义新-10140493395931-新综合频道-厨房卫浴-京喜拉新-剪辑-转化引导-厨房卫浴-20260707-无-625-aigc-12,李虹玉-XNY0271,2026-07-09 10:09:54
13799870799,CH-SC-广义新-10140493395931-新综合频道-厨房卫浴-京喜拉新-剪辑-转化引导-厨房卫浴-20260707-无-625-aigc-15,李虹玉-XNY0271,2026-07-09 10:09:57
13799872746,CH-SC-广义新-10140493395931-新综合频道-厨房卫浴-京喜拉新-剪辑-转化引导-厨房卫浴-20260707-无-625-aigc-1,李虹玉-XNY0271,2026-07-09 10:10:04
13799875090,CH-SC-广义新-10140493395931-新综合频道-厨房卫浴-京喜拉新-剪辑-转化引导-厨房卫浴-20260707-无-625-aigc-3,李虹玉-XNY0271,2026-07-09 10:10:13
13799875906,CH-SC-广义新-10140493395931-新综合频道-厨房卫浴-京喜拉新-剪辑-转化引导-厨房卫浴-20260707-无-625-aigc-2,李虹玉-XNY0271,2026-07-09 10:10:16
13799879816,CH-SC-广义新-10140493395931-新综合频道-厨房卫浴-京喜拉新-剪辑-转化引导-厨房卫浴-20260707-无-625-aigc-6,李虹玉-XNY0271,2026-07-09 10:10:29
13799880264,CH-SC-广义新-10140493395931-新综合频道-厨房卫浴-京喜拉新-剪辑-转化引导-厨房卫浴-20260707-无-625-aigc-4,李虹玉-XNY0271,2026-07-09 10:10:30
13799882094,CH-SC-广义新-10140493395931-新综合频道-厨房卫浴-京喜拉新-剪辑-转化引导-厨房卫浴-20260707-无-625-aigc-5,李虹玉-XNY0271,2026-07-09 10:10:37
13799882538,CH-SC-广义新-10140493395931-新综合频道-厨房卫浴-京喜拉新-剪辑-转化引导-厨房卫浴-20260707-无-625-aigc-7,李虹玉-XNY0271,2026-07-09 10:10:39
13799884955,CH-SC-广义新-10140493395931-新综合频道-厨房卫浴-京喜拉新-剪辑-转化引导-厨房卫浴-20260707-无-625-aigc-8,李虹玉-XNY0271,2026-07-09 10:10:48
13799885594,CH-SC-广义新-10140493395931-新综合频道-厨房卫浴-京喜拉新-剪辑-转化引导-厨房卫浴-20260707-无-625-aigc-10,李虹玉-XNY0271,2026-07-09 10:10:51
13799885673,CH-SC-广义新-10140493395931-新综合频道-厨房卫浴-京喜拉新-剪辑-转化引导-厨房卫浴-20260707-无-625-aigc-9,李虹玉-XNY0271,2026-07-09 10:10:51
13799888009,CH-SC-广义新-10219015162503-新综合频道-家庭清洁-京喜拉新-剪辑-转化引导-家庭清洁-20260707-反向-625-aigc-12,李虹玉-XNY0271,2026-07-09 10:11:01
13799889101,CH-SC-广义新-10219015162503-新综合频道-家庭清洁-京喜拉新-剪辑-转化引导-家庭清洁-20260707-反向-625-aigc-1,李虹玉-XNY0271,2026-07-09 10:11:06
13799889141,CH-SC-广义新-10219015162503-新综合频道-家庭清洁-京喜拉新-剪辑-转化引导-家庭清洁-20260707-反向-625-aigc-2,李虹玉-XNY0271,2026-07-09 10:11:06
13799891673,CH-SC-广义新-10219015162503-新综合频道-家庭清洁-京喜拉新-剪辑-转化引导-家庭清洁-20260707-反向-625-aigc-3,李虹玉-XNY0271,2026-07-09 10:11:16
13799892249,CH-SC-广义新-10219015162503-新综合频道-家庭清洁-京喜拉新-剪辑-转化引导-家庭清洁-20260707-反向-625-aigc-4,李虹玉-XNY0271,2026-07-09 10:11:18
13799892639,CH-SC-广义新-10219015162503-新综合频道-家庭清洁-京喜拉新-剪辑-转化引导-家庭清洁-20260707-反向-625-aigc-5,李虹玉-XNY0271,2026-07-09 10:11:20
13799893998,CH-SC-广义新-10219015162503-新综合频道-家庭清洁-京喜拉新-剪辑-转化引导-家庭清洁-20260707-反向-625-aigc-6,李虹玉-XNY0271,2026-07-09 10:11:26
13799897972,CH-SC-广义新-10219015162503-新综合频道-家庭清洁-京喜拉新-剪辑-转化引导-家庭清洁-20260707-反向-625-aigc-7,李虹玉-XNY0271,2026-07-09 10:11:42
13799898555,CH-SC-广义新-10219015162503-新综合频道-家庭清洁-京喜拉新-剪辑-转化引导-家庭清洁-20260707-反向-625-aigc-8,李虹玉-XNY0271,2026-07-09 10:11:44
13799899425,CH-SC-广义新-10219015162503-新综合频道-家庭清洁-京喜拉新-剪辑-转化引导-家庭清洁-20260707-反向-625-aigc-9,李虹玉-XNY0271,2026-07-09 10:11:47
13799902103,CH-SC-广义新-10219015162503-新综合频道-家庭清洁-京喜拉新-剪辑-转化引导-家庭清洁-20260707-反向-625-aigc-11,李虹玉-XNY0271,2026-07-09 10:11:56
13799903198,CH-SC-广义新-10219015162503-新综合频道-家庭清洁-京喜拉新-剪辑-转化引导-家庭清洁-20260707-反向-625-aigc-10,李虹玉-XNY0271,2026-07-09 10:12:00
13799903389,CH-SC-广义新-10118706992345-新综合频道-纸品-京喜拉新-剪辑-转化引导-纸品-20260707-无-625-aigc-12,李虹玉-XNY0271,2026-07-09 10:12:01
13799905875,CH-SC-广义新-10118706992345-新综合频道-纸品-京喜拉新-剪辑-转化引导-纸品-20260707-无-625-aigc-13,李虹玉-XNY0271,2026-07-09 10:12:09
13799906391,CH-SC-广义新-10118706992345-新综合频道-纸品-京喜拉新-剪辑-转化引导-纸品-20260707-无-625-aigc-14,李虹玉-XNY0271,2026-07-09 10:12:11
13799908432,CH-SC-广义新-10118706992345-新综合频道-纸品-京喜拉新-剪辑-转化引导-纸品-20260707-无-625-aigc-15,李虹玉-XNY0271,2026-07-09 10:12:20
13799908665,CH-SC-广义新-10118706992345-新综合频道-纸品-京喜拉新-剪辑-转化引导-纸品-20260707-无-625-aigc-16,李虹玉-XNY0271,2026-07-09 10:12:21
13799909221,CH-SC-广义新-10118706992345-新综合频道-纸品-京喜拉新-剪辑-转化引导-纸品-20260707-无-625-aigc-17,李虹玉-XNY0271,2026-07-09 10:12:23
13799910774,CH-SC-广义新-10118706992345-新综合频道-纸品-京喜拉新-剪辑-转化引导-纸品-20260707-无-625-aigc-18,李虹玉-XNY0271,2026-07-09 10:12:29
13799911408,CH-SC-广义新-10118706992345-新综合频道-纸品-京喜拉新-剪辑-转化引导-纸品-20260707-无-625-aigc-2,李虹玉-XNY0271,2026-07-09 10:12:32
13799913889,CH-SC-广义新-10118706992345-新综合频道-纸品-京喜拉新-剪辑-转化引导-纸品-20260707-无-625-aigc-4,李虹玉-XNY0271,2026-07-09 10:12:42
13799914041,CH-SC-广义新-10118706992345-新综合频道-纸品-京喜拉新-剪辑-转化引导-纸品-20260707-无-625-aigc-1,李虹玉-XNY0271,2026-07-09 10:12:43
13799914282,CH-SC-广义新-10118706992345-新综合频道-纸品-京喜拉新-剪辑-转化引导-纸品-20260707-无-625-aigc-3,李虹玉-XNY0271,2026-07-09 10:12:44
13799916307,CH-SC-广义新-10118706992345-新综合频道-纸品-京喜拉新-剪辑-转化引导-纸品-20260707-无-625-aigc-5,李虹玉-XNY0271,2026-07-09 10:12:51
13799918585,CH-SC-广义新-10118706992345-新综合频道-纸品-京喜拉新-剪辑-转化引导-纸品-20260707-无-625-aigc-7,李虹玉-XNY0271,2026-07-09 10:12:59
13799919981,CH-SC-广义新-10118706992345-新综合频道-纸品-京喜拉新-剪辑-转化引导-纸品-20260707-无-625-aigc-6,李虹玉-XNY0271,2026-07-09 10:13:05
13799920185,CH-SC-广义新-10118706992345-新综合频道-纸品-京喜拉新-剪辑-转化引导-纸品-20260707-无-625-aigc-8,李虹玉-XNY0271,2026-07-09 10:13:06
13799922243,CH-SC-广义新-10118706992345-新综合频道-纸品-京喜拉新-剪辑-转化引导-纸品-20260707-无-625-aigc-9,李虹玉-XNY0271,2026-07-09 10:13:12
13799923591,CH-SC-广义新-10118706992345-新综合频道-纸品-京喜拉新-剪辑-转化引导-纸品-20260707-无-625-aigc-10,李虹玉-XNY0271,2026-07-09 10:13:17
13799924045,CH-SC-广义新-10158258669630-新综合频道-居家布艺-京喜拉新-剪辑-转化引导-居家布艺-20260706-无-625-aigc-10,李虹玉-XNY0271,2026-07-09 10:13:19
13799924706,CH-SC-广义新-10118706992345-新综合频道-纸品-京喜拉新-剪辑-转化引导-纸品-20260707-无-625-aigc-11,李虹玉-XNY0271,2026-07-09 10:13:21
13799925653,CH-SC-广义新-10158258669630-新综合频道-居家布艺-京喜拉新-剪辑-转化引导-居家布艺-20260706-无-625-aigc-11,李虹玉-XNY0271,2026-07-09 10:13:24
13799926468,CH-SC-广义新-10158258669630-新综合频道-居家布艺-京喜拉新-剪辑-转化引导-居家布艺-20260706-无-625-aigc-12,李虹玉-XNY0271,2026-07-09 10:13:26
13799927457,CH-SC-广义新-10158258669630-新综合频道-居家布艺-京喜拉新-剪辑-转化引导-居家布艺-20260706-无-625-aigc-2,李虹玉-XNY0271,2026-07-09 10:13:29
13799928462,CH-SC-广义新-10158258669630-新综合频道-居家布艺-京喜拉新-剪辑-转化引导-居家布艺-20260706-无-625-aigc-3,李虹玉-XNY0271,2026-07-09 10:13:33
13799929388,CH-SC-广义新-10158258669630-新综合频道-居家布艺-京喜拉新-剪辑-转化引导-居家布艺-20260706-无-625-aigc-1,李虹玉-XNY0271,2026-07-09 10:13:36
13799930088,CH-SC-广义新-10158258669630-新综合频道-居家布艺-京喜拉新-剪辑-转化引导-居家布艺-20260706-无-625-aigc-5,李虹玉-XNY0271,2026-07-09 10:13:39
13799930681,CH-SC-广义新-10158258669630-新综合频道-居家布艺-京喜拉新-剪辑-转化引导-居家布艺-20260706-无-625-aigc-4,李虹玉-XNY0271,2026-07-09 10:13:41
13799930857,CH-SC-广义新-10158258669630-新综合频道-居家布艺-京喜拉新-剪辑-转化引导-居家布艺-20260706-无-625-aigc-6,李虹玉-XNY0271,2026-07-09 10:13:42
13799931656,CH-SC-广义新-10158258669630-新综合频道-居家布艺-京喜拉新-剪辑-转化引导-居家布艺-20260706-无-625-aigc-7,李虹玉-XNY0271,2026-07-09 10:13:45
13799932270,CH-SC-广义新-10158258669630-新综合频道-居家布艺-京喜拉新-剪辑-转化引导-居家布艺-20260706-无-625-aigc-8,李虹玉-XNY0271,2026-07-09 10:13:48
13799934599,CH-SC-广义新-10158258669630-新综合频道-居家布艺-京喜拉新-剪辑-转化引导-居家布艺-20260706-无-625-aigc-9,李虹玉-XNY0271,2026-07-09 10:13:57
13799935453,CH-SC-广义新-10139440032542-新综合频道-运动户外-京喜拉新-剪辑-转化引导-运动户外-20260703-无-625-aigc-24,李虹玉-XNY0271,2026-07-09 10:14:00
13799937464,CH-SC-广义新-10139440032542-新综合频道-运动户外-京喜拉新-剪辑-转化引导-运动户外-20260703-无-625-aigc-25,李虹玉-XNY0271,2026-07-09 10:14:07
13799938066,CH-SC-广义新-10139440032542-新综合频道-运动户外-京喜拉新-剪辑-转化引导-运动户外-20260703-无-625-aigc-26,李虹玉-XNY0271,2026-07-09 10:14:10
13799940175,CH-SC-广义新-10139440032542-新综合频道-运动户外-京喜拉新-剪辑-转化引导-运动户外-20260703-无-625-aigc-2,李虹玉-XNY0271,2026-07-09 10:14:18
13799942003,CH-SC-广义新-10139440032542-新综合频道-运动户外-京喜拉新-剪辑-转化引导-运动户外-20260703-无-625-aigc-1,李虹玉-XNY0271,2026-07-09 10:14:25
13799944955,CH-SC-广义新-10139440032542-新综合频道-运动户外-京喜拉新-剪辑-转化引导-运动户外-20260703-无-625-aigc-3,李虹玉-XNY0271,2026-07-09 10:14:35
13799945643,CH-SC-广义新-10139440032542-新综合频道-运动户外-京喜拉新-剪辑-转化引导-运动户外-20260703-无-625-aigc-4,李虹玉-XNY0271,2026-07-09 10:14:38
13799946175,CH-SC-广义新-10139440032542-新综合频道-运动户外-京喜拉新-剪辑-转化引导-运动户外-20260703-无-625-aigc-5,李虹玉-XNY0271,2026-07-09 10:14:40
13799952003,CH-SC-广义新-10139440032542-新综合频道-运动户外-京喜拉新-剪辑-转化引导-运动户外-20260703-无-625-aigc-7,李虹玉-XNY0271,2026-07-09 10:14:59
13799952134,CH-SC-广义新-10139440032542-新综合频道-运动户外-京喜拉新-剪辑-转化引导-运动户外-20260703-无-625-aigc-6,李虹玉-XNY0271,2026-07-09 10:14:59
13799952520,CH-SC-广义新-10139440032542-新综合频道-运动户外-京喜拉新-剪辑-转化引导-运动户外-20260703-无-625-aigc-8,李虹玉-XNY0271,2026-07-09 10:15:00
13799957986,CH-SC-广义新-10139440032542-新综合频道-运动户外-京喜拉新-剪辑-转化引导-运动户外-20260703-无-625-aigc-10,李虹玉-XNY0271,2026-07-09 10:15:16
13799958362,CH-SC-广义新-10139440032542-新综合频道-运动户外-京喜拉新-剪辑-转化引导-运动户外-20260703-无-625-aigc-9,李虹玉-XNY0271,2026-07-09 10:15:18
13799958713,CH-SC-广义新-10139440032542-新综合频道-运动户外-京喜拉新-剪辑-转化引导-运动户外-20260703-无-625-aigc-11,李虹玉-XNY0271,2026-07-09 10:15:18
13799963066,CH-SC-广义新-10139440032542-新综合频道-运动户外-京喜拉新-剪辑-转化引导-运动户外-20260703-无-625-aigc-12,李虹玉-XNY0271,2026-07-09 10:15:32
13799965337,CH-SC-广义新-10139440032542-新综合频道-运动户外-京喜拉新-剪辑-转化引导-运动户外-20260703-无-625-aigc-14,李虹玉-XNY0271,2026-07-09 10:15:39
13799966019,CH-SC-广义新-10139440032542-新综合频道-运动户外-京喜拉新-剪辑-转化引导-运动户外-20260703-无-625-aigc-15,李虹玉-XNY0271,2026-07-09 10:15:41
13799968172,CH-SC-广义新-10139440032542-新综合频道-运动户外-京喜拉新-剪辑-转化引导-运动户外-20260703-无-625-aigc-13,李虹玉-XNY0271,2026-07-09 10:15:47
13799971806,CH-SC-广义新-10139440032542-新综合频道-运动户外-京喜拉新-剪辑-转化引导-运动户外-20260703-无-625-aigc-18,李虹玉-XNY0271,2026-07-09 10:15:59
13799972803,CH-SC-广义新-10139440032542-新综合频道-运动户外-京喜拉新-剪辑-转化引导-运动户外-20260703-无-625-aigc-17,李虹玉-XNY0271,2026-07-09 10:16:02
13799972995,CH-SC-广义新-10139440032542-新综合频道-运动户外-京喜拉新-剪辑-转化引导-运动户外-20260703-无-625-aigc-16,李虹玉-XNY0271,2026-07-09 10:16:03
13799976539,CH-SC-广义新-10139440032542-新综合频道-运动户外-京喜拉新-剪辑-转化引导-运动户外-20260703-无-625-aigc-20,李虹玉-XNY0271,2026-07-09 10:16:15
13799977451,CH-SC-广义新-10139440032542-新综合频道-运动户外-京喜拉新-剪辑-转化引导-运动户外-20260703-无-625-aigc-19,李虹玉-XNY0271,2026-07-09 10:16:18
13799978035,CH-SC-广义新-10139440032542-新综合频道-运动户外-京喜拉新-剪辑-转化引导-运动户外-20260703-无-625-aigc-21,李虹玉-XNY0271,2026-07-09 10:16:20
13799981390,CH-SC-广义新-10134479334759-新综合频道-钟表眼镜-京喜拉新-剪辑-转化引导-钟表眼镜-20260703-无-625-aigc-12,李虹玉-XNY0271,2026-07-09 10:16:29
13799982663,CH-SC-广义新-10139440032542-新综合频道-运动户外-京喜拉新-剪辑-转化引导-运动户外-20260703-无-625-aigc-22,李虹玉-XNY0271,2026-07-09 10:16:33
13799983282,CH-SC-广义新-10134479334759-新综合频道-钟表眼镜-京喜拉新-剪辑-转化引导-钟表眼镜-20260703-无-625-aigc-13,李虹玉-XNY0271,2026-07-09 10:16:35
13799986096,CH-SC-广义新-10134479334759-新综合频道-钟表眼镜-京喜拉新-剪辑-转化引导-钟表眼镜-20260703-无-625-aigc-1,李虹玉-XNY0271,2026-07-09 10:16:44
13799986355,CH-SC-广义新-10134479334759-新综合频道-钟表眼镜-京喜拉新-剪辑-转化引导-钟表眼镜-20260703-无-625-aigc-2,李虹玉-XNY0271,2026-07-09 10:16:45
13799986929,CH-SC-广义新-10134479334759-新综合频道-钟表眼镜-京喜拉新-剪辑-转化引导-钟表眼镜-20260703-无-625-aigc-3,李虹玉-XNY0271,2026-07-09 10:16:47
13799988444,CH-SC-广义新-10134479334759-新综合频道-钟表眼镜-京喜拉新-剪辑-转化引导-钟表眼镜-20260703-无-625-aigc-4,李虹玉-XNY0271,2026-07-09 10:16:51
13799992070,CH-SC-广义新-10134479334759-新综合频道-钟表眼镜-京喜拉新-剪辑-转化引导-钟表眼镜-20260703-无-625-aigc-5,李虹玉-XNY0271,2026-07-09 10:17:02
13799992373,CH-SC-广义新-10134479334759-新综合频道-钟表眼镜-京喜拉新-剪辑-转化引导-钟表眼镜-20260703-无-625-aigc-7,李虹玉-XNY0271,2026-07-09 10:17:03
13799992857,CH-SC-广义新-10134479334759-新综合频道-钟表眼镜-京喜拉新-剪辑-转化引导-钟表眼镜-20260703-无-625-aigc-6,李虹玉-XNY0271,2026-07-09 10:17:05
13799996409,CH-SC-广义新-10134479334759-新综合频道-钟表眼镜-京喜拉新-剪辑-转化引导-钟表眼镜-20260703-无-625-aigc-10,李虹玉-XNY0271,2026-07-09 10:17:16
13799996661,CH-SC-广义新-10134479334759-新综合频道-钟表眼镜-京喜拉新-剪辑-转化引导-钟表眼镜-20260703-无-625-aigc-8,李虹玉-XNY0271,2026-07-09 10:17:17
13799997916,CH-SC-广义新-10134479334759-新综合频道-钟表眼镜-京喜拉新-剪辑-转化引导-钟表眼镜-20260703-无-625-aigc-9,李虹玉-XNY0271,2026-07-09 10:17:21
13800000393,CH-SC-广义新-10134479334759-新综合频道-钟表眼镜-京喜拉新-剪辑-转化引导-钟表眼镜-20260703-无-625-aigc-11,李虹玉-XNY0271,2026-07-09 10:17:30
13800014457,CH-SC-广义新-10040988734451-新10元话费券-无-无-剪辑-转化引导-无-20260629-无-625-15,李虹玉-XNY0271,2026-07-09 10:18:12
13800014674,CH-SC-广义新-10040988734451-新10元话费券-无-无-剪辑-转化引导-无-20260629-无-625-17,李虹玉-XNY0271,2026-07-09 10:18:13
13800014718,CH-SC-广义新-10040988734451-新10元话费券-无-无-剪辑-转化引导-无-20260629-无-625-16,李虹玉-XNY0271,2026-07-09 10:18:13
13800015567,CH-SC-广义新-10040988734451-新10元话费券-无-无-剪辑-转化引导-无-20260629-无-625-18,李虹玉-XNY0271,2026-07-09 10:18:15
13800015913,CH-SC-广义新-10040988734451-新10元话费券-无-无-剪辑-转化引导-无-20260629-无-625-19,李虹玉-XNY0271,2026-07-09 10:18:16
13800016479,CH-SC-广义新-10040988734451-新10元话费券-无-无-剪辑-转化引导-无-20260629-无-625-20,李虹玉-XNY0271,2026-07-09 10:18:17
13800016937,CH-SC-广义新-10040988734451-新10元话费券-无-无-剪辑-转化引导-无-20260629-无-625-21,李虹玉-XNY0271,2026-07-09 10:18:19
13800017329,CH-SC-广义新-10040988734451-新10元话费券-无-无-剪辑-转化引导-无-20260629-无-625-22,李虹玉-XNY0271,2026-07-09 10:18:20
13800017492,CH-SC-广义新-10040988734451-新10元话费券-无-无-剪辑-转化引导-无-20260629-无-625-23,李虹玉-XNY0271,2026-07-09 10:18:20
13800018031,CH-SC-广义新-10040988734451-新10元话费券-无-无-剪辑-转化引导-无-20260629-无-625-24,李虹玉-XNY0271,2026-07-09 10:18:22
13800018222,CH-SC-广义新-10040988734451-新10元话费券-无-无-剪辑-转化引导-无-20260629-无-625-1,李虹玉-XNY0271,2026-07-09 10:18:23
13800018553,CH-SC-广义新-10040988734451-新10元话费券-无-无-剪辑-转化引导-无-20260629-无-625-2,李虹玉-XNY0271,2026-07-09 10:18:24
13800019238,CH-SC-广义新-10040988734451-新10元话费券-无-无-剪辑-转化引导-无-20260629-无-625-3,李虹玉-XNY0271,2026-07-09 10:18:26
13800019514,CH-SC-广义新-10040988734451-新10元话费券-无-无-剪辑-转化引导-无-20260629-无-625-4,李虹玉-XNY0271,2026-07-09 10:18:27
13800019564,CH-SC-广义新-10040988734451-新10元话费券-无-无-剪辑-转化引导-无-20260629-无-625-5,李虹玉-XNY0271,2026-07-09 10:18:27
13800020336,CH-SC-广义新-10040988734451-新10元话费券-无-无-剪辑-转化引导-无-20260629-无-625-6,李虹玉-XNY0271,2026-07-09 10:18:29
13800020798,CH-SC-广义新-10040988734451-新10元话费券-无-无-剪辑-转化引导-无-20260629-无-625-7,李虹玉-XNY0271,2026-07-09 10:18:31
13800020901,CH-SC-广义新-10040988734451-新10元话费券-无-无-剪辑-转化引导-无-20260629-无-625-8,李虹玉-XNY0271,2026-07-09 10:18:31
13800021096,CH-SC-广义新-10040988734451-新10元话费券-无-无-剪辑-转化引导-无-20260629-无-625-9,李虹玉-XNY0271,2026-07-09 10:18:32
13800021880,CH-SC-广义新-10040988734451-新10元话费券-无-无-剪辑-转化引导-无-20260629-无-625-10,李虹玉-XNY0271,2026-07-09 10:18:35
13800022033,CH-SC-广义新-10040988734451-新10元话费券-无-无-剪辑-转化引导-无-20260629-无-625-11,李虹玉-XNY0271,2026-07-09 10:18:35
13800022684,CH-SC-广义新-10040988734451-新10元话费券-无-无-剪辑-转化引导-无-20260629-无-625-12,李虹玉-XNY0271,2026-07-09 10:18:38
13800022765,CH-SC-广义新-10040988734451-新10元话费券-无-无-剪辑-转化引导-无-20260629-无-625-13,李虹玉-XNY0271,2026-07-09 10:18:38
13800022967,CH-SC-广义新-10040988734451-新10元话费券-无-无-剪辑-转化引导-无-20260629-无-625-14,李虹玉-XNY0271,2026-07-09 10:18:39
13815431851,CH-PRJ-采销项目-10227170510852-快手-本地生活-无-剪辑-转化引导-本地生活-20260710-无-625-3,李虹玉-XNY0271,2026-07-10 15:11:20
13815431986,CH-PRJ-采销项目-10227170510852-快手-本地生活-无-剪辑-转化引导-本地生活-20260710-无-625-5,李虹玉-XNY0271,2026-07-10 15:11:20
13815432816,CH-PRJ-采销项目-10227170510852-快手-本地生活-无-剪辑-转化引导-本地生活-20260710-无-625-4,李虹玉-XNY0271,2026-07-10 15:11:22
13815433525,CH-PRJ-采销项目-10227170510852-快手-本地生活-无-剪辑-转化引导-本地生活-20260710-无-625-6,李虹玉-XNY0271,2026-07-10 15:11:24
13815434561,CH-PRJ-采销项目-10227170510852-快手-本地生活-无-剪辑-转化引导-本地生活-20260710-无-625-8,李虹玉-XNY0271,2026-07-10 15:11:27
13815435071,CH-PRJ-采销项目-10227170510852-快手-本地生活-无-剪辑-转化引导-本地生活-20260710-无-625-9,李虹玉-XNY0271,2026-07-10 15:11:28
13815436989,CH-PRJ-采销项目-10227170510852-快手-本地生活-无-剪辑-转化引导-本地生活-20260710-无-625-11,李虹玉-XNY0271,2026-07-10 15:11:33
13815437651,CH-PRJ-采销项目-10227170510852-快手-本地生活-无-剪辑-转化引导-本地生活-20260710-无-625-10,李虹玉-XNY0271,2026-07-10 15:11:35
13815438362,CH-PRJ-采销项目-10227170510852-快手-本地生活-无-剪辑-转化引导-本地生活-20260710-无-625-7,李虹玉-XNY0271,2026-07-10 15:11:36
13815439536,CH-PRJ-采销项目-10227170510852-快手-本地生活-无-剪辑-转化引导-本地生活-20260710-无-625-12,李虹玉-XNY0271,2026-07-10 15:11:39
13815439724,CH-PRJ-采销项目-10227170510852-快手-本地生活-无-剪辑-转化引导-本地生活-20260710-无-625-13,李虹玉-XNY0271,2026-07-10 15:11:40
13815440329,CH-PRJ-采销项目-10227170510852-快手-本地生活-无-剪辑-转化引导-本地生活-20260710-无-625-14,李虹玉-XNY0271,2026-07-10 15:11:42
13815441202,CH-PRJ-采销项目-10227170510852-快手-本地生活-无-剪辑-转化引导-本地生活-20260710-无-625-1,李虹玉-XNY0271,2026-07-10 15:11:44
13815443566,CH-PRJ-采销项目-10227170510852-快手-本地生活-无-剪辑-转化引导-本地生活-20260710-无-625-15,李虹玉-XNY0271,2026-07-10 15:11:50
13815443598,CH-PRJ-采销项目-10227170510852-快手-本地生活-无-剪辑-转化引导-本地生活-20260710-无-625-2,李虹玉-XNY0271,2026-07-10 15:11:50
13835174874,CH-SC-广义新-100285492709-新综合频道-自有品牌-无-剪辑-转化引导-自有品牌-20260706-无-625-9,李虹玉-XNY0271,2026-07-13 10:20:37
13835175085,CH-SC-广义新-100285492709-新综合频道-自有品牌-无-剪辑-转化引导-自有品牌-20260706-无-625-10,李虹玉-XNY0271,2026-07-13 10:20:37
13835175089,CH-SC-广义新-100285492709-新综合频道-自有品牌-无-剪辑-转化引导-自有品牌-20260706-无-625-8,李虹玉-XNY0271,2026-07-13 10:20:37
13835175728,CH-SC-广义新-100285492709-新综合频道-自有品牌-无-剪辑-转化引导-自有品牌-20260706-无-625-1,李虹玉-XNY0271,2026-07-13 10:20:40
13835176005,CH-SC-广义新-100285492709-新综合频道-自有品牌-无-剪辑-转化引导-自有品牌-20260706-无-625-2,李虹玉-XNY0271,2026-07-13 10:20:41
13835176502,CH-SC-广义新-100285492709-新综合频道-自有品牌-无-剪辑-转化引导-自有品牌-20260706-无-625-4,李虹玉-XNY0271,2026-07-13 10:20:43
13835176923,CH-SC-广义新-100285492709-新综合频道-自有品牌-无-剪辑-转化引导-自有品牌-20260706-无-625-5,李虹玉-XNY0271,2026-07-13 10:20:44
13835177076,CH-SC-广义新-100285492709-新综合频道-自有品牌-无-剪辑-转化引导-自有品牌-20260706-无-625-6,李虹玉-XNY0271,2026-07-13 10:20:45
13835178662,CH-SC-广义新-10143792743128-新综合频道-居家布艺-京喜拉新-剪辑-转化引导-居家布艺-20260707-无-625-aigc-9,李虹玉-XNY0271,2026-07-13 10:20:51
13835178813,CH-SC-广义新-100285492709-新综合频道-自有品牌-无-剪辑-转化引导-自有品牌-20260706-无-625-7,李虹玉-XNY0271,2026-07-13 10:20:52
13835179131,CH-SC-广义新-10143792743128-新综合频道-居家布艺-京喜拉新-剪辑-转化引导-居家布艺-20260707-无-625-aigc-10,李虹玉-XNY0271,2026-07-13 10:20:53
13835180117,CH-SC-广义新-10143792743128-新综合频道-居家布艺-京喜拉新-剪辑-转化引导-居家布艺-20260707-无-625-aigc-12,李虹玉-XNY0271,2026-07-13 10:20:57
13835180232,CH-SC-广义新-10143792743128-新综合频道-居家布艺-京喜拉新-剪辑-转化引导-居家布艺-20260707-无-625-aigc-11,李虹玉-XNY0271,2026-07-13 10:20:58
13835180996,CH-SC-广义新-10143792743128-新综合频道-居家布艺-京喜拉新-剪辑-转化引导-居家布艺-20260707-无-625-aigc-1,李虹玉-XNY0271,2026-07-13 10:21:01
13835181261,CH-SC-广义新-10143792743128-新综合频道-居家布艺-京喜拉新-剪辑-转化引导-居家布艺-20260707-无-625-aigc-2,李虹玉-XNY0271,2026-07-13 10:21:03
13835181316,CH-SC-广义新-10143792743128-新综合频道-居家布艺-京喜拉新-剪辑-转化引导-居家布艺-20260707-无-625-aigc-3,李虹玉-XNY0271,2026-07-13 10:21:03
13835182059,CH-SC-广义新-10143792743128-新综合频道-居家布艺-京喜拉新-剪辑-转化引导-居家布艺-20260707-无-625-aigc-4,李虹玉-XNY0271,2026-07-13 10:21:06
13835182377,CH-SC-广义新-10143792743128-新综合频道-居家布艺-京喜拉新-剪辑-转化引导-居家布艺-20260707-无-625-aigc-6,李虹玉-XNY0271,2026-07-13 10:21:08
13835183269,CH-SC-广义新-10143792743128-新综合频道-居家布艺-京喜拉新-剪辑-转化引导-居家布艺-20260707-无-625-aigc-7,李虹玉-XNY0271,2026-07-13 10:21:12
13835183323,CH-SC-广义新-10143792743128-新综合频道-居家布艺-京喜拉新-剪辑-转化引导-居家布艺-20260707-无-625-aigc-8,李虹玉-XNY0271,2026-07-13 10:21:12
13835183565,CH-SC-广义新-10143792743128-新综合频道-居家布艺-京喜拉新-剪辑-转化引导-居家布艺-20260707-无-625-aigc-5,李虹玉-XNY0271,2026-07-13 10:21:13
13835184730,CH-SC-广义新-10155085148227-新综合频道-家用电器-京喜拉新-剪辑-转化引导-家用电器-20260708-无-625-aigc-67,李虹玉-XNY0271,2026-07-13 10:21:18
13835184888,CH-SC-广义新-10155085148227-新综合频道-家用电器-京喜拉新-剪辑-转化引导-家用电器-20260708-无-625-aigc-68,李虹玉-XNY0271,2026-07-13 10:21:19
13835185421,CH-SC-广义新-10155085148227-新综合频道-家用电器-京喜拉新-剪辑-转化引导-家用电器-20260708-无-625-aigc-66,李虹玉-XNY0271,2026-07-13 10:21:22
13835185580,CH-SC-广义新-10155085148227-新综合频道-家用电器-京喜拉新-剪辑-转化引导-家用电器-20260708-无-625-aigc-69,李虹玉-XNY0271,2026-07-13 10:21:23
13835185806,CH-SC-广义新-10155085148227-新综合频道-家用电器-京喜拉新-剪辑-转化引导-家用电器-20260708-无-625-aigc-610,李虹玉-XNY0271,2026-07-13 10:21:24
13835186203,CH-SC-广义新-10155085148227-新综合频道-家用电器-京喜拉新-剪辑-转化引导-家用电器-20260708-无-625-aigc-61,李虹玉-XNY0271,2026-07-13 10:21:26
13835187021,CH-SC-广义新-10155085148227-新综合频道-家用电器-京喜拉新-剪辑-转化引导-家用电器-20260708-无-625-aigc-62,李虹玉-XNY0271,2026-07-13 10:21:29
13835187281,CH-SC-广义新-10155085148227-新综合频道-家用电器-京喜拉新-剪辑-转化引导-家用电器-20260708-无-625-aigc-64,李虹玉-XNY0271,2026-07-13 10:21:30
13835187595,CH-SC-广义新-10155085148227-新综合频道-家用电器-京喜拉新-剪辑-转化引导-家用电器-20260708-无-625-aigc-63,李虹玉-XNY0271,2026-07-13 10:21:32
13835187945,CH-SC-广义新-10114208246607-新综合频道-工业品-京喜拉新-剪辑-转化引导-工业品-20260709-无-625-3,李虹玉-XNY0271,2026-07-13 10:21:33
13835188199,CH-SC-广义新-10155085148227-新综合频道-家用电器-京喜拉新-剪辑-转化引导-家用电器-20260708-无-625-aigc-65,李虹玉-XNY0271,2026-07-13 10:21:35
13835188249,CH-SC-广义新-10114208246607-新综合频道-工业品-京喜拉新-剪辑-转化引导-工业品-20260709-无-625-4,李虹玉-XNY0271,2026-07-13 10:21:35
13835188542,CH-SC-广义新-10114208246607-新综合频道-工业品-京喜拉新-剪辑-转化引导-工业品-20260709-无-625-5,李虹玉-XNY0271,2026-07-13 10:21:36
13835189424,CH-SC-广义新-10109170972947-新综合频道-钟表眼镜-京喜拉新-剪辑-转化引导-钟表眼镜-20260708-无-625-aigc-12,李虹玉-XNY0271,2026-07-13 10:21:39
13835189997,CH-SC-广义新-10109170972947-新综合频道-钟表眼镜-京喜拉新-剪辑-转化引导-钟表眼镜-20260708-无-625-aigc-13,李虹玉-XNY0271,2026-07-13 10:21:41
13835190080,CH-SC-广义新-10109170972947-新综合频道-钟表眼镜-京喜拉新-剪辑-转化引导-钟表眼镜-20260708-无-625-aigc-14,李虹玉-XNY0271,2026-07-13 10:21:42
13835190847,CH-SC-广义新-10109170972947-新综合频道-钟表眼镜-京喜拉新-剪辑-转化引导-钟表眼镜-20260708-无-625-aigc-15,李虹玉-XNY0271,2026-07-13 10:21:45
13835191383,CH-SC-广义新-10109170972947-新综合频道-钟表眼镜-京喜拉新-剪辑-转化引导-钟表眼镜-20260708-无-625-aigc-2,李虹玉-XNY0271,2026-07-13 10:21:47
13835192045,CH-SC-广义新-10109170972947-新综合频道-钟表眼镜-京喜拉新-剪辑-转化引导-钟表眼镜-20260708-无-625-aigc-3,李虹玉-XNY0271,2026-07-13 10:21:49
13835192145,CH-SC-广义新-10109170972947-新综合频道-钟表眼镜-京喜拉新-剪辑-转化引导-钟表眼镜-20260708-无-625-aigc-1,李虹玉-XNY0271,2026-07-13 10:21:49
13835192927,CH-SC-广义新-10109170972947-新综合频道-钟表眼镜-京喜拉新-剪辑-转化引导-钟表眼镜-20260708-无-625-aigc-4,李虹玉-XNY0271,2026-07-13 10:21:52
13835193701,CH-SC-广义新-10109170972947-新综合频道-钟表眼镜-京喜拉新-剪辑-转化引导-钟表眼镜-20260708-无-625-aigc-6,李虹玉-XNY0271,2026-07-13 10:21:55
13835193716,CH-SC-广义新-10109170972947-新综合频道-钟表眼镜-京喜拉新-剪辑-转化引导-钟表眼镜-20260708-无-625-aigc-5,李虹玉-XNY0271,2026-07-13 10:21:55
13835194217,CH-SC-广义新-10109170972947-新综合频道-钟表眼镜-京喜拉新-剪辑-转化引导-钟表眼镜-20260708-无-625-aigc-7,李虹玉-XNY0271,2026-07-13 10:21:57
13835195185,CH-SC-广义新-10109170972947-新综合频道-钟表眼镜-京喜拉新-剪辑-转化引导-钟表眼镜-20260708-无-625-aigc-9,李虹玉-XNY0271,2026-07-13 10:22:00
13835195403,CH-SC-广义新-10109170972947-新综合频道-钟表眼镜-京喜拉新-剪辑-转化引导-钟表眼镜-20260708-无-625-aigc-8,李虹玉-XNY0271,2026-07-13 10:22:01
13835195814,CH-SC-广义新-10109170972947-新综合频道-钟表眼镜-京喜拉新-剪辑-转化引导-钟表眼镜-20260708-无-625-aigc-10,李虹玉-XNY0271,2026-07-13 10:22:03
13835196265,CH-SC-广义新-10109170972947-新综合频道-钟表眼镜-京喜拉新-剪辑-转化引导-钟表眼镜-20260708-无-625-aigc-11,李虹玉-XNY0271,2026-07-13 10:22:05
13835197010,CH-SC-广义新-10139440032542-新综合频道-运动户外-京喜拉新-剪辑-转化引导-运动户外-20260708-无-625-aigc-8,李虹玉-XNY0271,2026-07-13 10:22:08
13835197054,CH-SC-广义新-10139440032542-新综合频道-运动户外-京喜拉新-剪辑-转化引导-运动户外-20260708-无-625-aigc-9,李虹玉-XNY0271,2026-07-13 10:22:08
13835197635,CH-SC-广义新-10139440032542-新综合频道-运动户外-京喜拉新-剪辑-转化引导-运动户外-20260708-无-625-aigc-10,李虹玉-XNY0271,2026-07-13 10:22:10
13835199930,CH-SC-广义新-10139440032542-新综合频道-运动户外-京喜拉新-剪辑-转化引导-运动户外-20260708-无-625-aigc-13,李虹玉-XNY0271,2026-07-13 10:22:21
13835199939,CH-SC-广义新-10139440032542-新综合频道-运动户外-京喜拉新-剪辑-转化引导-运动户外-20260708-无-625-aigc-11,李虹玉-XNY0271,2026-07-13 10:22:21
13835200209,CH-SC-广义新-10139440032542-新综合频道-运动户外-京喜拉新-剪辑-转化引导-运动户外-20260708-无-625-aigc-12,李虹玉-XNY0271,2026-07-13 10:22:22
13835201171,CH-SC-广义新-10139440032542-新综合频道-运动户外-京喜拉新-剪辑-转化引导-运动户外-20260708-无-625-aigc-1,李虹玉-XNY0271,2026-07-13 10:22:28
13835201908,CH-SC-广义新-10139440032542-新综合频道-运动户外-京喜拉新-剪辑-转化引导-运动户外-20260708-无-625-aigc-14,李虹玉-XNY0271,2026-07-13 10:22:32
13835202047,CH-SC-广义新-10139440032542-新综合频道-运动户外-京喜拉新-剪辑-转化引导-运动户外-20260708-无-625-aigc-15,李虹玉-XNY0271,2026-07-13 10:22:32
13835202290,CH-SC-广义新-10139440032542-新综合频道-运动户外-京喜拉新-剪辑-转化引导-运动户外-20260708-无-625-aigc-2,李虹玉-XNY0271,2026-07-13 10:22:34
13835203321,CH-SC-广义新-10139440032542-新综合频道-运动户外-京喜拉新-剪辑-转化引导-运动户外-20260708-无-625-aigc-3,李虹玉-XNY0271,2026-07-13 10:22:39
13835203418,CH-SC-广义新-10139440032542-新综合频道-运动户外-京喜拉新-剪辑-转化引导-运动户外-20260708-无-625-aigc-5,李虹玉-XNY0271,2026-07-13 10:22:39
13835203618,CH-SC-广义新-10139440032542-新综合频道-运动户外-京喜拉新-剪辑-转化引导-运动户外-20260708-无-625-aigc-4,李虹玉-XNY0271,2026-07-13 10:22:40
13835204857,CH-SC-广义新-10153911006548-新综合频道-粮油调味-京喜拉新-剪辑-转化引导-粮油调味-20260708-无-625-aigc-17,李虹玉-XNY0271,2026-07-13 10:22:46
13835204958,CH-SC-广义新-10139440032542-新综合频道-运动户外-京喜拉新-剪辑-转化引导-运动户外-20260708-无-625-aigc-6,李虹玉-XNY0271,2026-07-13 10:22:47
13835205807,CH-SC-广义新-10139440032542-新综合频道-运动户外-京喜拉新-剪辑-转化引导-运动户外-20260708-无-625-aigc-7,李虹玉-XNY0271,2026-07-13 10:22:51
13835206870,CH-SC-广义新-10153911006548-新综合频道-粮油调味-京喜拉新-剪辑-转化引导-粮油调味-20260708-无-625-aigc-20,李虹玉-XNY0271,2026-07-13 10:22:56
13835207288,CH-SC-广义新-10153911006548-新综合频道-粮油调味-京喜拉新-剪辑-转化引导-粮油调味-20260708-无-625-aigc-19,李虹玉-XNY0271,2026-07-13 10:22:58
13835207381,CH-SC-广义新-10153911006548-新综合频道-粮油调味-京喜拉新-剪辑-转化引导-粮油调味-20260708-无-625-aigc-18,李虹玉-XNY0271,2026-07-13 10:22:58
13835208508,CH-SC-广义新-10153911006548-新综合频道-粮油调味-京喜拉新-剪辑-转化引导-粮油调味-20260708-无-625-aigc-21,李虹玉-XNY0271,2026-07-13 10:23:04
13835209244,CH-SC-广义新-10153911006548-新综合频道-粮油调味-京喜拉新-剪辑-转化引导-粮油调味-20260708-无-625-aigc-23,李虹玉-XNY0271,2026-07-13 10:23:07
13835209437,CH-SC-广义新-10153911006548-新综合频道-粮油调味-京喜拉新-剪辑-转化引导-粮油调味-20260708-无-625-aigc-22,李虹玉-XNY0271,2026-07-13 10:23:08
13835209939,CH-SC-广义新-10153911006548-新综合频道-粮油调味-京喜拉新-剪辑-转化引导-粮油调味-20260708-无-625-aigc-24,李虹玉-XNY0271,2026-07-13 10:23:11
13835210820,CH-SC-广义新-10153911006548-新综合频道-粮油调味-京喜拉新-剪辑-转化引导-粮油调味-20260708-无-625-aigc-25,李虹玉-XNY0271,2026-07-13 10:23:15
13835211168,CH-SC-广义新-10153911006548-新综合频道-粮油调味-京喜拉新-剪辑-转化引导-粮油调味-20260708-无-625-aigc-26,李虹玉-XNY0271,2026-07-13 10:23:16
13835211877,CH-SC-广义新-10153911006548-新综合频道-粮油调味-京喜拉新-剪辑-转化引导-粮油调味-20260708-无-625-aigc-27,李虹玉-XNY0271,2026-07-13 10:23:20
13835212442,CH-SC-广义新-10153911006548-新综合频道-粮油调味-京喜拉新-剪辑-转化引导-粮油调味-20260708-无-625-aigc-28,李虹玉-XNY0271,2026-07-13 10:23:23
13835212646,CH-SC-广义新-10153911006548-新综合频道-粮油调味-京喜拉新-剪辑-转化引导-粮油调味-20260708-无-625-aigc-29,李虹玉-XNY0271,2026-07-13 10:23:24
13835213520,CH-SC-广义新-10153911006548-新综合频道-粮油调味-京喜拉新-剪辑-转化引导-粮油调味-20260708-无-625-aigc-30,李虹玉-XNY0271,2026-07-13 10:23:27
13835214291,CH-SC-广义新-10153911006548-新综合频道-粮油调味-京喜拉新-剪辑-转化引导-粮油调味-20260708-无-625-aigc-31,李虹玉-XNY0271,2026-07-13 10:23:30
13835214491,CH-SC-广义新-10153911006548-新综合频道-粮油调味-京喜拉新-剪辑-转化引导-粮油调味-20260708-无-625-aigc-1,李虹玉-XNY0271,2026-07-13 10:23:31
13835215286,CH-SC-广义新-10153911006548-新综合频道-粮油调味-京喜拉新-剪辑-转化引导-粮油调味-20260708-无-625-aigc-2,李虹玉-XNY0271,2026-07-13 10:23:35
13835216162,CH-SC-广义新-10153911006548-新综合频道-粮油调味-京喜拉新-剪辑-转化引导-粮油调味-20260708-无-625-aigc-3,李虹玉-XNY0271,2026-07-13 10:23:39
13835216927,CH-SC-广义新-10153911006548-新综合频道-粮油调味-京喜拉新-剪辑-转化引导-粮油调味-20260708-无-625-aigc-5,李虹玉-XNY0271,2026-07-13 10:23:42
13835217700,CH-SC-广义新-10153911006548-新综合频道-粮油调味-京喜拉新-剪辑-转化引导-粮油调味-20260708-无-625-aigc-6,李虹玉-XNY0271,2026-07-13 10:23:45
13835217926,CH-SC-广义新-10153911006548-新综合频道-粮油调味-京喜拉新-剪辑-转化引导-粮油调味-20260708-无-625-aigc-4,李虹玉-XNY0271,2026-07-13 10:23:46
13835218583,CH-SC-广义新-10153911006548-新综合频道-粮油调味-京喜拉新-剪辑-转化引导-粮油调味-20260708-无-625-aigc-7,李虹玉-XNY0271,2026-07-13 10:23:49
13835219356,CH-SC-广义新-10153911006548-新综合频道-粮油调味-京喜拉新-剪辑-转化引导-粮油调味-20260708-无-625-aigc-8,李虹玉-XNY0271,2026-07-13 10:23:52
13835220642,CH-SC-广义新-10153911006548-新综合频道-粮油调味-京喜拉新-剪辑-转化引导-粮油调味-20260708-无-625-aigc-9,李虹玉-XNY0271,2026-07-13 10:23:59
13835220652,CH-SC-广义新-10153911006548-新综合频道-粮油调味-京喜拉新-剪辑-转化引导-粮油调味-20260708-无-625-aigc-10,李虹玉-XNY0271,2026-07-13 10:23:59
13835220760,CH-SC-广义新-10153911006548-新综合频道-粮油调味-京喜拉新-剪辑-转化引导-粮油调味-20260708-无-625-aigc-11,李虹玉-XNY0271,2026-07-13 10:24:00
13835221929,CH-SC-广义新-10153911006548-新综合频道-粮油调味-京喜拉新-剪辑-转化引导-粮油调味-20260708-无-625-aigc-13,李虹玉-XNY0271,2026-07-13 10:24:06
13835222378,CH-SC-广义新-10153911006548-新综合频道-粮油调味-京喜拉新-剪辑-转化引导-粮油调味-20260708-无-625-aigc-12,李虹玉-XNY0271,2026-07-13 10:24:08
13835223073,CH-SC-广义新-10153911006548-新综合频道-粮油调味-京喜拉新-剪辑-转化引导-粮油调味-20260708-无-625-aigc-15,李虹玉-XNY0271,2026-07-13 10:24:11
13835223293,CH-SC-广义新-10153911006548-新综合频道-粮油调味-京喜拉新-剪辑-转化引导-粮油调味-20260708-无-625-aigc-14,李虹玉-XNY0271,2026-07-13 10:24:12
13835224054,CH-SC-广义新-10153911006548-新综合频道-粮油调味-京喜拉新-剪辑-转化引导-粮油调味-20260708-无-625-aigc-16,李虹玉-XNY0271,2026-07-13 10:24:15
13835224611,CH-SC-广义新-10161169651785-新综合频道-家用电器-京喜拉新-剪辑-转化引导-家用电器-20260709-无-625-4,李虹玉-XNY0271,2026-07-13 10:24:18
13835224972,CH-SC-广义新-10161169651785-新综合频道-家用电器-京喜拉新-剪辑-转化引导-家用电器-20260709-无-625-5,李虹玉-XNY0271,2026-07-13 10:24:19
13835225702,CH-SC-广义新-10161169651785-新综合频道-家用电器-京喜拉新-剪辑-转化引导-家用电器-20260709-无-625-6,李虹玉-XNY0271,2026-07-13 10:24:22
13835225789,CH-SC-广义新-10161169651785-新综合频道-家用电器-京喜拉新-剪辑-转化引导-家用电器-20260709-无-625-7,李虹玉-XNY0271,2026-07-13 10:24:22
13835226266,CH-SC-广义新-10161169651785-新综合频道-家用电器-京喜拉新-剪辑-转化引导-家用电器-20260709-无-625-8,李虹玉-XNY0271,2026-07-13 10:24:24
13835226873,CH-SC-广义新-10161169651785-新综合频道-家用电器-京喜拉新-剪辑-转化引导-家用电器-20260709-无-625-10,李虹玉-XNY0271,2026-07-13 10:24:27
13835226920,CH-SC-广义新-10161169651785-新综合频道-家用电器-京喜拉新-剪辑-转化引导-家用电器-20260709-无-625-9,李虹玉-XNY0271,2026-07-13 10:24:27
13835227566,CH-SC-广义新-10161169651785-新综合频道-家用电器-京喜拉新-剪辑-转化引导-家用电器-20260709-无-625-1,李虹玉-XNY0271,2026-07-13 10:24:29
13835228245,CH-SC-广义新-10161169651785-新综合频道-家用电器-京喜拉新-剪辑-转化引导-家用电器-20260709-无-625-2,李虹玉-XNY0271,2026-07-13 10:24:32
13835228403,CH-SC-广义新-10161169651785-新综合频道-家用电器-京喜拉新-剪辑-转化引导-家用电器-20260709-无-625-3,李虹玉-XNY0271,2026-07-13 10:24:33
13835229006,CH-SC-广义新-10211029652151-新综合频道-纸品-京喜拉新-剪辑-转化引导-纸品-20260709-无-625-12,李虹玉-XNY0271,2026-07-13 10:24:35
13835229660,CH-SC-广义新-10211029652151-新综合频道-纸品-京喜拉新-剪辑-转化引导-纸品-20260709-无-625-13,李虹玉-XNY0271,2026-07-13 10:24:38
13835229839,CH-SC-广义新-10211029652151-新综合频道-纸品-京喜拉新-剪辑-转化引导-纸品-20260709-无-625-14,李虹玉-XNY0271,2026-07-13 10:24:39
13835230593,CH-SC-广义新-10211029652151-新综合频道-纸品-京喜拉新-剪辑-转化引导-纸品-20260709-无-625-15,李虹玉-XNY0271,2026-07-13 10:24:42
13835230827,CH-SC-广义新-10211029652151-新综合频道-纸品-京喜拉新-剪辑-转化引导-纸品-20260709-无-625-16,李虹玉-XNY0271,2026-07-13 10:24:43
13835231456,CH-SC-广义新-10211029652151-新综合频道-纸品-京喜拉新-剪辑-转化引导-纸品-20260709-无-625-1,李虹玉-XNY0271,2026-07-13 10:24:45
13835232126,CH-SC-广义新-10211029652151-新综合频道-纸品-京喜拉新-剪辑-转化引导-纸品-20260709-无-625-3,李虹玉-XNY0271,2026-07-13 10:24:48
13835232509,CH-SC-广义新-10211029652151-新综合频道-纸品-京喜拉新-剪辑-转化引导-纸品-20260709-无-625-2,李虹玉-XNY0271,2026-07-13 10:24:49
13835232698,CH-SC-广义新-10211029652151-新综合频道-纸品-京喜拉新-剪辑-转化引导-纸品-20260709-无-625-4,李虹玉-XNY0271,2026-07-13 10:24:50
13835233353,CH-SC-广义新-10211029652151-新综合频道-纸品-京喜拉新-剪辑-转化引导-纸品-20260709-无-625-5,李虹玉-XNY0271,2026-07-13 10:24:53
13835233800,CH-SC-广义新-10211029652151-新综合频道-纸品-京喜拉新-剪辑-转化引导-纸品-20260709-无-625-6,李虹玉-XNY0271,2026-07-13 10:24:55
13835233926,CH-SC-广义新-10211029652151-新综合频道-纸品-京喜拉新-剪辑-转化引导-纸品-20260709-无-625-7,李虹玉-XNY0271,2026-07-13 10:24:55
13835234463,CH-SC-广义新-10211029652151-新综合频道-纸品-京喜拉新-剪辑-转化引导-纸品-20260709-无-625-8,李虹玉-XNY0271,2026-07-13 10:24:58
13835234965,CH-SC-广义新-10211029652151-新综合频道-纸品-京喜拉新-剪辑-转化引导-纸品-20260709-无-625-9,李虹玉-XNY0271,2026-07-13 10:25:00
13835235397,CH-SC-广义新-10211029652151-新综合频道-纸品-京喜拉新-剪辑-转化引导-纸品-20260709-无-625-10,李虹玉-XNY0271,2026-07-13 10:25:03
13835235749,CH-SC-广义新-10211029652151-新综合频道-纸品-京喜拉新-剪辑-转化引导-纸品-20260709-无-625-11,李虹玉-XNY0271,2026-07-13 10:25:05
13835235895,CH-SC-广义新-10101107735303-新综合频道-床上用品-京喜拉新-剪辑-转化引导-床上用品-20260709-无-625-10,李虹玉-XNY0271,2026-07-13 10:25:06
13835236538,CH-SC-广义新-10101107735303-新综合频道-床上用品-京喜拉新-剪辑-转化引导-床上用品-20260709-无-625-1,李虹玉-XNY0271,2026-07-13 10:25:09
13835236994,CH-SC-广义新-10101107735303-新综合频道-床上用品-京喜拉新-剪辑-转化引导-床上用品-20260709-无-625-3,李虹玉-XNY0271,2026-07-13 10:25:11
13835237001,CH-SC-广义新-10101107735303-新综合频道-床上用品-京喜拉新-剪辑-转化引导-床上用品-20260709-无-625-2,李虹玉-XNY0271,2026-07-13 10:25:11
13835237654,CH-SC-广义新-10101107735303-新综合频道-床上用品-京喜拉新-剪辑-转化引导-床上用品-20260709-无-625-4,李虹玉-XNY0271,2026-07-13 10:25:14
13835238159,CH-SC-广义新-10101107735303-新综合频道-床上用品-京喜拉新-剪辑-转化引导-床上用品-20260709-无-625-6,李虹玉-XNY0271,2026-07-13 10:25:16
13835238375,CH-SC-广义新-10101107735303-新综合频道-床上用品-京喜拉新-剪辑-转化引导-床上用品-20260709-无-625-5,李虹玉-XNY0271,2026-07-13 10:25:17
13835238974,CH-SC-广义新-10101107735303-新综合频道-床上用品-京喜拉新-剪辑-转化引导-床上用品-20260709-无-625-7,李虹玉-XNY0271,2026-07-13 10:25:20
13835239329,CH-SC-广义新-10101107735303-新综合频道-床上用品-京喜拉新-剪辑-转化引导-床上用品-20260709-无-625-8,李虹玉-XNY0271,2026-07-13 10:25:22
13835239457,CH-SC-广义新-10101107735303-新综合频道-床上用品-京喜拉新-剪辑-转化引导-床上用品-20260709-无-625-9,李虹玉-XNY0271,2026-07-13 10:25:22
13835240198,CH-SC-广义新-10114208246607-新综合频道-工业品-京喜拉新-剪辑-转化引导-工业品-20260709-无-625-6,李虹玉-XNY0271,2026-07-13 10:25:26
13835240663,CH-SC-广义新-10114208246607-新综合频道-工业品-京喜拉新-剪辑-转化引导-工业品-20260709-无-625-7,李虹玉-XNY0271,2026-07-13 10:25:28
13835240713,CH-SC-广义新-10114208246607-新综合频道-工业品-京喜拉新-剪辑-转化引导-工业品-20260709-无-625-8,李虹玉-XNY0271,2026-07-13 10:25:28
13835241775,CH-SC-广义新-10114208246607-新综合频道-工业品-京喜拉新-剪辑-转化引导-工业品-20260709-无-625-1,李虹玉-XNY0271,2026-07-13 10:25:33
13835242756,CH-SC-广义新-10114208246607-新综合频道-工业品-京喜拉新-剪辑-转化引导-工业品-20260709-无-625-10,李虹玉-XNY0271,2026-07-13 10:25:37
13835242785,CH-SC-广义新-10114208246607-新综合频道-工业品-京喜拉新-剪辑-转化引导-工业品-20260709-无-625-2,李虹玉-XNY0271,2026-07-13 10:25:37
13835242851,CH-SC-广义新-10114208246607-新综合频道-工业品-京喜拉新-剪辑-转化引导-工业品-20260709-无-625-9,李虹玉-XNY0271,2026-07-13 10:25:38
13836018392,命名错误-9,李虹玉-XNY0271,2026-07-13 11:08:29
13836018437,命名错误-8,李虹玉-XNY0271,2026-07-13 11:08:29
13836018714,命名错误-7,李虹玉-XNY0271,2026-07-13 11:08:30
13836019918,命名错误-6,李虹玉-XNY0271,2026-07-13 11:08:36
13836021303,命名错误-5,李虹玉-XNY0271,2026-07-13 11:08:42
13836021498,命名错误-4,李虹玉-XNY0271,2026-07-13 11:08:43
13836021758,命名错误-3,李虹玉-XNY0271,2026-07-13 11:08:44
13836023118,命名错误-2,李虹玉-XNY0271,2026-07-13 11:08:51
13836023204,命名错误-1,李虹玉-XNY0271,2026-07-13 11:08:52
13836023523,命名错误,李虹玉-XNY0271,2026-07-13 11:08:53
13836024992,CH-SC-低活-10118706992345-超级抢购-纸品-无-剪辑-转化引导-纸品-20260702-无-625-aigc-8,李虹玉-XNY0271,2026-07-13 11:09:00
13836027012,CH-SC-低活-10118706992345-超级抢购-纸品-无-剪辑-转化引导-纸品-20260702-无-625-aigc-10,李虹玉-XNY0271,2026-07-13 11:09:09
13836027051,CH-SC-低活-10118706992345-超级抢购-纸品-无-剪辑-转化引导-纸品-20260702-无-625-aigc-11,李虹玉-XNY0271,2026-07-13 11:09:10
13836027533,CH-SC-低活-10118706992345-超级抢购-纸品-无-剪辑-转化引导-纸品-20260702-无-625-aigc-9,李虹玉-XNY0271,2026-07-13 11:09:12
13836029161,CH-SC-低活-10223482211866-超级抢购-生活日用-无-剪辑-转化引导-生活日用-20260703-无-625-10,李虹玉-XNY0271,2026-07-13 11:09:18
13836029597,CH-SC-低活-10223482211866-超级抢购-生活日用-无-剪辑-转化引导-生活日用-20260703-无-625-9,李虹玉-XNY0271,2026-07-13 11:09:20
13836030048,CH-SC-低活-10223482211866-超级抢购-生活日用-无-剪辑-转化引导-生活日用-20260703-无-625-11,李虹玉-XNY0271,2026-07-13 11:09:22
13836030665,CH-SC-低活-10223482211866-超级抢购-生活日用-无-剪辑-转化引导-生活日用-20260703-无-625-8,李虹玉-XNY0271,2026-07-13 11:09:25
13836030932,CH-SC-低活-10223482211866-超级抢购-生活日用-无-剪辑-转化引导-生活日用-20260703-无-625-13,李虹玉-XNY0271,2026-07-13 11:09:26
13836032425,CH-SC-低活-10223482211866-超级抢购-生活日用-无-剪辑-转化引导-生活日用-20260703-无-625-14,李虹玉-XNY0271,2026-07-13 11:09:33
13836032434,CH-SC-低活-10223482211866-超级抢购-生活日用-无-剪辑-转化引导-生活日用-20260703-无-625-15,李虹玉-XNY0271,2026-07-13 11:09:33
13836034502,CH-SC-低活-10223482211866-超级抢购-生活日用-无-剪辑-转化引导-生活日用-20260703-无-625-3,李虹玉-XNY0271,2026-07-13 11:09:42
13836034892,CH-SC-低活-10223482211866-超级抢购-生活日用-无-剪辑-转化引导-生活日用-20260703-无-625-1,李虹玉-XNY0271,2026-07-13 11:09:43
13836035226,CH-SC-低活-10223482211866-超级抢购-生活日用-无-剪辑-转化引导-生活日用-20260703-无-625-2,李虹玉-XNY0271,2026-07-13 11:09:45
13836036407,CH-SC-低活-10223482211866-超级抢购-生活日用-无-剪辑-转化引导-生活日用-20260703-无-625-4,李虹玉-XNY0271,2026-07-13 11:09:50
13836036590,CH-SC-低活-10223482211866-超级抢购-生活日用-无-剪辑-转化引导-生活日用-20260703-无-625-5,李虹玉-XNY0271,2026-07-13 11:09:50
13836038066,CH-SC-低活-10223482211866-超级抢购-生活日用-无-剪辑-转化引导-生活日用-20260703-无-625-6,李虹玉-XNY0271,2026-07-13 11:09:57
13836038216,CH-SC-低活-10223482211866-超级抢购-生活日用-无-剪辑-转化引导-生活日用-20260703-无-625-7,李虹玉-XNY0271,2026-07-13 11:09:58
13836040772,CH-SC-低活-10118706992345-超级抢购-纸品-无-剪辑-转化引导-纸品-20260702-无-625-aigc-1,李虹玉-XNY0271,2026-07-13 11:10:10
13836041295,CH-SC-低活-10118706992345-超级抢购-纸品-无-剪辑-转化引导-纸品-20260702-无-625-aigc-12,李虹玉-XNY0271,2026-07-13 11:10:12
13836042478,CH-SC-低活-10118706992345-超级抢购-纸品-无-剪辑-转化引导-纸品-20260702-无-625-aigc-2,李虹玉-XNY0271,2026-07-13 11:10:18
13836043947,CH-SC-低活-10118706992345-超级抢购-纸品-无-剪辑-转化引导-纸品-20260702-无-625-aigc-4,李虹玉-XNY0271,2026-07-13 11:10:25
13836044901,CH-SC-低活-10118706992345-超级抢购-纸品-无-剪辑-转化引导-纸品-20260702-无-625-aigc-5,李虹玉-XNY0271,2026-07-13 11:10:29
13836045031,CH-SC-低活-10118706992345-超级抢购-纸品-无-剪辑-转化引导-纸品-20260702-无-625-aigc-3,李虹玉-XNY0271,2026-07-13 11:10:30
13836045401,CH-SC-低活-10118706992345-超级抢购-纸品-无-剪辑-转化引导-纸品-20260702-无-625-aigc-6,李虹玉-XNY0271,2026-07-13 11:10:32
13836046661,CH-SC-低活-10118706992345-超级抢购-纸品-无-剪辑-转化引导-纸品-20260702-无-625-aigc-7,李虹玉-XNY0271,2026-07-13 11:10:38
13836047564,CH-SC-低活-10156776256916-超级抢购-珠宝首饰-无-剪辑-转化引导-珠宝首饰-20260703-无-625-aigc-8,李虹玉-XNY0271,2026-07-13 11:10:42
13836048947,CH-SC-低活-10156776256916-超级抢购-珠宝首饰-无-剪辑-转化引导-珠宝首饰-20260703-无-625-aigc-7,李虹玉-XNY0271,2026-07-13 11:10:48
13836049057,CH-SC-低活-10156776256916-超级抢购-珠宝首饰-无-剪辑-转化引导-珠宝首饰-20260703-无-625-aigc-10,李虹玉-XNY0271,2026-07-13 11:10:49
13836049721,CH-SC-低活-10156776256916-超级抢购-珠宝首饰-无-剪辑-转化引导-珠宝首饰-20260703-无-625-aigc-9,李虹玉-XNY0271,2026-07-13 11:10:52
13836051417,CH-SC-低活-10156776256916-超级抢购-珠宝首饰-无-剪辑-转化引导-珠宝首饰-20260703-无-625-aigc-1,李虹玉-XNY0271,2026-07-13 11:11:00
13836051783,CH-SC-低活-10156776256916-超级抢购-珠宝首饰-无-剪辑-转化引导-珠宝首饰-20260703-无-625-aigc-2,李虹玉-XNY0271,2026-07-13 11:11:02
13836051892,CH-SC-低活-10156776256916-超级抢购-珠宝首饰-无-剪辑-转化引导-珠宝首饰-20260703-无-625-aigc-3,李虹玉-XNY0271,2026-07-13 11:11:02
13836053888,CH-SC-低活-10156776256916-超级抢购-珠宝首饰-无-剪辑-转化引导-珠宝首饰-20260703-无-625-aigc-4,李虹玉-XNY0271,2026-07-13 11:11:10
13836054268,CH-SC-低活-10156776256916-超级抢购-珠宝首饰-无-剪辑-转化引导-珠宝首饰-20260703-无-625-aigc-6,李虹玉-XNY0271,2026-07-13 11:11:12
13836054642,CH-SC-低活-10156776256916-超级抢购-珠宝首饰-无-剪辑-转化引导-珠宝首饰-20260703-无-625-aigc-5,李虹玉-XNY0271,2026-07-13 11:11:14
13845965677,CH-SC-广义新-10214360710674-新综合频道-纸品-京喜拉新-剪辑-转化引导-纸品-20260710-无-625-aigc-10,李虹玉-XNY0271,2026-07-14 10:02:38
13845967373,CH-SC-广义新-10156923061370-新综合频道-数码-京喜拉新-剪辑-转化引导-数码-20260710-无-625-3,李虹玉-XNY0271,2026-07-14 10:02:44
13845968900,CH-SC-广义新-10214360710674-新综合频道-纸品-京喜拉新-剪辑-转化引导-纸品-20260710-无-625-aigc-11,李虹玉-XNY0271,2026-07-14 10:02:51
13845969023,CH-SC-广义新-10214360710674-新综合频道-纸品-京喜拉新-剪辑-转化引导-纸品-20260710-无-625-aigc-12,李虹玉-XNY0271,2026-07-14 10:02:52
13845970023,CH-SC-广义新-10156923061370-新综合频道-数码-京喜拉新-剪辑-转化引导-数码-20260710-无-625-5,李虹玉-XNY0271,2026-07-14 10:02:57
13845971377,CH-SC-广义新-10156923061370-新综合频道-数码-京喜拉新-剪辑-转化引导-数码-20260710-无-625-4,李虹玉-XNY0271,2026-07-14 10:03:05
13845971782,CH-SC-广义新-10156923061370-新综合频道-数码-京喜拉新-剪辑-转化引导-数码-20260710-无-625-6,李虹玉-XNY0271,2026-07-14 10:03:07
13845972181,CH-SC-广义新-10156923061370-新综合频道-数码-京喜拉新-剪辑-转化引导-数码-20260710-无-625-7,李虹玉-XNY0271,2026-07-14 10:03:10
13845974095,CH-SC-广义新-10156923061370-新综合频道-数码-京喜拉新-剪辑-转化引导-数码-20260710-无-625-9,李虹玉-XNY0271,2026-07-14 10:03:21
13845974179,CH-SC-广义新-10156923061370-新综合频道-数码-京喜拉新-剪辑-转化引导-数码-20260710-无-625-10,李虹玉-XNY0271,2026-07-14 10:03:21
13845974593,CH-SC-广义新-10156923061370-新综合频道-数码-京喜拉新-剪辑-转化引导-数码-20260710-无-625-8,李虹玉-XNY0271,2026-07-14 10:03:24
13845976437,CH-SC-广义新-10156923061370-新综合频道-数码-京喜拉新-剪辑-转化引导-数码-20260710-无-625-2,李虹玉-XNY0271,2026-07-14 10:03:34
13845977272,CH-SC-广义新-10156923061370-新综合频道-数码-京喜拉新-剪辑-转化引导-数码-20260710-无-625-1,李虹玉-XNY0271,2026-07-14 10:03:39
13845977889,CH-SC-广义新-10214360710674-新综合频道-纸品-京喜拉新-剪辑-转化引导-纸品-20260710-无-625-aigc-1,李虹玉-XNY0271,2026-07-14 10:03:42
13845978581,CH-SC-广义新-10214360710674-新综合频道-纸品-京喜拉新-剪辑-转化引导-纸品-20260710-无-625-aigc-3,李虹玉-XNY0271,2026-07-14 10:03:46
13845978666,CH-SC-广义新-10214360710674-新综合频道-纸品-京喜拉新-剪辑-转化引导-纸品-20260710-无-625-aigc-4,李虹玉-XNY0271,2026-07-14 10:03:47
13845979013,CH-SC-广义新-10214360710674-新综合频道-纸品-京喜拉新-剪辑-转化引导-纸品-20260710-无-625-aigc-2,李虹玉-XNY0271,2026-07-14 10:03:49
13845981049,CH-SC-广义新-10214360710674-新综合频道-纸品-京喜拉新-剪辑-转化引导-纸品-20260710-无-625-aigc-6,李虹玉-XNY0271,2026-07-14 10:03:59
13845981794,CH-SC-广义新-10214360710674-新综合频道-纸品-京喜拉新-剪辑-转化引导-纸品-20260710-无-625-aigc-5,李虹玉-XNY0271,2026-07-14 10:04:03
13845981948,CH-SC-广义新-10214360710674-新综合频道-纸品-京喜拉新-剪辑-转化引导-纸品-20260710-无-625-aigc-8,李虹玉-XNY0271,2026-07-14 10:04:04
13845982213,CH-SC-广义新-10214360710674-新综合频道-纸品-京喜拉新-剪辑-转化引导-纸品-20260710-无-625-aigc-7,李虹玉-XNY0271,2026-07-14 10:04:05
13845984128,CH-SC-广义新-10214360710674-新综合频道-纸品-京喜拉新-剪辑-转化引导-纸品-20260710-无-625-aigc-9,李虹玉-XNY0271,2026-07-14 10:04:14
13845984775,CH-SC-广义新-10120961944861-新综合频道-运动户外 -京喜拉新-剪辑-转化引导-运动户外 -20260710-无-625-aigc-9,李虹玉-XNY0271,2026-07-14 10:04:17
13845985981,CH-SC-广义新-10120961944861-新综合频道-运动户外 -京喜拉新-剪辑-转化引导-运动户外 -20260710-无-625-aigc-10,李虹玉-XNY0271,2026-07-14 10:04:22
13845986350,CH-SC-广义新-10120961944861-新综合频道-运动户外 -京喜拉新-剪辑-转化引导-运动户外 -20260710-无-625-aigc-8,李虹玉-XNY0271,2026-07-14 10:04:24
13845988566,CH-SC-广义新-10120961944861-新综合频道-运动户外 -京喜拉新-剪辑-转化引导-运动户外 -20260710-无-625-aigc-1,李虹玉-XNY0271,2026-07-14 10:04:32
13845988965,CH-SC-广义新-10120961944861-新综合频道-运动户外 -京喜拉新-剪辑-转化引导-运动户外 -20260710-无-625-aigc-11,李虹玉-XNY0271,2026-07-14 10:04:33
13845990761,CH-SC-广义新-10120961944861-新综合频道-运动户外 -京喜拉新-剪辑-转化引导-运动户外 -20260710-无-625-aigc-2,李虹玉-XNY0271,2026-07-14 10:04:40
13845991822,CH-SC-广义新-10120961944861-新综合频道-运动户外 -京喜拉新-剪辑-转化引导-运动户外 -20260710-无-625-aigc-3,李虹玉-XNY0271,2026-07-14 10:04:45
13845991997,CH-SC-广义新-10120961944861-新综合频道-运动户外 -京喜拉新-剪辑-转化引导-运动户外 -20260710-无-625-aigc-12,李虹玉-XNY0271,2026-07-14 10:04:46
13845993424,CH-SC-广义新-10120961944861-新综合频道-运动户外 -京喜拉新-剪辑-转化引导-运动户外 -20260710-无-625-aigc-4,李虹玉-XNY0271,2026-07-14 10:04:53
13845993499,CH-SC-广义新-10120961944861-新综合频道-运动户外 -京喜拉新-剪辑-转化引导-运动户外 -20260710-无-625-aigc-6,李虹玉-XNY0271,2026-07-14 10:04:54
13845993937,CH-SC-广义新-10120961944861-新综合频道-运动户外 -京喜拉新-剪辑-转化引导-运动户外 -20260710-无-625-aigc-5,李虹玉-XNY0271,2026-07-14 10:04:56
13845997471,CH-SC-广义新-10120961944861-新综合频道-运动户外 -京喜拉新-剪辑-转化引导-运动户外 -20260710-无-625-aigc-7,李虹玉-XNY0271,2026-07-14 10:05:13
13845998090,CH-SC-广义新-10142042496517-新综合频道-家用电器-京喜拉新-剪辑-转化引导-家用电器-20260710-无-625-aigc-12,李虹玉-XNY0271,2026-07-14 10:05:16
13845998258,CH-SC-广义新-10142042496517-新综合频道-家用电器-京喜拉新-剪辑-转化引导-家用电器-20260710-无-625-aigc-1,李虹玉-XNY0271,2026-07-14 10:05:17
13846002211,CH-SC-广义新-10142042496517-新综合频道-家用电器-京喜拉新-剪辑-转化引导-家用电器-20260710-无-625-aigc-2,李虹玉-XNY0271,2026-07-14 10:05:36
13846002329,CH-SC-广义新-10142042496517-新综合频道-家用电器-京喜拉新-剪辑-转化引导-家用电器-20260710-无-625-aigc-4,李虹玉-XNY0271,2026-07-14 10:05:37
13846003105,CH-SC-广义新-10142042496517-新综合频道-家用电器-京喜拉新-剪辑-转化引导-家用电器-20260710-无-625-aigc-3,李虹玉-XNY0271,2026-07-14 10:05:40
13846004784,CH-SC-广义新-10142042496517-新综合频道-家用电器-京喜拉新-剪辑-转化引导-家用电器-20260710-无-625-aigc-7,李虹玉-XNY0271,2026-07-14 10:05:49
13846005255,CH-SC-广义新-10142042496517-新综合频道-家用电器-京喜拉新-剪辑-转化引导-家用电器-20260710-无-625-aigc-5,李虹玉-XNY0271,2026-07-14 10:05:51
13846006987,CH-SC-广义新-10142042496517-新综合频道-家用电器-京喜拉新-剪辑-转化引导-家用电器-20260710-无-625-aigc-9,李虹玉-XNY0271,2026-07-14 10:05:59
13846007515,CH-SC-广义新-10142042496517-新综合频道-家用电器-京喜拉新-剪辑-转化引导-家用电器-20260710-无-625-aigc-6,李虹玉-XNY0271,2026-07-14 10:06:01
13846007655,CH-SC-广义新-10142042496517-新综合频道-家用电器-京喜拉新-剪辑-转化引导-家用电器-20260710-无-625-aigc-8,李虹玉-XNY0271,2026-07-14 10:06:02
13846009219,CH-SC-广义新-10142042496517-新综合频道-家用电器-京喜拉新-剪辑-转化引导-家用电器-20260710-无-625-aigc-11,李虹玉-XNY0271,2026-07-14 10:06:11
13846009424,CH-SC-广义新-10140917922437-新综合频道-家庭清洁-京喜拉新-剪辑-转化引导-家庭清洁-20260710-无-625-aigc-12,李虹玉-XNY0271,2026-07-14 10:06:12
13846010393,CH-SC-广义新-10142042496517-新综合频道-家用电器-京喜拉新-剪辑-转化引导-家用电器-20260710-无-625-aigc-10,李虹玉-XNY0271,2026-07-14 10:06:17
13846010759,CH-SC-广义新-10140917922437-新综合频道-家庭清洁-京喜拉新-剪辑-转化引导-家庭清洁-20260710-无-625-aigc-2,李虹玉-XNY0271,2026-07-14 10:06:19
13846011180,CH-SC-广义新-10140917922437-新综合频道-家庭清洁-京喜拉新-剪辑-转化引导-家庭清洁-20260710-无-625-aigc-1,李虹玉-XNY0271,2026-07-14 10:06:21
13846011495,CH-SC-广义新-10140917922437-新综合频道-家庭清洁-京喜拉新-剪辑-转化引导-家庭清洁-20260710-无-625-aigc-3,李虹玉-XNY0271,2026-07-14 10:06:23
13846011708,CH-SC-广义新-10140917922437-新综合频道-家庭清洁-京喜拉新-剪辑-转化引导-家庭清洁-20260710-无-625-aigc-4,李虹玉-XNY0271,2026-07-14 10:06:25
13846012393,CH-SC-广义新-10140917922437-新综合频道-家庭清洁-京喜拉新-剪辑-转化引导-家庭清洁-20260710-无-625-aigc-6,李虹玉-XNY0271,2026-07-14 10:06:29
13846012852,CH-SC-广义新-10140917922437-新综合频道-家庭清洁-京喜拉新-剪辑-转化引导-家庭清洁-20260710-无-625-aigc-7,李虹玉-XNY0271,2026-07-14 10:06:31
13846012973,CH-SC-广义新-10140917922437-新综合频道-家庭清洁-京喜拉新-剪辑-转化引导-家庭清洁-20260710-无-625-aigc-5,李虹玉-XNY0271,2026-07-14 10:06:32
13846013662,CH-SC-广义新-10140917922437-新综合频道-家庭清洁-京喜拉新-剪辑-转化引导-家庭清洁-20260710-无-625-aigc-8,李虹玉-XNY0271,2026-07-14 10:06:36
13846014179,CH-SC-广义新-10140917922437-新综合频道-家庭清洁-京喜拉新-剪辑-转化引导-家庭清洁-20260710-无-625-aigc-10,李虹玉-XNY0271,2026-07-14 10:06:38
13846014779,CH-SC-广义新-10140917922437-新综合频道-家庭清洁-京喜拉新-剪辑-转化引导-家庭清洁-20260710-无-625-aigc-9,李虹玉-XNY0271,2026-07-14 10:06:41
13846015115,CH-SC-广义新-10140917922437-新综合频道-家庭清洁-京喜拉新-剪辑-转化引导-家庭清洁-20260710-无-625-aigc-11,李虹玉-XNY0271,2026-07-14 10:06:42
13846291002,CH-SC-低活-10162692688878-超级抢购-家用电器-无-剪辑-转化引导-家用电器-20260708-无-625-aigc-18,李虹玉-XNY0271,2026-07-14 10:23:24
13846291914,CH-SC-低活-10162692688878-超级抢购-家用电器-无-剪辑-转化引导-家用电器-20260708-无-625-aigc-19,李虹玉-XNY0271,2026-07-14 10:23:27
13846293812,CH-SC-低活-10162692688878-超级抢购-家用电器-无-剪辑-转化引导-家用电器-20260708-无-625-aigc-1,李虹玉-XNY0271,2026-07-14 10:23:34
13846294839,CH-SC-低活-10162692688878-超级抢购-家用电器-无-剪辑-转化引导-家用电器-20260708-无-625-aigc-20,李虹玉-XNY0271,2026-07-14 10:23:37
13846295436,CH-SC-低活-10162692688878-超级抢购-家用电器-无-剪辑-转化引导-家用电器-20260708-无-625-aigc-3,李虹玉-XNY0271,2026-07-14 10:23:40
13846296497,CH-SC-低活-10162692688878-超级抢购-家用电器-无-剪辑-转化引导-家用电器-20260708-无-625-aigc-4,李虹玉-XNY0271,2026-07-14 10:23:44
13846297548,CH-SC-低活-10162692688878-超级抢购-家用电器-无-剪辑-转化引导-家用电器-20260708-无-625-aigc-2,李虹玉-XNY0271,2026-07-14 10:23:48
13846298061,CH-SC-低活-10162692688878-超级抢购-家用电器-无-剪辑-转化引导-家用电器-20260708-无-625-aigc-6,李虹玉-XNY0271,2026-07-14 10:23:50
13846299024,CH-SC-低活-10162692688878-超级抢购-家用电器-无-剪辑-转化引导-家用电器-20260708-无-625-aigc-7,李虹玉-XNY0271,2026-07-14 10:23:53
13846300315,CH-SC-低活-10162692688878-超级抢购-家用电器-无-剪辑-转化引导-家用电器-20260708-无-625-aigc-15,李虹玉-XNY0271,2026-07-14 10:23:58
13846301313,CH-SC-低活-10162692688878-超级抢购-家用电器-无-剪辑-转化引导-家用电器-20260708-无-625-aigc-5,李虹玉-XNY0271,2026-07-14 10:24:01
13846301649,CH-SC-低活-10162692688878-超级抢购-家用电器-无-剪辑-转化引导-家用电器-20260708-无-625-aigc-16,李虹玉-XNY0271,2026-07-14 10:24:02
13846302132,CH-SC-低活-10162692688878-超级抢购-家用电器-无-剪辑-转化引导-家用电器-20260708-无-625-aigc-8,李虹玉-XNY0271,2026-07-14 10:24:04
13846303476,CH-SC-低活-10140917922437-超级抢购-家庭清洁-无-剪辑-转化引导-家庭清洁-20260708-无-625-aigc-6,李虹玉-XNY0271,2026-07-14 10:24:09
13846306026,CH-SC-低活-10140917922437-超级抢购-家庭清洁-无-剪辑-转化引导-家庭清洁-20260708-无-625-aigc-7,李虹玉-XNY0271,2026-07-14 10:24:17
13846306131,CH-SC-低活-10140917922437-超级抢购-家庭清洁-无-剪辑-转化引导-家庭清洁-20260708-无-625-aigc-9,李虹玉-XNY0271,2026-07-14 10:24:18
13846306405,CH-SC-低活-10140917922437-超级抢购-家庭清洁-无-剪辑-转化引导-家庭清洁-20260708-无-625-aigc-8,李虹玉-XNY0271,2026-07-14 10:24:18
13846309120,CH-SC-低活-10140917922437-超级抢购-家庭清洁-无-剪辑-转化引导-家庭清洁-20260708-无-625-aigc-10,李虹玉-XNY0271,2026-07-14 10:24:27
13846310030,CH-SC-低活-10140917922437-超级抢购-家庭清洁-无-剪辑-转化引导-家庭清洁-20260708-无-625-aigc-11,李虹玉-XNY0271,2026-07-14 10:24:31
13846311562,CH-SC-低活-10140917922437-超级抢购-家庭清洁-无-剪辑-转化引导-家庭清洁-20260708-无-625-aigc-12,李虹玉-XNY0271,2026-07-14 10:24:36
13846312854,CH-SC-低活-10140917922437-超级抢购-家庭清洁-无-剪辑-转化引导-家庭清洁-20260708-无-625-aigc-13,李虹玉-XNY0271,2026-07-14 10:24:40
13846312909,CH-SC-低活-10140917922437-超级抢购-家庭清洁-无-剪辑-转化引导-家庭清洁-20260708-无-625-aigc-14,李虹玉-XNY0271,2026-07-14 10:24:40
13846314592,CH-SC-低活-10140917922437-超级抢购-家庭清洁-无-剪辑-转化引导-家庭清洁-20260708-无-625-aigc-15,李虹玉-XNY0271,2026-07-14 10:24:47
13846316443,CH-SC-低活-10140917922437-超级抢购-家庭清洁-无-剪辑-转化引导-家庭清洁-20260708-无-625-aigc-16,李虹玉-XNY0271,2026-07-14 10:24:54
13846316876,CH-SC-低活-10140917922437-超级抢购-家庭清洁-无-剪辑-转化引导-家庭清洁-20260708-无-625-aigc-1,李虹玉-XNY0271,2026-07-14 10:24:55
13846317793,CH-SC-低活-10140917922437-超级抢购-家庭清洁-无-剪辑-转化引导-家庭清洁-20260708-无-625-aigc-17,李虹玉-XNY0271,2026-07-14 10:24:59
13846319643,CH-SC-低活-10140917922437-超级抢购-家庭清洁-无-剪辑-转化引导-家庭清洁-20260708-无-625-aigc-4,李虹玉-XNY0271,2026-07-14 10:25:06
13846319941,CH-SC-低活-10140917922437-超级抢购-家庭清洁-无-剪辑-转化引导-家庭清洁-20260708-无-625-aigc-2,李虹玉-XNY0271,2026-07-14 10:25:07
13846321758,CH-SC-低活-10140917922437-超级抢购-家庭清洁-无-剪辑-转化引导-家庭清洁-20260708-无-625-aigc-3,李虹玉-XNY0271,2026-07-14 10:25:15
13846321867,CH-SC-低活-10113209119177-超级抢购-电动车-无-剪辑-转化引导-电动车-20260708-无-625-22,李虹玉-XNY0271,2026-07-14 10:25:15
13846322912,CH-SC-低活-10140917922437-超级抢购-家庭清洁-无-剪辑-转化引导-家庭清洁-20260708-无-625-aigc-5,李虹玉-XNY0271,2026-07-14 10:25:19
13846325426,CH-SC-低活-10113209119177-超级抢购-电动车-无-剪辑-转化引导-电动车-20260708-无-625-25,李虹玉-XNY0271,2026-07-14 10:25:28
13846325496,CH-SC-低活-10113209119177-超级抢购-电动车-无-剪辑-转化引导-电动车-20260708-无-625-24,李虹玉-XNY0271,2026-07-14 10:25:29
13846326046,CH-SC-低活-10113209119177-超级抢购-电动车-无-剪辑-转化引导-电动车-20260708-无-625-26,李虹玉-XNY0271,2026-07-14 10:25:31
13846329209,CH-SC-低活-10113209119177-超级抢购-电动车-无-剪辑-转化引导-电动车-20260708-无-625-1,李虹玉-XNY0271,2026-07-14 10:25:43
13846329302,CH-SC-低活-10113209119177-超级抢购-电动车-无-剪辑-转化引导-电动车-20260708-无-625-28,李虹玉-XNY0271,2026-07-14 10:25:44
13846329466,CH-SC-低活-10113209119177-超级抢购-电动车-无-剪辑-转化引导-电动车-20260708-无-625-27,李虹玉-XNY0271,2026-07-14 10:25:44
13846333854,CH-SC-低活-10113209119177-超级抢购-电动车-无-剪辑-转化引导-电动车-20260708-无-625-2,李虹玉-XNY0271,2026-07-14 10:26:00
13846333890,CH-SC-低活-10113209119177-超级抢购-电动车-无-剪辑-转化引导-电动车-20260708-无-625-3,李虹玉-XNY0271,2026-07-14 10:26:00
13846334300,CH-SC-低活-10113209119177-超级抢购-电动车-无-剪辑-转化引导-电动车-20260708-无-625-4,李虹玉-XNY0271,2026-07-14 10:26:01
13846337491,CH-SC-低活-10113209119177-超级抢购-电动车-无-剪辑-转化引导-电动车-20260708-无-625-6,李虹玉-XNY0271,2026-07-14 10:26:13
13846337923,CH-SC-低活-10113209119177-超级抢购-电动车-无-剪辑-转化引导-电动车-20260708-无-625-5,李虹玉-XNY0271,2026-07-14 10:26:15
13846338047,CH-SC-低活-10113209119177-超级抢购-电动车-无-剪辑-转化引导-电动车-20260708-无-625-7,李虹玉-XNY0271,2026-07-14 10:26:15
13846341238,CH-SC-低活-10113209119177-超级抢购-电动车-无-剪辑-转化引导-电动车-20260708-无-625-9,李虹玉-XNY0271,2026-07-14 10:26:26
13846341677,CH-SC-低活-10113209119177-超级抢购-电动车-无-剪辑-转化引导-电动车-20260708-无-625-8,李虹玉-XNY0271,2026-07-14 10:26:27
13846341818,CH-SC-低活-10113209119177-超级抢购-电动车-无-剪辑-转化引导-电动车-20260708-无-625-10,李虹玉-XNY0271,2026-07-14 10:26:28
13846344239,CH-SC-低活-10113209119177-超级抢购-电动车-无-剪辑-转化引导-电动车-20260708-无-625-13,李虹玉-XNY0271,2026-07-14 10:26:37
13846344785,CH-SC-低活-10113209119177-超级抢购-电动车-无-剪辑-转化引导-电动车-20260708-无-625-11,李虹玉-XNY0271,2026-07-14 10:26:39
13846346637,CH-SC-低活-10113209119177-超级抢购-电动车-无-剪辑-转化引导-电动车-20260708-无-625-12,李虹玉-XNY0271,2026-07-14 10:26:46
13846347604,CH-SC-低活-10113209119177-超级抢购-电动车-无-剪辑-转化引导-电动车-20260708-无-625-15,李虹玉-XNY0271,2026-07-14 10:26:50
13846348544,CH-SC-低活-10113209119177-超级抢购-电动车-无-剪辑-转化引导-电动车-20260708-无-625-14,李虹玉-XNY0271,2026-07-14 10:26:53
13846349846,CH-SC-低活-10113209119177-超级抢购-电动车-无-剪辑-转化引导-电动车-20260708-无-625-17,李虹玉-XNY0271,2026-07-14 10:26:57
13846352412,CH-SC-低活-10113209119177-超级抢购-电动车-无-剪辑-转化引导-电动车-20260708-无-625-18,李虹玉-XNY0271,2026-07-14 10:27:07
13846352814,CH-SC-低活-10113209119177-超级抢购-电动车-无-剪辑-转化引导-电动车-20260708-无-625-16,李虹玉-XNY0271,2026-07-14 10:27:09
13846353154,CH-SC-低活-10113209119177-超级抢购-电动车-无-剪辑-转化引导-电动车-20260708-无-625-19,李虹玉-XNY0271,2026-07-14 10:27:10
13846355017,CH-SC-低活-10113209119177-超级抢购-电动车-无-剪辑-转化引导-电动车-20260708-无-625-20,李虹玉-XNY0271,2026-07-14 10:27:16
13846355734,CH-SC-低活-10113209119177-超级抢购-电动车-无-剪辑-转化引导-电动车-20260708-无-625-21,李虹玉-XNY0271,2026-07-14 10:27:18
13846370672,CH-SC-低活-10112643484929-超级抢购-手机通讯-无-剪辑-转化引导-手机通讯-20260708-无-625-aigc-4,李虹玉-XNY0271,2026-07-14 10:28:04
13846372517,CH-SC-低活-10112643484929-超级抢购-手机通讯-无-剪辑-转化引导-手机通讯-20260708-无-625-aigc-5,李虹玉-XNY0271,2026-07-14 10:28:10
13846375083,CH-SC-低活-10112643484929-超级抢购-手机通讯-无-剪辑-转化引导-手机通讯-20260708-无-625-aigc-6,李虹玉-XNY0271,2026-07-14 10:28:19
13846376721,CH-SC-低活-10112643484929-超级抢购-手机通讯-无-剪辑-转化引导-手机通讯-20260708-无-625-aigc-8,李虹玉-XNY0271,2026-07-14 10:28:26
13846377299,CH-SC-低活-10112643484929-超级抢购-手机通讯-无-剪辑-转化引导-手机通讯-20260708-无-625-aigc-7,李虹玉-XNY0271,2026-07-14 10:28:29
13846379340,CH-SC-低活-10112643484929-超级抢购-手机通讯-无-剪辑-转化引导-手机通讯-20260708-无-625-aigc-10,李虹玉-XNY0271,2026-07-14 10:28:37
13846381296,CH-SC-低活-10112643484929-超级抢购-手机通讯-无-剪辑-转化引导-手机通讯-20260708-无-625-aigc-11,李虹玉-XNY0271,2026-07-14 10:28:46
13846381591,CH-SC-低活-10112643484929-超级抢购-手机通讯-无-剪辑-转化引导-手机通讯-20260708-无-625-aigc-9,李虹玉-XNY0271,2026-07-14 10:28:47
13846385090,CH-SC-低活-10112643484929-超级抢购-手机通讯-无-剪辑-转化引导-手机通讯-20260708-无-625-aigc-12,李虹玉-XNY0271,2026-07-14 10:29:03
13846385439,CH-SC-低活-10112643484929-超级抢购-手机通讯-无-剪辑-转化引导-手机通讯-20260708-无-625-aigc-14,李虹玉-XNY0271,2026-07-14 10:29:05
13846385603,CH-SC-低活-10112643484929-超级抢购-手机通讯-无-剪辑-转化引导-手机通讯-20260708-无-625-aigc-13,李虹玉-XNY0271,2026-07-14 10:29:05
13846387962,CH-SC-低活-10112643484929-超级抢购-手机通讯-无-剪辑-转化引导-手机通讯-20260708-无-625-aigc-15,李虹玉-XNY0271,2026-07-14 10:29:17
13846389536,CH-SC-低活-10112643484929-超级抢购-手机通讯-无-剪辑-转化引导-手机通讯-20260708-无-625-aigc-16,李虹玉-XNY0271,2026-07-14 10:29:25
13846389890,CH-SC-低活-10112643484929-超级抢购-手机通讯-无-剪辑-转化引导-手机通讯-20260708-无-625-aigc-17,李虹玉-XNY0271,2026-07-14 10:29:27
13846392308,CH-SC-低活-10112643484929-超级抢购-手机通讯-无-剪辑-转化引导-手机通讯-20260708-无-625-aigc-18,李虹玉-XNY0271,2026-07-14 10:29:37
13846392636,CH-SC-低活-10112643484929-超级抢购-手机通讯-无-剪辑-转化引导-手机通讯-20260708-无-625-aigc-19,李虹玉-XNY0271,2026-07-14 10:29:39
13846394660,CH-SC-低活-10112643484929-超级抢购-手机通讯-无-剪辑-转化引导-手机通讯-20260708-无-625-aigc-20,李虹玉-XNY0271,2026-07-14 10:29:48
13846396417,CH-SC-低活-10112643484929-超级抢购-手机通讯-无-剪辑-转化引导-手机通讯-20260708-无-625-aigc-21,李虹玉-XNY0271,2026-07-14 10:29:56
13846397120,CH-SC-低活-10112643484929-超级抢购-手机通讯-无-剪辑-转化引导-手机通讯-20260708-无-625-aigc-2,李虹玉-XNY0271,2026-07-14 10:29:59
13846397896,CH-SC-低活-10112643484929-超级抢购-手机通讯-无-剪辑-转化引导-手机通讯-20260708-无-625-aigc-1,李虹玉-XNY0271,2026-07-14 10:30:03
13846398501,CH-SC-低活-10112643484929-超级抢购-手机通讯-无-剪辑-转化引导-手机通讯-20260708-无-625-aigc-3,李虹玉-XNY0271,2026-07-14 10:30:05
13846398992,CH-SC-低活-10081585918372-超级抢购-家庭清洁纸品-无-剪辑-转化引导-家庭清洁纸品-20260708-无-625-aigc-19,李虹玉-XNY0271,2026-07-14 10:30:07
13846399385,CH-SC-低活-10081585918372-超级抢购-家庭清洁纸品-无-剪辑-转化引导-家庭清洁纸品-20260708-无-625-aigc-18,李虹玉-XNY0271,2026-07-14 10:30:08
13846400344,CH-SC-低活-10081585918372-超级抢购-家庭清洁纸品-无-剪辑-转化引导-家庭清洁纸品-20260708-无-625-aigc-1,李虹玉-XNY0271,2026-07-14 10:30:13
13846400502,CH-SC-低活-10081585918372-超级抢购-家庭清洁纸品-无-剪辑-转化引导-家庭清洁纸品-20260708-无-625-aigc-23,李虹玉-XNY0271,2026-07-14 10:30:14
13846400862,CH-SC-低活-10081585918372-超级抢购-家庭清洁纸品-无-剪辑-转化引导-家庭清洁纸品-20260708-无-625-aigc-2,李虹玉-XNY0271,2026-07-14 10:30:15
13846401745,CH-SC-低活-10081585918372-超级抢购-家庭清洁纸品-无-剪辑-转化引导-家庭清洁纸品-20260708-无-625-aigc-3,李虹玉-XNY0271,2026-07-14 10:30:19
13846403583,CH-SC-低活-10081585918372-超级抢购-家庭清洁纸品-无-剪辑-转化引导-家庭清洁纸品-20260708-无-625-aigc-14,李虹玉-XNY0271,2026-07-14 10:30:28
13846403714,CH-SC-低活-10081585918372-超级抢购-家庭清洁纸品-无-剪辑-转化引导-家庭清洁纸品-20260708-无-625-aigc-4,李虹玉-XNY0271,2026-07-14 10:30:29
13846404142,CH-SC-低活-10081585918372-超级抢购-家庭清洁纸品-无-剪辑-转化引导-家庭清洁纸品-20260708-无-625-aigc-13,李虹玉-XNY0271,2026-07-14 10:30:31
13846406325,CH-SC-低活-10081585918372-超级抢购-家庭清洁纸品-无-剪辑-转化引导-家庭清洁纸品-20260708-无-625-aigc-15,李虹玉-XNY0271,2026-07-14 10:30:40
13846406540,CH-SC-低活-10081585918372-超级抢购-家庭清洁纸品-无-剪辑-转化引导-家庭清洁纸品-20260708-无-625-aigc-17,李虹玉-XNY0271,2026-07-14 10:30:41
13846406613,CH-SC-低活-10081585918372-超级抢购-家庭清洁纸品-无-剪辑-转化引导-家庭清洁纸品-20260708-无-625-aigc-16,李虹玉-XNY0271,2026-07-14 10:30:41
13846409286,CH-SC-低活-10220560400432-超级抢购-生活日用-无-剪辑-转化引导-生活日用-20260708-无-625-aigc-19,李虹玉-XNY0271,2026-07-14 10:30:52
13846409972,CH-SC-低活-10220560400432-超级抢购-生活日用-无-剪辑-转化引导-生活日用-20260708-无-625-aigc-20,李虹玉-XNY0271,2026-07-14 10:30:55
13846411761,CH-SC-低活-10220560400432-超级抢购-生活日用-无-剪辑-转化引导-生活日用-20260708-无-625-aigc-1,李虹玉-XNY0271,2026-07-14 10:31:03
13846411953,CH-SC-低活-10220560400432-超级抢购-生活日用-无-剪辑-转化引导-生活日用-20260708-无-625-aigc-21,李虹玉-XNY0271,2026-07-14 10:31:04
13846414994,CH-SC-低活-10220560400432-超级抢购-生活日用-无-剪辑-转化引导-生活日用-20260708-无-625-aigc-2,李虹玉-XNY0271,2026-07-14 10:31:17
13846417219,CH-SC-低活-10220560400432-超级抢购-生活日用-无-剪辑-转化引导-生活日用-20260708-无-625-aigc-3,李虹玉-XNY0271,2026-07-14 10:31:26
13846417634,CH-SC-低活-10220560400432-超级抢购-生活日用-无-剪辑-转化引导-生活日用-20260708-无-625-aigc-4,李虹玉-XNY0271,2026-07-14 10:31:28
13846420227,CH-SC-低活-10220560400432-超级抢购-生活日用-无-剪辑-转化引导-生活日用-20260708-无-625-aigc-5,李虹玉-XNY0271,2026-07-14 10:31:38
13846422587,CH-SC-低活-10220560400432-超级抢购-生活日用-无-剪辑-转化引导-生活日用-20260708-无-625-aigc-7,李虹玉-XNY0271,2026-07-14 10:31:47
13846422800,CH-SC-低活-10220560400432-超级抢购-生活日用-无-剪辑-转化引导-生活日用-20260708-无-625-aigc-8,李虹玉-XNY0271,2026-07-14 10:31:48
13846423357,CH-SC-低活-10220560400432-超级抢购-生活日用-无-剪辑-转化引导-生活日用-20260708-无-625-aigc-6,李虹玉-XNY0271,2026-07-14 10:31:50
13846427014,CH-SC-低活-10220560400432-超级抢购-生活日用-无-剪辑-转化引导-生活日用-20260708-无-625-aigc-9,李虹玉-XNY0271,2026-07-14 10:32:03
13846427213,CH-SC-低活-10220560400432-超级抢购-生活日用-无-剪辑-转化引导-生活日用-20260708-无-625-aigc-10,李虹玉-XNY0271,2026-07-14 10:32:04
13846427604,CH-SC-低活-10220560400432-超级抢购-生活日用-无-剪辑-转化引导-生活日用-20260708-无-625-aigc-11,李虹玉-XNY0271,2026-07-14 10:32:05
13846430246,CH-SC-低活-10220560400432-超级抢购-生活日用-无-剪辑-转化引导-生活日用-20260708-无-625-aigc-12,李虹玉-XNY0271,2026-07-14 10:32:15
13846430904,CH-SC-低活-10220560400432-超级抢购-生活日用-无-剪辑-转化引导-生活日用-20260708-无-625-aigc-13,李虹玉-XNY0271,2026-07-14 10:32:18
13846431605,CH-SC-低活-10220560400432-超级抢购-生活日用-无-剪辑-转化引导-生活日用-20260708-无-625-aigc-14,李虹玉-XNY0271,2026-07-14 10:32:21
13846433173,CH-SC-低活-10220560400432-超级抢购-生活日用-无-剪辑-转化引导-生活日用-20260708-无-625-aigc-15,李虹玉-XNY0271,2026-07-14 10:32:26
13846433997,CH-SC-低活-10220560400432-超级抢购-生活日用-无-剪辑-转化引导-生活日用-20260708-无-625-aigc-16,李虹玉-XNY0271,2026-07-14 10:32:30
13846435400,CH-SC-低活-10220560400432-超级抢购-生活日用-无-剪辑-转化引导-生活日用-20260708-无-625-aigc-17,李虹玉-XNY0271,2026-07-14 10:32:34
13846435762,CH-SC-低活-10220560400432-超级抢购-生活日用-无-剪辑-转化引导-生活日用-20260708-无-625-aigc-18,李虹玉-XNY0271,2026-07-14 10:32:36
13860481613,CH-SC-广义新-10151951361734-新综合频道-箱包皮具-京喜拉新-剪辑-转化引导-箱包皮具-20260713-无-625-aigc-1,李虹玉-XNY0271,2026-07-15 14:02:28
13860484508,CH-SC-广义新-10151951361734-新综合频道-箱包皮具-京喜拉新-剪辑-转化引导-箱包皮具-20260713-无-625-aigc-10,李虹玉-XNY0271,2026-07-15 14:02:38
13860484585,CH-SC-广义新-10151951361734-新综合频道-箱包皮具-京喜拉新-剪辑-转化引导-箱包皮具-20260713-无-625-aigc-2,李虹玉-XNY0271,2026-07-15 14:02:38
13860485612,CH-SC-广义新-10151951361734-新综合频道-箱包皮具-京喜拉新-剪辑-转化引导-箱包皮具-20260713-无-625-aigc-3,李虹玉-XNY0271,2026-07-15 14:02:40
13860487513,CH-SC-广义新-10151951361734-新综合频道-箱包皮具-京喜拉新-剪辑-转化引导-箱包皮具-20260713-无-625-aigc-5,李虹玉-XNY0271,2026-07-15 14:02:46
13860488800,CH-SC-广义新-10151951361734-新综合频道-箱包皮具-京喜拉新-剪辑-转化引导-箱包皮具-20260713-无-625-aigc-6,李虹玉-XNY0271,2026-07-15 14:02:51
13860490329,CH-SC-广义新-10151951361734-新综合频道-箱包皮具-京喜拉新-剪辑-转化引导-箱包皮具-20260713-无-625-aigc-4,李虹玉-XNY0271,2026-07-15 14:02:55
13860491377,CH-SC-广义新-10151951361734-新综合频道-箱包皮具-京喜拉新-剪辑-转化引导-箱包皮具-20260713-无-625-aigc-7,李虹玉-XNY0271,2026-07-15 14:02:59
13860493028,CH-SC-广义新-10151951361734-新综合频道-箱包皮具-京喜拉新-剪辑-转化引导-箱包皮具-20260713-无-625-aigc-9,李虹玉-XNY0271,2026-07-15 14:03:05
13860494025,CH-SC-广义新-10208092205431-新综合频道-居家布艺-京喜拉新-剪辑-转化引导-居家布艺-20260713-反向-625-11,李虹玉-XNY0271,2026-07-15 14:03:08
13860495126,CH-SC-广义新-10208092205431-新综合频道-居家布艺-京喜拉新-剪辑-转化引导-居家布艺-20260713-反向-625-12,李虹玉-XNY0271,2026-07-15 14:03:11
13860496132,CH-SC-广义新-10208092205431-新综合频道-居家布艺-京喜拉新-剪辑-转化引导-居家布艺-20260713-反向-625-13,李虹玉-XNY0271,2026-07-15 14:03:15
13860497112,CH-SC-广义新-10208092205431-新综合频道-居家布艺-京喜拉新-剪辑-转化引导-居家布艺-20260713-反向-625-14,李虹玉-XNY0271,2026-07-15 14:03:18
13860498359,CH-SC-广义新-10208092205431-新综合频道-居家布艺-京喜拉新-剪辑-转化引导-居家布艺-20260713-反向-625-1,李虹玉-XNY0271,2026-07-15 14:03:22
13860498666,CH-SC-广义新-10208092205431-新综合频道-居家布艺-京喜拉新-剪辑-转化引导-居家布艺-20260713-反向-625-2,李虹玉-XNY0271,2026-07-15 14:03:23
13860500130,CH-SC-广义新-10208092205431-新综合频道-居家布艺-京喜拉新-剪辑-转化引导-居家布艺-20260713-反向-625-3,李虹玉-XNY0271,2026-07-15 14:03:27
13860500791,CH-SC-广义新-10208092205431-新综合频道-居家布艺-京喜拉新-剪辑-转化引导-居家布艺-20260713-反向-625-4,李虹玉-XNY0271,2026-07-15 14:03:29
13860501772,CH-SC-广义新-10208092205431-新综合频道-居家布艺-京喜拉新-剪辑-转化引导-居家布艺-20260713-反向-625-6,李虹玉-XNY0271,2026-07-15 14:03:33
13860502859,CH-SC-广义新-10208092205431-新综合频道-居家布艺-京喜拉新-剪辑-转化引导-居家布艺-20260713-反向-625-5,李虹玉-XNY0271,2026-07-15 14:03:36
13860504402,CH-SC-广义新-10151951361734-新综合频道-箱包皮具-京喜拉新-剪辑-转化引导-箱包皮具-20260713-无-625-aigc-8,李虹玉-XNY0271,2026-07-15 14:03:41
13860504638,CH-SC-广义新-10208092205431-新综合频道-居家布艺-京喜拉新-剪辑-转化引导-居家布艺-20260713-反向-625-8,李虹玉-XNY0271,2026-07-15 14:03:42
13860505069,CH-SC-广义新-10208092205431-新综合频道-居家布艺-京喜拉新-剪辑-转化引导-居家布艺-20260713-反向-625-7,李虹玉-XNY0271,2026-07-15 14:03:44
13860506737,CH-SC-广义新-10208092205431-新综合频道-居家布艺-京喜拉新-剪辑-转化引导-居家布艺-20260713-反向-625-9,李虹玉-XNY0271,2026-07-15 14:03:49
13860507444,CH-SC-广义新-10211945068200-新综合频道-农资园艺-京喜拉新-剪辑-转化引导-农资园艺-20260713-反向-625-12,李虹玉-XNY0271,2026-07-15 14:03:51
13860508166,CH-SC-广义新-10211945068200-新综合频道-农资园艺-京喜拉新-剪辑-转化引导-农资园艺-20260713-反向-625-13,李虹玉-XNY0271,2026-07-15 14:03:54
13860508872,CH-SC-广义新-10208092205431-新综合频道-居家布艺-京喜拉新-剪辑-转化引导-居家布艺-20260713-反向-625-10,李虹玉-XNY0271,2026-07-15 14:03:56
13860509492,CH-SC-广义新-10211945068200-新综合频道-农资园艺-京喜拉新-剪辑-转化引导-农资园艺-20260713-反向-625-14,李虹玉-XNY0271,2026-07-15 14:03:58
13860509986,CH-SC-广义新-10211945068200-新综合频道-农资园艺-京喜拉新-剪辑-转化引导-农资园艺-20260713-反向-625-1,李虹玉-XNY0271,2026-07-15 14:04:00
13860510920,CH-SC-广义新-10211945068200-新综合频道-农资园艺-京喜拉新-剪辑-转化引导-农资园艺-20260713-反向-625-2,李虹玉-XNY0271,2026-07-15 14:04:03
13860511690,CH-SC-广义新-10211945068200-新综合频道-农资园艺-京喜拉新-剪辑-转化引导-农资园艺-20260713-反向-625-3,李虹玉-XNY0271,2026-07-15 14:04:06
13860513632,CH-SC-广义新-10211945068200-新综合频道-农资园艺-京喜拉新-剪辑-转化引导-农资园艺-20260713-反向-625-5,李虹玉-XNY0271,2026-07-15 14:04:13
13860514374,CH-SC-广义新-10211945068200-新综合频道-农资园艺-京喜拉新-剪辑-转化引导-农资园艺-20260713-反向-625-6,李虹玉-XNY0271,2026-07-15 14:04:15
13860514385,CH-SC-广义新-10211945068200-新综合频道-农资园艺-京喜拉新-剪辑-转化引导-农资园艺-20260713-反向-625-4,李虹玉-XNY0271,2026-07-15 14:04:15
13860515886,CH-SC-广义新-10211945068200-新综合频道-农资园艺-京喜拉新-剪辑-转化引导-农资园艺-20260713-反向-625-7,李虹玉-XNY0271,2026-07-15 14:04:20
13860519846,CH-SC-广义新-10211945068200-新综合频道-农资园艺-京喜拉新-剪辑-转化引导-农资园艺-20260713-反向-625-10,李虹玉-XNY0271,2026-07-15 14:04:33
13860520007,CH-SC-广义新-10211945068200-新综合频道-农资园艺-京喜拉新-剪辑-转化引导-农资园艺-20260713-反向-625-8,李虹玉-XNY0271,2026-07-15 14:04:33
13860520202,CH-SC-广义新-10211945068200-新综合频道-农资园艺-京喜拉新-剪辑-转化引导-农资园艺-20260713-反向-625-9,李虹玉-XNY0271,2026-07-15 14:04:34
13860522010,CH-SC-广义新-10211945068200-新综合频道-农资园艺-京喜拉新-剪辑-转化引导-农资园艺-20260713-反向-625-11,李虹玉-XNY0271,2026-07-15 14:04:40
13860524098,CH-SC-广义新-10123860862279-新综合频道-床上用品-京喜拉新-剪辑-转化引导-床上用品-20260713-反向-625-8,李虹玉-XNY0271,2026-07-15 14:04:46
13860525518,CH-SC-广义新-10123860862279-新综合频道-床上用品-京喜拉新-剪辑-转化引导-床上用品-20260713-反向-625-6,李虹玉-XNY0271,2026-07-15 14:04:50
13860525614,CH-SC-广义新-10123860862279-新综合频道-床上用品-京喜拉新-剪辑-转化引导-床上用品-20260713-反向-625-7,李虹玉-XNY0271,2026-07-15 14:04:50
13860527535,CH-SC-广义新-10123860862279-新综合频道-床上用品-京喜拉新-剪辑-转化引导-床上用品-20260713-反向-625-9,李虹玉-XNY0271,2026-07-15 14:04:55
13860529742,CH-SC-广义新-10123860862279-新综合频道-床上用品-京喜拉新-剪辑-转化引导-床上用品-20260713-反向-625-12,李虹玉-XNY0271,2026-07-15 14:05:02
13860530107,CH-SC-广义新-10123860862279-新综合频道-床上用品-京喜拉新-剪辑-转化引导-床上用品-20260713-反向-625-11,李虹玉-XNY0271,2026-07-15 14:05:03
13860531933,CH-SC-广义新-10123860862279-新综合频道-床上用品-京喜拉新-剪辑-转化引导-床上用品-20260713-反向-625-10,李虹玉-XNY0271,2026-07-15 14:05:07
13860533797,CH-SC-广义新-10123860862279-新综合频道-床上用品-京喜拉新-剪辑-转化引导-床上用品-20260713-反向-625-1,李虹玉-XNY0271,2026-07-15 14:05:12
13860535550,CH-SC-广义新-10123860862279-新综合频道-床上用品-京喜拉新-剪辑-转化引导-床上用品-20260713-反向-625-3,李虹玉-XNY0271,2026-07-15 14:05:16
13860535899,CH-SC-广义新-10123860862279-新综合频道-床上用品-京喜拉新-剪辑-转化引导-床上用品-20260713-反向-625-2,李虹玉-XNY0271,2026-07-15 14:05:17
13860538899,CH-SC-广义新-10123860862279-新综合频道-床上用品-京喜拉新-剪辑-转化引导-床上用品-20260713-反向-625-5,李虹玉-XNY0271,2026-07-15 14:05:24
13860540583,CH-SC-广义新-10123860862279-新综合频道-床上用品-京喜拉新-剪辑-转化引导-床上用品-20260713-反向-625-4,李虹玉-XNY0271,2026-07-15 14:05:29
13860541958,CH-SC-广义新-10162692688878-新综合频道-家用电器-京喜拉新-剪辑-转化引导-家用电器-20260713-无-625-aigc-1,李虹玉-XNY0271,2026-07-15 14:05:32
13860542207,CH-SC-广义新-10162692688878-新综合频道-家用电器-京喜拉新-剪辑-转化引导-家用电器-20260713-无-625-aigc-10,李虹玉-XNY0271,2026-07-15 14:05:33
13860544273,CH-SC-广义新-10162692688878-新综合频道-家用电器-京喜拉新-剪辑-转化引导-家用电器-20260713-无-625-aigc-2,李虹玉-XNY0271,2026-07-15 14:05:38
13860548186,CH-SC-广义新-10162692688878-新综合频道-家用电器-京喜拉新-剪辑-转化引导-家用电器-20260713-无-625-aigc-5,李虹玉-XNY0271,2026-07-15 14:05:50
13860548779,CH-SC-广义新-10162692688878-新综合频道-家用电器-京喜拉新-剪辑-转化引导-家用电器-20260713-无-625-aigc-3,李虹玉-XNY0271,2026-07-15 14:05:51
13860550328,CH-SC-广义新-10162692688878-新综合频道-家用电器-京喜拉新-剪辑-转化引导-家用电器-20260713-无-625-aigc-4,李虹玉-XNY0271,2026-07-15 14:05:55
13860551989,CH-SC-广义新-10162692688878-新综合频道-家用电器-京喜拉新-剪辑-转化引导-家用电器-20260713-无-625-aigc-6,李虹玉-XNY0271,2026-07-15 14:05:59
13860555380,CH-SC-广义新-10162692688878-新综合频道-家用电器-京喜拉新-剪辑-转化引导-家用电器-20260713-无-625-aigc-7,李虹玉-XNY0271,2026-07-15 14:06:10
13860556451,CH-SC-广义新-10162692688878-新综合频道-家用电器-京喜拉新-剪辑-转化引导-家用电器-20260713-无-625-aigc-8,李虹玉-XNY0271,2026-07-15 14:06:13
13860557432,CH-SC-广义新-10162692688878-新综合频道-家用电器-京喜拉新-剪辑-转化引导-家用电器-20260713-无-625-aigc-9,李虹玉-XNY0271,2026-07-15 14:06:16
13860560567,CH-SC-广义新-10153911006548-新综合频道-粮油调味-京喜拉新-剪辑-转化引导-粮油调味-20260713-反向-625-aigc-7,李虹玉-XNY0271,2026-07-15 14:06:27
13860560856,CH-SC-广义新-10153911006548-新综合频道-粮油调味-京喜拉新-剪辑-转化引导-粮油调味-20260713-反向-625-aigc-6,李虹玉-XNY0271,2026-07-15 14:06:28
13860561756,CH-SC-广义新-10153911006548-新综合频道-粮油调味-京喜拉新-剪辑-转化引导-粮油调味-20260713-反向-625-aigc-8,李虹玉-XNY0271,2026-07-15 14:06:31
13860563485,CH-SC-广义新-10153911006548-新综合频道-粮油调味-京喜拉新-剪辑-转化引导-粮油调味-20260713-反向-625-aigc-9,李虹玉-XNY0271,2026-07-15 14:06:37
13860567316,CH-SC-广义新-10153911006548-新综合频道-粮油调味-京喜拉新-剪辑-转化引导-粮油调味-20260713-反向-625-aigc-2,李虹玉-XNY0271,2026-07-15 14:06:49
13860567807,CH-SC-广义新-10153911006548-新综合频道-粮油调味-京喜拉新-剪辑-转化引导-粮油调味-20260713-反向-625-aigc-10,李虹玉-XNY0271,2026-07-15 14:06:51
13860569474,CH-SC-广义新-10153911006548-新综合频道-粮油调味-京喜拉新-剪辑-转化引导-粮油调味-20260713-反向-625-aigc-1,李虹玉-XNY0271,2026-07-15 14:06:55
13860572936,CH-SC-广义新-10153911006548-新综合频道-粮油调味-京喜拉新-剪辑-转化引导-粮油调味-20260713-反向-625-aigc-4,李虹玉-XNY0271,2026-07-15 14:07:05
13860573355,CH-SC-广义新-10153911006548-新综合频道-粮油调味-京喜拉新-剪辑-转化引导-粮油调味-20260713-反向-625-aigc-3,李虹玉-XNY0271,2026-07-15 14:07:06
13860575912,CH-SC-广义新-10153911006548-新综合频道-粮油调味-京喜拉新-剪辑-转化引导-粮油调味-20260713-反向-625-aigc-5,李虹玉-XNY0271,2026-07-15 14:07:13
13860577782,CH-SC-广义新-10215307938752-新综合频道-鞋靴-京喜拉新-剪辑-转化引导-鞋靴-20260713-反向-625-aigc-10,李虹玉-XNY0271,2026-07-15 14:07:17
13860578733,CH-SC-广义新-10215307938752-新综合频道-鞋靴-京喜拉新-剪辑-转化引导-鞋靴-20260713-反向-625-aigc-1,李虹玉-XNY0271,2026-07-15 14:07:20
13860578738,CH-SC-广义新-10215307938752-新综合频道-鞋靴-京喜拉新-剪辑-转化引导-鞋靴-20260713-反向-625-aigc-2,李虹玉-XNY0271,2026-07-15 14:07:20
13860580424,CH-SC-广义新-10215307938752-新综合频道-鞋靴-京喜拉新-剪辑-转化引导-鞋靴-20260713-反向-625-aigc-3,李虹玉-XNY0271,2026-07-15 14:07:25
13860581516,CH-SC-广义新-10215307938752-新综合频道-鞋靴-京喜拉新-剪辑-转化引导-鞋靴-20260713-反向-625-aigc-5,李虹玉-XNY0271,2026-07-15 14:07:28
13860584358,CH-SC-广义新-10215307938752-新综合频道-鞋靴-京喜拉新-剪辑-转化引导-鞋靴-20260713-反向-625-aigc-6,李虹玉-XNY0271,2026-07-15 14:07:36
13860586003,CH-SC-广义新-10215307938752-新综合频道-鞋靴-京喜拉新-剪辑-转化引导-鞋靴-20260713-反向-625-aigc-4,李虹玉-XNY0271,2026-07-15 14:07:40
13860586602,CH-SC-广义新-10215307938752-新综合频道-鞋靴-京喜拉新-剪辑-转化引导-鞋靴-20260713-反向-625-aigc-7,李虹玉-XNY0271,2026-07-15 14:07:42
13860588572,CH-SC-广义新-10215307938752-新综合频道-鞋靴-京喜拉新-剪辑-转化引导-鞋靴-20260713-反向-625-aigc-9,李虹玉-XNY0271,2026-07-15 14:07:47
13860589367,CH-SC-广义新-10215307938752-新综合频道-鞋靴-京喜拉新-剪辑-转化引导-鞋靴-20260713-反向-625-aigc-8,李虹玉-XNY0271,2026-07-15 14:07:49
13872630613,CH-SC-广义新-10155085148227-新综合频道-家用电器-京喜拉新-剪辑-转化引导-家用电器-20260714-无-625-1,李虹玉-XNY0271,2026-07-16 14:25:49
13872630797,CH-SC-广义新-10155085148227-新综合频道-家用电器-京喜拉新-剪辑-转化引导-家用电器-20260714-无-625-12,李虹玉-XNY0271,2026-07-16 14:25:50
13872631920,CH-SC-广义新-10155085148227-新综合频道-家用电器-京喜拉新-剪辑-转化引导-家用电器-20260714-无-625-3,李虹玉-XNY0271,2026-07-16 14:25:55
13872632277,CH-SC-广义新-10155085148227-新综合频道-家用电器-京喜拉新-剪辑-转化引导-家用电器-20260714-无-625-2,李虹玉-XNY0271,2026-07-16 14:25:56
13872633011,CH-SC-广义新-10155085148227-新综合频道-家用电器-京喜拉新-剪辑-转化引导-家用电器-20260714-无-625-11,李虹玉-XNY0271,2026-07-16 14:26:00
13872633035,CH-SC-广义新-10155085148227-新综合频道-家用电器-京喜拉新-剪辑-转化引导-家用电器-20260714-无-625-5,李虹玉-XNY0271,2026-07-16 14:26:00
13872633794,CH-SC-广义新-10155085148227-新综合频道-家用电器-京喜拉新-剪辑-转化引导-家用电器-20260714-无-625-7,李虹玉-XNY0271,2026-07-16 14:26:04
13872633922,CH-SC-广义新-10155085148227-新综合频道-家用电器-京喜拉新-剪辑-转化引导-家用电器-20260714-无-625-4,李虹玉-XNY0271,2026-07-16 14:26:05
13872634241,CH-SC-广义新-10155085148227-新综合频道-家用电器-京喜拉新-剪辑-转化引导-家用电器-20260714-无-625-6,李虹玉-XNY0271,2026-07-16 14:26:06
13872634664,CH-SC-广义新-10155085148227-新综合频道-家用电器-京喜拉新-剪辑-转化引导-家用电器-20260714-无-625-8,李虹玉-XNY0271,2026-07-16 14:26:08
13872634739,CH-SC-广义新-10155085148227-新综合频道-家用电器-京喜拉新-剪辑-转化引导-家用电器-20260714-无-625-9,李虹玉-XNY0271,2026-07-16 14:26:09
13872635385,CH-SC-广义新-10155085148227-新综合频道-家用电器-京喜拉新-剪辑-转化引导-家用电器-20260714-无-625-10,李虹玉-XNY0271,2026-07-16 14:26:11
13872649671,CH-SC-广义新-10136363822650 -新综合频道-纸品-京喜拉新-剪辑-转化引导-纸品-20260714-无-625-4,李虹玉-XNY0271,2026-07-16 14:27:16
13872650137,CH-SC-广义新-10136363822650 -新综合频道-纸品-京喜拉新-剪辑-转化引导-纸品-20260714-无-625-3,李虹玉-XNY0271,2026-07-16 14:27:18
13872650671,CH-SC-广义新-10136363822650 -新综合频道-纸品-京喜拉新-剪辑-转化引导-纸品-20260714-无-625-5,李虹玉-XNY0271,2026-07-16 14:27:20
13872650749,CH-SC-广义新-10136363822650 -新综合频道-纸品-京喜拉新-剪辑-转化引导-纸品-20260714-无-625-6,李虹玉-XNY0271,2026-07-16 14:27:20
13872651072,CH-SC-广义新-10136363822650 -新综合频道-纸品-京喜拉新-剪辑-转化引导-纸品-20260714-无-625-7,李虹玉-XNY0271,2026-07-16 14:27:21
13872651421,CH-SC-广义新-10136363822650 -新综合频道-纸品-京喜拉新-剪辑-转化引导-纸品-20260714-无-625-9,李虹玉-XNY0271,2026-07-16 14:27:23
13872651762,CH-SC-广义新-10136363822650 -新综合频道-纸品-京喜拉新-剪辑-转化引导-纸品-20260714-无-625-8,李虹玉-XNY0271,2026-07-16 14:27:25
13872651899,CH-SC-广义新-10136363822650 -新综合频道-纸品-京喜拉新-剪辑-转化引导-纸品-20260714-无-625-10,李虹玉-XNY0271,2026-07-16 14:27:25
13872652245,CH-SC-广义新-10136363822650 -新综合频道-纸品-京喜拉新-剪辑-转化引导-纸品-20260714-无-625-11,李虹玉-XNY0271,2026-07-16 14:27:26
13872652661,CH-SC-广义新-10136363822650 -新综合频道-纸品-京喜拉新-剪辑-转化引导-纸品-20260714-无-625-12,李虹玉-XNY0271,2026-07-16 14:27:28
13872652954,CH-SC-广义新-10136363822650 -新综合频道-纸品-京喜拉新-剪辑-转化引导-纸品-20260714-无-625-1,李虹玉-XNY0271,2026-07-16 14:27:29
13872653271,CH-SC-广义新-10136363822650 -新综合频道-纸品-京喜拉新-剪辑-转化引导-纸品-20260714-无-625-2,李虹玉-XNY0271,2026-07-16 14:27:30
13872659378,CH-SC-广义新-10164212627902-新综合频道-五金-京喜拉新-剪辑-转化引导-五金-20260714-无-625-aigc-5,李虹玉-XNY0271,2026-07-16 14:27:56
13872660124,CH-SC-广义新-10164212627902-新综合频道-五金-京喜拉新-剪辑-转化引导-五金-20260714-无-625-aigc-3,李虹玉-XNY0271,2026-07-16 14:28:00
13872660226,CH-SC-广义新-10164212627902-新综合频道-五金-京喜拉新-剪辑-转化引导-五金-20260714-无-625-aigc-4,李虹玉-XNY0271,2026-07-16 14:28:00
13872660541,CH-SC-广义新-10164212627902-新综合频道-五金-京喜拉新-剪辑-转化引导-五金-20260714-无-625-aigc-6,李虹玉-XNY0271,2026-07-16 14:28:02
13872661601,CH-SC-广义新-10164212627902-新综合频道-五金-京喜拉新-剪辑-转化引导-五金-20260714-无-625-aigc-9,李虹玉-XNY0271,2026-07-16 14:28:07
13872662334,CH-SC-广义新-10164212627902-新综合频道-五金-京喜拉新-剪辑-转化引导-五金-20260714-无-625-aigc-7,李虹玉-XNY0271,2026-07-16 14:28:10
13872662470,CH-SC-广义新-10164212627902-新综合频道-五金-京喜拉新-剪辑-转化引导-五金-20260714-无-625-aigc-8,李虹玉-XNY0271,2026-07-16 14:28:10
13872662590,CH-SC-广义新-10164212627902-新综合频道-五金-京喜拉新-剪辑-转化引导-五金-20260714-无-625-aigc-10,李虹玉-XNY0271,2026-07-16 14:28:11
13872663431,CH-SC-广义新-10164212627902-新综合频道-五金-京喜拉新-剪辑-转化引导-五金-20260714-无-625-aigc-11,李虹玉-XNY0271,2026-07-16 14:28:14
13872664456,CH-SC-广义新-10164212627902-新综合频道-五金-京喜拉新-剪辑-转化引导-五金-20260714-无-625-aigc-1,李虹玉-XNY0271,2026-07-16 14:28:19
13872664475,CH-SC-广义新-10164212627902-新综合频道-五金-京喜拉新-剪辑-转化引导-五金-20260714-无-625-aigc-2,李虹玉-XNY0271,2026-07-16 14:28:19
13872664767,CH-SC-广义新-10164212627902-新综合频道-五金-京喜拉新-剪辑-转化引导-五金-20260714-无-625-aigc-12,李虹玉-XNY0271,2026-07-16 14:28:21
13873164965,CH-SC-低活-10137455430983-超级抢购-纸品-无-剪辑-转化引导-纸品-20260709-无-625-aigc-2,李虹玉-XNY0271,2026-07-16 14:56:12
13873165421,CH-SC-低活-10137455430983-超级抢购-纸品-无-剪辑-转化引导-纸品-20260709-无-625-aigc-4,李虹玉-XNY0271,2026-07-16 14:56:13
13873166317,CH-SC-低活-10137455430983-超级抢购-纸品-无-剪辑-转化引导-纸品-20260709-无-625-aigc-3,李虹玉-XNY0271,2026-07-16 14:56:17
13873166540,CH-SC-低活-10137455430983-超级抢购-纸品-无-剪辑-转化引导-纸品-20260709-无-625-aigc-5,李虹玉-XNY0271,2026-07-16 14:56:17
13873167301,CH-SC-低活-10137455430983-超级抢购-纸品-无-剪辑-转化引导-纸品-20260709-无-625-aigc-6,李虹玉-XNY0271,2026-07-16 14:56:20
13873168305,CH-SC-低活-10137455430983-超级抢购-纸品-无-剪辑-转化引导-纸品-20260709-无-625-aigc-7,李虹玉-XNY0271,2026-07-16 14:56:22
13873168594,CH-SC-低活-10137455430983-超级抢购-纸品-无-剪辑-转化引导-纸品-20260709-无-625-aigc-8,李虹玉-XNY0271,2026-07-16 14:56:23
13873169325,CH-SC-低活-10137455430983-超级抢购-纸品-无-剪辑-转化引导-纸品-20260709-无-625-aigc-9,李虹玉-XNY0271,2026-07-16 14:56:26
13873170399,CH-SC-低活-10137455430983-超级抢购-纸品-无-剪辑-转化引导-纸品-20260709-无-625-aigc-10,李虹玉-XNY0271,2026-07-16 14:56:29
13873170621,CH-SC-低活-10137455430983-超级抢购-纸品-无-剪辑-转化引导-纸品-20260709-无-625-aigc-11,李虹玉-XNY0271,2026-07-16 14:56:29
13873171234,CH-SC-低活-10137455430983-超级抢购-纸品-无-剪辑-转化引导-纸品-20260709-无-625-aigc-12,李虹玉-XNY0271,2026-07-16 14:56:31
13873172231,CH-SC-低活-10137455430983-超级抢购-纸品-无-剪辑-转化引导-纸品-20260709-无-625-aigc-1,李虹玉-XNY0271,2026-07-16 14:56:34
13873172642,CH-SC-低活-10162692688878-超级抢购-家用电器-无-剪辑-转化引导-家用电器-20260709-无-625-aigc-11,李虹玉-XNY0271,2026-07-16 14:56:35
13873173226,CH-SC-低活-10162692688878-超级抢购-家用电器-无-剪辑-转化引导-家用电器-20260709-无-625-aigc-12,李虹玉-XNY0271,2026-07-16 14:56:37
13873173915,CH-SC-低活-10162692688878-超级抢购-家用电器-无-剪辑-转化引导-家用电器-20260709-无-625-aigc-14,李虹玉-XNY0271,2026-07-16 14:56:39
13873174582,CH-SC-低活-10162692688878-超级抢购-家用电器-无-剪辑-转化引导-家用电器-20260709-无-625-aigc-15,李虹玉-XNY0271,2026-07-16 14:56:41
13873175081,CH-SC-低活-10162692688878-超级抢购-家用电器-无-剪辑-转化引导-家用电器-20260709-无-625-aigc-16,李虹玉-XNY0271,2026-07-16 14:56:43
13873175465,CH-SC-低活-10162692688878-超级抢购-家用电器-无-剪辑-转化引导-家用电器-20260709-无-625-aigc-17,李虹玉-XNY0271,2026-07-16 14:56:45
13873176280,CH-SC-低活-10162692688878-超级抢购-家用电器-无-剪辑-转化引导-家用电器-20260709-无-625-aigc-18,李虹玉-XNY0271,2026-07-16 14:56:48
13873177255,CH-SC-低活-10162692688878-超级抢购-家用电器-无-剪辑-转化引导-家用电器-20260709-无-625-aigc-1,李虹玉-XNY0271,2026-07-16 14:56:51
13873178418,CH-SC-低活-10162692688878-超级抢购-家用电器-无-剪辑-转化引导-家用电器-20260709-无-625-aigc-3,李虹玉-XNY0271,2026-07-16 14:56:55
13873179792,CH-SC-低活-10162692688878-超级抢购-家用电器-无-剪辑-转化引导-家用电器-20260709-无-625-aigc-4,李虹玉-XNY0271,2026-07-16 14:56:59
13873181459,CH-SC-低活-10162692688878-超级抢购-家用电器-无-剪辑-转化引导-家用电器-20260709-无-625-aigc-6,李虹玉-XNY0271,2026-07-16 14:57:04
13873182997,CH-SC-低活-10162692688878-超级抢购-家用电器-无-剪辑-转化引导-家用电器-20260709-无-625-aigc-7,李虹玉-XNY0271,2026-07-16 14:57:08
13873184507,CH-SC-低活-10162692688878-超级抢购-家用电器-无-剪辑-转化引导-家用电器-20260709-无-625-aigc-8,李虹玉-XNY0271,2026-07-16 14:57:13
13873186801,CH-SC-低活-10162692688878-超级抢购-家用电器-无-剪辑-转化引导-家用电器-20260709-无-625-aigc-9,李虹玉-XNY0271,2026-07-16 14:57:19
13873187997,CH-SC-低活-10162692688878-超级抢购-家用电器-无-剪辑-转化引导-家用电器-20260709-无-625-aigc-10,李虹玉-XNY0271,2026-07-16 14:57:23
13873189462,CH-SC-低活-10140917922437-超级抢购-家庭清洁-无-剪辑-转化引导-家庭清洁-20260709-无-625-aigc-1,李虹玉-XNY0271,2026-07-16 14:57:27
13873191026,CH-SC-低活-10140917922437-超级抢购-家庭清洁-无-剪辑-转化引导-家庭清洁-20260709-无-625-aigc-2,李虹玉-XNY0271,2026-07-16 14:57:32
13873191576,CH-SC-低活-10140917922437-超级抢购-家庭清洁-无-剪辑-转化引导-家庭清洁-20260709-无-625-aigc-3,李虹玉-XNY0271,2026-07-16 14:57:34
13873193276,CH-SC-低活-10140917922437-超级抢购-家庭清洁-无-剪辑-转化引导-家庭清洁-20260709-无-625-aigc-4,李虹玉-XNY0271,2026-07-16 14:57:39
13873194156,CH-SC-低活-10140917922437-超级抢购-家庭清洁-无-剪辑-转化引导-家庭清洁-20260709-无-625-aigc-5,李虹玉-XNY0271,2026-07-16 14:57:42
13873195263,CH-SC-低活-10140917922437-超级抢购-家庭清洁-无-剪辑-转化引导-家庭清洁-20260709-无-625-aigc-6,李虹玉-XNY0271,2026-07-16 14:57:45
13873197666,CH-SC-低活-10140917922437-超级抢购-家庭清洁-无-剪辑-转化引导-家庭清洁-20260709-无-625-aigc-7,李虹玉-XNY0271,2026-07-16 14:57:53
13873198936,CH-SC-低活-10140917922437-超级抢购-家庭清洁-无-剪辑-转化引导-家庭清洁-20260709-无-625-aigc-9,李虹玉-XNY0271,2026-07-16 14:57:57
13873199145,CH-SC-低活-10140917922437-超级抢购-家庭清洁-无-剪辑-转化引导-家庭清洁-20260709-无-625-aigc-8,李虹玉-XNY0271,2026-07-16 14:57:58
13873201819,CH-SC-低活-10140917922437-超级抢购-家庭清洁-无-剪辑-转化引导-家庭清洁-20260709-无-625-aigc-10,李虹玉-XNY0271,2026-07-16 14:58:05
13873203025,CH-SC-低活-10140917922437-超级抢购-家庭清洁-无-剪辑-转化引导-家庭清洁-20260709-无-625-aigc-11,李虹玉-XNY0271,2026-07-16 14:58:09
13873203758,CH-SC-低活-10140917922437-超级抢购-家庭清洁-无-剪辑-转化引导-家庭清洁-20260709-无-625-aigc-12,李虹玉-XNY0271,2026-07-16 14:58:12
13873206296,CH-SC-低活-10113209119177-超级抢购-电动车-无-剪辑-转化引导-电动车-20260709-无-625-10,李虹玉-XNY0271,2026-07-16 14:58:19
13873207385,CH-SC-低活-10113209119177-超级抢购-电动车-无-剪辑-转化引导-电动车-20260709-无-625-11,李虹玉-XNY0271,2026-07-16 14:58:22
13873207645,CH-SC-低活-10113209119177-超级抢购-电动车-无-剪辑-转化引导-电动车-20260709-无-625-1,李虹玉-XNY0271,2026-07-16 14:58:23
13873209822,CH-SC-低活-10113209119177-超级抢购-电动车-无-剪辑-转化引导-电动车-20260709-无-625-2,李虹玉-XNY0271,2026-07-16 14:58:30
13873210819,CH-SC-低活-10113209119177-超级抢购-电动车-无-剪辑-转化引导-电动车-20260709-无-625-3,李虹玉-XNY0271,2026-07-16 14:58:32
13873211899,CH-SC-低活-10113209119177-超级抢购-电动车-无-剪辑-转化引导-电动车-20260709-无-625-4,李虹玉-XNY0271,2026-07-16 14:58:36
13873213111,CH-SC-低活-10113209119177-超级抢购-电动车-无-剪辑-转化引导-电动车-20260709-无-625-5,李虹玉-XNY0271,2026-07-16 14:58:40
13873213514,CH-SC-低活-10113209119177-超级抢购-电动车-无-剪辑-转化引导-电动车-20260709-无-625-6,李虹玉-XNY0271,2026-07-16 14:58:42
13873214385,CH-SC-低活-10113209119177-超级抢购-电动车-无-剪辑-转化引导-电动车-20260709-无-625-7,李虹玉-XNY0271,2026-07-16 14:58:45
13873215737,CH-SC-低活-10113209119177-超级抢购-电动车-无-剪辑-转化引导-电动车-20260709-无-625-8,李虹玉-XNY0271,2026-07-16 14:58:49
13873215751,CH-SC-低活-10113209119177-超级抢购-电动车-无-剪辑-转化引导-电动车-20260709-无-625-9,李虹玉-XNY0271,2026-07-16 14:58:49
13873216915,CH-SC-低活-10162692688878-超级抢购-家用电器-无-剪辑-转化引导-家用电器-20260710-无-625-aigc-7,李虹玉-XNY0271,2026-07-16 14:58:53
13873218224,CH-SC-低活-10162692688878-超级抢购-家用电器-无-剪辑-转化引导-家用电器-20260710-无-625-aigc-8,李虹玉-XNY0271,2026-07-16 14:58:57
13873218717,CH-SC-低活-10162692688878-超级抢购-家用电器-无-剪辑-转化引导-家用电器-20260710-无-625-aigc-9,李虹玉-XNY0271,2026-07-16 14:58:59
13873219500,CH-SC-低活-10162692688878-超级抢购-家用电器-无-剪辑-转化引导-家用电器-20260710-无-625-aigc-10,李虹玉-XNY0271,2026-07-16 14:59:02
13873220547,CH-SC-低活-10162692688878-超级抢购-家用电器-无-剪辑-转化引导-家用电器-20260710-无-625-aigc-1,李虹玉-XNY0271,2026-07-16 14:59:05
13873220607,CH-SC-低活-10162692688878-超级抢购-家用电器-无-剪辑-转化引导-家用电器-20260710-无-625-aigc-2,李虹玉-XNY0271,2026-07-16 14:59:05
13873222336,CH-SC-低活-10162692688878-超级抢购-家用电器-无-剪辑-转化引导-家用电器-20260710-无-625-aigc-3,李虹玉-XNY0271,2026-07-16 14:59:11
13873223563,CH-SC-低活-10162692688878-超级抢购-家用电器-无-剪辑-转化引导-家用电器-20260710-无-625-aigc-4,李虹玉-XNY0271,2026-07-16 14:59:14
13873223905,CH-SC-低活-10162692688878-超级抢购-家用电器-无-剪辑-转化引导-家用电器-20260710-无-625-aigc-5,李虹玉-XNY0271,2026-07-16 14:59:15
13873225444,CH-SC-低活-10162692688878-超级抢购-家用电器-无-剪辑-转化引导-家用电器-20260710-无-625-aigc-6,李虹玉-XNY0271,2026-07-16 14:59:20
13873226100,CH-SC-低活-10184888743389-超级抢购-纸品-无-剪辑-转化引导-纸品-20260710-无-625-aigc-5,李虹玉-XNY0271,2026-07-16 14:59:22
13873226529,CH-SC-低活-10184888743389-超级抢购-纸品-无-剪辑-转化引导-纸品-20260710-无-625-aigc-6,李虹玉-XNY0271,2026-07-16 14:59:23
13873228266,CH-SC-低活-10184888743389-超级抢购-纸品-无-剪辑-转化引导-纸品-20260710-无-625-aigc-7,李虹玉-XNY0271,2026-07-16 14:59:28
13873229273,CH-SC-低活-10184888743389-超级抢购-纸品-无-剪辑-转化引导-纸品-20260710-无-625-aigc-8,李虹玉-XNY0271,2026-07-16 14:59:31
13873229296,CH-SC-低活-10184888743389-超级抢购-纸品-无-剪辑-转化引导-纸品-20260710-无-625-aigc-9,李虹玉-XNY0271,2026-07-16 14:59:31
13873231166,CH-SC-低活-10184888743389-超级抢购-纸品-无-剪辑-转化引导-纸品-20260710-无-625-aigc-10,李虹玉-XNY0271,2026-07-16 14:59:37
13873232512,CH-SC-低活-10184888743389-超级抢购-纸品-无-剪辑-转化引导-纸品-20260710-无-625-aigc-11,李虹玉-XNY0271,2026-07-16 14:59:41
13873233007,CH-SC-低活-10184888743389-超级抢购-纸品-无-剪辑-转化引导-纸品-20260710-无-625-aigc-12,李虹玉-XNY0271,2026-07-16 14:59:43
13873234235,CH-SC-低活-10184888743389-超级抢购-纸品-无-剪辑-转化引导-纸品-20260710-无-625-aigc-1,李虹玉-XNY0271,2026-07-16 14:59:46
13873235146,CH-SC-低活-10184888743389-超级抢购-纸品-无-剪辑-转化引导-纸品-20260710-无-625-aigc-2,李虹玉-XNY0271,2026-07-16 14:59:50
13873235824,CH-SC-低活-10184888743389-超级抢购-纸品-无-剪辑-转化引导-纸品-20260710-无-625-aigc-3,李虹玉-XNY0271,2026-07-16 14:59:52
13873236612,CH-SC-低活-10184888743389-超级抢购-纸品-无-剪辑-转化引导-纸品-20260710-无-625-aigc-4,李虹玉-XNY0271,2026-07-16 14:59:56
13873237233,CH-SC-低活-10118706992345-超级抢购-纸品-无-剪辑-转化引导-纸品-20260710-无-625-aigc-1,李虹玉-XNY0271,2026-07-16 14:59:58
13873238176,CH-SC-低活-10118706992345-超级抢购-纸品-无-剪辑-转化引导-纸品-20260710-无-625-aigc-2,李虹玉-XNY0271,2026-07-16 15:00:02
13873238696,CH-SC-低活-10118706992345-超级抢购-纸品-无-剪辑-转化引导-纸品-20260710-无-625-aigc-3,李虹玉-XNY0271,2026-07-16 15:00:04
13873239465,CH-SC-低活-10118706992345-超级抢购-纸品-无-剪辑-转化引导-纸品-20260710-无-625-aigc-4,李虹玉-XNY0271,2026-07-16 15:00:08
13873240631,CH-SC-低活-10118706992345-超级抢购-纸品-无-剪辑-转化引导-纸品-20260710-无-625-aigc-5,李虹玉-XNY0271,2026-07-16 15:00:11
13873241560,CH-SC-低活-10118706992345-超级抢购-纸品-无-剪辑-转化引导-纸品-20260710-无-625-aigc-6,李虹玉-XNY0271,2026-07-16 15:00:14
13873242126,CH-SC-低活-10118706992345-超级抢购-纸品-无-剪辑-转化引导-纸品-20260710-无-625-aigc-7,李虹玉-XNY0271,2026-07-16 15:00:16
13873242822,CH-SC-低活-10118706992345-超级抢购-纸品-无-剪辑-转化引导-纸品-20260710-无-625-aigc-10,李虹玉-XNY0271,2026-07-16 15:00:19
13873243579,CH-SC-低活-10118706992345-超级抢购-纸品-无-剪辑-转化引导-纸品-20260710-无-625-aigc-11,李虹玉-XNY0271,2026-07-16 15:00:22
13873243859,CH-SC-低活-10118706992345-超级抢购-纸品-无-剪辑-转化引导-纸品-20260710-无-625-aigc-12,李虹玉-XNY0271,2026-07-16 15:00:24
13873244696,CH-SC-低活-10217740550325-超级抢购-箱包皮具-无-剪辑-转化引导-箱包皮具-20260713-无-625-aigc-7,李虹玉-XNY0271,2026-07-16 15:00:27
13873245744,CH-SC-低活-10217740550325-超级抢购-箱包皮具-无-剪辑-转化引导-箱包皮具-20260713-无-625-aigc-8,李虹玉-XNY0271,2026-07-16 15:00:32
13873246008,CH-SC-低活-10217740550325-超级抢购-箱包皮具-无-剪辑-转化引导-箱包皮具-20260713-无-625-aigc-9,李虹玉-XNY0271,2026-07-16 15:00:33
13873247091,CH-SC-低活-10217740550325-超级抢购-箱包皮具-无-剪辑-转化引导-箱包皮具-20260713-无-625-aigc-10,李虹玉-XNY0271,2026-07-16 15:00:38
13873247401,CH-SC-低活-10217740550325-超级抢购-箱包皮具-无-剪辑-转化引导-箱包皮具-20260713-无-625-aigc-1,李虹玉-XNY0271,2026-07-16 15:00:39
13873248011,CH-SC-低活-10217740550325-超级抢购-箱包皮具-无-剪辑-转化引导-箱包皮具-20260713-无-625-aigc-2,李虹玉-XNY0271,2026-07-16 15:00:42
13873248988,CH-SC-低活-10217740550325-超级抢购-箱包皮具-无-剪辑-转化引导-箱包皮具-20260713-无-625-aigc-3,李虹玉-XNY0271,2026-07-16 15:00:46
13873249245,CH-SC-低活-10217740550325-超级抢购-箱包皮具-无-剪辑-转化引导-箱包皮具-20260713-无-625-aigc-4,李虹玉-XNY0271,2026-07-16 15:00:47
13873250654,CH-SC-低活-10217740550325-超级抢购-箱包皮具-无-剪辑-转化引导-箱包皮具-20260713-无-625-aigc-5,李虹玉-XNY0271,2026-07-16 15:00:53
13873250986,CH-SC-低活-10217740550325-超级抢购-箱包皮具-无-剪辑-转化引导-箱包皮具-20260713-无-625-aigc-6,李虹玉-XNY0271,2026-07-16 15:00:54
13873251318,CH-SC-低活-10081585918372-超级抢购-纸品-无-剪辑-转化引导-纸品-20260702-无-625-aigc-26,李虹玉-XNY0271,2026-07-16 15:00:56
13873254200,CH-SC-低活-10081585918372-超级抢购-纸品-无-剪辑-转化引导-纸品-20260702-无-625-aigc-28,李虹玉-XNY0271,2026-07-16 15:01:06
13873254531,CH-SC-低活-10081585918372-超级抢购-纸品-无-剪辑-转化引导-纸品-20260702-无-625-aigc-29,李虹玉-XNY0271,2026-07-16 15:01:08
13873255943,CH-SC-低活-10081585918372-超级抢购-纸品-无-剪辑-转化引导-纸品-20260702-无-625-aigc-27,李虹玉-XNY0271,2026-07-16 15:01:13
13873257564,CH-SC-低活-10081585918372-超级抢购-纸品-无-剪辑-转化引导-纸品-20260702-无-625-aigc-31,李虹玉-XNY0271,2026-07-16 15:01:18
13873257894,CH-SC-低活-10081585918372-超级抢购-纸品-无-剪辑-转化引导-纸品-20260702-无-625-aigc-30,李虹玉-XNY0271,2026-07-16 15:01:19
13873259555,CH-SC-低活-10081585918372-超级抢购-纸品-无-剪辑-转化引导-纸品-20260702-无-625-aigc-32,李虹玉-XNY0271,2026-07-16 15:01:25
13873260691,CH-SC-低活-10081585918372-超级抢购-纸品-无-剪辑-转化引导-纸品-20260702-无-625-aigc-1,李虹玉-XNY0271,2026-07-16 15:01:29
13873261096,CH-SC-低活-10081585918372-超级抢购-纸品-无-剪辑-转化引导-纸品-20260702-无-625-aigc-2,李虹玉-XNY0271,2026-07-16 15:01:30
13873263238,CH-SC-低活-10081585918372-超级抢购-纸品-无-剪辑-转化引导-纸品-20260702-无-625-aigc-3,李虹玉-XNY0271,2026-07-16 15:01:36
13873264538,CH-SC-低活-10081585918372-超级抢购-纸品-无-剪辑-转化引导-纸品-20260702-无-625-aigc-5,李虹玉-XNY0271,2026-07-16 15:01:41
13873265327,CH-SC-低活-10081585918372-超级抢购-纸品-无-剪辑-转化引导-纸品-20260702-无-625-aigc-4,李虹玉-XNY0271,2026-07-16 15:01:45
13873266928,CH-SC-低活-10081585918372-超级抢购-纸品-无-剪辑-转化引导-纸品-20260702-无-625-aigc-6,李虹玉-XNY0271,2026-07-16 15:01:49
13873268211,CH-SC-低活-10081585918372-超级抢购-纸品-无-剪辑-转化引导-纸品-20260702-无-625-aigc-7,李虹玉-XNY0271,2026-07-16 15:01:53
13873269148,CH-SC-低活-10081585918372-超级抢购-纸品-无-剪辑-转化引导-纸品-20260702-无-625-aigc-8,李虹玉-XNY0271,2026-07-16 15:01:57
13873270500,CH-SC-低活-10081585918372-超级抢购-纸品-无-剪辑-转化引导-纸品-20260702-无-625-aigc-9,李虹玉-XNY0271,2026-07-16 15:02:00
13873271713,CH-SC-低活-10081585918372-超级抢购-纸品-无-剪辑-转化引导-纸品-20260702-无-625-aigc-10,李虹玉-XNY0271,2026-07-16 15:02:04
13873272312,CH-SC-低活-10081585918372-超级抢购-纸品-无-剪辑-转化引导-纸品-20260702-无-625-aigc-11,李虹玉-XNY0271,2026-07-16 15:02:07
13873273466,CH-SC-低活-10081585918372-超级抢购-纸品-无-剪辑-转化引导-纸品-20260702-无-625-aigc-12,李虹玉-XNY0271,2026-07-16 15:02:11
13873274874,CH-SC-低活-10081585918372-超级抢购-纸品-无-剪辑-转化引导-纸品-20260702-无-625-aigc-13,李虹玉-XNY0271,2026-07-16 15:02:16
13873275138,CH-SC-低活-10081585918372-超级抢购-纸品-无-剪辑-转化引导-纸品-20260702-无-625-aigc-14,李虹玉-XNY0271,2026-07-16 15:02:17
13873275900,CH-SC-低活-10081585918372-超级抢购-纸品-无-剪辑-转化引导-纸品-20260702-无-625-aigc-15,李虹玉-XNY0271,2026-07-16 15:02:20
13873277927,CH-SC-低活-10081585918372-超级抢购-纸品-无-剪辑-转化引导-纸品-20260702-无-625-aigc-17,李虹玉-XNY0271,2026-07-16 15:02:26
13873278009,CH-SC-低活-10081585918372-超级抢购-纸品-无-剪辑-转化引导-纸品-20260702-无-625-aigc-16,李虹玉-XNY0271,2026-07-16 15:02:26
13873279405,CH-SC-低活-10081585918372-超级抢购-纸品-无-剪辑-转化引导-纸品-20260702-无-625-aigc-18,李虹玉-XNY0271,2026-07-16 15:02:31
13873280184,CH-SC-低活-10081585918372-超级抢购-纸品-无-剪辑-转化引导-纸品-20260702-无-625-aigc-20,李虹玉-XNY0271,2026-07-16 15:02:35
13873280201,CH-SC-低活-10081585918372-超级抢购-纸品-无-剪辑-转化引导-纸品-20260702-无-625-aigc-19,李虹玉-XNY0271,2026-07-16 15:02:35
13873281975,CH-SC-低活-10081585918372-超级抢购-纸品-无-剪辑-转化引导-纸品-20260702-无-625-aigc-21,李虹玉-XNY0271,2026-07-16 15:02:40
13873282737,CH-SC-低活-10081585918372-超级抢购-纸品-无-剪辑-转化引导-纸品-20260702-无-625-aigc-23,李虹玉-XNY0271,2026-07-16 15:02:43
13873283614,CH-SC-低活-10081585918372-超级抢购-纸品-无-剪辑-转化引导-纸品-20260702-无-625-aigc-22,李虹玉-XNY0271,2026-07-16 15:02:47
13873284948,CH-SC-低活-10081585918372-超级抢购-纸品-无-剪辑-转化引导-纸品-20260702-无-625-aigc-25,李虹玉-XNY0271,2026-07-16 15:02:51
13873285611,CH-SC-低活-10081585918372-超级抢购-纸品-无-剪辑-转化引导-纸品-20260702-无-625-aigc-24,李虹玉-XNY0271,2026-07-16 15:02:54
13881429620,CH-SC-广义新-10161397805649 -新综合频道-服饰内衣-京喜拉新-剪辑-转化引导-服饰内衣-20260715-无-625-aigc-4,李虹玉-XNY0271,2026-07-17 10:28:21
13881431699,CH-SC-广义新-10161397805649 -新综合频道-服饰内衣-京喜拉新-剪辑-转化引导-服饰内衣-20260715-无-625-aigc-5,李虹玉-XNY0271,2026-07-17 10:28:29
13881432422,CH-SC-广义新-10161397805649 -新综合频道-服饰内衣-京喜拉新-剪辑-转化引导-服饰内衣-20260715-无-625-aigc-7,李虹玉-XNY0271,2026-07-17 10:28:31
13881435263,CH-SC-广义新-10161397805649 -新综合频道-服饰内衣-京喜拉新-剪辑-转化引导-服饰内衣-20260715-无-625-aigc-9,李虹玉-XNY0271,2026-07-17 10:28:38
13881435511,CH-SC-广义新-10161397805649 -新综合频道-服饰内衣-京喜拉新-剪辑-转化引导-服饰内衣-20260715-无-625-aigc-6,李虹玉-XNY0271,2026-07-17 10:28:39
13881436072,CH-SC-广义新-10161397805649 -新综合频道-服饰内衣-京喜拉新-剪辑-转化引导-服饰内衣-20260715-无-625-aigc-8,李虹玉-XNY0271,2026-07-17 10:28:41
13881437263,CH-SC-广义新-10161397805649 -新综合频道-服饰内衣-京喜拉新-剪辑-转化引导-服饰内衣-20260715-无-625-aigc-10,李虹玉-XNY0271,2026-07-17 10:28:45
13881440032,CH-SC-广义新-10161397805649 -新综合频道-服饰内衣-京喜拉新-剪辑-转化引导-服饰内衣-20260715-无-625-aigc-1,李虹玉-XNY0271,2026-07-17 10:28:51
13881443017,CH-SC-广义新-10161397805649 -新综合频道-服饰内衣-京喜拉新-剪辑-转化引导-服饰内衣-20260715-无-625-aigc-2,李虹玉-XNY0271,2026-07-17 10:29:00
13881443815,CH-SC-广义新-10161397805649 -新综合频道-服饰内衣-京喜拉新-剪辑-转化引导-服饰内衣-20260715-无-625-aigc-11,李虹玉-XNY0271,2026-07-17 10:29:02
13881444207,CH-SC-广义新-10161397805649 -新综合频道-服饰内衣-京喜拉新-剪辑-转化引导-服饰内衣-20260715-无-625-aigc-3,李虹玉-XNY0271,2026-07-17 10:29:03
13881445979,CH-SC-广义新-10211422220304-新综合频道-家用电器-京喜拉新-剪辑-转化引导-家用电器-20260714-无-625-8,李虹玉-XNY0271,2026-07-17 10:29:08
13881450454,CH-SC-广义新-10211422220304-新综合频道-家用电器-京喜拉新-剪辑-转化引导-家用电器-20260714-无-625-11,李虹玉-XNY0271,2026-07-17 10:29:20
13881451055,CH-SC-广义新-10211422220304-新综合频道-家用电器-京喜拉新-剪辑-转化引导-家用电器-20260714-无-625-10,李虹玉-XNY0271,2026-07-17 10:29:22
13881451237,CH-SC-广义新-10211422220304-新综合频道-家用电器-京喜拉新-剪辑-转化引导-家用电器-20260714-无-625-9,李虹玉-XNY0271,2026-07-17 10:29:22
13881453297,CH-SC-广义新-10211422220304-新综合频道-家用电器-京喜拉新-剪辑-转化引导-家用电器-20260714-无-625-1,李虹玉-XNY0271,2026-07-17 10:29:28
13881456229,CH-SC-广义新-10211422220304-新综合频道-家用电器-京喜拉新-剪辑-转化引导-家用电器-20260714-无-625-3,李虹玉-XNY0271,2026-07-17 10:29:37
13881456398,CH-SC-广义新-10211422220304-新综合频道-家用电器-京喜拉新-剪辑-转化引导-家用电器-20260714-无-625-2,李虹玉-XNY0271,2026-07-17 10:29:37
13881456466,CH-SC-广义新-10211422220304-新综合频道-家用电器-京喜拉新-剪辑-转化引导-家用电器-20260714-无-625-12,李虹玉-XNY0271,2026-07-17 10:29:37
13881459054,CH-SC-广义新-10211422220304-新综合频道-家用电器-京喜拉新-剪辑-转化引导-家用电器-20260714-无-625-4,李虹玉-XNY0271,2026-07-17 10:29:44
13881460764,CH-SC-广义新-10211422220304-新综合频道-家用电器-京喜拉新-剪辑-转化引导-家用电器-20260714-无-625-5,李虹玉-XNY0271,2026-07-17 10:29:49
13881461961,CH-SC-广义新-10211422220304-新综合频道-家用电器-京喜拉新-剪辑-转化引导-家用电器-20260714-无-625-7,李虹玉-XNY0271,2026-07-17 10:29:53
13881462505,CH-SC-广义新-10211422220304-新综合频道-家用电器-京喜拉新-剪辑-转化引导-家用电器-20260714-无-625-6,李虹玉-XNY0271,2026-07-17 10:29:54
13881544188,CH-SC-广义新-10102020339908 -新综合频道-数码-京喜拉新-剪辑-转化引导-数码-20260715-无-625-6,李虹玉-XNY0271,2026-07-17 10:34:05
13881544579,CH-SC-广义新-10102020339908 -新综合频道-数码-京喜拉新-剪辑-转化引导-数码-20260715-无-625-7,李虹玉-XNY0271,2026-07-17 10:34:06
13881544705,CH-SC-广义新-10102020339908 -新综合频道-数码-京喜拉新-剪辑-转化引导-数码-20260715-无-625-8,李虹玉-XNY0271,2026-07-17 10:34:07
13881545653,CH-SC-广义新-10102020339908 -新综合频道-数码-京喜拉新-剪辑-转化引导-数码-20260715-无-625-1,李虹玉-XNY0271,2026-07-17 10:34:10
13881545800,CH-SC-广义新-10102020339908 -新综合频道-数码-京喜拉新-剪辑-转化引导-数码-20260715-无-625-9,李虹玉-XNY0271,2026-07-17 10:34:11
13881546157,CH-SC-广义新-10102020339908 -新综合频道-数码-京喜拉新-剪辑-转化引导-数码-20260715-无-625-10,李虹玉-XNY0271,2026-07-17 10:34:12
13881546754,CH-SC-广义新-10102020339908 -新综合频道-数码-京喜拉新-剪辑-转化引导-数码-20260715-无-625-2,李虹玉-XNY0271,2026-07-17 10:34:13
13881547160,CH-SC-广义新-10102020339908 -新综合频道-数码-京喜拉新-剪辑-转化引导-数码-20260715-无-625-3,李虹玉-XNY0271,2026-07-17 10:34:15
13881547607,CH-SC-广义新-10102020339908 -新综合频道-数码-京喜拉新-剪辑-转化引导-数码-20260715-无-625-4,李虹玉-XNY0271,2026-07-17 10:34:16
13881548030,CH-SC-广义新-10102020339908 -新综合频道-数码-京喜拉新-剪辑-转化引导-数码-20260715-无-625-5,李虹玉-XNY0271,2026-07-17 10:34:18
13881548536,CH-SC-广义新-10177393646076-新综合频道-灯饰照明-京喜拉新-剪辑-转化引导-灯饰照明-20260715-无-625-2,李虹玉-XNY0271,2026-07-17 10:34:19
13881548987,CH-SC-广义新-10177393646076-新综合频道-灯饰照明-京喜拉新-剪辑-转化引导-灯饰照明-20260715-无-625-3,李虹玉-XNY0271,2026-07-17 10:34:21
13881549129,CH-SC-广义新-10177393646076-新综合频道-灯饰照明-京喜拉新-剪辑-转化引导-灯饰照明-20260715-无-625-4,李虹玉-XNY0271,2026-07-17 10:34:21
13881549688,CH-SC-广义新-10177393646076-新综合频道-灯饰照明-京喜拉新-剪辑-转化引导-灯饰照明-20260715-无-625-5,李虹玉-XNY0271,2026-07-17 10:34:23
13881550120,CH-SC-广义新-10177393646076-新综合频道-灯饰照明-京喜拉新-剪辑-转化引导-灯饰照明-20260715-无-625-6,李虹玉-XNY0271,2026-07-17 10:34:25
13881550181,CH-SC-广义新-10177393646076-新综合频道-灯饰照明-京喜拉新-剪辑-转化引导-灯饰照明-20260715-无-625-7,李虹玉-XNY0271,2026-07-17 10:34:25
13881550916,CH-SC-广义新-10177393646076-新综合频道-灯饰照明-京喜拉新-剪辑-转化引导-灯饰照明-20260715-无-625-8,李虹玉-XNY0271,2026-07-17 10:34:28
13881551454,CH-SC-广义新-10177393646076-新综合频道-灯饰照明-京喜拉新-剪辑-转化引导-灯饰照明-20260715-无-625-9,李虹玉-XNY0271,2026-07-17 10:34:29
13881551606,CH-SC-广义新-10177393646076-新综合频道-灯饰照明-京喜拉新-剪辑-转化引导-灯饰照明-20260715-无-625-10,李虹玉-XNY0271,2026-07-17 10:34:30
13881552277,CH-SC-广义新-10177393646076-新综合频道-灯饰照明-京喜拉新-剪辑-转化引导-灯饰照明-20260715-无-625-11,李虹玉-XNY0271,2026-07-17 10:34:32
13881552622,CH-SC-广义新-10177393646076-新综合频道-灯饰照明-京喜拉新-剪辑-转化引导-灯饰照明-20260715-无-625-1,李虹玉-XNY0271,2026-07-17 10:34:33
13882923716,CH-SC-低活-100202275595-超级抢购-文教文化用品-无-剪辑-转化引导-文教文化用品-20260714-无-625-aigc-6,李虹玉-XNY0271,2026-07-17 11:45:48
13882924508,CH-SC-低活-100202275595-超级抢购-文教文化用品-无-剪辑-转化引导-文教文化用品-20260714-无-625-aigc-7,李虹玉-XNY0271,2026-07-17 11:45:51
13882926245,CH-SC-低活-100202275595-超级抢购-文教文化用品-无-剪辑-转化引导-文教文化用品-20260714-无-625-aigc-9,李虹玉-XNY0271,2026-07-17 11:45:56
13882926840,CH-SC-低活-100202275595-超级抢购-文教文化用品-无-剪辑-转化引导-文教文化用品-20260714-无-625-aigc-8,李虹玉-XNY0271,2026-07-17 11:45:58
13882926907,CH-SC-低活-100202275595-超级抢购-文教文化用品-无-剪辑-转化引导-文教文化用品-20260714-无-625-aigc-10,李虹玉-XNY0271,2026-07-17 11:45:58
13882928051,CH-SC-低活-100202275595-超级抢购-文教文化用品-无-剪辑-转化引导-文教文化用品-20260714-无-625-aigc-1,李虹玉-XNY0271,2026-07-17 11:46:02
13882931002,CH-SC-低活-100202275595-超级抢购-文教文化用品-无-剪辑-转化引导-文教文化用品-20260714-无-625-aigc-4,李虹玉-XNY0271,2026-07-17 11:46:10
13882931035,CH-SC-低活-100202275595-超级抢购-文教文化用品-无-剪辑-转化引导-文教文化用品-20260714-无-625-aigc-3,李虹玉-XNY0271,2026-07-17 11:46:10
13882931108,CH-SC-低活-100202275595-超级抢购-文教文化用品-无-剪辑-转化引导-文教文化用品-20260714-无-625-aigc-2,李虹玉-XNY0271,2026-07-17 11:46:11
13882932970,CH-SC-低活-100202275595-超级抢购-文教文化用品-无-剪辑-转化引导-文教文化用品-20260714-无-625-aigc-5,李虹玉-XNY0271,2026-07-17 11:46:17
13882934162,CH-SC-低活-10162692688878-超级抢购-家用电器-无-剪辑-转化引导-家用电器-20260714-无-625-aigc-5,李虹玉-XNY0271,2026-07-17 11:46:21
13882935256,CH-SC-低活-10162692688878-超级抢购-家用电器-无-剪辑-转化引导-家用电器-20260714-无-625-aigc-6,李虹玉-XNY0271,2026-07-17 11:46:24
13882935732,CH-SC-低活-10162692688878-超级抢购-家用电器-无-剪辑-转化引导-家用电器-20260714-无-625-aigc-4,李虹玉-XNY0271,2026-07-17 11:46:26
13882938317,CH-SC-低活-10162692688878-超级抢购-家用电器-无-剪辑-转化引导-家用电器-20260714-无-625-aigc-7,李虹玉-XNY0271,2026-07-17 11:46:33
13882939747,CH-SC-低活-10162692688878-超级抢购-家用电器-无-剪辑-转化引导-家用电器-20260714-无-625-aigc-8,李虹玉-XNY0271,2026-07-17 11:46:36
13882942309,CH-SC-低活-10162692688878-超级抢购-家用电器-无-剪辑-转化引导-家用电器-20260714-无-625-aigc-10,李虹玉-XNY0271,2026-07-17 11:46:43
13882942423,CH-SC-低活-10162692688878-超级抢购-家用电器-无-剪辑-转化引导-家用电器-20260714-无-625-aigc-9,李虹玉-XNY0271,2026-07-17 11:46:43
13882944289,CH-SC-低活-10162692688878-超级抢购-家用电器-无-剪辑-转化引导-家用电器-20260714-无-625-aigc-11,李虹玉-XNY0271,2026-07-17 11:46:48
13882945535,CH-SC-低活-10162692688878-超级抢购-家用电器-无-剪辑-转化引导-家用电器-20260714-无-625-aigc-13,李虹玉-XNY0271,2026-07-17 11:46:52
13882947268,CH-SC-低活-10162692688878-超级抢购-家用电器-无-剪辑-转化引导-家用电器-20260714-无-625-aigc-14,李虹玉-XNY0271,2026-07-17 11:46:56
13882948560,CH-SC-低活-10162692688878-超级抢购-家用电器-无-剪辑-转化引导-家用电器-20260714-无-625-aigc-12,李虹玉-XNY0271,2026-07-17 11:47:00
13882950037,CH-SC-低活-10162692688878-超级抢购-家用电器-无-剪辑-转化引导-家用电器-20260714-无-625-aigc-15,李虹玉-XNY0271,2026-07-17 11:47:04
13882951085,CH-SC-低活-10162692688878-超级抢购-家用电器-无-剪辑-转化引导-家用电器-20260714-无-625-aigc-16,李虹玉-XNY0271,2026-07-17 11:47:08
13882952480,CH-SC-低活-10162692688878-超级抢购-家用电器-无-剪辑-转化引导-家用电器-20260714-无-625-aigc-17,李虹玉-XNY0271,2026-07-17 11:47:12
13882953513,CH-SC-低活-10162692688878-超级抢购-家用电器-无-剪辑-转化引导-家用电器-20260714-无-625-aigc-1,李虹玉-XNY0271,2026-07-17 11:47:15
13882954758,CH-SC-低活-10162692688878-超级抢购-家用电器-无-剪辑-转化引导-家用电器-20260714-无-625-aigc-2,李虹玉-XNY0271,2026-07-17 11:47:19
13882957054,CH-SC-低活-10093106199290-超级抢购-纸品-无-剪辑-转化引导-纸品-20260714-无-625-4,李虹玉-XNY0271,2026-07-17 11:47:26
13882957472,CH-SC-低活-10162692688878-超级抢购-家用电器-无-剪辑-转化引导-家用电器-20260714-无-625-aigc-3,李虹玉-XNY0271,2026-07-17 11:47:28
13882958582,CH-SC-低活-10093106199290-超级抢购-纸品-无-剪辑-转化引导-纸品-20260714-无-625-5,李虹玉-XNY0271,2026-07-17 11:47:31
13882960579,CH-SC-低活-10093106199290-超级抢购-纸品-无-剪辑-转化引导-纸品-20260714-无-625-8,李虹玉-XNY0271,2026-07-17 11:47:37
13882961692,CH-SC-低活-10093106199290-超级抢购-纸品-无-剪辑-转化引导-纸品-20260714-无-625-6,李虹玉-XNY0271,2026-07-17 11:47:40
13882961814,CH-SC-低活-10093106199290-超级抢购-纸品-无-剪辑-转化引导-纸品-20260714-无-625-7,李虹玉-XNY0271,2026-07-17 11:47:41
13882963057,CH-SC-低活-10093106199290-超级抢购-纸品-无-剪辑-转化引导-纸品-20260714-无-625-9,李虹玉-XNY0271,2026-07-17 11:47:44
13882964545,CH-SC-低活-10093106199290-超级抢购-纸品-无-剪辑-转化引导-纸品-20260714-无-625-11,李虹玉-XNY0271,2026-07-17 11:47:48
13882965387,CH-SC-低活-10093106199290-超级抢购-纸品-无-剪辑-转化引导-纸品-20260714-无-625-1,李虹玉-XNY0271,2026-07-17 11:47:51
13882965845,CH-SC-低活-10093106199290-超级抢购-纸品-无-剪辑-转化引导-纸品-20260714-无-625-10,李虹玉-XNY0271,2026-07-17 11:47:52
13882966739,CH-SC-低活-10093106199290-超级抢购-纸品-无-剪辑-转化引导-纸品-20260714-无-625-2,李虹玉-XNY0271,2026-07-17 11:47:55
13882967477,CH-SC-低活-10093106199290-超级抢购-纸品-无-剪辑-转化引导-纸品-20260714-无-625-3,李虹玉-XNY0271,2026-07-17 11:47:57
13904991175,CH-SC-广义新-10136363822650-新综合频道-家庭清洁-京喜拉新-剪辑-转化引导-家庭清洁-20260602-反向-625-2,李虹玉-XNY0271,2026-07-20 10:13:10
13904991258,CH-SC-广义新-10136363822650-新综合频道-家庭清洁-京喜拉新-剪辑-转化引导-家庭清洁-20260717-反向-625-3,李虹玉-XNY0271,2026-07-20 10:13:10
13904991502,CH-SC-广义新-10136363822650-新综合频道-家庭清洁-京喜拉新-剪辑-转化引导-家庭清洁-20260717-反向-625-4,李虹玉-XNY0271,2026-07-20 10:13:11
13904991981,CH-SC-广义新-10136363822650-新综合频道-家庭清洁-京喜拉新-剪辑-转化引导-家庭清洁-202600602-反向-625-5,李虹玉-XNY0271,2026-07-20 10:13:13
13904992036,CH-SC-广义新-10136363822650-新综合频道-家庭清洁-京喜拉新-剪辑-转化引导-家庭清洁-20260717-反向-625-6,李虹玉-XNY0271,2026-07-20 10:13:13
13904992394,CH-SC-广义新-10136363822650-新综合频道-家庭清洁-京喜拉新-剪辑-转化引导-家庭清洁-20260717-反向-625-1,李虹玉-XNY0271,2026-07-20 10:13:14
13913142849,信息流-小牛-音响-京东主体-代运营-新人福利价-0720-10112824783788-625-设计自选-aigc-32,李虹玉-XNY0271,2026-07-20 18:30:21
13913142938,信息流-小牛-音响-京东主体-代运营-新人福利价-0720-10112824783788-625-设计自选-aigc-31,李虹玉-XNY0271,2026-07-20 18:30:22
13913143250,信息流-小牛-音响-京东主体-代运营-新人福利价-0720-10112824783788-625-设计自选-aigc-30,李虹玉-XNY0271,2026-07-20 18:30:23
13913143865,信息流-小牛-音响-京东主体-代运营-新人福利价-0720-10112824783788-625-设计自选-aigc-29,李虹玉-XNY0271,2026-07-20 18:30:25
13913144300,信息流-小牛-音响-京东主体-代运营-新人福利价-0720-10112824783788-625-设计自选-aigc-28,李虹玉-XNY0271,2026-07-20 18:30:27
13913145997,信息流-小牛-音响-京东主体-代运营-新人福利价-0720-10112824783788-625-设计自选-aigc-27,李虹玉-XNY0271,2026-07-20 18:30:32
13913146531,信息流-小牛-音响-京东主体-代运营-新人福利价-0720-10112824783788-625-设计自选-aigc-26,李虹玉-XNY0271,2026-07-20 18:30:34
13913148030,信息流-小牛-音响-京东主体-代运营-新人福利价-0720-10112824783788-625-设计自选-aigc-24,李虹玉-XNY0271,2026-07-20 18:30:39
13913148175,信息流-小牛-音响-京东主体-代运营-新人福利价-0720-10112824783788-625-设计自选-aigc-25,李虹玉-XNY0271,2026-07-20 18:30:39
13913148899,信息流-小牛-音响-京东主体-代运营-新人福利价-0720-10112824783788-625-设计自选-aigc-23,李虹玉-XNY0271,2026-07-20 18:30:41
13913149474,信息流-小牛-刮水器-京东主体-代运营-新人1分钱-0720-10101434066164-历史爆品-625-1,李虹玉-XNY0271,2026-07-20 18:30:43
13913150041,信息流-小牛-刮水器-京东主体-代运营-新人1分钱-0720-10101434066164-历史爆品-625-3,李虹玉-XNY0271,2026-07-20 18:30:46
13913150249,信息流-小牛-刮水器-京东主体-代运营-新人1分钱-0720-10101434066164-历史爆品-625-2,李虹玉-XNY0271,2026-07-20 18:30:46
13913150855,信息流-小牛-刮水器-京东主体-代运营-新人1分钱-0720-10101434066164-历史爆品-625-4,李虹玉-XNY0271,2026-07-20 18:30:48
13913151355,信息流-小牛-刮水器-京东主体-代运营-新人1分钱-0720-10101434066164-历史爆品-625-5,李虹玉-XNY0271,2026-07-20 18:30:50
13913151605,信息流-小牛-刮水器-京东主体-代运营-新人1分钱-0720-10101434066164-历史爆品-625-6,李虹玉-XNY0271,2026-07-20 18:30:50
13913152252,信息流-小牛-刮水器-京东主体-代运营-新人1分钱-0720-10101434066164-历史爆品-625-7,李虹玉-XNY0271,2026-07-20 18:30:53
13913152765,信息流-小牛-刮水器-京东主体-代运营-新人1分钱-0720-10101434066164-历史爆品-625-8,李虹玉-XNY0271,2026-07-20 18:30:54
13913153338,信息流-小牛-刮水器-京东主体-代运营-新人1分钱-0720-10101434066164-历史爆品-625-9,李虹玉-XNY0271,2026-07-20 18:30:56
13913153770,信息流-小牛-刮水器-京东主体-代运营-新人1分钱-0720-10101434066164-历史爆品-625-10,李虹玉-XNY0271,2026-07-20 18:30:58
13913153892,信息流-小牛-刮水器-京东主体-代运营-新人1分钱-0720-10101434066164-历史爆品-625-11,李虹玉-XNY0271,2026-07-20 18:30:58
13913154721,信息流-小牛-刮水器-京东主体-代运营-新人1分钱-0720-10101434066164-历史爆品-625-12,李虹玉-XNY0271,2026-07-20 18:31:01
13913155182,信息流-小牛-刮水器-京东主体-代运营-新人1分钱-0720-10101434066164-历史爆品-625-14,李虹玉-XNY0271,2026-07-20 18:31:02
13913155252,信息流-小牛-刮水器-京东主体-代运营-新人1分钱-0720-10101434066164-历史爆品-625-13,李虹玉-XNY0271,2026-07-20 18:31:02
13913156026,信息流-小牛-刮水器-京东主体-代运营-新人1分钱-0720-10101434066164-历史爆品-625-15,李虹玉-XNY0271,2026-07-20 18:31:05
13913156478,信息流-小牛-刮水器-京东主体-代运营-新人1分钱-0720-10101434066164-历史爆品-625-17,李虹玉-XNY0271,2026-07-20 18:31:07
13913157203,信息流-小牛-刮水器-京东主体-代运营-新人1分钱-0720-10101434066164-历史爆品-625-18,李虹玉-XNY0271,2026-07-20 18:31:09
13913157750,信息流-小牛-刮水器-京东主体-代运营-新人1分钱-0720-10101434066164-历史爆品-625-19,李虹玉-XNY0271,2026-07-20 18:31:11
13913157759,信息流-小牛-刮水器-京东主体-代运营-新人1分钱-0720-10101434066164-历史爆品-625-16,李虹玉-XNY0271,2026-07-20 18:31:11
13913158604,信息流-小牛-刮水器-京东主体-代运营-新人1分钱-0720-10101434066164-历史爆品-625-20,李虹玉-XNY0271,2026-07-20 18:31:14
13913273165,信息流-小牛-电煮锅-京东主体-代运营-新人福利价-0720-10115067968253-625-设计自选-aigc-2,李虹玉-XNY0271,2026-07-20 18:39:14
13913275998,信息流-小牛-电煮锅-京东主体-代运营-新人福利价-0720-10115067968253-625-设计自选-aigc-3,李虹玉-XNY0271,2026-07-20 18:39:27
13913276373,信息流-小牛-电煮锅-京东主体-代运营-新人福利价-0720-10115067968253-625-设计自选-aigc-4,李虹玉-XNY0271,2026-07-20 18:39:28
13913276495,信息流-小牛-电煮锅-京东主体-代运营-新人福利价-0720-10115067968253-625-设计自选-aigc-5,李虹玉-XNY0271,2026-07-20 18:39:29
13913277379,信息流-小牛-电煮锅-京东主体-代运营-新人福利价-0720-10115067968253-625-设计自选-aigc-6,李虹玉-XNY0271,2026-07-20 18:39:33
13913280603,信息流-小牛-电煮锅-京东主体-代运营-新人福利价-0720-10115067968253-625-设计自选-aigc-8,李虹玉-XNY0271,2026-07-20 18:39:45
13913280667,信息流-小牛-电煮锅-京东主体-代运营-新人福利价-0720-10115067968253-625-设计自选-aigc-9,李虹玉-XNY0271,2026-07-20 18:39:46
13913283145,信息流-小牛-电煮锅-京东主体-代运营-新人福利价-0720-10115067968253-625-设计自选-aigc-7,李虹玉-XNY0271,2026-07-20 18:39:53
13913285324,信息流-小牛-电煮锅-京东主体-代运营-新人福利价-0720-10115067968253-625-设计自选-aigc-10,李虹玉-XNY0271,2026-07-20 18:39:58
13913288392,信息流-小牛-电煮锅-京东主体-代运营-新人福利价-0720-10115067968253-625-设计自选-aigc-13,李虹玉-XNY0271,2026-07-20 18:40:06
13913288815,信息流-小牛-电煮锅-京东主体-代运营-新人福利价-0720-10115067968253-625-设计自选-aigc-11,李虹玉-XNY0271,2026-07-20 18:40:07
13913289037,信息流-小牛-电煮锅-京东主体-代运营-新人福利价-0720-10115067968253-625-设计自选-aigc-12,李虹玉-XNY0271,2026-07-20 18:40:07
13913293262,信息流-小牛-电煮锅-京东主体-代运营-新人福利价-0720-10115067968253-625-设计自选-aigc-16,李虹玉-XNY0271,2026-07-20 18:40:19
13913293613,信息流-小牛-电煮锅-京东主体-代运营-新人福利价-0720-10115067968253-625-设计自选-aigc-14,李虹玉-XNY0271,2026-07-20 18:40:20
13913293994,信息流-小牛-电煮锅-京东主体-代运营-新人福利价-0720-10115067968253-625-设计自选-aigc-15,李虹玉-XNY0271,2026-07-20 18:40:22
13913294798,信息流-小牛-电煮锅-京东主体-代运营-新人福利价-0720-10115067968253-625-设计自选-aigc-19,李虹玉-XNY0271,2026-07-20 18:40:26
13913296017,信息流-小牛-电煮锅-京东主体-代运营-新人福利价-0720-10115067968253-625-设计自选-aigc-18,李虹玉-XNY0271,2026-07-20 18:40:33
13913296089,信息流-小牛-电煮锅-京东主体-代运营-新人福利价-0720-10115067968253-625-设计自选-aigc-17,李虹玉-XNY0271,2026-07-20 18:40:34
13913296356,信息流-小牛-电煮锅-京东主体-代运营-新人福利价-0720-10115067968253-625-设计自选-aigc-20,李虹玉-XNY0271,2026-07-20 18:40:35
13913296498,信息流-小牛-电煮锅-京东主体-代运营-新人福利价-0720-10115067968253-625-设计自选-aigc-21,李虹玉-XNY0271,2026-07-20 18:40:36
13913296979,信息流-小牛-电煮锅-京东主体-代运营-新人福利价-0720-10115067968253-625-设计自选-aigc-22,李虹玉-XNY0271,2026-07-20 18:40:39
13913297092,信息流-小牛-电煮锅-京东主体-代运营-新人福利价-0720-10115067968253-625-设计自选-aigc-24,李虹玉-XNY0271,2026-07-20 18:40:40
13913297224,信息流-小牛-电煮锅-京东主体-代运营-新人福利价-0720-10115067968253-625-设计自选-aigc-23,李虹玉-XNY0271,2026-07-20 18:40:41
13913297739,信息流-小牛-电煮锅-京东主体-代运营-新人福利价-0720-10115067968253-625-设计自选-aigc-26,李虹玉-XNY0271,2026-07-20 18:40:44
13913298055,信息流-小牛-电煮锅-京东主体-代运营-新人福利价-0720-10115067968253-625-设计自选-aigc-25,李虹玉-XNY0271,2026-07-20 18:40:46
13913299159,信息流-小牛-电煮锅-京东主体-代运营-新人福利价-0720-10115067968253-625-设计自选-aigc-1,李虹玉-XNY0271,2026-07-20 18:40:52
13913299855,信息流-小牛-音响-京东主体-代运营-新人福利价-0720-10112824783788-625-设计自选-aigc-22,李虹玉-XNY0271,2026-07-20 18:40:56
13913300032,信息流-小牛-电煮锅-京东主体-代运营-新人福利价-0720-10115067968253-625-设计自选-aigc-27,李虹玉-XNY0271,2026-07-20 18:40:57
13913300709,信息流-小牛-音响-京东主体-代运营-新人福利价-0720-10112824783788-625-设计自选-aigc-21,李虹玉-XNY0271,2026-07-20 18:41:01
13913302660,信息流-小牛-音响-京东主体-代运营-新人福利价-0720-10112824783788-625-设计自选-aigc-20,李虹玉-XNY0271,2026-07-20 18:41:10
13913302961,信息流-小牛-音响-京东主体-代运营-新人福利价-0720-10112824783788-625-设计自选-aigc-19,李虹玉-XNY0271,2026-07-20 18:41:11
13913305180,信息流-小牛-音响-京东主体-代运营-新人福利价-0720-10112824783788-625-设计自选-aigc-18,李虹玉-XNY0271,2026-07-20 18:41:22
13913305264,信息流-小牛-音响-京东主体-代运营-新人福利价-0720-10112824783788-625-设计自选-aigc-17,李虹玉-XNY0271,2026-07-20 18:41:23
13913305727,信息流-小牛-音响-京东主体-代运营-新人福利价-0720-10112824783788-625-设计自选-aigc-16,李虹玉-XNY0271,2026-07-20 18:41:25
13913307766,信息流-小牛-音响-京东主体-代运营-新人福利价-0720-10112824783788-625-设计自选-aigc-15,李虹玉-XNY0271,2026-07-20 18:41:35
13913309285,信息流-小牛-音响-京东主体-代运营-新人福利价-0720-10112824783788-625-设计自选-aigc-14,李虹玉-XNY0271,2026-07-20 18:41:45
13913309584,信息流-小牛-音响-京东主体-代运营-新人福利价-0720-10112824783788-625-设计自选-aigc-13,李虹玉-XNY0271,2026-07-20 18:41:46
13913309984,信息流-小牛-音响-京东主体-代运营-新人福利价-0720-10112824783788-625-设计自选-aigc-12,李虹玉-XNY0271,2026-07-20 18:41:49
13913311995,信息流-小牛-音响-京东主体-代运营-新人福利价-0720-10112824783788-625-设计自选-aigc-11,李虹玉-XNY0271,2026-07-20 18:42:00
13913312200,信息流-小牛-音响-京东主体-代运营-新人福利价-0720-10112824783788-625-设计自选-aigc-10,李虹玉-XNY0271,2026-07-20 18:42:02
13913312487,信息流-小牛-音响-京东主体-代运营-新人福利价-0720-10112824783788-625-设计自选-aigc-9,李虹玉-XNY0271,2026-07-20 18:42:03
13913313883,信息流-小牛-音响-京东主体-代运营-新人福利价-0720-10112824783788-625-设计自选-aigc-8,李虹玉-XNY0271,2026-07-20 18:42:12
13913315018,信息流-小牛-音响-京东主体-代运营-新人福利价-0720-10112824783788-625-设计自选-aigc-7,李虹玉-XNY0271,2026-07-20 18:42:18
13913315423,信息流-小牛-音响-京东主体-代运营-新人福利价-0720-10112824783788-625-设计自选-aigc-6,李虹玉-XNY0271,2026-07-20 18:42:21
13913316148,信息流-小牛-音响-京东主体-代运营-新人福利价-0720-10112824783788-625-设计自选-aigc-5,李虹玉-XNY0271,2026-07-20 18:42:25
13913316323,信息流-小牛-音响-京东主体-代运营-新人福利价-0720-10112824783788-625-设计自选-aigc-3,李虹玉-XNY0271,2026-07-20 18:42:26
13913316353,信息流-小牛-音响-京东主体-代运营-新人福利价-0720-10112824783788-625-设计自选-aigc-4,李虹玉-XNY0271,2026-07-20 18:42:26
13913318098,信息流-小牛-音响-京东主体-代运营-新人福利价-0720-10112824783788-625-设计自选-aigc-2,李虹玉-XNY0271,2026-07-20 18:42:35
13913318446,信息流-小牛-音响-京东主体-代运营-新人福利价-0720-10112824783788-625-设计自选-aigc,李虹玉-XNY0271,2026-07-20 18:42:38
13913318525,信息流-小牛-音响-京东主体-代运营-新人福利价-0720-10112824783788-625-设计自选-aigc-1,李虹玉-XNY0271,2026-07-20 18:42:38
13916064833,信息流-小牛-打火机-京东主体-代运营-新人福利价-0720-10162692688878-625-设计自选-aigc-3,李虹玉-XNY0271,2026-07-21 09:31:37
13916065316,信息流-小牛-打火机-京东主体-代运营-新人福利价-0720-10162692688878-625-设计自选-aigc-4,李虹玉-XNY0271,2026-07-21 09:31:40
13916065395,信息流-小牛-打火机-京东主体-代运营-新人福利价-0720-10162692688878-625-设计自选-aigc-2,李虹玉-XNY0271,2026-07-21 09:31:40
13916065791,信息流-小牛-打火机-京东主体-代运营-新人福利价-0720-10162692688878-625-设计自选-aigc-5,李虹玉-XNY0271,2026-07-21 09:31:42
13916066665,信息流-小牛-打火机-京东主体-代运营-新人福利价-0720-10162692688878-625-设计自选-aigc-8,李虹玉-XNY0271,2026-07-21 09:31:48
13916066739,信息流-小牛-打火机-京东主体-代运营-新人福利价-0720-10162692688878-625-设计自选-aigc-7,李虹玉-XNY0271,2026-07-21 09:31:48
13916066977,信息流-小牛-打火机-京东主体-代运营-新人福利价-0720-10162692688878-625-设计自选-aigc-6,李虹玉-XNY0271,2026-07-21 09:31:50
13916067728,信息流-小牛-打火机-京东主体-代运营-新人福利价-0720-10162692688878-625-设计自选-aigc-1,李虹玉-XNY0271,2026-07-21 09:31:54
13916068205,信息流-小牛-打火机-京东主体-代运营-新人福利价-0720-10162692688878-625-设计自选-aigc-10,李虹玉-XNY0271,2026-07-21 09:31:57
13916068619,信息流-小牛-打火机-京东主体-代运营-新人福利价-0720-10162692688878-625-设计自选-aigc-9,李虹玉-XNY0271,2026-07-21 09:31:59
13916089309,CH-SC-广义新-10184972523548-新综合频道-厨具-京喜拉新-剪辑-转化引导-厨具-20260716-反向-625-aigc-1,李虹玉-XNY0271,2026-07-21 09:33:58
13916089663,CH-SC-广义新-10184972523548-新综合频道-厨具-京喜拉新-剪辑-转化引导-厨具-20260716-反向-625-aigc-10,李虹玉-XNY0271,2026-07-21 09:34:00
13916089784,CH-SC-广义新-10184972523548-新综合频道-厨具-京喜拉新-剪辑-转化引导-厨具-20260716-反向-625-aigc-11,李虹玉-XNY0271,2026-07-21 09:34:01
13916091171,CH-SC-广义新-10184972523548-新综合频道-厨具-京喜拉新-剪辑-转化引导-厨具-20260716-反向-625-aigc-2,李虹玉-XNY0271,2026-07-21 09:34:13
13916091946,CH-SC-广义新-10184972523548-新综合频道-厨具-京喜拉新-剪辑-转化引导-厨具-20260716-反向-625-aigc-5,李虹玉-XNY0271,2026-07-21 09:34:19
13916092543,CH-SC-广义新-10147832788047-新综合频道-工业品-京喜拉新-剪辑-转化引导-工业品-20260716-反向-625-2,李虹玉-XNY0271,2026-07-21 09:34:23
13916092599,CH-SC-广义新-10184972523548-新综合频道-厨具-京喜拉新-剪辑-转化引导-厨具-20260716-反向-625-aigc-4,李虹玉-XNY0271,2026-07-21 09:34:24
13916092866,CH-SC-广义新-10184972523548-新综合频道-厨具-京喜拉新-剪辑-转化引导-厨具-20260716-反向-625-aigc-3,李虹玉-XNY0271,2026-07-21 09:34:26
13916094018,CH-SC-广义新-10147832788047-新综合频道-工业品-京喜拉新-剪辑-转化引导-工业品-20260716-反向-625-3,李虹玉-XNY0271,2026-07-21 09:34:32
13916094215,CH-SC-广义新-10147832788047-新综合频道-工业品-京喜拉新-剪辑-转化引导-工业品-20260716-反向-625-4,李虹玉-XNY0271,2026-07-21 09:34:33
13916094305,CH-SC-广义新-10147832788047-新综合频道-工业品-京喜拉新-剪辑-转化引导-工业品-20260716-反向-625-5,李虹玉-XNY0271,2026-07-21 09:34:33
13916095684,CH-SC-广义新-10147832788047-新综合频道-工业品-京喜拉新-剪辑-转化引导-工业品-20260716-反向-625-6,李虹玉-XNY0271,2026-07-21 09:34:41
13916095756,CH-SC-广义新-10147832788047-新综合频道-工业品-京喜拉新-剪辑-转化引导-工业品-20260716-反向-625-8,李虹玉-XNY0271,2026-07-21 09:34:41
13916096211,CH-SC-广义新-10147832788047-新综合频道-工业品-京喜拉新-剪辑-转化引导-工业品-20260716-反向-625-7,李虹玉-XNY0271,2026-07-21 09:34:44
13916097288,CH-SC-广义新-10147832788047-新综合频道-工业品-京喜拉新-剪辑-转化引导-工业品-20260716-反向-625-10,李虹玉-XNY0271,2026-07-21 09:34:50
13916097680,CH-SC-广义新-10147832788047-新综合频道-工业品-京喜拉新-剪辑-转化引导-工业品-20260716-反向-625-9,李虹玉-XNY0271,2026-07-21 09:34:51
13916098016,CH-SC-广义新-10147832788047-新综合频道-工业品-京喜拉新-剪辑-转化引导-工业品-20260716-反向-625-1,李虹玉-XNY0271,2026-07-21 09:34:53
13916099751,CH-SC-广义新-10184972523548-新综合频道-厨具-京喜拉新-剪辑-转化引导-厨具-20260716-反向-625-aigc-7,李虹玉-XNY0271,2026-07-21 09:35:02
13916100740,CH-SC-广义新-10184972523548-新综合频道-厨具-京喜拉新-剪辑-转化引导-厨具-20260716-反向-625-aigc-6,李虹玉-XNY0271,2026-07-21 09:35:06
13916102483,CH-SC-广义新-10184972523548-新综合频道-厨具-京喜拉新-剪辑-转化引导-厨具-20260716-反向-625-aigc-8,李虹玉-XNY0271,2026-07-21 09:35:14
13916103586,CH-SC-广义新-10155000015319-新综合频道-厨具-京喜拉新-剪辑-转化引导-厨具-20260716-无-625-aigc-1,李虹玉-XNY0271,2026-07-21 09:35:17
13916105958,CH-SC-广义新-10184972523548-新综合频道-厨具-京喜拉新-剪辑-转化引导-厨具-20260716-反向-625-aigc-9,李虹玉-XNY0271,2026-07-21 09:35:28
13916106597,CH-SC-广义新-10155000015319-新综合频道-厨具-京喜拉新-剪辑-转化引导-厨具-20260716-无-625-aigc-11,李虹玉-XNY0271,2026-07-21 09:35:31
13916108983,CH-SC-广义新-10155000015319-新综合频道-厨具-京喜拉新-剪辑-转化引导-厨具-20260716-无-625-aigc-10,李虹玉-XNY0271,2026-07-21 09:35:43
13916109369,CH-SC-广义新-10155000015319-新综合频道-厨具-京喜拉新-剪辑-转化引导-厨具-20260716-无-625-aigc-3,李虹玉-XNY0271,2026-07-21 09:35:46
13916109786,CH-SC-广义新-10155000015319-新综合频道-厨具-京喜拉新-剪辑-转化引导-厨具-20260716-无-625-aigc-2,李虹玉-XNY0271,2026-07-21 09:35:49
13916111070,CH-SC-广义新-10155000015319-新综合频道-厨具-京喜拉新-剪辑-转化引导-厨具-20260716-无-625-aigc-4,李虹玉-XNY0271,2026-07-21 09:35:56
13916115157,CH-SC-广义新-10155000015319-新综合频道-厨具-京喜拉新-剪辑-转化引导-厨具-20260716-无-625-aigc-7,李虹玉-XNY0271,2026-07-21 09:36:13
13916115670,CH-SC-广义新-10155000015319-新综合频道-厨具-京喜拉新-剪辑-转化引导-厨具-20260716-无-625-aigc-5,李虹玉-XNY0271,2026-07-21 09:36:15
13916116419,CH-SC-广义新-10155000015319-新综合频道-厨具-京喜拉新-剪辑-转化引导-厨具-20260716-无-625-aigc-6,李虹玉-XNY0271,2026-07-21 09:36:18
13916117535,CH-SC-广义新-10155000015319-新综合频道-厨具-京喜拉新-剪辑-转化引导-厨具-20260716-无-625-aigc-8,李虹玉-XNY0271,2026-07-21 09:36:26
13916117935,CH-SC-广义新-10155000015319-新综合频道-厨具-京喜拉新-剪辑-转化引导-厨具-20260716-无-625-aigc-9,李虹玉-XNY0271,2026-07-21 09:36:29
13916288347,CH-SC-低活-10130886489325-超级抢购-厨具-无-剪辑-转化引导-厨具-20260715-无-625-4,李虹玉-XNY0271,2026-07-21 09:47:54
13916288492,CH-SC-低活-10130886489325-超级抢购-厨具-无-剪辑-转化引导-厨具-20260715-无-625-6,李虹玉-XNY0271,2026-07-21 09:47:55
13916289426,CH-SC-低活-10130886489325-超级抢购-厨具-无-剪辑-转化引导-厨具-20260715-无-625-5,李虹玉-XNY0271,2026-07-21 09:47:57
13916290716,CH-SC-低活-10130886489325-超级抢购-厨具-无-剪辑-转化引导-厨具-20260715-无-625-8,李虹玉-XNY0271,2026-07-21 09:48:01
13916290722,CH-SC-低活-10130886489325-超级抢购-厨具-无-剪辑-转化引导-厨具-20260715-无-625-7,李虹玉-XNY0271,2026-07-21 09:48:01
13916291673,CH-SC-低活-10130886489325-超级抢购-厨具-无-剪辑-转化引导-厨具-20260715-无-625-9,李虹玉-XNY0271,2026-07-21 09:48:03
13916292308,CH-SC-低活-10130886489325-超级抢购-厨具-无-剪辑-转化引导-厨具-20260715-无-625-11,李虹玉-XNY0271,2026-07-21 09:48:05
13916292781,CH-SC-低活-10130886489325-超级抢购-厨具-无-剪辑-转化引导-厨具-20260715-无-625-10,李虹玉-XNY0271,2026-07-21 09:48:07
13916293260,CH-SC-低活-10130886489325-超级抢购-厨具-无-剪辑-转化引导-厨具-20260715-无-625-12,李虹玉-XNY0271,2026-07-21 09:48:08
13916294207,CH-SC-低活-10130886489325-超级抢购-厨具-无-剪辑-转化引导-厨具-20260715-无-625-13,李虹玉-XNY0271,2026-07-21 09:48:11
13916295071,CH-SC-低活-10130886489325-超级抢购-厨具-无-剪辑-转化引导-厨具-20260715-无-625-14,李虹玉-XNY0271,2026-07-21 09:48:13
13916295481,CH-SC-低活-10130886489325-超级抢购-厨具-无-剪辑-转化引导-厨具-20260715-无-625-15,李虹玉-XNY0271,2026-07-21 09:48:15
13916296223,CH-SC-低活-10130886489325-超级抢购-厨具-无-剪辑-转化引导-厨具-20260715-无-625-16,李虹玉-XNY0271,2026-07-21 09:48:17
13916296963,CH-SC-低活-10130886489325-超级抢购-厨具-无-剪辑-转化引导-厨具-20260715-无-625-17,李虹玉-XNY0271,2026-07-21 09:48:19
13916297147,CH-SC-低活-10130886489325-超级抢购-厨具-无-剪辑-转化引导-厨具-20260715-无-625-18,李虹玉-XNY0271,2026-07-21 09:48:19
13916297836,CH-SC-低活-10130886489325-超级抢购-厨具-无-剪辑-转化引导-厨具-20260715-无-625-19,李虹玉-XNY0271,2026-07-21 09:48:22
13916298236,CH-SC-低活-10130886489325-超级抢购-厨具-无-剪辑-转化引导-厨具-20260715-无-625-20,李虹玉-XNY0271,2026-07-21 09:48:23
13916298312,CH-SC-低活-10140917922437-超级抢购-家庭清洁-无-剪辑-转化引导-家庭清洁-20260715-无-625-aigc-2,李虹玉-XNY0271,2026-07-21 09:48:23
13916299082,CH-SC-低活-10140917922437-超级抢购-家庭清洁-无-剪辑-转化引导-家庭清洁-20260715-无-625-aigc-3,李虹玉-XNY0271,2026-07-21 09:48:26
13916299436,CH-SC-低活-10140917922437-超级抢购-家庭清洁-无-剪辑-转化引导-家庭清洁-20260715-无-625-aigc-4,李虹玉-XNY0271,2026-07-21 09:48:27
13916299517,CH-SC-低活-10140917922437-超级抢购-家庭清洁-无-剪辑-转化引导-家庭清洁-20260715-无-625-aigc-5,李虹玉-XNY0271,2026-07-21 09:48:28
13916300247,CH-SC-低活-10140917922437-超级抢购-家庭清洁-无-剪辑-转化引导-家庭清洁-20260715-无-625-aigc-6,李虹玉-XNY0271,2026-07-21 09:48:31
13916300749,CH-SC-低活-10140917922437-超级抢购-家庭清洁-无-剪辑-转化引导-家庭清洁-20260715-无-625-aigc-7,李虹玉-XNY0271,2026-07-21 09:48:32
13916301057,CH-SC-低活-10140917922437-超级抢购-家庭清洁-无-剪辑-转化引导-家庭清洁-20260715-无-625-aigc-8,李虹玉-XNY0271,2026-07-21 09:48:33
13916301575,CH-SC-低活-10140917922437-超级抢购-家庭清洁-无-剪辑-转化引导-家庭清洁-20260715-无-625-aigc-9,李虹玉-XNY0271,2026-07-21 09:48:35
13916302041,CH-SC-低活-10140917922437-超级抢购-家庭清洁-无-剪辑-转化引导-家庭清洁-20260715-无-625-aigc-10,李虹玉-XNY0271,2026-07-21 09:48:36
13916302351,CH-SC-低活-10140917922437-超级抢购-家庭清洁-无-剪辑-转化引导-家庭清洁-20260715-无-625-aigc-11,李虹玉-XNY0271,2026-07-21 09:48:37
13916302821,CH-SC-低活-10140917922437-超级抢购-家庭清洁-无-剪辑-转化引导-家庭清洁-20260715-无-625-aigc-12,李虹玉-XNY0271,2026-07-21 09:48:39
13916303191,CH-SC-低活-10140917922437-超级抢购-家庭清洁-无-剪辑-转化引导-家庭清洁-20260715-无-625-aigc-13,李虹玉-XNY0271,2026-07-21 09:48:40
13916303411,CH-SC-低活-10140917922437-超级抢购-家庭清洁-无-剪辑-转化引导-家庭清洁-20260715-无-625-aigc-14,李虹玉-XNY0271,2026-07-21 09:48:41
13916303997,CH-SC-低活-10140917922437-超级抢购-家庭清洁-无-剪辑-转化引导-家庭清洁-20260715-无-625-aigc-15,李虹玉-XNY0271,2026-07-21 09:48:43
13916304234,CH-SC-低活-10140917922437-超级抢购-家庭清洁-无-剪辑-转化引导-家庭清洁-20260715-无-625-aigc-16,李虹玉-XNY0271,2026-07-21 09:48:43
13916304807,CH-SC-低活-10140917922437-超级抢购-家庭清洁-无-剪辑-转化引导-家庭清洁-20260715-无-625-aigc-1,李虹玉-XNY0271,2026-07-21 09:48:45
13916306014,CH-SC-低活-10215767576641-超级抢购-生鲜-无-剪辑-转化引导-生鲜-20260715-无-625-aigc-3,李虹玉-XNY0271,2026-07-21 09:48:49
13916306204,CH-SC-低活-10215767576641-超级抢购-生鲜-无-剪辑-转化引导-生鲜-20260715-无-625-aigc-5,李虹玉-XNY0271,2026-07-21 09:48:50
13916307253,CH-SC-低活-10215767576641-超级抢购-生鲜-无-剪辑-转化引导-生鲜-20260715-无-625-aigc-4,李虹玉-XNY0271,2026-07-21 09:48:53
13916307704,CH-SC-低活-10215767576641-超级抢购-生鲜-无-剪辑-转化引导-生鲜-20260715-无-625-aigc-7,李虹玉-XNY0271,2026-07-21 09:48:55
13916308362,CH-SC-低活-10215767576641-超级抢购-生鲜-无-剪辑-转化引导-生鲜-20260715-无-625-aigc-6,李虹玉-XNY0271,2026-07-21 09:48:57
13916308580,CH-SC-低活-10215767576641-超级抢购-生鲜-无-剪辑-转化引导-生鲜-20260715-无-625-aigc-8,李虹玉-XNY0271,2026-07-21 09:48:57
13916309216,CH-SC-低活-10215767576641-超级抢购-生鲜-无-剪辑-转化引导-生鲜-20260715-无-625-aigc-9,李虹玉-XNY0271,2026-07-21 09:49:00
13916309960,CH-SC-低活-10215767576641-超级抢购-生鲜-无-剪辑-转化引导-生鲜-20260715-无-625-aigc-11,李虹玉-XNY0271,2026-07-21 09:49:02
13916310502,CH-SC-低活-10215767576641-超级抢购-生鲜-无-剪辑-转化引导-生鲜-20260715-无-625-aigc-12,李虹玉-XNY0271,2026-07-21 09:49:04
13916310807,CH-SC-低活-10215767576641-超级抢购-生鲜-无-剪辑-转化引导-生鲜-20260715-无-625-aigc-10,李虹玉-XNY0271,2026-07-21 09:49:05
13916311123,CH-SC-低活-10215767576641-超级抢购-生鲜-无-剪辑-转化引导-生鲜-20260715-无-625-aigc-1,李虹玉-XNY0271,2026-07-21 09:49:07
13916311543,CH-SC-低活-10215767576641-超级抢购-生鲜-无-剪辑-转化引导-生鲜-20260715-无-625-aigc-2,李虹玉-XNY0271,2026-07-21 09:49:09
13916396099,CH-SC-低活-10120093290551-超级抢购-纸品-无-剪辑-转化引导-纸品-20260715-无-625-aigc-5,李虹玉-XNY0271,2026-07-21 09:54:20
13916396879,CH-SC-低活-10120093290551-超级抢购-纸品-无-剪辑-转化引导-纸品-20260715-无-625-aigc-3,李虹玉-XNY0271,2026-07-21 09:54:22
13916397446,CH-SC-低活-10120093290551-超级抢购-纸品-无-剪辑-转化引导-纸品-20260715-无-625-aigc-6,李虹玉-XNY0271,2026-07-21 09:54:24
13916397543,CH-SC-低活-10120093290551-超级抢购-纸品-无-剪辑-转化引导-纸品-20260715-无-625-aigc-4,李虹玉-XNY0271,2026-07-21 09:54:24
13916397939,CH-SC-低活-10120093290551-超级抢购-纸品-无-剪辑-转化引导-纸品-20260715-无-625-aigc-7,李虹玉-XNY0271,2026-07-21 09:54:26
13916398619,CH-SC-低活-10120093290551-超级抢购-纸品-无-剪辑-转化引导-纸品-20260715-无-625-aigc-8,李虹玉-XNY0271,2026-07-21 09:54:28
13916399146,CH-SC-低活-10120093290551-超级抢购-纸品-无-剪辑-转化引导-纸品-20260715-无-625-aigc-10,李虹玉-XNY0271,2026-07-21 09:54:29
13916399826,CH-SC-低活-10120093290551-超级抢购-纸品-无-剪辑-转化引导-纸品-20260715-无-625-aigc-11,李虹玉-XNY0271,2026-07-21 09:54:31
13916399952,CH-SC-低活-10120093290551-超级抢购-纸品-无-剪辑-转化引导-纸品-20260715-无-625-aigc-9,李虹玉-XNY0271,2026-07-21 09:54:32
13916401071,CH-SC-低活-10120093290551-超级抢购-纸品-无-剪辑-转化引导-纸品-20260715-无-625-aigc-1,李虹玉-XNY0271,2026-07-21 09:54:35
13916401971,CH-SC-低活-10120093290551-超级抢购-纸品-无-剪辑-转化引导-纸品-20260715-无-625-aigc-12,李虹玉-XNY0271,2026-07-21 09:54:39
13916402149,CH-SC-低活-10120093290551-超级抢购-纸品-无-剪辑-转化引导-纸品-20260715-无-625-aigc-2,李虹玉-XNY0271,2026-07-21 09:54:39
13916487167,CH-SC-广义新-10040988734451-新10元话费券-无-无-剪辑-转化引导-无-20260715-无-625-19,李虹玉-XNY0271,2026-07-21 10:00:38
13916487194,CH-SC-广义新-10040988734451-新10元话费券-无-无-剪辑-转化引导-无-20260715-无-625-17,李虹玉-XNY0271,2026-07-21 10:00:38
13916487325,CH-SC-广义新-10040988734451-新10元话费券-无-无-剪辑-转化引导-无-20260715-无-625-21,李虹玉-XNY0271,2026-07-21 10:00:38
13916488423,CH-SC-广义新-10040988734451-新10元话费券-无-无-剪辑-转化引导-无-20260715-无-625-18,李虹玉-XNY0271,2026-07-21 10:00:44
13916488487,CH-SC-广义新-10040988734451-新10元话费券-无-无-剪辑-转化引导-无-20260715-无-625-23,李虹玉-XNY0271,2026-07-21 10:00:44
13916489625,CH-SC-广义新-10040988734451-新10元话费券-无-无-剪辑-转化引导-无-20260715-无-625-4,李虹玉-XNY0271,2026-07-21 10:00:49
13916489653,CH-SC-广义新-10040988734451-新10元话费券-无-无-剪辑-转化引导-无-20260715-无-625-1,李虹玉-XNY0271,2026-07-21 10:00:50
13916489768,CH-SC-广义新-10040988734451-新10元话费券-无-无-剪辑-转化引导-无-20260715-无-625-11,李虹玉-XNY0271,2026-07-21 10:00:50
13916490717,CH-SC-广义新-10040988734451-新10元话费券-无-无-剪辑-转化引导-无-20260715-无-625-6,李虹玉-XNY0271,2026-07-21 10:00:54
13916491102,CH-SC-广义新-10040988734451-新10元话费券-无-无-剪辑-转化引导-无-20260715-无-625-8,李虹玉-XNY0271,2026-07-21 10:00:56
13916491411,CH-SC-广义新-10040988734451-新10元话费券-无-无-剪辑-转化引导-无-20260715-无-625-9,李虹玉-XNY0271,2026-07-21 10:00:57
13916491839,CH-SC-广义新-10040988734451-新10元话费券-无-无-剪辑-转化引导-无-20260715-无-625-5,李虹玉-XNY0271,2026-07-21 10:00:59
13916491947,CH-SC-广义新-10040988734451-新10元话费券-无-无-剪辑-转化引导-无-20260715-无-625-16,李虹玉-XNY0271,2026-07-21 10:01:00
13916492356,CH-SC-广义新-10040988734451-新10元话费券-无-无-剪辑-转化引导-无-20260715-无-625-20,李虹玉-XNY0271,2026-07-21 10:01:01
13916493537,CH-SC-广义新-10040988734451-新10元话费券-无-无-剪辑-转化引导-无-20260715-无-625-26,李虹玉-XNY0271,2026-07-21 10:01:06
13916493564,CH-SC-广义新-10040988734451-新10元话费券-无-无-剪辑-转化引导-无-20260715-无-625-24,李虹玉-XNY0271,2026-07-21 10:01:06
13916493960,CH-SC-广义新-10040988734451-新10元话费券-无-无-剪辑-转化引导-无-20260715-无-625-25,李虹玉-XNY0271,2026-07-21 10:01:09
13916494614,CH-SC-广义新-10040988734451-新10元话费券-无-无-剪辑-转化引导-无-20260715-无-625-13,李虹玉-XNY0271,2026-07-21 10:01:11
13916494785,CH-SC-广义新-10040988734451-新10元话费券-无-无-剪辑-转化引导-无-20260715-无-625-14,李虹玉-XNY0271,2026-07-21 10:01:11
13916495108,CH-SC-广义新-10040988734451-新10元话费券-无-无-剪辑-转化引导-无-20260715-无-625-7,李虹玉-XNY0271,2026-07-21 10:01:13
13916495528,CH-SC-广义新-10040988734451-新10元话费券-无-无-剪辑-转化引导-无-20260715-无-625-10,李虹玉-XNY0271,2026-07-21 10:01:16
13916495614,CH-SC-广义新-10040988734451-新10元话费券-无-无-剪辑-转化引导-无-20260715-无-625-12,李虹玉-XNY0271,2026-07-21 10:01:16
13916496273,CH-SC-广义新-10040988734451-新10元话费券-无-无-剪辑-转化引导-无-20260715-无-625-2,李虹玉-XNY0271,2026-07-21 10:01:19
13916496854,CH-SC-广义新-10040988734451-新10元话费券-无-无-剪辑-转化引导-无-20260715-无-625-15,李虹玉-XNY0271,2026-07-21 10:01:21
13916497314,CH-SC-广义新-10040988734451-新10元话费券-无-无-剪辑-转化引导-无-20260715-无-625-22,李虹玉-XNY0271,2026-07-21 10:01:23
13916497706,CH-SC-广义新-10040988734451-新10元话费券-无-无-剪辑-转化引导-无-20260715-无-625-3,李虹玉-XNY0271,2026-07-21 10:01:25
13918394035,信息流-小牛-车载支架-低活-代运营-福利价-0721-100091919404-深海货盘-625-aigc-2,李虹玉-XNY0271,2026-07-21 11:43:37
13918394595,信息流-小牛-车载支架-低活-代运营-福利价-0721-100091919404-深海货盘-625-aigc-4,李虹玉-XNY0271,2026-07-21 11:43:40
13918395181,信息流-小牛-车载支架-低活-代运营-福利价-0721-100091919404-深海货盘-625-aigc-3,李虹玉-XNY0271,2026-07-21 11:43:43
13918395311,信息流-小牛-车载支架-低活-代运营-福利价-0721-100091919404-深海货盘-625-aigc-5,李虹玉-XNY0271,2026-07-21 11:43:44
13918395635,信息流-小牛-车载支架-低活-代运营-福利价-0721-100091919404-深海货盘-625-aigc-6,李虹玉-XNY0271,2026-07-21 11:43:46
13918396672,信息流-小牛-车载支架-低活-代运营-福利价-0721-100091919404-深海货盘-625-aigc-8,李虹玉-XNY0271,2026-07-21 11:43:50
13918396784,信息流-小牛-车载支架-低活-代运营-福利价-0721-100091919404-深海货盘-625-aigc-7,李虹玉-XNY0271,2026-07-21 11:43:51
13918396892,信息流-小牛-车载支架-低活-代运营-福利价-0721-100091919404-深海货盘-625-aigc-9,李虹玉-XNY0271,2026-07-21 11:43:51
13918398888,信息流-小牛-车载支架-低活-代运营-福利价-0721-100091919404-深海货盘-625-aigc-12,李虹玉-XNY0271,2026-07-21 11:43:59
13918399435,信息流-小牛-车载支架-低活-代运营-福利价-0721-100091919404-深海货盘-625-aigc-11,李虹玉-XNY0271,2026-07-21 11:44:01
13918399564,信息流-小牛-车载支架-低活-代运营-福利价-0721-100091919404-深海货盘-625-aigc-10,李虹玉-XNY0271,2026-07-21 11:44:01
13918400483,信息流-小牛-车载支架-低活-代运营-福利价-0721-100091919404-深海货盘-625-aigc-13,李虹玉-XNY0271,2026-07-21 11:44:04
13918400977,信息流-小牛-车载支架-低活-代运营-福利价-0721-100091919404-深海货盘-625-aigc-15,李虹玉-XNY0271,2026-07-21 11:44:07
13918401522,信息流-小牛-车载支架-低活-代运营-福利价-0721-100091919404-深海货盘-625-aigc-14,李虹玉-XNY0271,2026-07-21 11:44:09
13918402111,信息流-小牛-车载支架-低活-代运营-福利价-0721-100091919404-深海货盘-625-aigc-17,李虹玉-XNY0271,2026-07-21 11:44:11
13918402464,信息流-小牛-车载支架-低活-代运营-福利价-0721-100091919404-深海货盘-625-aigc-16,李虹玉-XNY0271,2026-07-21 11:44:12
13918402684,信息流-小牛-车载支架-低活-代运营-福利价-0721-100091919404-深海货盘-625-aigc-18,李虹玉-XNY0271,2026-07-21 11:44:13
13918403823,信息流-小牛-车载支架-低活-代运营-福利价-0721-100091919404-深海货盘-625-aigc-19,李虹玉-XNY0271,2026-07-21 11:44:18
13918404737,信息流-小牛-车载支架-低活-代运营-福利价-0721-100091919404-深海货盘-625-aigc-1,李虹玉-XNY0271,2026-07-21 11:44:21
13918405079,信息流-小牛-车载支架-低活-代运营-福利价-0721-100091919404-深海货盘-625-aigc-20,李虹玉-XNY0271,2026-07-21 11:44:22
13922107264,信息流-小牛-百香果-京东主体-代运营-新人福利价-0721-10161286379662-深海货盘-625-aigc-13,李虹玉-XNY0271,2026-07-21 15:55:50
13922109843,信息流-小牛-百香果-京东主体-代运营-新人福利价-0721-10161286379662-深海货盘-625-aigc-14,李虹玉-XNY0271,2026-07-21 15:55:58
13922110019,信息流-小牛-百香果-京东主体-代运营-新人福利价-0721-10161286379662-深海货盘-625-aigc-15,李虹玉-XNY0271,2026-07-21 15:55:58
13922113242,信息流-小牛-百香果-京东主体-代运营-新人福利价-0721-10161286379662-深海货盘-625-aigc-16,李虹玉-XNY0271,2026-07-21 15:56:09
13922115435,信息流-小牛-百香果-京东主体-代运营-新人福利价-0721-10161286379662-深海货盘-625-aigc-17,李虹玉-XNY0271,2026-07-21 15:56:16
13922116361,信息流-小牛-密封罐-京东主体-代运营-新人1分钱起-0721-10135109970659-京东-625-1,李虹玉-XNY0271,2026-07-21 15:56:20
13922119368,信息流-小牛-密封罐-京东主体-代运营-新人1分钱起-0721-10135109970659-京东-625-3,李虹玉-XNY0271,2026-07-21 15:56:30
13922119517,信息流-小牛-密封罐-京东主体-代运营-新人1分钱起-0721-10135109970659-京东-625-2,李虹玉-XNY0271,2026-07-21 15:56:30
13922120422,信息流-小牛-百香果-京东主体-代运营-新人福利价-0721-10161286379662-深海货盘-625-aigc-18,李虹玉-XNY0271,2026-07-21 15:56:34
13922124963,信息流-小牛-密封罐-京东主体-代运营-新人1分钱起-0721-10135109970659-京东-625-4,李虹玉-XNY0271,2026-07-21 15:56:50
13922125389,信息流-小牛-密封罐-京东主体-代运营-新人1分钱起-0721-10135109970659-京东-625-6,李虹玉-XNY0271,2026-07-21 15:56:52
13922125769,信息流-小牛-密封罐-京东主体-代运营-新人1分钱起-0721-10135109970659-京东-625-5,李虹玉-XNY0271,2026-07-21 15:56:53
13922133264,信息流-小牛-密封罐-京东主体-代运营-新人1分钱起-0721-10135109970659-京东-625-7,李虹玉-XNY0271,2026-07-21 15:57:22
13922133906,信息流-小牛-密封罐-京东主体-代运营-新人1分钱起-0721-10135109970659-京东-625-8,李虹玉-XNY0271,2026-07-21 15:57:24
13922135735,信息流-小牛-密封罐-京东主体-代运营-新人1分钱起-0721-10135109970659-京东-625-9,李虹玉-XNY0271,2026-07-21 15:57:32
13922135840,信息流-小牛-百香果-京东主体-代运营-新人福利价-0721-10161286379662-深海货盘-625-aigc-19,李虹玉-XNY0271,2026-07-21 15:57:33
13922137344,信息流-小牛-密封罐-京东主体-代运营-新人1分钱起-0721-10135109970659-京东-625-10,李虹玉-XNY0271,2026-07-21 15:57:39
13922138944,信息流-小牛-百香果-京东主体-代运营-新人福利价-0721-10161286379662-深海货盘-625-aigc-1,李虹玉-XNY0271,2026-07-21 15:57:45
13922139285,信息流-小牛-百香果-京东主体-代运营-新人福利价-0721-10161286379662-深海货盘-625-aigc-20,李虹玉-XNY0271,2026-07-21 15:57:47
13922140035,信息流-小牛-百香果-京东主体-代运营-新人福利价-0721-10161286379662-深海货盘-625-aigc-2,李虹玉-XNY0271,2026-07-21 15:57:50
13922141585,信息流-小牛-百香果-京东主体-代运营-新人福利价-0721-10161286379662-深海货盘-625-aigc-4,李虹玉-XNY0271,2026-07-21 15:57:56
13922141809,信息流-小牛-百香果-京东主体-代运营-新人福利价-0721-10161286379662-深海货盘-625-aigc-3,李虹玉-XNY0271,2026-07-21 15:57:57
13922143282,信息流-小牛-百香果-京东主体-代运营-新人福利价-0721-10161286379662-深海货盘-625-aigc-5,李虹玉-XNY0271,2026-07-21 15:58:03
13922143747,信息流-小牛-百香果-京东主体-代运营-新人福利价-0721-10161286379662-深海货盘-625-aigc-7,李虹玉-XNY0271,2026-07-21 15:58:05
13922145215,信息流-小牛-百香果-京东主体-代运营-新人福利价-0721-10161286379662-深海货盘-625-aigc-6,李虹玉-XNY0271,2026-07-21 15:58:10
13922145678,信息流-小牛-百香果-京东主体-代运营-新人福利价-0721-10161286379662-深海货盘-625-aigc-9,李虹玉-XNY0271,2026-07-21 15:58:12
13922146083,信息流-小牛-百香果-京东主体-代运营-新人福利价-0721-10161286379662-深海货盘-625-aigc-8,李虹玉-XNY0271,2026-07-21 15:58:14
13922147817,信息流-小牛-百香果-京东主体-代运营-新人福利价-0721-10161286379662-深海货盘-625-aigc-10,李虹玉-XNY0271,2026-07-21 15:58:22
13922147929,信息流-小牛-百香果-京东主体-代运营-新人福利价-0721-10161286379662-深海货盘-625-aigc-11,李虹玉-XNY0271,2026-07-21 15:58:22
13922149903,信息流-小牛-抽纸-京东主体-代运营-新人福利价-0721-100281253200-设计自选-625-aigc-1,李虹玉-XNY0271,2026-07-21 15:58:30
13922149943,信息流-小牛-百香果-京东主体-代运营-新人福利价-0721-10161286379662-深海货盘-625-aigc-12,李虹玉-XNY0271,2026-07-21 15:58:30
13922150390,信息流-小牛-抽纸-京东主体-代运营-新人福利价-0721-100281253200-设计自选-625-aigc-2,李虹玉-XNY0271,2026-07-21 15:58:32
13922151320,信息流-小牛-抽纸-京东主体-代运营-新人福利价-0721-100281253200-设计自选-625-aigc-3,李虹玉-XNY0271,2026-07-21 15:58:36
13922152192,信息流-小牛-抽纸-京东主体-代运营-新人福利价-0721-100281253200-设计自选-625-aigc-5,李虹玉-XNY0271,2026-07-21 15:58:41
13922152332,信息流-小牛-抽纸-京东主体-代运营-新人福利价-0721-100281253200-设计自选-625-aigc-4,李虹玉-XNY0271,2026-07-21 15:58:42
13922152568,信息流-小牛-抽纸-京东主体-代运营-新人福利价-0721-100281253200-设计自选-625-aigc-6,李虹玉-XNY0271,2026-07-21 15:58:43
13922153461,信息流-小牛-抽纸-京东主体-代运营-新人福利价-0721-100281253200-设计自选-625-aigc-8,李虹玉-XNY0271,2026-07-21 15:58:47
13922154453,信息流-小牛-抽纸-京东主体-代运营-新人福利价-0721-100281253200-设计自选-625-aigc-10,李虹玉-XNY0271,2026-07-21 15:58:52
13922154849,信息流-小牛-抽纸-京东主体-代运营-新人福利价-0721-100281253200-设计自选-625-aigc-9,李虹玉-XNY0271,2026-07-21 15:58:54
13922155218,信息流-小牛-抽纸-京东主体-代运营-新人福利价-0721-100281253200-设计自选-625-aigc-7,李虹玉-XNY0271,2026-07-21 15:58:56
13922155693,信息流-小牛-抽纸-京东主体-代运营-新人福利价-0721-100281253200-设计自选-625-aigc-11,李虹玉-XNY0271,2026-07-21 15:58:58
13922156291,信息流-小牛-抽纸-京东主体-代运营-新人福利价-0721-100281253200-设计自选-625-aigc-13,李虹玉-XNY0271,2026-07-21 15:59:01
13922156636,信息流-小牛-抽纸-京东主体-代运营-新人福利价-0721-100281253200-设计自选-625-aigc-12,李虹玉-XNY0271,2026-07-21 15:59:02
13922156787,信息流-小牛-抽纸-京东主体-代运营-新人福利价-0721-100281253200-设计自选-625-aigc-14,李虹玉-XNY0271,2026-07-21 15:59:03
13922157501,信息流-小牛-抽纸-京东主体-代运营-新人福利价-0721-100281253200-设计自选-625-aigc-15,李虹玉-XNY0271,2026-07-21 15:59:06
13922158342,信息流-小牛-抽纸-京东主体-代运营-新人福利价-0721-100281253200-设计自选-625-aigc-17,李虹玉-XNY0271,2026-07-21 15:59:09
13922158744,信息流-小牛-抽纸-京东主体-代运营-新人福利价-0721-100281253200-设计自选-625-aigc-18,李虹玉-XNY0271,2026-07-21 15:59:11
13922158864,信息流-小牛-抽纸-京东主体-代运营-新人福利价-0721-100281253200-设计自选-625-aigc-16,李虹玉-XNY0271,2026-07-21 15:59:11
13922159456,信息流-小牛-抽纸-京东主体-代运营-新人福利价-0721-100281253200-设计自选-625-aigc-19,李虹玉-XNY0271,2026-07-21 15:59:14
13922159791,信息流-小牛-抽纸-京东主体-代运营-新人福利价-0721-100281253200-设计自选-625-aigc-20,李虹玉-XNY0271,2026-07-21 15:59:15
13937210475,信息流-小牛-素毛肚-京东主体-代运营-新人福利价-0722-100097771088-实时爆品表-625-1,李虹玉-XNY0271,2026-07-22 19:25:48
13937210890,信息流-小牛-素毛肚-京东主体-代运营-新人福利价-0722-100097771088-实时爆品表-625-10,李虹玉-XNY0271,2026-07-22 19:25:51
13937211792,信息流-小牛-素毛肚-京东主体-代运营-新人福利价-0722-100097771088-实时爆品表-625-2,李虹玉-XNY0271,2026-07-22 19:25:57
13937212104,信息流-小牛-素毛肚-京东主体-代运营-新人福利价-0722-100097771088-实时爆品表-625-4,李虹玉-XNY0271,2026-07-22 19:26:00
13937212638,信息流-小牛-素毛肚-京东主体-代运营-新人福利价-0722-100097771088-实时爆品表-625-3,李虹玉-XNY0271,2026-07-22 19:26:04
13937212727,信息流-小牛-碘伏棉签-京东主体-代运营-新人1分钱起-0722-10157346621198-京东-625-10,李虹玉-XNY0271,2026-07-22 19:26:05
13937213243,信息流-小牛-碘伏棉签-京东主体-代运营-新人1分钱起-0722-10157346621198-京东-625-11,李虹玉-XNY0271,2026-07-22 19:26:09
13937213283,信息流-小牛-碘伏棉签-京东主体-代运营-新人1分钱起-0722-10157346621198-京东-625-9,李虹玉-XNY0271,2026-07-22 19:26:10
13937213502,信息流-小牛-碘伏棉签-京东主体-代运营-新人1分钱起-0722-10157346621198-京东-625-12,李虹玉-XNY0271,2026-07-22 19:26:11
13937213835,信息流-小牛-碘伏棉签-京东主体-代运营-新人1分钱起-0722-10157346621198-京东-625-13,李虹玉-XNY0271,2026-07-22 19:26:14
13937214158,信息流-小牛-碘伏棉签-京东主体-代运营-新人1分钱起-0722-10157346621198-京东-625-15,李虹玉-XNY0271,2026-07-22 19:26:16
13937214952,信息流-小牛-碘伏棉签-京东主体-代运营-新人1分钱起-0722-10157346621198-京东-625-17,李虹玉-XNY0271,2026-07-22 19:26:23
13937214964,信息流-小牛-碘伏棉签-京东主体-代运营-新人1分钱起-0722-10157346621198-京东-625-16,李虹玉-XNY0271,2026-07-22 19:26:23
13937214990,信息流-小牛-碘伏棉签-京东主体-代运营-新人1分钱起-0722-10157346621198-京东-625-14,李虹玉-XNY0271,2026-07-22 19:26:23
13937215561,信息流-小牛-碘伏棉签-京东主体-代运营-新人1分钱起-0722-10157346621198-京东-625-18,李虹玉-XNY0271,2026-07-22 19:26:27
13937216328,信息流-小牛-碘伏棉签-京东主体-代运营-新人1分钱起-0722-10157346621198-京东-625-19,李虹玉-XNY0271,2026-07-22 19:26:32
13937216391,信息流-小牛-碘伏棉签-京东主体-代运营-新人1分钱起-0722-10157346621198-京东-625-1,李虹玉-XNY0271,2026-07-22 19:26:33
13937217031,信息流-小牛-碘伏棉签-京东主体-代运营-新人1分钱起-0722-10157346621198-京东-625-3,李虹玉-XNY0271,2026-07-22 19:26:37
13937217392,信息流-小牛-碘伏棉签-京东主体-代运营-新人1分钱起-0722-10157346621198-京东-625-2,李虹玉-XNY0271,2026-07-22 19:26:40
13937217753,信息流-小牛-碘伏棉签-京东主体-代运营-新人1分钱起-0722-10157346621198-京东-625-5,李虹玉-XNY0271,2026-07-22 19:26:42
13937218541,信息流-小牛-碘伏棉签-京东主体-代运营-新人1分钱起-0722-10157346621198-京东-625-6,李虹玉-XNY0271,2026-07-22 19:26:47
13937218760,信息流-小牛-碘伏棉签-京东主体-代运营-新人1分钱起-0722-10157346621198-京东-625-4,李虹玉-XNY0271,2026-07-22 19:26:49
13937219281,信息流-小牛-碘伏棉签-京东主体-代运营-新人1分钱起-0722-10157346621198-京东-625-7,李虹玉-XNY0271,2026-07-22 19:26:52
13937219325,信息流-小牛-碘伏棉签-京东主体-代运营-新人1分钱起-0722-10157346621198-京东-625-8,李虹玉-XNY0271,2026-07-22 19:26:53
13937220844,信息流-小牛-素毛肚-京东主体-代运营-新人福利价-0722-100097771088-实时爆品表-625-6,李虹玉-XNY0271,2026-07-22 19:27:04
13937220931,信息流-小牛-素毛肚-京东主体-代运营-新人福利价-0722-100097771088-实时爆品表-625-5,李虹玉-XNY0271,2026-07-22 19:27:05
13937221165,信息流-小牛-素毛肚-京东主体-代运营-新人福利价-0722-100097771088-实时爆品表-625-7,李虹玉-XNY0271,2026-07-22 19:27:06
13937222750,信息流-小牛-素毛肚-京东主体-代运营-新人福利价-0722-100097771088-实时爆品表-625-8,李虹玉-XNY0271,2026-07-22 19:27:16
13937222883,信息流-小牛-素毛肚-京东主体-代运营-新人福利价-0722-100097771088-实时爆品表-625-9,李虹玉-XNY0271,2026-07-22 19:27:17
13937223346,信息流-小牛-厨房挂件-京东主体-代运营-新人福利价-0722-10162320955134-本东爆品-625-5,李虹玉-XNY0271,2026-07-22 19:27:20
13937223590,信息流-小牛-厨房挂件-京东主体-代运营-新人福利价-0722-10162320955134-本东爆品-625-6,李虹玉-XNY0271,2026-07-22 19:27:22
13937224281,信息流-小牛-厨房挂件-京东主体-代运营-新人福利价-0722-10162320955134-本东爆品-625-8,李虹玉-XNY0271,2026-07-22 19:27:27
13937224909,信息流-小牛-厨房挂件-京东主体-代运营-新人福利价-0722-10162320955134-本东爆品-625-9,李虹玉-XNY0271,2026-07-22 19:27:32
13937225737,信息流-小牛-洗衣粉-低活-代运营-福利价-0722-10174693254918-深海货盘-625-12,李虹玉-XNY0271,2026-07-22 19:27:38
13937226022,信息流-小牛-厨房挂件-京东主体-代运营-新人福利价-0722-10162320955134-本东爆品-625-7,李虹玉-XNY0271,2026-07-22 19:27:39
13937227757,信息流-小牛-洗衣粉-低活-代运营-福利价-0722-10174693254918-深海货盘-625-15,李虹玉-XNY0271,2026-07-22 19:27:50
13937228064,信息流-小牛-洗衣粉-低活-代运营-福利价-0722-10174693254918-深海货盘-625-13,李虹玉-XNY0271,2026-07-22 19:27:52
13937228122,信息流-小牛-洗衣粉-低活-代运营-福利价-0722-10174693254918-深海货盘-625-14,李虹玉-XNY0271,2026-07-22 19:27:52
13937230709,信息流-小牛-洗衣粉-低活-代运营-福利价-0722-10174693254918-深海货盘-625-2,李虹玉-XNY0271,2026-07-22 19:28:07
13937230936,信息流-小牛-洗衣粉-低活-代运营-福利价-0722-10174693254918-深海货盘-625-1,李虹玉-XNY0271,2026-07-22 19:28:08
13937232126,信息流-小牛-洗衣粉-低活-代运营-福利价-0722-10174693254918-深海货盘-625-3,李虹玉-XNY0271,2026-07-22 19:28:15
13937234159,信息流-小牛-洗衣粉-低活-代运营-福利价-0722-10174693254918-深海货盘-625-4,李虹玉-XNY0271,2026-07-22 19:28:25
13937234453,信息流-小牛-洗衣粉-低活-代运营-福利价-0722-10174693254918-深海货盘-625-6,李虹玉-XNY0271,2026-07-22 19:28:27
13937234512,信息流-小牛-洗衣粉-低活-代运营-福利价-0722-10174693254918-深海货盘-625-5,李虹玉-XNY0271,2026-07-22 19:28:27
13937235798,信息流-小牛-洗衣粉-低活-代运营-福利价-0722-10174693254918-深海货盘-625-10,李虹玉-XNY0271,2026-07-22 19:28:34
13937237474,信息流-小牛-洗衣粉-低活-代运营-福利价-0722-10174693254918-深海货盘-625-11,李虹玉-XNY0271,2026-07-22 19:28:43
13937237677,信息流-小牛-厨房挂件-京东主体-代运营-新人福利价-0722-10162320955134-本东爆品-625-10,李虹玉-XNY0271,2026-07-22 19:28:44
13937237975,信息流-小牛-厨房挂件-京东主体-代运营-新人福利价-0722-10162320955134-本东爆品-625-11,李虹玉-XNY0271,2026-07-22 19:28:45
13937239631,信息流-小牛-厨房挂件-京东主体-代运营-新人福利价-0722-10162320955134-本东爆品-625-2,李虹玉-XNY0271,2026-07-22 19:28:54
13937239999,信息流-小牛-厨房挂件-京东主体-代运营-新人福利价-0722-10162320955134-本东爆品-625-12,李虹玉-XNY0271,2026-07-22 19:28:56
13937241755,信息流-小牛-厨房挂件-京东主体-代运营-新人福利价-0722-10162320955134-本东爆品-625-3,李虹玉-XNY0271,2026-07-22 19:29:04
13937242079,信息流-小牛-厨房挂件-京东主体-代运营-新人福利价-0722-10162320955134-本东爆品-625-4,李虹玉-XNY0271,2026-07-22 19:29:06
13937242188,信息流-小牛-厨房挂件-京东主体-代运营-新人福利价-0722-10162320955134-本东爆品-625-1,李虹玉-XNY0271,2026-07-22 19:29:07
13939860562,CH-SC-广义新-10133471421086-新综合频道-箱包皮具-京喜拉新-剪辑-转化引导-箱包皮具-20260716-反向-625-6,李虹玉-XNY0271,2026-07-23 09:48:37
13939861722,CH-SC-广义新-10133471421086-新综合频道-箱包皮具-京喜拉新-剪辑-转化引导-箱包皮具-20260716-反向-625-9,李虹玉-XNY0271,2026-07-23 09:48:42
13939862328,CH-SC-广义新-10133471421086-新综合频道-箱包皮具-京喜拉新-剪辑-转化引导-箱包皮具-20260716-反向-625-7,李虹玉-XNY0271,2026-07-23 09:48:44
13939862679,CH-SC-广义新-10133471421086-新综合频道-箱包皮具-京喜拉新-剪辑-转化引导-箱包皮具-20260716-反向-625-8,李虹玉-XNY0271,2026-07-23 09:48:46
13939862856,CH-SC-广义新-10133471421086-新综合频道-箱包皮具-京喜拉新-剪辑-转化引导-箱包皮具-20260716-反向-625-10,李虹玉-XNY0271,2026-07-23 09:48:46
13939863862,CH-SC-广义新-10133471421086-新综合频道-箱包皮具-京喜拉新-剪辑-转化引导-箱包皮具-20260716-反向-625-1,李虹玉-XNY0271,2026-07-23 09:48:50
13939865479,CH-SC-广义新-10217878263924 -新综合频道-汽车用品-京喜拉新-剪辑-转化引导-汽车用品-20260717-无-625-4,李虹玉-XNY0271,2026-07-23 09:48:56
13939866423,CH-SC-广义新-10217878263924 -新综合频道-汽车用品-京喜拉新-剪辑-转化引导-汽车用品-20260717-无-625-2,李虹玉-XNY0271,2026-07-23 09:48:59
13939866711,CH-SC-广义新-10217878263924 -新综合频道-汽车用品-京喜拉新-剪辑-转化引导-汽车用品-20260717-无-625-5,李虹玉-XNY0271,2026-07-23 09:49:00
13939867820,CH-SC-广义新-10217878263924 -新综合频道-汽车用品-京喜拉新-剪辑-转化引导-汽车用品-20260717-无-625-6,李虹玉-XNY0271,2026-07-23 09:49:04
13939868792,CH-SC-广义新-10217878263924 -新综合频道-汽车用品-京喜拉新-剪辑-转化引导-汽车用品-20260717-无-625-7,李虹玉-XNY0271,2026-07-23 09:49:07
13939870258,CH-SC-广义新-10217878263924 -新综合频道-汽车用品-京喜拉新-剪辑-转化引导-汽车用品-20260717-无-625-9,李虹玉-XNY0271,2026-07-23 09:49:12
13939870699,CH-SC-广义新-10217878263924 -新综合频道-汽车用品-京喜拉新-剪辑-转化引导-汽车用品-20260717-无-625-3,李虹玉-XNY0271,2026-07-23 09:49:14
13939871021,CH-SC-广义新-10217878263924 -新综合频道-汽车用品-京喜拉新-剪辑-转化引导-汽车用品-20260717-无-625-8,李虹玉-XNY0271,2026-07-23 09:49:15
13939871196,CH-SC-广义新-10217878263924 -新综合频道-汽车用品-京喜拉新-剪辑-转化引导-汽车用品-20260717-无-625-10,李虹玉-XNY0271,2026-07-23 09:49:16
13939871506,CH-SC-广义新-10217878263924 -新综合频道-汽车用品-京喜拉新-剪辑-转化引导-汽车用品-20260717-无-625-11,李虹玉-XNY0271,2026-07-23 09:49:17
13939871842,CH-SC-广义新-10217878263924 -新综合频道-汽车用品-京喜拉新-剪辑-转化引导-汽车用品-20260717-无-625-12,李虹玉-XNY0271,2026-07-23 09:49:18
13939871953,CH-SC-广义新-10217878263924 -新综合频道-汽车用品-京喜拉新-剪辑-转化引导-汽车用品-20260717-无-625-13,李虹玉-XNY0271,2026-07-23 09:49:18
13939872330,CH-SC-广义新-10217878263924 -新综合频道-汽车用品-京喜拉新-剪辑-转化引导-汽车用品-20260717-无-625-14,李虹玉-XNY0271,2026-07-23 09:49:19
13939872806,CH-SC-广义新-10217878263924 -新综合频道-汽车用品-京喜拉新-剪辑-转化引导-汽车用品-20260717-无-625-15,李虹玉-XNY0271,2026-07-23 09:49:21
13939872966,CH-SC-广义新-10217878263924 -新综合频道-汽车用品-京喜拉新-剪辑-转化引导-汽车用品-20260717-无-625-16,李虹玉-XNY0271,2026-07-23 09:49:21
13939873421,CH-SC-广义新-10217878263924 -新综合频道-汽车用品-京喜拉新-剪辑-转化引导-汽车用品-20260717-无-625-17,李虹玉-XNY0271,2026-07-23 09:49:23
13939874162,CH-SC-广义新-10133471421086-新综合频道-箱包皮具-京喜拉新-剪辑-转化引导-箱包皮具-20260716-反向-625-2,李虹玉-XNY0271,2026-07-23 09:49:25
13939874677,CH-SC-广义新-10217878263924 -新综合频道-汽车用品-京喜拉新-剪辑-转化引导-汽车用品-20260717-无-625-1,李虹玉-XNY0271,2026-07-23 09:49:27
13939874829,CH-SC-广义新-10133471421086-新综合频道-箱包皮具-京喜拉新-剪辑-转化引导-箱包皮具-20260716-反向-625-3,李虹玉-XNY0271,2026-07-23 09:49:27
13939875374,CH-SC-广义新-10133471421086-新综合频道-箱包皮具-京喜拉新-剪辑-转化引导-箱包皮具-20260716-反向-625-4,李虹玉-XNY0271,2026-07-23 09:49:29
13939875908,CH-SC-广义新-10133471421086-新综合频道-箱包皮具-京喜拉新-剪辑-转化引导-箱包皮具-20260716-反向-625-5,李虹玉-XNY0271,2026-07-23 09:49:30
13939876135,CH-SC-广义新-10201862878352 -新综合频道-厨具-京喜拉新-剪辑-转化引导-厨具-20260717-无-625-aigc-2,李虹玉-XNY0271,2026-07-23 09:49:31
13939877088,CH-SC-广义新-10201862878352 -新综合频道-厨具-京喜拉新-剪辑-转化引导-厨具-20260717-无-625-aigc-3,李虹玉-XNY0271,2026-07-23 09:49:34
13939877678,CH-SC-广义新-10201862878352 -新综合频道-厨具-京喜拉新-剪辑-转化引导-厨具-20260717-无-625-aigc-4,李虹玉-XNY0271,2026-07-23 09:49:36
13939878315,CH-SC-广义新-10201862878352 -新综合频道-厨具-京喜拉新-剪辑-转化引导-厨具-20260717-无-625-aigc-5,李虹玉-XNY0271,2026-07-23 09:49:38
13939878634,CH-SC-广义新-10201862878352 -新综合频道-厨具-京喜拉新-剪辑-转化引导-厨具-20260717-无-625-aigc-6,李虹玉-XNY0271,2026-07-23 09:49:39
13939879486,CH-SC-广义新-10201862878352 -新综合频道-厨具-京喜拉新-剪辑-转化引导-厨具-20260717-无-625-aigc-7,李虹玉-XNY0271,2026-07-23 09:49:42
13939880498,CH-SC-广义新-10201862878352 -新综合频道-厨具-京喜拉新-剪辑-转化引导-厨具-20260717-无-625-aigc-8,李虹玉-XNY0271,2026-07-23 09:49:45
13939881536,CH-SC-广义新-10201862878352 -新综合频道-厨具-京喜拉新-剪辑-转化引导-厨具-20260717-无-625-aigc-10,李虹玉-XNY0271,2026-07-23 09:49:48
13939881696,CH-SC-广义新-10201862878352 -新综合频道-厨具-京喜拉新-剪辑-转化引导-厨具-20260717-无-625-aigc-9,李虹玉-XNY0271,2026-07-23 09:49:48
13939883126,CH-SC-广义新-10201862878352 -新综合频道-厨具-京喜拉新-剪辑-转化引导-厨具-20260717-无-625-aigc-11,李虹玉-XNY0271,2026-07-23 09:49:53
13939883991,CH-SC-广义新-10201862878352 -新综合频道-厨具-京喜拉新-剪辑-转化引导-厨具-20260717-无-625-aigc-12,李虹玉-XNY0271,2026-07-23 09:49:55
13939884146,CH-SC-广义新-10201862878352 -新综合频道-厨具-京喜拉新-剪辑-转化引导-厨具-20260717-无-625-aigc-13,李虹玉-XNY0271,2026-07-23 09:49:55
13939884982,CH-SC-广义新-10201862878352 -新综合频道-厨具-京喜拉新-剪辑-转化引导-厨具-20260717-无-625-aigc-14,李虹玉-XNY0271,2026-07-23 09:49:58
13939885702,CH-SC-广义新-10201862878352 -新综合频道-厨具-京喜拉新-剪辑-转化引导-厨具-20260717-无-625-aigc-16,李虹玉-XNY0271,2026-07-23 09:50:00
13939886395,CH-SC-广义新-10201862878352 -新综合频道-厨具-京喜拉新-剪辑-转化引导-厨具-20260717-无-625-aigc-17,李虹玉-XNY0271,2026-07-23 09:50:03
13939886933,CH-SC-广义新-10201862878352 -新综合频道-厨具-京喜拉新-剪辑-转化引导-厨具-20260717-无-625-aigc-15,李虹玉-XNY0271,2026-07-23 09:50:05
13939888007,CH-SC-广义新-10201862878352 -新综合频道-厨具-京喜拉新-剪辑-转化引导-厨具-20260717-无-625-aigc-18,李虹玉-XNY0271,2026-07-23 09:50:08
13939888246,CH-SC-广义新-10201862878352 -新综合频道-厨具-京喜拉新-剪辑-转化引导-厨具-20260717-无-625-aigc-19,李虹玉-XNY0271,2026-07-23 09:50:09
13939888620,CH-SC-广义新-10201862878352 -新综合频道-厨具-京喜拉新-剪辑-转化引导-厨具-20260717-无-625-aigc-20,李虹玉-XNY0271,2026-07-23 09:50:10
13939890093,CH-SC-广义新-10201862878352 -新综合频道-厨具-京喜拉新-剪辑-转化引导-厨具-20260717-无-625-aigc-22,李虹玉-XNY0271,2026-07-23 09:50:15
13939890388,CH-SC-广义新-10201862878352 -新综合频道-厨具-京喜拉新-剪辑-转化引导-厨具-20260717-无-625-aigc-21,李虹玉-XNY0271,2026-07-23 09:50:16
13939892050,CH-SC-广义新-10201862878352 -新综合频道-厨具-京喜拉新-剪辑-转化引导-厨具-20260717-无-625-aigc-24,李虹玉-XNY0271,2026-07-23 09:50:22
13939892238,CH-SC-广义新-10201862878352 -新综合频道-厨具-京喜拉新-剪辑-转化引导-厨具-20260717-无-625-aigc-23,李虹玉-XNY0271,2026-07-23 09:50:22
13939893033,CH-SC-广义新-10201862878352 -新综合频道-厨具-京喜拉新-剪辑-转化引导-厨具-20260717-无-625-aigc-25,李虹玉-XNY0271,2026-07-23 09:50:25
13939893853,CH-SC-广义新-10201862878352 -新综合频道-厨具-京喜拉新-剪辑-转化引导-厨具-20260717-无-625-aigc-26,李虹玉-XNY0271,2026-07-23 09:50:27
13939894468,CH-SC-广义新-10201862878352 -新综合频道-厨具-京喜拉新-剪辑-转化引导-厨具-20260717-无-625-aigc-1,李虹玉-XNY0271,2026-07-23 09:50:29
13939895251,CH-SC-广义新-10201862878352 -新综合频道-厨具-京喜拉新-剪辑-转化引导-厨具-20260717-无-625-aigc-27,李虹玉-XNY0271,2026-07-23 09:50:31
13939896010,CH-SC-广义新-10183880057418 -新综合频道-箱包皮具-京喜拉新-剪辑-转化引导-箱包皮具-20260717-无-625-aigc-2,李虹玉-XNY0271,2026-07-23 09:50:33
13939896569,CH-SC-广义新-10183880057418 -新综合频道-箱包皮具-京喜拉新-剪辑-转化引导-箱包皮具-20260717-无-625-aigc-3,李虹玉-XNY0271,2026-07-23 09:50:34
13939898143,CH-SC-广义新-10183880057418 -新综合频道-箱包皮具-京喜拉新-剪辑-转化引导-箱包皮具-20260717-无-625-aigc-4,李虹玉-XNY0271,2026-07-23 09:50:38
13939900885,CH-SC-广义新-10183880057418 -新综合频道-箱包皮具-京喜拉新-剪辑-转化引导-箱包皮具-20260717-无-625-aigc-6,李虹玉-XNY0271,2026-07-23 09:50:44
13939901210,CH-SC-广义新-10183880057418 -新综合频道-箱包皮具-京喜拉新-剪辑-转化引导-箱包皮具-20260717-无-625-aigc-7,李虹玉-XNY0271,2026-07-23 09:50:45
13939903179,CH-SC-广义新-10183880057418 -新综合频道-箱包皮具-京喜拉新-剪辑-转化引导-箱包皮具-20260717-无-625-aigc-8,李虹玉-XNY0271,2026-07-23 09:50:49
13939904626,CH-SC-广义新-10183880057418 -新综合频道-箱包皮具-京喜拉新-剪辑-转化引导-箱包皮具-20260717-无-625-aigc-9,李虹玉-XNY0271,2026-07-23 09:50:52
13939905194,CH-SC-广义新-10183880057418 -新综合频道-箱包皮具-京喜拉新-剪辑-转化引导-箱包皮具-20260717-无-625-aigc-10,李虹玉-XNY0271,2026-07-23 09:50:53
13939906647,CH-SC-广义新-10183880057418 -新综合频道-箱包皮具-京喜拉新-剪辑-转化引导-箱包皮具-20260717-无-625-aigc-5,李虹玉-XNY0271,2026-07-23 09:50:57
13939907432,CH-SC-广义新-10183880057418 -新综合频道-箱包皮具-京喜拉新-剪辑-转化引导-箱包皮具-20260717-无-625-aigc-12,李虹玉-XNY0271,2026-07-23 09:50:59
13939908809,CH-SC-广义新-10183880057418 -新综合频道-箱包皮具-京喜拉新-剪辑-转化引导-箱包皮具-20260717-无-625-aigc-11,李虹玉-XNY0271,2026-07-23 09:51:02
13939909961,CH-SC-广义新-10183880057418 -新综合频道-箱包皮具-京喜拉新-剪辑-转化引导-箱包皮具-20260717-无-625-aigc-13,李虹玉-XNY0271,2026-07-23 09:51:06
13939910115,CH-SC-广义新-10183880057418 -新综合频道-箱包皮具-京喜拉新-剪辑-转化引导-箱包皮具-20260717-无-625-aigc-14,李虹玉-XNY0271,2026-07-23 09:51:06
13939910265,CH-SC-广义新-10183880057418 -新综合频道-箱包皮具-京喜拉新-剪辑-转化引导-箱包皮具-20260717-无-625-aigc-15,李虹玉-XNY0271,2026-07-23 09:51:07
13939911163,CH-SC-广义新-10183880057418 -新综合频道-箱包皮具-京喜拉新-剪辑-转化引导-箱包皮具-20260717-无-625-aigc-1,李虹玉-XNY0271,2026-07-23 09:51:11
13939928763,CH-SC-广义新-10115067968253-新综合频道-家用电器-京喜拉新-剪辑-转化引导-家用电器-20260720-无-625-aigc-20,李虹玉-XNY0271,2026-07-23 09:51:52
13939929086,CH-SC-广义新-10115067968253-新综合频道-家用电器-京喜拉新-剪辑-转化引导-家用电器-20260720-无-625-aigc-21,李虹玉-XNY0271,2026-07-23 09:51:53
13939929990,CH-SC-广义新-10115067968253-新综合频道-家用电器-京喜拉新-剪辑-转化引导-家用电器-20260720-无-625-aigc-16,李虹玉-XNY0271,2026-07-23 09:51:54
13939931698,CH-SC-广义新-10115067968253-新综合频道-家用电器-京喜拉新-剪辑-转化引导-家用电器-20260720-无-625-aigc-9,李虹玉-XNY0271,2026-07-23 09:51:59
13939931984,CH-SC-广义新-10115067968253-新综合频道-家用电器-京喜拉新-剪辑-转化引导-家用电器-20260720-无-625-aigc-11,李虹玉-XNY0271,2026-07-23 09:51:59
13939932322,CH-SC-广义新-10115067968253-新综合频道-家用电器-京喜拉新-剪辑-转化引导-家用电器-20260720-无-625-aigc-13,李虹玉-XNY0271,2026-07-23 09:52:00
13939933469,CH-SC-广义新-10115067968253-新综合频道-家用电器-京喜拉新-剪辑-转化引导-家用电器-20260720-无-625-aigc-3,李虹玉-XNY0271,2026-07-23 09:52:03
13939935261,CH-SC-广义新-10115067968253-新综合频道-家用电器-京喜拉新-剪辑-转化引导-家用电器-20260720-无-625-aigc-4,李虹玉-XNY0271,2026-07-23 09:52:08
13939935452,CH-SC-广义新-10115067968253-新综合频道-家用电器-京喜拉新-剪辑-转化引导-家用电器-20260720-无-625-aigc-18,李虹玉-XNY0271,2026-07-23 09:52:09
13939935876,CH-SC-广义新-10150604147722-新综合频道-箱包皮具-京喜拉新-剪辑-转化引导-箱包皮具-20260720-反向-625-1,李虹玉-XNY0271,2026-07-23 09:52:10
13939936291,CH-SC-广义新-10150604147722-新综合频道-箱包皮具-京喜拉新-剪辑-转化引导-箱包皮具-20260720-反向-625-2,李虹玉-XNY0271,2026-07-23 09:52:11
13939936576,CH-SC-广义新-10150604147722-新综合频道-箱包皮具-京喜拉新-剪辑-转化引导-箱包皮具-20260720-反向-625-3,李虹玉-XNY0271,2026-07-23 09:52:12
13939936830,CH-SC-广义新-10150604147722-新综合频道-箱包皮具-京喜拉新-剪辑-转化引导-箱包皮具-20260720-反向-625-4,李虹玉-XNY0271,2026-07-23 09:52:12
13939937264,CH-SC-广义新-10150604147722-新综合频道-箱包皮具-京喜拉新-剪辑-转化引导-箱包皮具-20260720-反向-625-5,李虹玉-XNY0271,2026-07-23 09:52:13
13939937564,CH-SC-广义新-10150604147722-新综合频道-箱包皮具-京喜拉新-剪辑-转化引导-箱包皮具-20260720-反向-625-6,李虹玉-XNY0271,2026-07-23 09:52:14
13939937851,CH-SC-广义新-10150604147722-新综合频道-箱包皮具-京喜拉新-剪辑-转化引导-箱包皮具-20260720-反向-625-7,李虹玉-XNY0271,2026-07-23 09:52:15
13939938272,CH-SC-广义新-10150604147722-新综合频道-箱包皮具-京喜拉新-剪辑-转化引导-箱包皮具-20260720-反向-625-8,李虹玉-XNY0271,2026-07-23 09:52:16
13939938577,CH-SC-广义新-10150604147722-新综合频道-箱包皮具-京喜拉新-剪辑-转化引导-箱包皮具-20260720-反向-625-9,李虹玉-XNY0271,2026-07-23 09:52:17
13939939358,CH-SC-广义新-10150604147722-新综合频道-箱包皮具-京喜拉新-剪辑-转化引导-箱包皮具-20260720-反向-625-11,李虹玉-XNY0271,2026-07-23 09:52:19
13939939621,CH-SC-广义新-10150604147722-新综合频道-箱包皮具-京喜拉新-剪辑-转化引导-箱包皮具-20260720-反向-625-12,李虹玉-XNY0271,2026-07-23 09:52:20
13939940745,CH-SC-广义新-10115067968253-新综合频道-家用电器-京喜拉新-剪辑-转化引导-家用电器-20260720-无-625-aigc-14,李虹玉-XNY0271,2026-07-23 09:52:24
13939942906,CH-SC-广义新-10115067968253-新综合频道-家用电器-京喜拉新-剪辑-转化引导-家用电器-20260720-无-625-aigc-10,李虹玉-XNY0271,2026-07-23 09:52:30
13939944011,CH-SC-广义新-10115067968253-新综合频道-家用电器-京喜拉新-剪辑-转化引导-家用电器-20260720-无-625-aigc-8,李虹玉-XNY0271,2026-07-23 09:52:33
13939944416,CH-SC-广义新-10115067968253-新综合频道-家用电器-京喜拉新-剪辑-转化引导-家用电器-20260720-无-625-aigc-1,李虹玉-XNY0271,2026-07-23 09:52:34
13939945592,CH-SC-广义新-10115067968253-新综合频道-家用电器-京喜拉新-剪辑-转化引导-家用电器-20260720-无-625-aigc-6,李虹玉-XNY0271,2026-07-23 09:52:37
13939946153,CH-SC-广义新-10150604147722-新综合频道-箱包皮具-京喜拉新-剪辑-转化引导-箱包皮具-20260720-反向-625-10,李虹玉-XNY0271,2026-07-23 09:52:39
13939947635,CH-SC-广义新-10115067968253-新综合频道-家用电器-京喜拉新-剪辑-转化引导-家用电器-20260720-无-625-aigc-17,李虹玉-XNY0271,2026-07-23 09:52:42
13939947724,CH-SC-广义新-10115067968253-新综合频道-家用电器-京喜拉新-剪辑-转化引导-家用电器-20260720-无-625-aigc-15,李虹玉-XNY0271,2026-07-23 09:52:43
13939948404,CH-SC-广义新-10115067968253-新综合频道-家用电器-京喜拉新-剪辑-转化引导-家用电器-20260720-无-625-aigc-7,李虹玉-XNY0271,2026-07-23 09:52:44
13939949978,CH-SC-广义新-10115067968253-新综合频道-家用电器-京喜拉新-剪辑-转化引导-家用电器-20260720-无-625-aigc-12,李虹玉-XNY0271,2026-07-23 09:52:48
13939951180,CH-SC-广义新-10115067968253-新综合频道-家用电器-京喜拉新-剪辑-转化引导-家用电器-20260720-无-625-aigc-19,李虹玉-XNY0271,2026-07-23 09:52:51
13939951431,CH-SC-广义新-10115067968253-新综合频道-家用电器-京喜拉新-剪辑-转化引导-家用电器-20260720-无-625-aigc-2,李虹玉-XNY0271,2026-07-23 09:52:52
13939952460,CH-SC-广义新-10115067968253-新综合频道-家用电器-京喜拉新-剪辑-转化引导-家用电器-20260720-无-625-aigc-5,李虹玉-XNY0271,2026-07-23 09:52:54
13939952719,CH-SC-广义新-10115067968253-新综合频道-家用电器-京喜拉新-剪辑-转化引导-家用电器-20260720-无-625-aigc-27,李虹玉-XNY0271,2026-07-23 09:52:55
13939952823,CH-SC-广义新-10115067968253-新综合频道-家用电器-京喜拉新-剪辑-转化引导-家用电器-20260720-无-625-aigc-24,李虹玉-XNY0271,2026-07-23 09:52:55
13939953763,CH-SC-广义新-10115067968253-新综合频道-家用电器-京喜拉新-剪辑-转化引导-家用电器-20260720-无-625-aigc-26,李虹玉-XNY0271,2026-07-23 09:52:57
13939954099,CH-SC-广义新-10115067968253-新综合频道-家用电器-京喜拉新-剪辑-转化引导-家用电器-20260720-无-625-aigc-22,李虹玉-XNY0271,2026-07-23 09:52:58
13939954260,CH-SC-广义新-10115067968253-新综合频道-家用电器-京喜拉新-剪辑-转化引导-家用电器-20260720-无-625-aigc-25,李虹玉-XNY0271,2026-07-23 09:52:59
13939955038,CH-SC-广义新-10115067968253-新综合频道-家用电器-京喜拉新-剪辑-转化引导-家用电器-20260720-无-625-aigc-23,李虹玉-XNY0271,2026-07-23 09:53:01
13940173663,CH-SC-低活-10123044464041-超级抢购-玩具乐器-无-剪辑-转化引导-玩具乐器-20260715-无-625-aigc-3,李虹玉-XNY0271,2026-07-23 10:05:39
13940173949,CH-SC-低活-10123044464041-超级抢购-玩具乐器-无-剪辑-转化引导-玩具乐器-20260715-无-625-aigc-5,李虹玉-XNY0271,2026-07-23 10:05:40
13940175331,CH-SC-低活-10123044464041-超级抢购-玩具乐器-无-剪辑-转化引导-玩具乐器-20260715-无-625-aigc-6,李虹玉-XNY0271,2026-07-23 10:05:46
13940175388,CH-SC-低活-10123044464041-超级抢购-玩具乐器-无-剪辑-转化引导-玩具乐器-20260715-无-625-aigc-4,李虹玉-XNY0271,2026-07-23 10:05:46
13940175700,CH-SC-低活-10123044464041-超级抢购-玩具乐器-无-剪辑-转化引导-玩具乐器-20260715-无-625-aigc-7,李虹玉-XNY0271,2026-07-23 10:05:47
13940177184,CH-SC-低活-10123044464041-超级抢购-玩具乐器-无-剪辑-转化引导-玩具乐器-20260715-无-625-aigc-8,李虹玉-XNY0271,2026-07-23 10:05:53
13940177196,CH-SC-低活-10123044464041-超级抢购-玩具乐器-无-剪辑-转化引导-玩具乐器-20260715-无-625-aigc-9,李虹玉-XNY0271,2026-07-23 10:05:53
13940179947,CH-SC-低活-10123044464041-超级抢购-玩具乐器-无-剪辑-转化引导-玩具乐器-20260715-无-625-aigc-10,李虹玉-XNY0271,2026-07-23 10:06:04
13940180006,CH-SC-低活-10123044464041-超级抢购-玩具乐器-无-剪辑-转化引导-玩具乐器-20260715-无-625-aigc-12,李虹玉-XNY0271,2026-07-23 10:06:04
13940180837,CH-SC-低活-10123044464041-超级抢购-玩具乐器-无-剪辑-转化引导-玩具乐器-20260715-无-625-aigc-11,李虹玉-XNY0271,2026-07-23 10:06:07
13940182100,CH-SC-低活-10123044464041-超级抢购-玩具乐器-无-剪辑-转化引导-玩具乐器-20260715-无-625-aigc-14,李虹玉-XNY0271,2026-07-23 10:06:12
13940182553,CH-SC-低活-10123044464041-超级抢购-玩具乐器-无-剪辑-转化引导-玩具乐器-20260715-无-625-aigc-15,李虹玉-XNY0271,2026-07-23 10:06:14
13940184297,CH-SC-低活-10123044464041-超级抢购-玩具乐器-无-剪辑-转化引导-玩具乐器-20260715-无-625-aigc-17,李虹玉-XNY0271,2026-07-23 10:06:22
13940184456,CH-SC-低活-10123044464041-超级抢购-玩具乐器-无-剪辑-转化引导-玩具乐器-20260715-无-625-aigc-16,李虹玉-XNY0271,2026-07-23 10:06:22
13940184968,CH-SC-低活-10123044464041-超级抢购-玩具乐器-无-剪辑-转化引导-玩具乐器-20260715-无-625-aigc-13,李虹玉-XNY0271,2026-07-23 10:06:25
13940186348,CH-SC-低活-10123044464041-超级抢购-玩具乐器-无-剪辑-转化引导-玩具乐器-20260715-无-625-aigc-2,李虹玉-XNY0271,2026-07-23 10:06:31
13940187126,CH-SC-低活-10123044464041-超级抢购-玩具乐器-无-剪辑-转化引导-玩具乐器-20260715-无-625-aigc-18,李虹玉-XNY0271,2026-07-23 10:06:33
13940188940,CH-SC-低活-10098882079537-超级抢购-厨具-无-剪辑-转化引导-厨具-20260716-无-625-aigc-3,李虹玉-XNY0271,2026-07-23 10:06:39
13940189389,CH-SC-低活-10098882079537-超级抢购-厨具-无-剪辑-转化引导-厨具-20260716-无-625-aigc-4,李虹玉-XNY0271,2026-07-23 10:06:40
13940189811,CH-SC-低活-10123044464041-超级抢购-玩具乐器-无-剪辑-转化引导-玩具乐器-20260715-无-625-aigc-1,李虹玉-XNY0271,2026-07-23 10:06:41
13940193037,CH-SC-低活-10098882079537-超级抢购-厨具-无-剪辑-转化引导-厨具-20260716-无-625-aigc-6,李虹玉-XNY0271,2026-07-23 10:06:52
13940193047,CH-SC-低活-10098882079537-超级抢购-厨具-无-剪辑-转化引导-厨具-20260716-无-625-aigc-5,李虹玉-XNY0271,2026-07-23 10:06:52
13940193083,CH-SC-低活-10098882079537-超级抢购-厨具-无-剪辑-转化引导-厨具-20260716-无-625-aigc-7,李虹玉-XNY0271,2026-07-23 10:06:52
13940195736,CH-SC-低活-10098882079537-超级抢购-厨具-无-剪辑-转化引导-厨具-20260716-无-625-aigc-8,李虹玉-XNY0271,2026-07-23 10:07:00
13940196625,CH-SC-低活-10098882079537-超级抢购-厨具-无-剪辑-转化引导-厨具-20260716-无-625-aigc-9,李虹玉-XNY0271,2026-07-23 10:07:03
13940196767,CH-SC-低活-10098882079537-超级抢购-厨具-无-剪辑-转化引导-厨具-20260716-无-625-aigc-10,李虹玉-XNY0271,2026-07-23 10:07:03
13940197334,CH-SC-低活-10098882079537-超级抢购-厨具-无-剪辑-转化引导-厨具-20260716-无-625-aigc-11,李虹玉-XNY0271,2026-07-23 10:07:05
13940198517,CH-SC-低活-10098882079537-超级抢购-厨具-无-剪辑-转化引导-厨具-20260716-无-625-aigc-12,李虹玉-XNY0271,2026-07-23 10:07:09
13940198672,CH-SC-低活-10098882079537-超级抢购-厨具-无-剪辑-转化引导-厨具-20260716-无-625-aigc-1,李虹玉-XNY0271,2026-07-23 10:07:09
13940199926,CH-SC-低活-10200755904098-超级抢购-汽车用品-无-剪辑-转化引导-汽车用品-20260716-无-625-aigc-3,李虹玉-XNY0271,2026-07-23 10:07:13
13940199990,CH-SC-低活-10098882079537-超级抢购-厨具-无-剪辑-转化引导-厨具-20260716-无-625-aigc-2,李虹玉-XNY0271,2026-07-23 10:07:13
13940201606,CH-SC-低活-10200755904098-超级抢购-汽车用品-无-剪辑-转化引导-汽车用品-20260716-无-625-aigc-6,李虹玉-XNY0271,2026-07-23 10:07:19
13940202623,CH-SC-低活-10200755904098-超级抢购-汽车用品-无-剪辑-转化引导-汽车用品-20260716-无-625-aigc-7,李虹玉-XNY0271,2026-07-23 10:07:23
13940202736,CH-SC-低活-10200755904098-超级抢购-汽车用品-无-剪辑-转化引导-汽车用品-20260716-无-625-aigc-4,李虹玉-XNY0271,2026-07-23 10:07:24
13940202955,CH-SC-低活-10200755904098-超级抢购-汽车用品-无-剪辑-转化引导-汽车用品-20260716-无-625-aigc-5,李虹玉-XNY0271,2026-07-23 10:07:24
13940204221,CH-SC-低活-10200755904098-超级抢购-汽车用品-无-剪辑-转化引导-汽车用品-20260716-无-625-aigc-8,李虹玉-XNY0271,2026-07-23 10:07:29
13940204885,CH-SC-低活-10200755904098-超级抢购-汽车用品-无-剪辑-转化引导-汽车用品-20260716-无-625-aigc-9,李虹玉-XNY0271,2026-07-23 10:07:31
13940205641,CH-SC-低活-10200755904098-超级抢购-汽车用品-无-剪辑-转化引导-汽车用品-20260716-无-625-aigc-11,李虹玉-XNY0271,2026-07-23 10:07:33
13940205742,CH-SC-低活-10200755904098-超级抢购-汽车用品-无-剪辑-转化引导-汽车用品-20260716-无-625-aigc-10,李虹玉-XNY0271,2026-07-23 10:07:34
13940207072,CH-SC-低活-10200755904098-超级抢购-汽车用品-无-剪辑-转化引导-汽车用品-20260716-无-625-aigc-14,李虹玉-XNY0271,2026-07-23 10:07:40
13940207389,CH-SC-低活-10200755904098-超级抢购-汽车用品-无-剪辑-转化引导-汽车用品-20260716-无-625-aigc-13,李虹玉-XNY0271,2026-07-23 10:07:41
13940207404,CH-SC-低活-10200755904098-超级抢购-汽车用品-无-剪辑-转化引导-汽车用品-20260716-无-625-aigc-12,李虹玉-XNY0271,2026-07-23 10:07:41
13940208505,CH-SC-低活-10200755904098-超级抢购-汽车用品-无-剪辑-转化引导-汽车用品-20260716-无-625-aigc-16,李虹玉-XNY0271,2026-07-23 10:07:46
13940208790,CH-SC-低活-10200755904098-超级抢购-汽车用品-无-剪辑-转化引导-汽车用品-20260716-无-625-aigc-15,李虹玉-XNY0271,2026-07-23 10:07:47
13940209770,CH-SC-低活-10200755904098-超级抢购-汽车用品-无-剪辑-转化引导-汽车用品-20260716-无-625-aigc-17,李虹玉-XNY0271,2026-07-23 10:07:51
13940209834,CH-SC-低活-10200755904098-超级抢购-汽车用品-无-剪辑-转化引导-汽车用品-20260716-无-625-aigc-18,李虹玉-XNY0271,2026-07-23 10:07:51
13940210122,CH-SC-低活-10200755904098-超级抢购-汽车用品-无-剪辑-转化引导-汽车用品-20260716-无-625-aigc-1,李虹玉-XNY0271,2026-07-23 10:07:53
13940211127,CH-SC-低活-10223570717754-超级抢购-生鲜-无-剪辑-转化引导-生鲜-20260716-无-625-aigc-2,李虹玉-XNY0271,2026-07-23 10:07:58
13940211488,CH-SC-低活-10223570717754-超级抢购-生鲜-无-剪辑-转化引导-生鲜-20260716-无-625-aigc-3,李虹玉-XNY0271,2026-07-23 10:07:59
13940211871,CH-SC-低活-10200755904098-超级抢购-汽车用品-无-剪辑-转化引导-汽车用品-20260716-无-625-aigc-2,李虹玉-XNY0271,2026-07-23 10:08:01
13940212351,CH-SC-低活-10223570717754-超级抢购-生鲜-无-剪辑-转化引导-生鲜-20260716-无-625-aigc-5,李虹玉-XNY0271,2026-07-23 10:08:03
13940212738,CH-SC-低活-10223570717754-超级抢购-生鲜-无-剪辑-转化引导-生鲜-20260716-无-625-aigc-6,李虹玉-XNY0271,2026-07-23 10:08:05
13940213199,CH-SC-低活-10223570717754-超级抢购-生鲜-无-剪辑-转化引导-生鲜-20260716-无-625-aigc-7,李虹玉-XNY0271,2026-07-23 10:08:07
13940213927,CH-SC-低活-10223570717754-超级抢购-生鲜-无-剪辑-转化引导-生鲜-20260716-无-625-aigc-8,李虹玉-XNY0271,2026-07-23 10:08:11
13940214040,CH-SC-低活-10223570717754-超级抢购-生鲜-无-剪辑-转化引导-生鲜-20260716-无-625-aigc-9,李虹玉-XNY0271,2026-07-23 10:08:12
13940215081,CH-SC-低活-10223570717754-超级抢购-生鲜-无-剪辑-转化引导-生鲜-20260716-无-625-aigc-10,李虹玉-XNY0271,2026-07-23 10:08:16
13940215763,CH-SC-低活-10223570717754-超级抢购-生鲜-无-剪辑-转化引导-生鲜-20260716-无-625-aigc-11,李虹玉-XNY0271,2026-07-23 10:08:19
13940216644,CH-SC-低活-10223570717754-超级抢购-生鲜-无-剪辑-转化引导-生鲜-20260716-无-625-aigc-4,李虹玉-XNY0271,2026-07-23 10:08:23
13940216774,CH-SC-低活-10223570717754-超级抢购-生鲜-无-剪辑-转化引导-生鲜-20260716-无-625-aigc-12,李虹玉-XNY0271,2026-07-23 10:08:23
13940217406,CH-SC-低活-10223570717754-超级抢购-生鲜-无-剪辑-转化引导-生鲜-20260716-无-625-aigc-1,李虹玉-XNY0271,2026-07-23 10:08:26
13941337060,信息流-小牛-手机支架-三方主体-代运营-新人福利价-0723-10139440032542 -设计自选-625-9,李虹玉-XNY0271,2026-07-23 11:08:41
13941337214,信息流-小牛-手机支架-三方主体-代运营-新人福利价-0723-10139440032542 -设计自选-625-8,李虹玉-XNY0271,2026-07-23 11:08:41
13941337263,信息流-小牛-手机支架-三方主体-代运营-新人福利价-0723-10139440032542 -设计自选-625-10,李虹玉-XNY0271,2026-07-23 11:08:41
13941338945,信息流-小牛-手机支架-三方主体-代运营-新人福利价-0723-10139440032542 -设计自选-625-12,李虹玉-XNY0271,2026-07-23 11:08:46
13941339057,信息流-小牛-手机支架-三方主体-代运营-新人福利价-0723-10139440032542 -设计自选-625-1,李虹玉-XNY0271,2026-07-23 11:08:46
13941340363,信息流-小牛-手机支架-三方主体-代运营-新人福利价-0723-10139440032542 -设计自选-625-2,李虹玉-XNY0271,2026-07-23 11:08:50
13941340853,信息流-小牛-手机支架-三方主体-代运营-新人福利价-0723-10139440032542 -设计自选-625-11,李虹玉-XNY0271,2026-07-23 11:08:51
13941341569,信息流-小牛-手机支架-三方主体-代运营-新人福利价-0723-10139440032542 -设计自选-625-4,李虹玉-XNY0271,2026-07-23 11:08:53
13941341932,信息流-小牛-手机支架-三方主体-代运营-新人福利价-0723-10139440032542 -设计自选-625-3,李虹玉-XNY0271,2026-07-23 11:08:54
13941342174,信息流-小牛-手机支架-三方主体-代运营-新人福利价-0723-10139440032542 -设计自选-625-5,李虹玉-XNY0271,2026-07-23 11:08:55
13941342898,信息流-小牛-手机支架-三方主体-代运营-新人福利价-0723-10139440032542 -设计自选-625-6,李虹玉-XNY0271,2026-07-23 11:08:57
13941343514,信息流-小牛-手机支架-三方主体-代运营-新人福利价-0723-10139440032542 -设计自选-625-7,李虹玉-XNY0271,2026-07-23 11:08:58
13946553541,信息流-小牛-车载支架-京东主体-代运营-新人福利价-0723-10139440032542-设计自选-625-aigc-1,李虹玉-XNY0271,2026-07-23 16:40:01
13946554762,信息流-小牛-车载支架-京东主体-代运营-新人福利价-0723-10139440032542-设计自选-625-aigc-2,李虹玉-XNY0271,2026-07-23 16:40:05
13946555458,信息流-小牛-车载支架-京东主体-代运营-新人福利价-0723-10139440032542-设计自选-625-aigc-4,李虹玉-XNY0271,2026-07-23 16:40:08
13946558999,信息流-小牛-车载支架-京东主体-代运营-新人福利价-0723-10139440032542-设计自选-625-aigc-5,李虹玉-XNY0271,2026-07-23 16:40:20
13946559070,信息流-小牛-车载支架-京东主体-代运营-新人福利价-0723-10139440032542-设计自选-625-aigc-3,李虹玉-XNY0271,2026-07-23 16:40:20
13946559719,信息流-小牛-车载支架-京东主体-代运营-新人福利价-0723-10139440032542-设计自选-625-aigc-6,李虹玉-XNY0271,2026-07-23 16:40:22
13946562158,信息流-小牛-车载支架-京东主体-代运营-新人福利价-0723-10139440032542-设计自选-625-aigc-7,李虹玉-XNY0271,2026-07-23 16:40:31
13946563357,信息流-小牛-车载支架-京东主体-代运营-新人福利价-0723-10139440032542-设计自选-625-aigc-8,李虹玉-XNY0271,2026-07-23 16:40:35
13946565376,信息流-小牛-车载支架-京东主体-代运营-新人福利价-0723-10139440032542-设计自选-625-aigc-9,李虹玉-XNY0271,2026-07-23 16:40:41
13946565703,信息流-小牛-车载支架-京东主体-代运营-新人福利价-0723-10139440032542-设计自选-625-aigc-10,李虹玉-XNY0271,2026-07-23 16:40:42
13946569358,信息流-小牛-电煮锅-京东主体-代运营-新人福利价-0723-10125368295124-设计自选-625-aigc-3,李虹玉-XNY0271,2026-07-23 16:40:54
13946571473,信息流-小牛-电煮锅-京东主体-代运营-新人福利价-0723-10125368295124-设计自选-625-aigc-2,李虹玉-XNY0271,2026-07-23 16:41:01
13946571614,信息流-小牛-电煮锅-京东主体-代运营-新人福利价-0723-10125368295124-设计自选-625-aigc-4,李虹玉-XNY0271,2026-07-23 16:41:02
13946571963,信息流-小牛-菜板刀具-京东主体-代运营-新人1分钱-0723-10136688642397 -深海货盘-625-1,李虹玉-XNY0271,2026-07-23 16:41:03
13946574049,信息流-小牛-菜板刀具-京东主体-代运营-新人1分钱-0723-10136688642397 -深海货盘-625-2,李虹玉-XNY0271,2026-07-23 16:41:10
13946574119,信息流-小牛-菜板刀具-京东主体-代运营-新人1分钱-0723-10136688642397 -深海货盘-625-3,李虹玉-XNY0271,2026-07-23 16:41:10
13946574599,信息流-小牛-菜板刀具-京东主体-代运营-新人1分钱-0723-10136688642397 -深海货盘-625-4,李虹玉-XNY0271,2026-07-23 16:41:12
13946576127,信息流-小牛-菜板刀具-京东主体-代运营-新人1分钱-0723-10136688642397 -深海货盘-625-5,李虹玉-XNY0271,2026-07-23 16:41:17
13946576356,信息流-小牛-菜板刀具-京东主体-代运营-新人1分钱-0723-10136688642397 -深海货盘-625-6,李虹玉-XNY0271,2026-07-23 16:41:17
13946577572,信息流-小牛-菜板刀具-京东主体-代运营-新人1分钱-0723-10136688642397 -深海货盘-625-8,李虹玉-XNY0271,2026-07-23 16:41:21
13946578364,信息流-小牛-菜板刀具-京东主体-代运营-新人1分钱-0723-10136688642397 -深海货盘-625-7,李虹玉-XNY0271,2026-07-23 16:41:24
13946579027,信息流-小牛-挪车电话牌-京东主体-代运营-新人1分钱起-0723-10153995585950-深海货盘-625-2,李虹玉-XNY0271,2026-07-23 16:41:26
13946579762,信息流-小牛-挪车电话牌-京东主体-代运营-新人1分钱起-0723-10153995585950-深海货盘-625-1,李虹玉-XNY0271,2026-07-23 16:41:28
13946579854,信息流-小牛-挪车电话牌-京东主体-代运营-新人1分钱起-0723-10153995585950-深海货盘-625-3,李虹玉-XNY0271,2026-07-23 16:41:28
13946581008,信息流-小牛-挪车电话牌-京东主体-代运营-新人1分钱起-0723-10153995585950-深海货盘-625-4,李虹玉-XNY0271,2026-07-23 16:41:33
13946584622,信息流-小牛-电煮锅-京东主体-代运营-新人福利价-0723-10125368295124-设计自选-625-aigc-6,李虹玉-XNY0271,2026-07-23 16:41:44
13946585534,信息流-小牛-挪车电话牌-京东主体-代运营-新人1分钱起-0723-10153995585950-深海货盘-625-5,李虹玉-XNY0271,2026-07-23 16:41:47
13946585562,信息流-小牛-电煮锅-京东主体-代运营-新人福利价-0723-10125368295124-设计自选-625-aigc-5,李虹玉-XNY0271,2026-07-23 16:41:47
13946589615,信息流-小牛-电煮锅-京东主体-代运营-新人福利价-0723-10125368295124-设计自选-625-aigc-7,李虹玉-XNY0271,2026-07-23 16:42:02
13946589828,信息流-小牛-电煮锅-京东主体-代运营-新人福利价-0723-10125368295124-设计自选-625-aigc-8,李虹玉-XNY0271,2026-07-23 16:42:03
13946590312,信息流-小牛-电煮锅-京东主体-代运营-新人福利价-0723-10125368295124-设计自选-625-aigc-9,李虹玉-XNY0271,2026-07-23 16:42:05
13946593025,信息流-小牛-电煮锅-京东主体-代运营-新人福利价-0723-10125368295124-设计自选-625-aigc-12,李虹玉-XNY0271,2026-07-23 16:42:13
13946594215,信息流-小牛-电煮锅-京东主体-代运营-新人福利价-0723-10125368295124-设计自选-625-aigc-10,李虹玉-XNY0271,2026-07-23 16:42:17
13946598338,信息流-小牛-电煮锅-京东主体-代运营-新人福利价-0723-10125368295124-设计自选-625-aigc-1,李虹玉-XNY0271,2026-07-23 16:42:31
13946598702,信息流-小牛-挪车电话牌-京东主体-代运营-新人福利价-0723-10153995585950-深海货盘-625-aigc-3,李虹玉-XNY0271,2026-07-23 16:42:32
13946598909,信息流-小牛-电煮锅-京东主体-代运营-新人福利价-0723-10125368295124-设计自选-625-aigc-11,李虹玉-XNY0271,2026-07-23 16:42:33
13946602422,信息流-小牛-挪车电话牌-京东主体-代运营-新人福利价-0723-10153995585950-深海货盘-625-aigc-4,李虹玉-XNY0271,2026-07-23 16:42:44
13946604113,信息流-小牛-挪车电话牌-京东主体-代运营-新人福利价-0723-10153995585950-深海货盘-625-aigc-6,李虹玉-XNY0271,2026-07-23 16:42:50
13946606304,信息流-小牛-挪车电话牌-京东主体-代运营-新人福利价-0723-10153995585950-深海货盘-625-aigc-5,李虹玉-XNY0271,2026-07-23 16:42:58
13946606527,信息流-小牛-挪车电话牌-京东主体-代运营-新人福利价-0723-10153995585950-深海货盘-625-aigc-8,李虹玉-XNY0271,2026-07-23 16:42:58
13946606935,信息流-小牛-挪车电话牌-京东主体-代运营-新人福利价-0723-10153995585950-深海货盘-625-aigc-7,李虹玉-XNY0271,2026-07-23 16:43:00
13946610799,信息流-小牛-挪车电话牌-京东主体-代运营-新人福利价-0723-10153995585950-深海货盘-625-aigc-10,李虹玉-XNY0271,2026-07-23 16:43:13
13946612072,信息流-小牛-挪车电话牌-京东主体-代运营-新人福利价-0723-10153995585950-深海货盘-625-aigc-9,李虹玉-XNY0271,2026-07-23 16:43:18
13946612928,信息流-小牛-挪车电话牌-京东主体-代运营-新人福利价-0723-10153995585950-深海货盘-625-aigc-11,李虹玉-XNY0271,2026-07-23 16:43:21
13946617772,信息流-小牛-挪车电话牌-京东主体-代运营-新人福利价-0723-10153995585950-深海货盘-625-aigc-1,李虹玉-XNY0271,2026-07-23 16:43:36
13946618215,信息流-小牛-挪车电话牌-京东主体-代运营-新人福利价-0723-10153995585950-深海货盘-625-aigc-12,李虹玉-XNY0271,2026-07-23 16:43:38
13946621196,信息流-小牛-挪车电话牌-京东主体-代运营-新人福利价-0723-10153995585950-深海货盘-625-aigc-2,李虹玉-XNY0271,2026-07-23 16:43:48
13946621279,信息流-小牛-菜板刀具-京东主体-代运营-新人福利价-0723-10136688642397 -深海货盘-625-aigc-3,李虹玉-XNY0271,2026-07-23 16:43:48
13946621835,信息流-小牛-菜板刀具-京东主体-代运营-新人福利价-0723-10136688642397 -深海货盘-625-aigc-2,李虹玉-XNY0271,2026-07-23 16:43:50
13946627159,信息流-小牛-菜板刀具-京东主体-代运营-新人福利价-0723-10136688642397 -深海货盘-625-aigc-6,李虹玉-XNY0271,2026-07-23 16:44:08
13946627715,信息流-小牛-菜板刀具-京东主体-代运营-新人福利价-0723-10136688642397 -深海货盘-625-aigc-5,李虹玉-XNY0271,2026-07-23 16:44:10
13946627831,信息流-小牛-菜板刀具-京东主体-代运营-新人福利价-0723-10136688642397 -深海货盘-625-aigc-4,李虹玉-XNY0271,2026-07-23 16:44:10
13946633090,信息流-小牛-菜板刀具-京东主体-代运营-新人福利价-0723-10136688642397 -深海货盘-625-aigc-9,李虹玉-XNY0271,2026-07-23 16:44:26
13946634723,信息流-小牛-菜板刀具-京东主体-代运营-新人福利价-0723-10136688642397 -深海货盘-625-aigc-8,李虹玉-XNY0271,2026-07-23 16:44:31
13946634869,信息流-小牛-菜板刀具-京东主体-代运营-新人福利价-0723-10136688642397 -深海货盘-625-aigc-7,李虹玉-XNY0271,2026-07-23 16:44:31
13946637538,信息流-小牛-菜板刀具-京东主体-代运营-新人福利价-0723-10136688642397 -深海货盘-625-aigc-10,李虹玉-XNY0271,2026-07-23 16:44:40
13946639100,信息流-小牛-菜板刀具-京东主体-代运营-新人福利价-0723-10136688642397 -深海货盘-625-aigc-1,李虹玉-XNY0271,2026-07-23 16:44:45
13957178306,信息流-小牛-保温饭盒-三方主体-代运营-新人福利价-0724-10125420247464-大盘扒改-625-4,李虹玉-XNY0271,2026-07-24 14:49:44
13957181664,信息流-小牛-保温饭盒-三方主体-代运营-新人福利价-0724-10125420247464-大盘扒改-625-3,李虹玉-XNY0271,2026-07-24 14:49:56
13957182224,信息流-小牛-保温饭盒-三方主体-代运营-新人福利价-0724-10125420247464-大盘扒改-625-1,李虹玉-XNY0271,2026-07-24 14:49:57
13957182419,信息流-小牛-保温饭盒-三方主体-代运营-新人福利价-0724-10125420247464-大盘扒改-625-2,李虹玉-XNY0271,2026-07-24 14:49:58
13957187182,信息流-小牛-独头蒜-三方主体-代运营-新人福利价-0724-10209805116351-大盘扒改-625-2,李虹玉-XNY0271,2026-07-24 14:50:13
13957187571,信息流-小牛-拼豆-三方主体-代运营-新人福利价-0724-10191018980880-大盘扒改-625-1,李虹玉-XNY0271,2026-07-24 14:50:15
13957187981,信息流-小牛-拼豆-三方主体-代运营-新人福利价-0724-10191018980880-大盘扒改-625-2,李虹玉-XNY0271,2026-07-24 14:50:16
13957190022,信息流-小牛-独头蒜-三方主体-代运营-新人福利价-0724-10209805116351-大盘扒改-625-4,李虹玉-XNY0271,2026-07-24 14:50:23
13957191549,信息流-小牛-独头蒜-三方主体-代运营-新人福利价-0724-10209805116351-大盘扒改-625-3,李虹玉-XNY0271,2026-07-24 14:50:28
13957192822,信息流-小牛-独头蒜-三方主体-代运营-新人福利价-0724-10209805116351-大盘扒改-625-1,李虹玉-XNY0271,2026-07-24 14:50:32
13957193263,信息流-小牛-无骨鸡爪-三方主体-代运营-新人福利价-0724-10181243448351-大盘扒改-625-2,李虹玉-XNY0271,2026-07-24 14:50:33
13957194157,信息流-小牛-无骨鸡爪-三方主体-代运营-新人福利价-0724-10181243448351-大盘扒改-625-3,李虹玉-XNY0271,2026-07-24 14:50:36
13957196651,信息流-小牛-无骨鸡爪-三方主体-代运营-新人福利价-0724-10181243448351-大盘扒改-625-4,李虹玉-XNY0271,2026-07-24 14:50:45
13957197484,信息流-小牛-无骨鸡爪-三方主体-代运营-新人福利价-0724-10181243448351-大盘扒改-625-6,李虹玉-XNY0271,2026-07-24 14:50:48
13957197513,信息流-小牛-无骨鸡爪-三方主体-代运营-新人福利价-0724-10181243448351-大盘扒改-625-5,李虹玉-XNY0271,2026-07-24 14:50:48
13957199370,信息流-小牛-无骨鸡爪-三方主体-代运营-新人福利价-0724-10181243448351-大盘扒改-625-7,李虹玉-XNY0271,2026-07-24 14:50:54
13957199390,信息流-小牛-无骨鸡爪-三方主体-代运营-新人福利价-0724-10181243448351-大盘扒改-625-8,李虹玉-XNY0271,2026-07-24 14:50:54
13957201211,信息流-小牛-无骨鸡爪-三方主体-代运营-新人福利价-0724-10181243448351-大盘扒改-625-10,李虹玉-XNY0271,2026-07-24 14:51:00
13957201698,信息流-小牛-无骨鸡爪-三方主体-代运营-新人福利价-0724-10181243448351-大盘扒改-625-9,李虹玉-XNY0271,2026-07-24 14:51:02
13957203343,信息流-小牛-无骨鸡爪-三方主体-代运营-新人福利价-0724-10181243448351-大盘扒改-625-11,李虹玉-XNY0271,2026-07-24 14:51:08
13957204347,信息流-小牛-无骨鸡爪-三方主体-代运营-新人福利价-0724-10181243448351-大盘扒改-625-1,李虹玉-XNY0271,2026-07-24 14:51:12
13957204480,信息流-小牛-无骨鸡爪-三方主体-代运营-新人福利价-0724-10181243448351-大盘扒改-625-12,李虹玉-XNY0271,2026-07-24 14:51:12
13960062716,信息流-小牛-卷纸-三方主体-代运营-新人福利价-0724-10112037969337 -历史爆品-625-2,李虹玉-XNY0271,2026-07-24 17:30:08
13960063440,信息流-小牛-卷纸-三方主体-代运营-新人福利价-0724-10112037969337 -历史爆品-625-3,李虹玉-XNY0271,2026-07-24 17:30:10
13960064086,信息流-小牛-卷纸-三方主体-代运营-新人福利价-0724-10112037969337 -历史爆品-625-1,李虹玉-XNY0271,2026-07-24 17:30:13
13960064261,信息流-小牛-卷纸-三方主体-代运营-新人福利价-0724-10112037969337 -历史爆品-625-4,李虹玉-XNY0271,2026-07-24 17:30:13
13960064686,信息流-小牛-卷纸-三方主体-代运营-新人福利价-0724-10112037969337 -历史爆品-625-5,李虹玉-XNY0271,2026-07-24 17:30:14
13960065367,信息流-小牛-卷纸-三方主体-代运营-新人福利价-0724-10112037969337 -历史爆品-625-7,李虹玉-XNY0271,2026-07-24 17:30:17
13960065906,信息流-小牛-卷纸-三方主体-代运营-新人福利价-0724-10112037969337 -历史爆品-625-8,李虹玉-XNY0271,2026-07-24 17:30:19
13960066616,信息流-小牛-卷纸-三方主体-代运营-新人福利价-0724-10112037969337 -历史爆品-625-9,李虹玉-XNY0271,2026-07-24 17:30:21
13960066702,信息流-小牛-卷纸-三方主体-代运营-新人福利价-0724-10112037969337 -历史爆品-625-6,李虹玉-XNY0271,2026-07-24 17:30:21
13960067514,信息流-小牛-卷纸-三方主体-代运营-新人福利价-0724-10112037969337 -历史爆品-625-10,李虹玉-XNY0271,2026-07-24 17:30:24
13960068141,信息流-小牛-平板支架-三方主体-代运营-新人福利价-0724-10191489644462 -历史爆品-625-1,李虹玉-XNY0271,2026-07-24 17:30:26
13960068148,信息流-小牛-平板支架-三方主体-代运营-新人福利价-0724-10191489644462 -历史爆品-625-2,李虹玉-XNY0271,2026-07-24 17:30:26
13960069084,信息流-小牛-平板支架-三方主体-代运营-新人福利价-0724-10191489644462 -历史爆品-625-3,李虹玉-XNY0271,2026-07-24 17:30:29
13960069875,信息流-小牛-平板支架-三方主体-代运营-新人福利价-0724-10191489644462 -历史爆品-625-4,李虹玉-XNY0271,2026-07-24 17:30:31
13960070247,信息流-小牛-平板支架-三方主体-代运营-新人福利价-0724-10191489644462 -历史爆品-625-5,李虹玉-XNY0271,2026-07-24 17:30:32
13960070714,信息流-小牛-平板支架-三方主体-代运营-新人福利价-0724-10191489644462 -历史爆品-625-6,李虹玉-XNY0271,2026-07-24 17:30:34
13960071581,信息流-小牛-平板支架-三方主体-代运营-新人福利价-0724-10191489644462 -历史爆品-625-7,李虹玉-XNY0271,2026-07-24 17:30:37
13960071890,信息流-小牛-平板支架-三方主体-代运营-新人福利价-0724-10191489644462 -历史爆品-625-8,李虹玉-XNY0271,2026-07-24 17:30:38
13960072056,信息流-小牛-平板支架-三方主体-代运营-新人福利价-0724-10191489644462 -历史爆品-625-9,李虹玉-XNY0271,2026-07-24 17:30:39
13960072957,信息流-小牛-平板支架-三方主体-代运营-新人福利价-0724-10191489644462 -历史爆品-625-10,李虹玉-XNY0271,2026-07-24 17:30:42
13960073400,信息流-小牛-零食-三方主体-代运营-新人福利价-0724-100130639629 -历史爆品-625-2,李虹玉-XNY0271,2026-07-24 17:30:43
13960074195,信息流-小牛-零食-三方主体-代运营-新人福利价-0724-100130639629 -历史爆品-625-1,李虹玉-XNY0271,2026-07-24 17:30:45
13960074720,信息流-小牛-零食-三方主体-代运营-新人福利价-0724-100130639629 -历史爆品-625-3,李虹玉-XNY0271,2026-07-24 17:30:47
13960074835,信息流-小牛-零食-三方主体-代运营-新人福利价-0724-100130639629 -历史爆品-625-4,李虹玉-XNY0271,2026-07-24 17:30:47
13960076047,信息流-小牛-零食-三方主体-代运营-新人福利价-0724-100130639629 -历史爆品-625-5,李虹玉-XNY0271,2026-07-24 17:30:52
13960076563,信息流-小牛-零食-三方主体-代运营-新人福利价-0724-100130639629 -历史爆品-625-6,李虹玉-XNY0271,2026-07-24 17:30:53
13960077139,信息流-小牛-零食-三方主体-代运营-新人福利价-0724-100130639629 -历史爆品-625-8,李虹玉-XNY0271,2026-07-24 17:30:55
13960077659,信息流-小牛-零食-三方主体-代运营-新人福利价-0724-100130639629 -历史爆品-625-9,李虹玉-XNY0271,2026-07-24 17:30:57
13960077873,信息流-小牛-零食-三方主体-代运营-新人福利价-0724-100130639629 -历史爆品-625-7,李虹玉-XNY0271,2026-07-24 17:30:57
13960078698,信息流-小牛-零食-三方主体-代运营-新人福利价-0724-100130639629 -历史爆品-625-10,李虹玉-XNY0271,2026-07-24 17:31:00
13960079594,信息流-小牛-零食-三方主体-代运营-新人福利价-0724-100130639629 -历史爆品-625-11,李虹玉-XNY0271,2026-07-24 17:31:02
13960080735,信息流-小牛-抽纸-三方主体-代运营-新人福利价-0724-10105196309536 -历史爆品-625-1,李虹玉-XNY0271,2026-07-24 17:31:06
13960081370,信息流-小牛-抽纸-三方主体-代运营-新人福利价-0724-10105196309536 -历史爆品-625-3,李虹玉-XNY0271,2026-07-24 17:31:08
13960081543,信息流-小牛-抽纸-三方主体-代运营-新人福利价-0724-10105196309536 -历史爆品-625-2,李虹玉-XNY0271,2026-07-24 17:31:08
13960082328,信息流-小牛-抽纸-三方主体-代运营-新人福利价-0724-10105196309536 -历史爆品-625-4,李虹玉-XNY0271,2026-07-24 17:31:11
13960083009,信息流-小牛-抽纸-三方主体-代运营-新人福利价-0724-10105196309536 -历史爆品-625-6,李虹玉-XNY0271,2026-07-24 17:31:13
13960083584,信息流-小牛-抽纸-三方主体-代运营-新人福利价-0724-10105196309536 -历史爆品-625-5,李虹玉-XNY0271,2026-07-24 17:31:15
13960084261,信息流-小牛-抽纸-三方主体-代运营-新人福利价-0724-10105196309536 -历史爆品-625-7,李虹玉-XNY0271,2026-07-24 17:31:17
13960084356,信息流-小牛-抽纸-三方主体-代运营-新人福利价-0724-10105196309536 -历史爆品-625-8,李虹玉-XNY0271,2026-07-24 17:31:17
13960085419,信息流-小牛-抽纸-三方主体-代运营-新人福利价-0724-10105196309536 -历史爆品-625-9,李虹玉-XNY0271,2026-07-24 17:31:20
13960086134,信息流-小牛-抽纸-三方主体-代运营-新人福利价-0724-10105196309536 -历史爆品-625-10,李虹玉-XNY0271,2026-07-24 17:31:23
13982108858,信息流-小牛-圆环衣架-京东主体-代运营-新人福利价-0727-10190005213468-京东-625-2,李虹玉-XNY0271,2026-07-27 15:52:48
13982109030,信息流-小牛-圆环衣架-京东主体-代运营-新人福利价-0727-10190005213468-京东-625-4,李虹玉-XNY0271,2026-07-27 15:52:49
13982109192,信息流-小牛-圆环衣架-京东主体-代运营-新人福利价-0727-10190005213468-京东-625-3,李虹玉-XNY0271,2026-07-27 15:52:50
13982109843,信息流-小牛-圆环衣架-京东主体-代运营-新人福利价-0727-10190005213468-京东-625-5,李虹玉-XNY0271,2026-07-27 15:52:52
13982110248,信息流-小牛-圆环衣架-京东主体-代运营-新人福利价-0727-10190005213468-京东-625-7,李虹玉-XNY0271,2026-07-27 15:52:53
13982110858,信息流-小牛-圆环衣架-京东主体-代运营-新人福利价-0727-10190005213468-京东-625-1,李虹玉-XNY0271,2026-07-27 15:52:56
13982111240,信息流-小牛-黄冰糖-京东主体-代运营-新人福利价-0727-10170002210388-京东-625-2,李虹玉-XNY0271,2026-07-27 15:52:57
13982111382,信息流-小牛-圆环衣架-京东主体-代运营-新人福利价-0727-10190005213468-京东-625-6,李虹玉-XNY0271,2026-07-27 15:52:57
13982111919,信息流-小牛-黄冰糖-京东主体-代运营-新人福利价-0727-10170002210388-京东-625-3,李虹玉-XNY0271,2026-07-27 15:52:59
13982112217,信息流-小牛-黄冰糖-京东主体-代运营-新人福利价-0727-10170002210388-京东-625-4,李虹玉-XNY0271,2026-07-27 15:53:00
13982112225,信息流-小牛-黄冰糖-京东主体-代运营-新人福利价-0727-10170002210388-京东-625-5,李虹玉-XNY0271,2026-07-27 15:53:00
13982112813,信息流-小牛-黄冰糖-京东主体-代运营-新人福利价-0727-10170002210388-京东-625-6,李虹玉-XNY0271,2026-07-27 15:53:03
13982113334,信息流-小牛-黄冰糖-京东主体-代运营-新人福利价-0727-10170002210388-京东-625-1,李虹玉-XNY0271,2026-07-27 15:53:04
13982113475,信息流-小牛-黄冰糖-京东主体-代运营-新人福利价-0727-10170002210388-京东-625-7,李虹玉-XNY0271,2026-07-27 15:53:04
13982115157,信息流-小牛-泼油小锅-京东主体-代运营-新人福利价-0727-10112220437348 -设计自选-625-aigc-7,李虹玉-XNY0271,2026-07-27 15:53:10
13982115682,信息流-小牛-泼油小锅-京东主体-代运营-新人福利价-0727-10112220437348 -设计自选-625-aigc-5,李虹玉-XNY0271,2026-07-27 15:53:12
13982116262,信息流-小牛-泼油小锅-京东主体-代运营-新人福利价-0727-10112220437348 -设计自选-625-aigc-6,李虹玉-XNY0271,2026-07-27 15:53:14
13982116565,信息流-小牛-泼油小锅-京东主体-代运营-新人福利价-0727-10112220437348 -设计自选-625-aigc-8,李虹玉-XNY0271,2026-07-27 15:53:15
13982117725,信息流-小牛-泼油小锅-京东主体-代运营-新人福利价-0727-10112220437348 -设计自选-625-aigc-9,李虹玉-XNY0271,2026-07-27 15:53:19
13982118686,信息流-小牛-泼油小锅-京东主体-代运营-新人福利价-0727-10112220437348 -设计自选-625-aigc-10,李虹玉-XNY0271,2026-07-27 15:53:22
13982119504,信息流-小牛-泼油小锅-京东主体-代运营-新人福利价-0727-10112220437348 -设计自选-625-aigc-12,李虹玉-XNY0271,2026-07-27 15:53:25
13982119822,信息流-小牛-泼油小锅-京东主体-代运营-新人福利价-0727-10112220437348 -设计自选-625-aigc-13,李虹玉-XNY0271,2026-07-27 15:53:26
13982119979,信息流-小牛-泼油小锅-京东主体-代运营-新人福利价-0727-10112220437348 -设计自选-625-aigc-11,李虹玉-XNY0271,2026-07-27 15:53:26
13982121099,信息流-小牛-泼油小锅-京东主体-代运营-新人福利价-0727-10112220437348 -设计自选-625-aigc-14,李虹玉-XNY0271,2026-07-27 15:53:30
13982121625,信息流-小牛-泼油小锅-京东主体-代运营-新人福利价-0727-10112220437348 -设计自选-625-aigc-1,李虹玉-XNY0271,2026-07-27 15:53:32
13982122146,信息流-小牛-黄冰糖-京东主体-代运营-新人1分钱起-0727-10170002210388-京东-625-2,李虹玉-XNY0271,2026-07-27 15:53:33
13982122656,信息流-小牛-泼油小锅-京东主体-代运营-新人福利价-0727-10112220437348 -设计自选-625-aigc-15,李虹玉-XNY0271,2026-07-27 15:53:35
13982122789,信息流-小牛-黄冰糖-京东主体-代运营-新人1分钱起-0727-10170002210388-京东-625-3,李虹玉-XNY0271,2026-07-27 15:53:36
13982123575,信息流-小牛-黄冰糖-京东主体-代运营-新人1分钱起-0727-10170002210388-京东-625-1,李虹玉-XNY0271,2026-07-27 15:53:38
13982124031,信息流-小牛-圆环衣架-京东主体-代运营-新人1分钱起-0727-10190005213468-京东-625-2,李虹玉-XNY0271,2026-07-27 15:53:40
13982124352,信息流-小牛-圆环衣架-京东主体-代运营-新人1分钱起-0727-10190005213468-京东-625-3,李虹玉-XNY0271,2026-07-27 15:53:41
13982124694,信息流-小牛-圆环衣架-京东主体-代运营-新人1分钱起-0727-10190005213468-京东-625-1,李虹玉-XNY0271,2026-07-27 15:53:42
13982125698,信息流-小牛-泼油小锅-京东主体-代运营-新人福利价-0727-10112220437348 -设计自选-625-aigc-2,李虹玉-XNY0271,2026-07-27 15:53:45
13982126454,信息流-小牛-泼油小锅-京东主体-代运营-新人福利价-0727-10112220437348 -设计自选-625-aigc-3,李虹玉-XNY0271,2026-07-27 15:53:47
13982127064,信息流-小牛-泼油小锅-京东主体-代运营-新人福利价-0727-10112220437348 -设计自选-625-aigc-4,李虹玉-XNY0271,2026-07-27 15:53:49
13987043639,信息流-小牛-玉米-京东主体-代运营-新人1分钱-0727-10128655448992-实时爆品表-625-8,李虹玉-XNY0271,2026-07-27 22:38:53
13987043883,信息流-小牛-玉米-京东主体-代运营-新人1分钱-0727-10128655448992-实时爆品表-625-9,李虹玉-XNY0271,2026-07-27 22:38:57
13987043990,信息流-小牛-玉米-京东主体-代运营-新人1分钱-0727-10128655448992-实时爆品表-625-10,李虹玉-XNY0271,2026-07-27 22:38:59
13987044168,信息流-小牛-玉米-京东主体-代运营-新人1分钱-0727-10128655448992-实时爆品表-625-2,李虹玉-XNY0271,2026-07-27 22:39:03
13987044401,信息流-小牛-玉米-京东主体-代运营-新人1分钱-0727-10128655448992-实时爆品表-625-3,李虹玉-XNY0271,2026-07-27 22:39:07
13987044455,信息流-小牛-玉米-京东主体-代运营-新人1分钱-0727-10128655448992-实时爆品表-625-1,李虹玉-XNY0271,2026-07-27 22:39:08
13987044754,信息流-小牛-玉米-京东主体-代运营-新人1分钱-0727-10128655448992-实时爆品表-625-4,李虹玉-XNY0271,2026-07-27 22:39:12
13987044942,信息流-小牛-玉米-京东主体-代运营-新人1分钱-0727-10128655448992-实时爆品表-625-5,李虹玉-XNY0271,2026-07-27 22:39:15
13987045133,信息流-小牛-玉米-京东主体-代运营-新人1分钱-0727-10128655448992-实时爆品表-625-7,李虹玉-XNY0271,2026-07-27 22:39:19
13987045246,信息流-小牛-玉米-京东主体-代运营-新人1分钱-0727-10128655448992-实时爆品表-625-6,李虹玉-XNY0271,2026-07-27 22:39:22
13988857204,CH-SC-低活-10166301474826-超级抢购-厨具-无-剪辑-转化引导-厨具-20260717-无-625-aigc-6,李虹玉-XNY0271,2026-07-28 10:04:22
13988857657,CH-SC-低活-10166301474826-超级抢购-厨具-无-剪辑-转化引导-厨具-20260717-无-625-aigc-7,李虹玉-XNY0271,2026-07-28 10:04:23
13988857731,CH-SC-低活-10166301474826-超级抢购-厨具-无-剪辑-转化引导-厨具-20260717-无-625-aigc-8,李虹玉-XNY0271,2026-07-28 10:04:23
13988859569,CH-SC-低活-10166301474826-超级抢购-厨具-无-剪辑-转化引导-厨具-20260717-无-625-aigc-9,李虹玉-XNY0271,2026-07-28 10:04:29
13988860103,CH-SC-低活-10166301474826-超级抢购-厨具-无-剪辑-转化引导-厨具-20260717-无-625-aigc-1,李虹玉-XNY0271,2026-07-28 10:04:31
13988861358,CH-SC-低活-10166301474826-超级抢购-厨具-无-剪辑-转化引导-厨具-20260717-无-625-aigc-10,李虹玉-XNY0271,2026-07-28 10:04:35
13988861688,CH-SC-低活-10166301474826-超级抢购-厨具-无-剪辑-转化引导-厨具-20260717-无-625-aigc-2,李虹玉-XNY0271,2026-07-28 10:04:36
13988863305,CH-SC-低活-10166301474826-超级抢购-厨具-无-剪辑-转化引导-厨具-20260717-无-625-aigc-4,李虹玉-XNY0271,2026-07-28 10:04:40
13988863715,CH-SC-低活-10166301474826-超级抢购-厨具-无-剪辑-转化引导-厨具-20260717-无-625-aigc-3,李虹玉-XNY0271,2026-07-28 10:04:41
13988863797,CH-SC-低活-10166301474826-超级抢购-厨具-无-剪辑-转化引导-厨具-20260717-无-625-aigc-5,李虹玉-XNY0271,2026-07-28 10:04:42
13988864915,CH-SC-低活-10215942866628-超级抢购-手机通讯-无-剪辑-转化引导-手机通讯-20260717-无-625-aigc-3,李虹玉-XNY0271,2026-07-28 10:04:44
13988865747,CH-SC-低活-10215942866628-超级抢购-手机通讯-无-剪辑-转化引导-手机通讯-20260717-无-625-aigc-5,李虹玉-XNY0271,2026-07-28 10:04:47
13988865919,CH-SC-低活-10215942866628-超级抢购-手机通讯-无-剪辑-转化引导-手机通讯-20260717-无-625-aigc-4,李虹玉-XNY0271,2026-07-28 10:04:47
13988866814,CH-SC-低活-10215942866628-超级抢购-手机通讯-无-剪辑-转化引导-手机通讯-20260717-无-625-aigc-6,李虹玉-XNY0271,2026-07-28 10:04:49
13988867668,CH-SC-低活-10215942866628-超级抢购-手机通讯-无-剪辑-转化引导-手机通讯-20260717-无-625-aigc-7,李虹玉-XNY0271,2026-07-28 10:04:52
13988868450,CH-SC-低活-10215942866628-超级抢购-手机通讯-无-剪辑-转化引导-手机通讯-20260717-无-625-aigc-8,李虹玉-XNY0271,2026-07-28 10:04:53
13988868734,CH-SC-低活-10215942866628-超级抢购-手机通讯-无-剪辑-转化引导-手机通讯-20260717-无-625-aigc-9,李虹玉-XNY0271,2026-07-28 10:04:54
13988869661,CH-SC-低活-10215942866628-超级抢购-手机通讯-无-剪辑-转化引导-手机通讯-20260717-无-625-aigc-10,李虹玉-XNY0271,2026-07-28 10:04:56
13988870619,CH-SC-低活-10215942866628-超级抢购-手机通讯-无-剪辑-转化引导-手机通讯-20260717-无-625-aigc-12,李虹玉-XNY0271,2026-07-28 10:04:58
13988871543,CH-SC-低活-10215942866628-超级抢购-手机通讯-无-剪辑-转化引导-手机通讯-20260717-无-625-aigc-1,李虹玉-XNY0271,2026-07-28 10:05:00
13988872206,CH-SC-低活-10215942866628-超级抢购-手机通讯-无-剪辑-转化引导-手机通讯-20260717-无-625-aigc-2,李虹玉-XNY0271,2026-07-28 10:05:02
13988872269,CH-SC-低活-10215942866628-超级抢购-手机通讯-无-剪辑-转化引导-手机通讯-20260717-无-625-aigc-11,李虹玉-XNY0271,2026-07-28 10:05:02
13988874068,CH-SC-低活-10217740550325-超级抢购-箱包皮具-无-剪辑-转化引导-箱包皮具-20260720-无-625-aigc-5,李虹玉-XNY0271,2026-07-28 10:05:06
13988874750,CH-SC-低活-10217740550325-超级抢购-箱包皮具-无-剪辑-转化引导-箱包皮具-20260720-无-625-aigc-7,李虹玉-XNY0271,2026-07-28 10:05:07
13988876041,CH-SC-低活-10217740550325-超级抢购-箱包皮具-无-剪辑-转化引导-箱包皮具-20260720-无-625-aigc-8,李虹玉-XNY0271,2026-07-28 10:05:10
13988876662,CH-SC-低活-10217740550325-超级抢购-箱包皮具-无-剪辑-转化引导-箱包皮具-20260720-无-625-aigc-6,李虹玉-XNY0271,2026-07-28 10:05:11
13988876949,CH-SC-低活-10217740550325-超级抢购-箱包皮具-无-剪辑-转化引导-箱包皮具-20260720-无-625-aigc-9,李虹玉-XNY0271,2026-07-28 10:05:12
13988879114,CH-SC-低活-10217740550325-超级抢购-箱包皮具-无-剪辑-转化引导-箱包皮具-20260720-无-625-aigc-1,李虹玉-XNY0271,2026-07-28 10:05:17
13988879981,CH-SC-低活-10217740550325-超级抢购-箱包皮具-无-剪辑-转化引导-箱包皮具-20260720-无-625-aigc-10,李虹玉-XNY0271,2026-07-28 10:05:19
13988881818,CH-SC-低活-10217740550325-超级抢购-箱包皮具-无-剪辑-转化引导-箱包皮具-20260720-无-625-aigc-2,李虹玉-XNY0271,2026-07-28 10:05:23
13988882880,CH-SC-低活-10217740550325-超级抢购-箱包皮具-无-剪辑-转化引导-箱包皮具-20260720-无-625-aigc-3,李虹玉-XNY0271,2026-07-28 10:05:25
13988883388,CH-SC-低活-10217740550325-超级抢购-箱包皮具-无-剪辑-转化引导-箱包皮具-20260720-无-625-aigc-4,李虹玉-XNY0271,2026-07-28 10:05:27
13989048677,CH-SC-广义新-10209805116351-新综合频道-生鲜-京喜拉新-剪辑-转化引导-生鲜-20260722-无-625-2,李虹玉-XNY0271,2026-07-28 10:13:13
13989049447,CH-SC-广义新-10209805116351-新综合频道-生鲜-京喜拉新-剪辑-转化引导-生鲜-20260722-无-625-4,李虹玉-XNY0271,2026-07-28 10:13:15
13989049998,CH-SC-广义新-10209805116351-新综合频道-生鲜-京喜拉新-剪辑-转化引导-生鲜-20260722-无-625-3,李虹玉-XNY0271,2026-07-28 10:13:17
13989050044,CH-SC-广义新-10209805116351-新综合频道-生鲜-京喜拉新-剪辑-转化引导-生鲜-20260722-无-625-5,李虹玉-XNY0271,2026-07-28 10:13:17
13989050716,CH-SC-广义新-10112824783788-新综合频道-汽车用品-京喜拉新-剪辑-转化引导-汽车用品-20260722-无-625-1,李虹玉-XNY0271,2026-07-28 10:13:19
13989051656,CH-SC-广义新-10112824783788-新综合频道-汽车用品-京喜拉新-剪辑-转化引导-汽车用品-20260722-无-625-2,李虹玉-XNY0271,2026-07-28 10:13:22
13989051815,CH-SC-广义新-10112824783788-新综合频道-汽车用品-京喜拉新-剪辑-转化引导-汽车用品-20260722-无-625-3,李虹玉-XNY0271,2026-07-28 10:13:22
13989052201,CH-SC-广义新-10112824783788-新综合频道-汽车用品-京喜拉新-剪辑-转化引导-汽车用品-20260722-无-625-4,李虹玉-XNY0271,2026-07-28 10:13:23
13989052939,CH-SC-广义新-10112824783788-新综合频道-汽车用品-京喜拉新-剪辑-转化引导-汽车用品-20260722-无-625-5,李虹玉-XNY0271,2026-07-28 10:13:26
13989053249,CH-SC-广义新-10112824783788-新综合频道-汽车用品-京喜拉新-剪辑-转化引导-汽车用品-20260722-无-625-6,李虹玉-XNY0271,2026-07-28 10:13:27
13989054319,CH-SC-广义新-10112824783788-新综合频道-汽车用品-京喜拉新-剪辑-转化引导-汽车用品-20260722-无-625-8,李虹玉-XNY0271,2026-07-28 10:13:31
13989055105,CH-SC-广义新-10112824783788-新综合频道-汽车用品-京喜拉新-剪辑-转化引导-汽车用品-20260722-无-625-9,李虹玉-XNY0271,2026-07-28 10:13:34
13989055242,CH-SC-广义新-10112824783788-新综合频道-汽车用品-京喜拉新-剪辑-转化引导-汽车用品-20260722-无-625-10,李虹玉-XNY0271,2026-07-28 10:13:34
13989055246,CH-SC-广义新-10112824783788-新综合频道-汽车用品-京喜拉新-剪辑-转化引导-汽车用品-20260722-无-625-7,李虹玉-XNY0271,2026-07-28 10:13:34
13989056814,CH-SC-广义新-10112824783788-新综合频道-汽车用品-京喜拉新-剪辑-转化引导-汽车用品-20260722-无-625-11,李虹玉-XNY0271,2026-07-28 10:13:39
13989057242,CH-SC-广义新-10209805116351-新综合频道-生鲜-京喜拉新-剪辑-转化引导-生鲜-20260722-无-625-6,李虹玉-XNY0271,2026-07-28 10:13:40
13989057634,CH-SC-广义新-10112824783788-新综合频道-汽车用品-京喜拉新-剪辑-转化引导-汽车用品-20260722-无-625-12,李虹玉-XNY0271,2026-07-28 10:13:42
13989061488,CH-SC-广义新-10100644668875-新综合频道-汽车用品-京喜拉新-剪辑-转化引导-汽车用品-20260723-无-625-aigc-2,李虹玉-XNY0271,2026-07-28 10:13:53
13989061650,CH-SC-广义新-10100644668875-新综合频道-汽车用品-京喜拉新-剪辑-转化引导-汽车用品-20260723-无-625-aigc-3,李虹玉-XNY0271,2026-07-28 10:13:53
13989062475,CH-SC-广义新-10100644668875-新综合频道-汽车用品-京喜拉新-剪辑-转化引导-汽车用品-20260723-无-625-aigc-4,李虹玉-XNY0271,2026-07-28 10:13:56
13989065904,CH-SC-广义新-10100644668875-新综合频道-汽车用品-京喜拉新-剪辑-转化引导-汽车用品-20260723-无-625-aigc-5,李虹玉-XNY0271,2026-07-28 10:14:07
13989066355,CH-SC-广义新-10100644668875-新综合频道-汽车用品-京喜拉新-剪辑-转化引导-汽车用品-20260723-无-625-aigc-6,李虹玉-XNY0271,2026-07-28 10:14:09
13989066870,CH-SC-广义新-10100644668875-新综合频道-汽车用品-京喜拉新-剪辑-转化引导-汽车用品-20260723-无-625-aigc-7,李虹玉-XNY0271,2026-07-28 10:14:10
13989071875,CH-SC-广义新-10100644668875-新综合频道-汽车用品-京喜拉新-剪辑-转化引导-汽车用品-20260723-无-625-aigc-8,李虹玉-XNY0271,2026-07-28 10:14:24
13989072371,CH-SC-广义新-10100644668875-新综合频道-汽车用品-京喜拉新-剪辑-转化引导-汽车用品-20260723-无-625-aigc-9,李虹玉-XNY0271,2026-07-28 10:14:25
13989072775,CH-SC-广义新-10100644668875-新综合频道-汽车用品-京喜拉新-剪辑-转化引导-汽车用品-20260723-无-625-aigc-10,李虹玉-XNY0271,2026-07-28 10:14:26
13989076075,CH-SC-广义新-10100644668875-新综合频道-汽车用品-京喜拉新-剪辑-转化引导-汽车用品-20260723-无-625-aigc-1,李虹玉-XNY0271,2026-07-28 10:14:36
13989076680,CH-SC-广义新-10100644668875-新综合频道-汽车用品-京喜拉新-剪辑-转化引导-汽车用品-20260723-无-625-aigc-11,李虹玉-XNY0271,2026-07-28 10:14:38
13989077405,CH-SC-广义新-10100644668875-新综合频道-汽车用品-京喜拉新-剪辑-转化引导-汽车用品-20260723-无-625-aigc-12,李虹玉-XNY0271,2026-07-28 10:14:40
13989077490,CH-SC-广义新-10209805116351-新综合频道-生鲜-京喜拉新-剪辑-转化引导-生鲜-20260722-无-625-7,李虹玉-XNY0271,2026-07-28 10:14:40
13989078939,CH-SC-广义新-10209805116351-新综合频道-生鲜-京喜拉新-剪辑-转化引导-生鲜-20260722-无-625-8,李虹玉-XNY0271,2026-07-28 10:14:44
13989079404,CH-SC-广义新-10209805116351-新综合频道-生鲜-京喜拉新-剪辑-转化引导-生鲜-20260722-无-625-10,李虹玉-XNY0271,2026-07-28 10:14:45
13989080198,CH-SC-广义新-10209805116351-新综合频道-生鲜-京喜拉新-剪辑-转化引导-生鲜-20260722-无-625-11,李虹玉-XNY0271,2026-07-28 10:14:48
13989081083,CH-SC-广义新-10209805116351-新综合频道-生鲜-京喜拉新-剪辑-转化引导-生鲜-20260722-无-625-9,李虹玉-XNY0271,2026-07-28 10:14:50
13989081893,CH-SC-广义新-10209805116351-新综合频道-生鲜-京喜拉新-剪辑-转化引导-生鲜-20260722-无-625-12,李虹玉-XNY0271,2026-07-28 10:14:53
13989082815,CH-SC-广义新-10209805116351-新综合频道-生鲜-京喜拉新-剪辑-转化引导-生鲜-20260722-无-625-13,李虹玉-XNY0271,2026-07-28 10:14:56
13989083195,CH-SC-广义新-10209805116351-新综合频道-生鲜-京喜拉新-剪辑-转化引导-生鲜-20260722-无-625-14,李虹玉-XNY0271,2026-07-28 10:14:57
13989089174,CH-SC-广义新-10139440032542-新综合频道-运动户外-京喜拉新-剪辑-转化引导-运动户外-20260723-无-625-4,李虹玉-XNY0271,2026-07-28 10:15:18
13989090140,CH-SC-广义新-10139440032542-新综合频道-运动户外-京喜拉新-剪辑-转化引导-运动户外-20260723-无-625-1,李虹玉-XNY0271,2026-07-28 10:15:20
13989090524,CH-SC-广义新-10139440032542-新综合频道-运动户外-京喜拉新-剪辑-转化引导-运动户外-20260723-无-625-3,李虹玉-XNY0271,2026-07-28 10:15:21
13989093542,CH-SC-广义新-10209805116351-新综合频道-生鲜-京喜拉新-剪辑-转化引导-生鲜-20260722-无-625-16,李虹玉-XNY0271,2026-07-28 10:15:30
13989093669,CH-SC-广义新-10209805116351-新综合频道-生鲜-京喜拉新-剪辑-转化引导-生鲜-20260722-无-625-15,李虹玉-XNY0271,2026-07-28 10:15:30
13989094880,CH-SC-广义新-10139440032542-新综合频道-运动户外-京喜拉新-剪辑-转化引导-运动户外-20260723-无-625-2,李虹玉-XNY0271,2026-07-28 10:15:33
13989097289,CH-SC-广义新-10203801239691-新综合频道-居家布艺-京喜拉新-剪辑-转化引导-居家布艺-20260724-无-625-1,李虹玉-XNY0271,2026-07-28 10:15:40
13989097789,CH-SC-广义新-10203801239691-新综合频道-居家布艺-京喜拉新-剪辑-转化引导-居家布艺-20260724-无-625-2,李虹玉-XNY0271,2026-07-28 10:15:42
13989098198,CH-SC-广义新-10203801239691-新综合频道-居家布艺-京喜拉新-剪辑-转化引导-居家布艺-20260724-无-625-3,李虹玉-XNY0271,2026-07-28 10:15:43
13989100133,CH-SC-广义新-10203801239691-新综合频道-居家布艺-京喜拉新-剪辑-转化引导-居家布艺-20260724-无-625-4,李虹玉-XNY0271,2026-07-28 10:15:49
13989101240,CH-SC-广义新-10203801239691-新综合频道-居家布艺-京喜拉新-剪辑-转化引导-居家布艺-20260724-无-625-5,李虹玉-XNY0271,2026-07-28 10:15:52
13989101711,CH-SC-广义新-10203801239691-新综合频道-居家布艺-京喜拉新-剪辑-转化引导-居家布艺-20260724-无-625-6,李虹玉-XNY0271,2026-07-28 10:15:53
13989103782,CH-SC-广义新-10203801239691-新综合频道-居家布艺-京喜拉新-剪辑-转化引导-居家布艺-20260724-无-625-8,李虹玉-XNY0271,2026-07-28 10:15:59
13989104207,CH-SC-广义新-10203801239691-新综合频道-居家布艺-京喜拉新-剪辑-转化引导-居家布艺-20260724-无-625-9,李虹玉-XNY0271,2026-07-28 10:16:01
13989104707,CH-SC-广义新-10203801239691-新综合频道-居家布艺-京喜拉新-剪辑-转化引导-居家布艺-20260724-无-625-7,李虹玉-XNY0271,2026-07-28 10:16:03
13989105088,CH-SC-广义新-10203801239691-新综合频道-居家布艺-京喜拉新-剪辑-转化引导-居家布艺-20260724-无-625-10,李虹玉-XNY0271,2026-07-28 10:16:04
13989106222,CH-SC-广义新-10203801239691-新综合频道-居家布艺-京喜拉新-剪辑-转化引导-居家布艺-20260724-无-625-11,李虹玉-XNY0271,2026-07-28 10:16:08
13989106741,CH-SC-广义新-10203801239691-新综合频道-居家布艺-京喜拉新-剪辑-转化引导-居家布艺-20260724-无-625-13,李虹玉-XNY0271,2026-07-28 10:16:09
13989107430,CH-SC-广义新-10203801239691-新综合频道-居家布艺-京喜拉新-剪辑-转化引导-居家布艺-20260724-无-625-14,李虹玉-XNY0271,2026-07-28 10:16:12
13989108606,CH-SC-广义新-10203801239691-新综合频道-居家布艺-京喜拉新-剪辑-转化引导-居家布艺-20260724-无-625-16,李虹玉-XNY0271,2026-07-28 10:16:15
13989108726,CH-SC-广义新-10203801239691-新综合频道-居家布艺-京喜拉新-剪辑-转化引导-居家布艺-20260724-无-625-15,李虹玉-XNY0271,2026-07-28 10:16:16
13989109368,CH-SC-广义新-10203801239691-新综合频道-居家布艺-京喜拉新-剪辑-转化引导-居家布艺-20260724-无-625-12,李虹玉-XNY0271,2026-07-28 10:16:18
13989109927,CH-SC-广义新-10203801239691-新综合频道-居家布艺-京喜拉新-剪辑-转化引导-居家布艺-20260724-无-625-17,李虹玉-XNY0271,2026-07-28 10:16:19
13989110463,CH-SC-广义新-10203801239691-新综合频道-居家布艺-京喜拉新-剪辑-转化引导-居家布艺-20260724-无-625-18,李虹玉-XNY0271,2026-07-28 10:16:21
13989110611,CH-SC-广义新-10209805116351-新综合频道-生鲜-京喜拉新-剪辑-转化引导-生鲜-20260722-无-625-17,李虹玉-XNY0271,2026-07-28 10:16:21
13989111780,CH-SC-广义新-10209805116351-新综合频道-生鲜-京喜拉新-剪辑-转化引导-生鲜-20260722-无-625-18,李虹玉-XNY0271,2026-07-28 10:16:25
13989112996,CH-SC-广义新-10209805116351-新综合频道-生鲜-京喜拉新-剪辑-转化引导-生鲜-20260722-无-625-20,李虹玉-XNY0271,2026-07-28 10:16:29
13989113128,CH-SC-广义新-10209805116351-新综合频道-生鲜-京喜拉新-剪辑-转化引导-生鲜-20260722-无-625-21,李虹玉-XNY0271,2026-07-28 10:16:29
13989113586,CH-SC-广义新-10209805116351-新综合频道-生鲜-京喜拉新-剪辑-转化引导-生鲜-20260722-无-625-19,李虹玉-XNY0271,2026-07-28 10:16:31
13989113970,CH-SC-广义新-10209805116351-新综合频道-生鲜-京喜拉新-剪辑-转化引导-生鲜-20260722-无-625-1,李虹玉-XNY0271,2026-07-28 10:16:32
13990038956,CH-SC-广义新-10207089051230-新综合频道-水饮冲调-京喜拉新-剪辑-转化引导-水饮冲调-20260727-反向-625-aigc-18,李虹玉-XNY0271,2026-07-28 11:00:02
13990039465,CH-SC-广义新-10207089051230-新综合频道-水饮冲调-京喜拉新-剪辑-转化引导-水饮冲调-20260727-反向-625-aigc-16,李虹玉-XNY0271,2026-07-28 11:00:03
13990042315,CH-SC-广义新-10207089051230-新综合频道-水饮冲调-京喜拉新-剪辑-转化引导-水饮冲调-20260727-反向-625-aigc-17,李虹玉-XNY0271,2026-07-28 11:00:09
13990043588,CH-SC-广义新-10112131132912-新综合频道-生鲜-京喜拉新-剪辑-转化引导-生鲜-20260727-无-625-aigc-2,李虹玉-XNY0271,2026-07-28 11:00:12
13990047945,CH-SC-广义新-10112131132912-新综合频道-生鲜-京喜拉新-剪辑-转化引导-生鲜-20260727-无-625-aigc-1,李虹玉-XNY0271,2026-07-28 11:00:20
13990049022,CH-SC-广义新-10112131132912-新综合频道-生鲜-京喜拉新-剪辑-转化引导-生鲜-20260727-无-625-aigc-4,李虹玉-XNY0271,2026-07-28 11:00:22
13990049247,CH-SC-广义新-10112131132912-新综合频道-生鲜-京喜拉新-剪辑-转化引导-生鲜-20260727-无-625-aigc-3,李虹玉-XNY0271,2026-07-28 11:00:23
13990055423,CH-SC-广义新-10112131132912-新综合频道-生鲜-京喜拉新-剪辑-转化引导-生鲜-20260727-无-625-aigc-7,李虹玉-XNY0271,2026-07-28 11:00:37
13990055561,CH-SC-广义新-10112131132912-新综合频道-生鲜-京喜拉新-剪辑-转化引导-生鲜-20260727-无-625-aigc-5,李虹玉-XNY0271,2026-07-28 11:00:37
13990055690,CH-SC-广义新-10112131132912-新综合频道-生鲜-京喜拉新-剪辑-转化引导-生鲜-20260727-无-625-aigc-6,李虹玉-XNY0271,2026-07-28 11:00:37
13990059833,CH-SC-广义新-10112131132912-新综合频道-生鲜-京喜拉新-剪辑-转化引导-生鲜-20260727-无-625-aigc-8,李虹玉-XNY0271,2026-07-28 11:00:44
13990066974,CH-SC-广义新-10112131132912-新综合频道-生鲜-京喜拉新-剪辑-转化引导-生鲜-20260727-无-625-aigc-9,李虹玉-XNY0271,2026-07-28 11:00:57
13990068468,CH-SC-广义新-10112131132912-新综合频道-生鲜-京喜拉新-剪辑-转化引导-生鲜-20260727-无-625-aigc-11,李虹玉-XNY0271,2026-07-28 11:00:59
13990069013,CH-SC-广义新-10112131132912-新综合频道-生鲜-京喜拉新-剪辑-转化引导-生鲜-20260727-无-625-aigc-10,李虹玉-XNY0271,2026-07-28 11:01:00
13990072055,CH-SC-广义新-10207089051230-新综合频道-水饮冲调-京喜拉新-剪辑-转化引导-水饮冲调-20260727-反向-625-aigc-19,李虹玉-XNY0271,2026-07-28 11:01:05
13990077615,CH-SC-广义新-10207089051230-新综合频道-水饮冲调-京喜拉新-剪辑-转化引导-水饮冲调-20260727-反向-625-aigc-1,李虹玉-XNY0271,2026-07-28 11:01:20
13990078154,CH-SC-广义新-10207089051230-新综合频道-水饮冲调-京喜拉新-剪辑-转化引导-水饮冲调-20260727-反向-625-aigc-20,李虹玉-XNY0271,2026-07-28 11:01:21
13990080117,CH-SC-广义新-10207089051230-新综合频道-水饮冲调-京喜拉新-剪辑-转化引导-水饮冲调-20260727-反向-625-aigc-2,李虹玉-XNY0271,2026-07-28 11:01:24
13990085088,CH-SC-广义新-10207089051230-新综合频道-水饮冲调-京喜拉新-剪辑-转化引导-水饮冲调-20260727-反向-625-aigc-4,李虹玉-XNY0271,2026-07-28 11:01:35
13990086722,CH-SC-广义新-10207089051230-新综合频道-水饮冲调-京喜拉新-剪辑-转化引导-水饮冲调-20260727-反向-625-aigc-3,李虹玉-XNY0271,2026-07-28 11:01:38
13990088262,CH-SC-广义新-10207089051230-新综合频道-水饮冲调-京喜拉新-剪辑-转化引导-水饮冲调-20260727-反向-625-aigc-5,李虹玉-XNY0271,2026-07-28 11:01:41
13990095904,CH-SC-广义新-10207089051230-新综合频道-水饮冲调-京喜拉新-剪辑-转化引导-水饮冲调-20260727-反向-625-aigc-6,李虹玉-XNY0271,2026-07-28 11:01:55
13990096173,CH-SC-广义新-10207089051230-新综合频道-水饮冲调-京喜拉新-剪辑-转化引导-水饮冲调-20260727-反向-625-aigc-8,李虹玉-XNY0271,2026-07-28 11:01:56
13990096382,CH-SC-广义新-10207089051230-新综合频道-水饮冲调-京喜拉新-剪辑-转化引导-水饮冲调-20260727-反向-625-aigc-7,李虹玉-XNY0271,2026-07-28 11:01:56
13990103868,CH-SC-广义新-10207089051230-新综合频道-水饮冲调-京喜拉新-剪辑-转化引导-水饮冲调-20260727-反向-625-aigc-10,李虹玉-XNY0271,2026-07-28 11:02:11
13990105266,CH-SC-广义新-10207089051230-新综合频道-水饮冲调-京喜拉新-剪辑-转化引导-水饮冲调-20260727-反向-625-aigc-9,李虹玉-XNY0271,2026-07-28 11:02:14
13990106771,CH-SC-广义新-10207089051230-新综合频道-水饮冲调-京喜拉新-剪辑-转化引导-水饮冲调-20260727-反向-625-aigc-11,李虹玉-XNY0271,2026-07-28 11:02:17
13990108585,CH-SC-广义新-10207089051230-新综合频道-水饮冲调-京喜拉新-剪辑-转化引导-水饮冲调-20260727-反向-625-aigc-12,李虹玉-XNY0271,2026-07-28 11:02:21
13990114155,CH-SC-广义新-10207089051230-新综合频道-水饮冲调-京喜拉新-剪辑-转化引导-水饮冲调-20260727-反向-625-aigc-14,李虹玉-XNY0271,2026-07-28 11:02:33
13990114842,CH-SC-广义新-10207089051230-新综合频道-水饮冲调-京喜拉新-剪辑-转化引导-水饮冲调-20260727-反向-625-aigc-13,李虹玉-XNY0271,2026-07-28 11:02:34
13990116558,CH-SC-广义新-10207089051230-新综合频道-水饮冲调-京喜拉新-剪辑-转化引导-水饮冲调-20260727-反向-625-aigc-15,李虹玉-XNY0271,2026-07-28 11:02:38
13990122924,CH-SC-广义新-10202802193345-新综合频道-收纳用品-京喜拉新-剪辑-转化引导-收纳用品-20260727-反向-625-aigc-7,李虹玉-XNY0271,2026-07-28 11:02:51
13990123461,CH-SC-广义新-10202802193345-新综合频道-收纳用品-京喜拉新-剪辑-转化引导-收纳用品-20260727-反向-625-aigc-6,李虹玉-XNY0271,2026-07-28 11:02:52
13990124895,CH-SC-广义新-10202802193345-新综合频道-收纳用品-京喜拉新-剪辑-转化引导-收纳用品-20260727-反向-625-aigc-8,李虹玉-XNY0271,2026-07-28 11:02:56
13990126557,CH-SC-广义新-10202802193345-新综合频道-收纳用品-京喜拉新-剪辑-转化引导-收纳用品-20260727-反向-625-aigc-9,李虹玉-XNY0271,2026-07-28 11:03:01
13990128316,CH-SC-广义新-10202802193345-新综合频道-收纳用品-京喜拉新-剪辑-转化引导-收纳用品-20260727-反向-625-aigc-1,李虹玉-XNY0271,2026-07-28 11:03:05
13990130359,CH-SC-广义新-10202802193345-新综合频道-收纳用品-京喜拉新-剪辑-转化引导-收纳用品-20260727-反向-625-aigc-2,李虹玉-XNY0271,2026-07-28 11:03:12
13990135704,CH-SC-广义新-10202802193345-新综合频道-收纳用品-京喜拉新-剪辑-转化引导-收纳用品-20260727-反向-625-aigc-3,李虹玉-XNY0271,2026-07-28 11:03:23
13990137420,CH-SC-广义新-10202802193345-新综合频道-收纳用品-京喜拉新-剪辑-转化引导-收纳用品-20260727-反向-625-aigc-4,李虹玉-XNY0271,2026-07-28 11:03:26
13990138149,CH-SC-广义新-10202802193345-新综合频道-收纳用品-京喜拉新-剪辑-转化引导-收纳用品-20260727-反向-625-aigc-10,李虹玉-XNY0271,2026-07-28 11:03:28
13990140832,CH-SC-广义新-10202802193345-新综合频道-收纳用品-京喜拉新-剪辑-转化引导-收纳用品-20260727-反向-625-aigc-5,李虹玉-XNY0271,2026-07-28 11:03:33
13996658865,信息流-小牛-抽纸-京东主体-代运营-新人福利价-0728-10123194301043-设计自选-625-aigc-10,李虹玉-XNY0271,2026-07-28 17:45:34
13996659077,信息流-小牛-抽纸-京东主体-代运营-新人福利价-0728-10123194301043-设计自选-625-aigc-12,李虹玉-XNY0271,2026-07-28 17:45:35
13996659402,信息流-小牛-抽纸-京东主体-代运营-新人福利价-0728-10123194301043-设计自选-625-aigc-11,李虹玉-XNY0271,2026-07-28 17:45:36
13996660870,信息流-小牛-抽纸-京东主体-代运营-新人福利价-0728-10123194301043-设计自选-625-aigc-14,李虹玉-XNY0271,2026-07-28 17:45:41
13996661937,信息流-小牛-抽纸-京东主体-代运营-新人福利价-0728-10123194301043-设计自选-625-aigc-1,李虹玉-XNY0271,2026-07-28 17:45:45
13996662037,信息流-小牛-抽纸-京东主体-代运营-新人福利价-0728-10123194301043-设计自选-625-aigc-15,李虹玉-XNY0271,2026-07-28 17:45:45
13996662084,信息流-小牛-抽纸-京东主体-代运营-新人福利价-0728-10123194301043-设计自选-625-aigc-13,李虹玉-XNY0271,2026-07-28 17:45:46
13996663252,信息流-小牛-抽纸-京东主体-代运营-新人福利价-0728-10123194301043-设计自选-625-aigc-2,李虹玉-XNY0271,2026-07-28 17:45:50
13996663611,信息流-小牛-抽纸-京东主体-代运营-新人福利价-0728-10123194301043-设计自选-625-aigc-5,李虹玉-XNY0271,2026-07-28 17:45:51
13996664024,信息流-小牛-抽纸-京东主体-代运营-新人福利价-0728-10123194301043-设计自选-625-aigc-3,李虹玉-XNY0271,2026-07-28 17:45:53
13996664102,信息流-小牛-漏斗-京东主体-代运营-新人福利价-0728-10185025201166-京东-625-1,李虹玉-XNY0271,2026-07-28 17:45:53
13996664558,信息流-小牛-漏斗-京东主体-代运营-新人福利价-0728-10185025201166-京东-625-2,李虹玉-XNY0271,2026-07-28 17:45:55
13996664907,信息流-小牛-漏斗-京东主体-代运营-新人福利价-0728-10185025201166-京东-625-3,李虹玉-XNY0271,2026-07-28 17:45:56
13996664965,信息流-小牛-漏斗-京东主体-代运营-新人福利价-0728-10185025201166-京东-625-4,李虹玉-XNY0271,2026-07-28 17:45:56
13996665457,信息流-小牛-漏斗-京东主体-代运营-新人福利价-0728-10185025201166-京东-625-5,李虹玉-XNY0271,2026-07-28 17:45:58
13996665797,信息流-小牛-漏斗-京东主体-代运营-新人福利价-0728-10185025201166-京东-625-6,李虹玉-XNY0271,2026-07-28 17:46:00
13996665875,信息流-小牛-抽纸-京东主体-代运营-新人福利价-0728-10123194301043-设计自选-625-aigc-6,李虹玉-XNY0271,2026-07-28 17:46:00
13996666552,信息流-小牛-西瓜-京东主体-代运营-新人福利价-0728-10215767576641-设计自选-625-10,李虹玉-XNY0271,2026-07-28 17:46:03
13996666601,信息流-小牛-抽纸-京东主体-代运营-新人福利价-0728-10123194301043-设计自选-625-aigc-7,李虹玉-XNY0271,2026-07-28 17:46:03
13996667292,信息流-小牛-西瓜-京东主体-代运营-新人福利价-0728-10215767576641-设计自选-625-11,李虹玉-XNY0271,2026-07-28 17:46:06
13996668073,信息流-小牛-数据线-京东主体-代运营-新人福利价-0728-10191435582190-深海货盘-625-3,李虹玉-XNY0271,2026-07-28 17:46:09
13996668812,信息流-小牛-数据线-京东主体-代运营-新人福利价-0728-10191435582190-深海货盘-625-8,李虹玉-XNY0271,2026-07-28 17:46:11
13996669013,信息流-小牛-数据线-京东主体-代运营-新人福利价-0728-10191435582190-深海货盘-625-10,李虹玉-XNY0271,2026-07-28 17:46:12
13996669261,信息流-小牛-数据线-京东主体-代运营-新人福利价-0728-10191435582190-深海货盘-625-9,李虹玉-XNY0271,2026-07-28 17:46:13
13996669673,信息流-小牛-数据线-京东主体-代运营-新人福利价-0728-10191435582190-深海货盘-625-2,李虹玉-XNY0271,2026-07-28 17:46:15
13996669677,信息流-小牛-西瓜-京东主体-代运营-新人福利价-0728-10215767576641-设计自选-625-12,李虹玉-XNY0271,2026-07-28 17:46:15
13996670263,信息流-小牛-西瓜-京东主体-代运营-新人福利价-0728-10215767576641-设计自选-625-1,李虹玉-XNY0271,2026-07-28 17:46:18
13996670680,信息流-小牛-西瓜-京东主体-代运营-新人福利价-0728-10215767576641-设计自选-625-3,李虹玉-XNY0271,2026-07-28 17:46:20
13996670825,信息流-小牛-西瓜-京东主体-代运营-新人福利价-0728-10215767576641-设计自选-625-2,李虹玉-XNY0271,2026-07-28 17:46:21
13996671225,信息流-小牛-西瓜-京东主体-代运营-新人福利价-0728-10215767576641-设计自选-625-4,李虹玉-XNY0271,2026-07-28 17:46:22
13996671620,信息流-小牛-西瓜-京东主体-代运营-新人福利价-0728-10215767576641-设计自选-625-5,李虹玉-XNY0271,2026-07-28 17:46:24
13996671775,信息流-小牛-西瓜-京东主体-代运营-新人福利价-0728-10215767576641-设计自选-625-6,李虹玉-XNY0271,2026-07-28 17:46:25
13996672397,信息流-小牛-西瓜-京东主体-代运营-新人福利价-0728-10215767576641-设计自选-625-8,李虹玉-XNY0271,2026-07-28 17:46:27
13996672699,信息流-小牛-西瓜-京东主体-代运营-新人福利价-0728-10215767576641-设计自选-625-9,李虹玉-XNY0271,2026-07-28 17:46:28
13996673095,信息流-小牛-西瓜-京东主体-代运营-新人福利价-0728-10215767576641-设计自选-625-7,李虹玉-XNY0271,2026-07-28 17:46:30
13996877012,信息流-小牛-数据线-京东主体-代运营-新人福利价-0728-10191435582190-深海货盘-625-7,李虹玉-XNY0271,2026-07-28 17:57:46
13996877785,信息流-小牛-数据线-京东主体-代运营-新人福利价-0728-10191435582190-深海货盘-625-1,李虹玉-XNY0271,2026-07-28 17:57:49
13996877884,信息流-小牛-数据线-京东主体-代运营-新人福利价-0728-10191435582190-深海货盘-625-4,李虹玉-XNY0271,2026-07-28 17:57:49
13996879045,信息流-小牛-数据线-京东主体-代运营-新人福利价-0728-10191435582190-深海货盘-625-6,李虹玉-XNY0271,2026-07-28 17:57:53
13996879757,信息流-小牛-数据线-京东主体-代运营-新人福利价-0728-10191435582190-深海货盘-625-5,李虹玉-XNY0271,2026-07-28 17:57:56
13996883047,信息流-小牛-漏斗-京东主体-代运营-新人福利价-0728-10185025201166-京东-625-11,李虹玉-XNY0271,2026-07-28 17:58:07
13996883254,信息流-小牛-漏斗-京东主体-代运营-新人福利价-0728-10185025201166-京东-625-9,李虹玉-XNY0271,2026-07-28 17:58:08
13996883730,信息流-小牛-漏斗-京东主体-代运营-新人福利价-0728-10185025201166-京东-625-10,李虹玉-XNY0271,2026-07-28 17:58:09
13996884250,信息流-小牛-漏斗-京东主体-代运营-新人福利价-0728-10185025201166-京东-625-12,李虹玉-XNY0271,2026-07-28 17:58:11
13996884491,信息流-小牛-漏斗-京东主体-代运营-新人福利价-0728-10185025201166-京东-625-7,李虹玉-XNY0271,2026-07-28 17:58:12
13996884928,信息流-小牛-漏斗-京东主体-代运营-新人福利价-0728-10185025201166-京东-625-8,李虹玉-XNY0271,2026-07-28 17:58:13
14009856658,信息流-小牛-追踪器-京东主体-代运营--0729-10165597855775-大盘跑量-625-aigc-1,李虹玉-XNY0271,2026-07-29 19:29:32
14009856756,信息流-小牛-追踪器-京东主体-代运营--0729-10165597855775-大盘跑量-625-aigc-10,李虹玉-XNY0271,2026-07-29 19:29:33
14009856780,信息流-小牛-追踪器-京东主体-代运营--0729-10165597855775-大盘跑量-625-aigc-11,李虹玉-XNY0271,2026-07-29 19:29:33
14009858078,信息流-小牛-追踪器-京东主体-代运营--0729-10165597855775-大盘跑量-625-aigc-14,李虹玉-XNY0271,2026-07-29 19:29:43
14009858113,信息流-小牛-追踪器-京东主体-代运营--0729-10165597855775-大盘跑量-625-aigc-12,李虹玉-XNY0271,2026-07-29 19:29:43
14009858570,信息流-小牛-追踪器-京东主体-代运营--0729-10165597855775-大盘跑量-625-aigc-13,李虹玉-XNY0271,2026-07-29 19:29:46
14009859229,信息流-小牛-追踪器-京东主体-代运营--0729-10165597855775-大盘跑量-625-aigc-2,李虹玉-XNY0271,2026-07-29 19:29:51
14009859884,信息流-小牛-追踪器-京东主体-代运营--0729-10165597855775-大盘跑量-625-aigc-15,李虹玉-XNY0271,2026-07-29 19:29:56
14009859921,信息流-小牛-追踪器-京东主体-代运营--0729-10165597855775-大盘跑量-625-aigc-3,李虹玉-XNY0271,2026-07-29 19:29:56
14009860399,信息流-小牛-追踪器-京东主体-代运营--0729-10165597855775-大盘跑量-625-aigc-4,李虹玉-XNY0271,2026-07-29 19:30:00
14009860631,信息流-小牛-追踪器-京东主体-代运营--0729-10165597855775-大盘跑量-625-aigc-5,李虹玉-XNY0271,2026-07-29 19:30:02
14009861654,信息流-小牛-追踪器-京东主体-代运营--0729-10165597855775-大盘跑量-625-aigc-6,李虹玉-XNY0271,2026-07-29 19:30:09
14009861955,信息流-小牛-追踪器-京东主体-代运营--0729-10165597855775-大盘跑量-625-aigc-8,李虹玉-XNY0271,2026-07-29 19:30:12
14009862035,信息流-小牛-追踪器-京东主体-代运营--0729-10165597855775-大盘跑量-625-aigc-7,李虹玉-XNY0271,2026-07-29 19:30:12
14009862334,信息流-小牛-追踪器-京东主体-代运营--0729-10165597855775-大盘跑量-625-aigc-9,李虹玉-XNY0271,2026-07-29 19:30:14
14009863159,信息流-小牛-黄心油桃-京东主体-代运营-新人福利价-0729-10220085996134 -深海货盘-625-aigc-11,李虹玉-XNY0271,2026-07-29 19:30:21
14009863644,信息流-小牛-黄心油桃-京东主体-代运营-新人福利价-0729-10220085996134 -深海货盘-625-aigc-1,李虹玉-XNY0271,2026-07-29 19:30:24
14009864461,信息流-小牛-黄心油桃-京东主体-代运营-新人福利价-0729-10220085996134 -深海货盘-625-aigc-13,李虹玉-XNY0271,2026-07-29 19:30:30
14009864682,信息流-小牛-黄心油桃-京东主体-代运营-新人福利价-0729-10220085996134 -深海货盘-625-aigc-10,李虹玉-XNY0271,2026-07-29 19:30:32
14009864844,信息流-小牛-黄心油桃-京东主体-代运营-新人福利价-0729-10220085996134 -深海货盘-625-aigc-12,李虹玉-XNY0271,2026-07-29 19:30:33
14009865533,信息流-小牛-黄心油桃-京东主体-代运营-新人福利价-0729-10220085996134 -深海货盘-625-aigc-2,李虹玉-XNY0271,2026-07-29 19:30:38
14009866140,信息流-小牛-黄心油桃-京东主体-代运营-新人福利价-0729-10220085996134 -深海货盘-625-aigc-14,李虹玉-XNY0271,2026-07-29 19:30:43
14009866502,信息流-小牛-黄心油桃-京东主体-代运营-新人福利价-0729-10220085996134 -深海货盘-625-aigc-3,李虹玉-XNY0271,2026-07-29 19:30:46
14009866964,信息流-小牛-黄心油桃-京东主体-代运营-新人福利价-0729-10220085996134 -深海货盘-625-aigc-5,李虹玉-XNY0271,2026-07-29 19:30:50
14009867170,信息流-小牛-黄心油桃-京东主体-代运营-新人福利价-0729-10220085996134 -深海货盘-625-aigc-4,李虹玉-XNY0271,2026-07-29 19:30:51
14009867481,信息流-小牛-黄心油桃-京东主体-代运营-新人福利价-0729-10220085996134 -深海货盘-625-aigc-6,李虹玉-XNY0271,2026-07-29 19:30:54
14009868152,信息流-小牛-黄心油桃-京东主体-代运营-新人福利价-0729-10220085996134 -深海货盘-625-aigc-9,李虹玉-XNY0271,2026-07-29 19:30:58
14009868568,信息流-小牛-黄心油桃-京东主体-代运营-新人福利价-0729-10220085996134 -深海货盘-625-aigc-7,李虹玉-XNY0271,2026-07-29 19:31:02
14009868606,信息流-小牛-黄心油桃-京东主体-代运营-新人福利价-0729-10220085996134 -深海货盘-625-aigc-8,李虹玉-XNY0271,2026-07-29 19:31:02
14009868860,信息流-小牛-懒人拖把-京东主体-代运营-新人福利价-0729-10101433845811-设计自选-625-aigc-1,李虹玉-XNY0271,2026-07-29 19:31:04
14009870390,信息流-小牛-懒人拖把-京东主体-代运营-新人福利价-0729-10101433845811-设计自选-625-aigc-10,李虹玉-XNY0271,2026-07-29 19:31:16
14009870523,信息流-小牛-懒人拖把-京东主体-代运营-新人福利价-0729-10101433845811-设计自选-625-aigc-11,李虹玉-XNY0271,2026-07-29 19:31:17
14009870525,信息流-小牛-懒人拖把-京东主体-代运营-新人福利价-0729-10101433845811-设计自选-625-aigc-12,李虹玉-XNY0271,2026-07-29 19:31:17
14009871774,信息流-小牛-懒人拖把-京东主体-代运营-新人福利价-0729-10101433845811-设计自选-625-aigc-4,李虹玉-XNY0271,2026-07-29 19:31:26
14009872079,信息流-小牛-懒人拖把-京东主体-代运营-新人福利价-0729-10101433845811-设计自选-625-aigc-2,李虹玉-XNY0271,2026-07-29 19:31:29
14009872214,信息流-小牛-懒人拖把-京东主体-代运营-新人福利价-0729-10101433845811-设计自选-625-aigc-3,李虹玉-XNY0271,2026-07-29 19:31:30
14009873444,信息流-小牛-懒人拖把-京东主体-代运营-新人福利价-0729-10101433845811-设计自选-625-aigc-5,李虹玉-XNY0271,2026-07-29 19:31:38
14009873469,信息流-小牛-懒人拖把-京东主体-代运营-新人福利价-0729-10101433845811-设计自选-625-aigc-6,李虹玉-XNY0271,2026-07-29 19:31:38
14009873799,信息流-小牛-懒人拖把-京东主体-代运营-新人福利价-0729-10101433845811-设计自选-625-aigc-7,李虹玉-XNY0271,2026-07-29 19:31:40
14009874996,信息流-小牛-李子-京东主体-代运营-新人福利价-0729-10223570717754-设计自选-625-aigc-1,李虹玉-XNY0271,2026-07-29 19:31:49
14009875054,信息流-小牛-懒人拖把-京东主体-代运营-新人福利价-0729-10101433845811-设计自选-625-aigc-9,李虹玉-XNY0271,2026-07-29 19:31:49
14009875206,信息流-小牛-懒人拖把-京东主体-代运营-新人福利价-0729-10101433845811-设计自选-625-aigc-8,李虹玉-XNY0271,2026-07-29 19:31:51
14009876627,信息流-小牛-李子-京东主体-代运营-新人福利价-0729-10223570717754-设计自选-625-aigc-10,李虹玉-XNY0271,2026-07-29 19:32:01
14009876900,信息流-小牛-李子-京东主体-代运营-新人福利价-0729-10223570717754-设计自选-625-aigc-12,李虹玉-XNY0271,2026-07-29 19:32:03
14009876940,信息流-小牛-李子-京东主体-代运营-新人福利价-0729-10223570717754-设计自选-625-aigc-11,李虹玉-XNY0271,2026-07-29 19:32:04
14009877172,信息流-小牛-李子-京东主体-代运营-新人福利价-0729-10223570717754-设计自选-625-aigc-2,李虹玉-XNY0271,2026-07-29 19:32:06
14009877773,信息流-小牛-李子-京东主体-代运营-新人福利价-0729-10223570717754-设计自选-625-aigc-4,李虹玉-XNY0271,2026-07-29 19:32:11
14009878215,信息流-小牛-李子-京东主体-代运营-新人福利价-0729-10223570717754-设计自选-625-aigc-3,李虹玉-XNY0271,2026-07-29 19:32:14
14009878267,信息流-小牛-李子-京东主体-代运营-新人福利价-0729-10223570717754-设计自选-625-aigc-5,李虹玉-XNY0271,2026-07-29 19:32:15
14009878724,信息流-小牛-李子-京东主体-代运营-新人福利价-0729-10223570717754-设计自选-625-aigc-6,李虹玉-XNY0271,2026-07-29 19:32:19
14009878800,信息流-小牛-李子-京东主体-代运营-新人福利价-0729-10223570717754-设计自选-625-aigc-7,李虹玉-XNY0271,2026-07-29 19:32:19
14009879009,信息流-小牛-李子-京东主体-代运营-新人福利价-0729-10223570717754-设计自选-625-aigc-8,李虹玉-XNY0271,2026-07-29 19:32:21
14009879520,信息流-小牛-李子-京东主体-代运营-新人福利价-0729-10223570717754-设计自选-625-aigc-9,李虹玉-XNY0271,2026-07-29 19:32:25
14021008688,信息流-小牛-雨伞-京东主体-代运营-新人福利价-0730-10130866966155-设计自选-625-aigc-5,李虹玉-XNY0271,2026-07-30 18:43:07
14021008863,信息流-小牛-雨伞-京东主体-代运营-新人福利价-0730-10130866966155-设计自选-625-aigc-7,李虹玉-XNY0271,2026-07-30 18:43:07
14021008975,信息流-小牛-雨伞-京东主体-代运营-新人福利价-0730-10130866966155-设计自选-625-aigc-6,李虹玉-XNY0271,2026-07-30 18:43:08
14021009977,信息流-小牛-雨伞-京东主体-代运营-新人福利价-0730-10130866966155-设计自选-625-aigc-9,李虹玉-XNY0271,2026-07-30 18:43:13
14021009989,信息流-小牛-雨伞-京东主体-代运营-新人福利价-0730-10130866966155-设计自选-625-aigc-8,李虹玉-XNY0271,2026-07-30 18:43:13
14021010111,信息流-小牛-雨伞-京东主体-代运营-新人福利价-0730-10130866966155-设计自选-625-aigc-10,李虹玉-XNY0271,2026-07-30 18:43:14
14021011211,信息流-小牛-雨伞-京东主体-代运营-新人福利价-0730-10130866966155-设计自选-625-aigc-11,李虹玉-XNY0271,2026-07-30 18:43:19
14021011385,信息流-小牛-雨伞-京东主体-代运营-新人福利价-0730-10130866966155-设计自选-625-aigc-13,李虹玉-XNY0271,2026-07-30 18:43:20
14021011554,信息流-小牛-雨伞-京东主体-代运营-新人福利价-0730-10130866966155-设计自选-625-aigc-12,李虹玉-XNY0271,2026-07-30 18:43:21
14021013062,信息流-小牛-雨伞-京东主体-代运营-新人福利价-0730-10130866966155-设计自选-625-aigc-3,李虹玉-XNY0271,2026-07-30 18:43:28
14021013257,信息流-小牛-雨伞-京东主体-代运营-新人福利价-0730-10130866966155-设计自选-625-aigc-1,李虹玉-XNY0271,2026-07-30 18:43:29
14021013887,信息流-小牛-雨伞-京东主体-代运营-新人福利价-0730-10130866966155-设计自选-625-aigc-2,李虹玉-XNY0271,2026-07-30 18:43:32
14021014443,信息流-小牛-抽纸-京东主体-代运营-新人福利价-0730-10113742605853 -设计自选-625-aigc-1,李虹玉-XNY0271,2026-07-30 18:43:34
14021014649,信息流-小牛-雨伞-京东主体-代运营-新人福利价-0730-10130866966155-设计自选-625-aigc-4,李虹玉-XNY0271,2026-07-30 18:43:35
14021015217,信息流-小牛-抽纸-京东主体-代运营-新人福利价-0730-10113742605853 -设计自选-625-aigc-10,李虹玉-XNY0271,2026-07-30 18:43:38
14021015530,信息流-小牛-抽纸-京东主体-代运营-新人福利价-0730-10113742605853 -设计自选-625-aigc-2,李虹玉-XNY0271,2026-07-30 18:43:39
14021015660,信息流-小牛-抽纸-京东主体-代运营-新人福利价-0730-10113742605853 -设计自选-625-aigc-3,李虹玉-XNY0271,2026-07-30 18:43:40
14021016390,信息流-小牛-抽纸-京东主体-代运营-新人福利价-0730-10113742605853 -设计自选-625-aigc-5,李虹玉-XNY0271,2026-07-30 18:43:44
14021016804,信息流-小牛-抽纸-京东主体-代运营-新人福利价-0730-10113742605853 -设计自选-625-aigc-6,李虹玉-XNY0271,2026-07-30 18:43:46
14021017296,信息流-小牛-抽纸-京东主体-代运营-新人福利价-0730-10113742605853 -设计自选-625-aigc-7,李虹玉-XNY0271,2026-07-30 18:43:48
14021017803,信息流-小牛-抽纸-京东主体-代运营-新人福利价-0730-10113742605853 -设计自选-625-aigc-8,李虹玉-XNY0271,2026-07-30 18:43:50
14021017823,信息流-小牛-抽纸-京东主体-代运营-新人福利价-0730-10113742605853 -设计自选-625-aigc-4,李虹玉-XNY0271,2026-07-30 18:43:50
14021018246,信息流-小牛-抽纸-京东主体-代运营-新人福利价-0730-10113742605853 -设计自选-625-aigc-9,李虹玉-XNY0271,2026-07-30 18:43:53
14021018777,信息流-小牛-地漏-京东主体-代运营-新人福利价-0730-10148101118968 -深海货盘-625-aigc-1,李虹玉-XNY0271,2026-07-30 18:43:55
14021019004,信息流-小牛-地漏-京东主体-代运营-新人福利价-0730-10148101118968 -深海货盘-625-aigc-10,李虹玉-XNY0271,2026-07-30 18:43:56
14021019614,信息流-小牛-地漏-京东主体-代运营-新人福利价-0730-10148101118968 -深海货盘-625-aigc-2,李虹玉-XNY0271,2026-07-30 18:44:00
14021019800,信息流-小牛-地漏-京东主体-代运营-新人福利价-0730-10148101118968 -深海货盘-625-aigc-11,李虹玉-XNY0271,2026-07-30 18:44:01
14021019825,信息流-小牛-地漏-京东主体-代运营-新人福利价-0730-10148101118968 -深海货盘-625-aigc-3,李虹玉-XNY0271,2026-07-30 18:44:01
14021020471,信息流-小牛-地漏-京东主体-代运营-新人福利价-0730-10148101118968 -深海货盘-625-aigc-4,李虹玉-XNY0271,2026-07-30 18:44:04
14021020810,信息流-小牛-地漏-京东主体-代运营-新人福利价-0730-10148101118968 -深海货盘-625-aigc-6,李虹玉-XNY0271,2026-07-30 18:44:06
14021021375,信息流-小牛-地漏-京东主体-代运营-新人福利价-0730-10148101118968 -深海货盘-625-aigc-7,李虹玉-XNY0271,2026-07-30 18:44:09
14021021497,信息流-小牛-地漏-京东主体-代运营-新人福利价-0730-10148101118968 -深海货盘-625-aigc-5,李虹玉-XNY0271,2026-07-30 18:44:09
14021021821,信息流-小牛-地漏-京东主体-代运营-新人福利价-0730-10148101118968 -深海货盘-625-aigc-8,李虹玉-XNY0271,2026-07-30 18:44:11
14021022298,信息流-小牛-地漏-京东主体-代运营-新人福利价-0730-10148101118968 -深海货盘-625-aigc-9,李虹玉-XNY0271,2026-07-30 18:44:14
14021022299,信息流-小牛-浴帽-京东主体-代运营-新人福利价-0730-10150228680531-深海货盘-625-aigc-1,李虹玉-XNY0271,2026-07-30 18:44:14
14021023015,信息流-小牛-浴帽-京东主体-代运营-新人福利价-0730-10150228680531-深海货盘-625-aigc-10,李虹玉-XNY0271,2026-07-30 18:44:17
14021023184,信息流-小牛-浴帽-京东主体-代运营-新人福利价-0730-10150228680531-深海货盘-625-aigc-2,李虹玉-XNY0271,2026-07-30 18:44:18
14021023387,信息流-小牛-浴帽-京东主体-代运营-新人福利价-0730-10150228680531-深海货盘-625-aigc-3,李虹玉-XNY0271,2026-07-30 18:44:19
14021023855,信息流-小牛-浴帽-京东主体-代运营-新人福利价-0730-10150228680531-深海货盘-625-aigc-4,李虹玉-XNY0271,2026-07-30 18:44:22
14021024022,信息流-小牛-浴帽-京东主体-代运营-新人福利价-0730-10150228680531-深海货盘-625-aigc-5,李虹玉-XNY0271,2026-07-30 18:44:23
14021024361,信息流-小牛-浴帽-京东主体-代运营-新人福利价-0730-10150228680531-深海货盘-625-aigc-6,李虹玉-XNY0271,2026-07-30 18:44:25
14021024696,信息流-小牛-浴帽-京东主体-代运营-新人福利价-0730-10150228680531-深海货盘-625-aigc-7,李虹玉-XNY0271,2026-07-30 18:44:26
14021024936,信息流-小牛-浴帽-京东主体-代运营-新人福利价-0730-10150228680531-深海货盘-625-aigc-8,李虹玉-XNY0271,2026-07-30 18:44:27
14021025646,信息流-小牛-浴帽-京东主体-代运营-新人福利价-0730-10150228680531-深海货盘-625-aigc-9,李虹玉-XNY0271,2026-07-30 18:44:31
14029064832,信息流-小牛-手帕纸-三方主体-代运营-新人福利价-0731-10109233665933-大盘扒改-625-1,李虹玉-XNY0271,2026-07-31 15:18:27
14029064982,信息流-小牛-折叠椅-三方主体-代运营-新人福利价-0731-10183713190151-大盘扒改-625-1,李虹玉-XNY0271,2026-07-31 15:18:28
14029065783,信息流-小牛-泥巴派-三方主体-代运营-新人福利价-0731-10148055003453-大盘扒改-625-1,李虹玉-XNY0271,2026-07-31 15:18:31
14029065990,信息流-小牛-螺丝刀套装-三方主体-代运营-新人福利价-0731-110153735022465-大盘扒改-625-1,李虹玉-XNY0271,2026-07-31 15:18:31
14033647391,信息流-小牛-饭盒-京东主体-代运营-超值惊爆价-0731-10169123650049-本东爆品-625-6,李虹玉-XNY0271,2026-07-31 20:16:07
14033647862,信息流-小牛-饭盒-京东主体-代运营-超值惊爆价-0731-10169123650049-本东爆品-625-7,李虹玉-XNY0271,2026-07-31 20:16:09
14033648630,信息流-小牛-饭盒-京东主体-代运营-超值惊爆价-0731-10169123650049-本东爆品-625-9,李虹玉-XNY0271,2026-07-31 20:16:12
14033649158,信息流-小牛-饭盒-京东主体-代运营-超值惊爆价-0731-10169123650049-本东爆品-625-10,李虹玉-XNY0271,2026-07-31 20:16:14
14033649543,信息流-小牛-饭盒-京东主体-代运营-超值惊爆价-0731-10169123650049-本东爆品-625-8,李虹玉-XNY0271,2026-07-31 20:16:16
14033649889,信息流-小牛-饭盒-京东主体-代运营-超值惊爆价-0731-10169123650049-本东爆品-625-1,李虹玉-XNY0271,2026-07-31 20:16:18
14033650246,信息流-小牛-饭盒-京东主体-代运营-超值惊爆价-0731-10169123650049-本东爆品-625-2,李虹玉-XNY0271,2026-07-31 20:16:20
14033650718,信息流-小牛-饭盒-京东主体-代运营-超值惊爆价-0731-10169123650049-本东爆品-625-3,李虹玉-XNY0271,2026-07-31 20:16:22
14033651066,信息流-小牛-饭盒-京东主体-代运营-超值惊爆价-0731-10169123650049-本东爆品-625-4,李虹玉-XNY0271,2026-07-31 20:16:23
14033651525,信息流-小牛-饭盒-京东主体-代运营-超值惊爆价-0731-10169123650049-本东爆品-625-5,李虹玉-XNY0271,2026-07-31 20:16:25
14033652474,信息流-小牛-哈密瓜-京东主体-代运营-新人福利价-0731-10205135301106-抖音-625-2,李虹玉-XNY0271,2026-07-31 20:16:30
14033653025,信息流-小牛-哈密瓜-京东主体-代运营-新人福利价-0731-10205135301106-抖音-625-1,李虹玉-XNY0271,2026-07-31 20:16:32
14033654292,信息流-小牛-哈密瓜-京东主体-代运营-新人福利价-0731-10205135301106-抖音-625-4,李虹玉-XNY0271,2026-07-31 20:16:38
14033654417,信息流-小牛-哈密瓜-京东主体-代运营-新人福利价-0731-10205135301106-抖音-625-3,李虹玉-XNY0271,2026-07-31 20:16:39
14033655715,信息流-小牛-哈密瓜-京东主体-代运营-新人福利价-0731-10205135301106-抖音-625-6,李虹玉-XNY0271,2026-07-31 20:16:44
14033655940,信息流-小牛-哈密瓜-京东主体-代运营-新人福利价-0731-10205135301106-抖音-625-5,李虹玉-XNY0271,2026-07-31 20:16:45
14033657176,信息流-小牛-哈密瓜-京东主体-代运营-新人福利价-0731-10205135301106-抖音-625-7,李虹玉-XNY0271,2026-07-31 20:16:51
14033658427,信息流-小牛-哈密瓜-京东主体-代运营-新人福利价-0731-10205135301106-抖音-625-8,李虹玉-XNY0271,2026-07-31 20:16:57
14033659133,信息流-小牛-哈密瓜-京东主体-代运营-新人福利价-0731-10205135301106-抖音-625-9,李虹玉-XNY0271,2026-07-31 20:17:00
14033659662,信息流-小牛-哈密瓜-京东主体-代运营-新人福利价-0731-10205135301106-抖音-625-10,李虹玉-XNY0271,2026-07-31 20:17:02
14033661036,信息流-小牛-哈密瓜-京东主体-代运营-新人福利价-0731-10205135301106-抖音-625-11,李虹玉-XNY0271,2026-07-31 20:17:08
14033661152,信息流-小牛-哈密瓜-京东主体-代运营-新人福利价-0731-10205135301106-抖音-625-12,李虹玉-XNY0271,2026-07-31 20:17:09
14033661553,信息流-小牛-泥巴派-京东主体-代运营-新人福利价-0731-10148055003453-设计自选-625-1,李虹玉-XNY0271,2026-07-31 20:17:11
14033662106,信息流-小牛-泥巴派-京东主体-代运营-新人福利价-0731-10148055003453-设计自选-625-2,李虹玉-XNY0271,2026-07-31 20:17:13
14033663036,信息流-小牛-泥巴派-京东主体-代运营-新人福利价-0731-10148055003453-设计自选-625-5,李虹玉-XNY0271,2026-07-31 20:17:18
14033664114,信息流-小牛-泥巴派-京东主体-代运营-新人福利价-0731-10148055003453-设计自选-625-3,李虹玉-XNY0271,2026-07-31 20:17:23
14033664141,信息流-小牛-泥巴派-京东主体-代运营-新人福利价-0731-10148055003453-设计自选-625-4,李虹玉-XNY0271,2026-07-31 20:17:23
14033664169,信息流-小牛-泥巴派-京东主体-代运营-新人福利价-0731-10148055003453-设计自选-625-6,李虹玉-XNY0271,2026-07-31 20:17:23
14033665943,信息流-小牛-泥巴派-京东主体-代运营-新人福利价-0731-10148055003453-设计自选-625-8,李虹玉-XNY0271,2026-07-31 20:17:32
14033666387,信息流-小牛-泥巴派-京东主体-代运营-新人福利价-0731-10148055003453-设计自选-625-7,李虹玉-XNY0271,2026-07-31 20:17:34
14033666441,信息流-小牛-泥巴派-京东主体-代运营-新人福利价-0731-10148055003453-设计自选-625-9,李虹玉-XNY0271,2026-07-31 20:17:34
14033667258,信息流-小牛-泥巴派-京东主体-代运营-新人福利价-0731-10148055003453-设计自选-625-10,李虹玉-XNY0271,2026-07-31 20:17:38
14033667435,信息流-小牛-泥巴派-京东主体-代运营-新人福利价-0731-10148055003453-设计自选-625-11,李虹玉-XNY0271,2026-07-31 20:17:39
14033668127,信息流-小牛-折叠椅-京东主体-代运营-新人福利价-0731-10183713190151-设计自选-625-1,李虹玉-XNY0271,2026-07-31 20:17:43
14033669610,信息流-小牛-泥巴派-京东主体-代运营-新人福利价-0731-10148055003453-设计自选-625-12,李虹玉-XNY0271,2026-07-31 20:17:51
14033669638,信息流-小牛-折叠椅-京东主体-代运营-新人福利价-0731-10183713190151-设计自选-625-3,李虹玉-XNY0271,2026-07-31 20:17:52
14033669726,信息流-小牛-折叠椅-京东主体-代运营-新人福利价-0731-10183713190151-设计自选-625-2,李虹玉-XNY0271,2026-07-31 20:17:52
14033670730,信息流-小牛-折叠椅-京东主体-代运营-新人福利价-0731-10183713190151-设计自选-625-4,李虹玉-XNY0271,2026-07-31 20:17:57
14033672040,信息流-小牛-折叠椅-京东主体-代运营-新人福利价-0731-10183713190151-设计自选-625-7,李虹玉-XNY0271,2026-07-31 20:18:05
14033672272,信息流-小牛-折叠椅-京东主体-代运营-新人福利价-0731-10183713190151-设计自选-625-6,李虹玉-XNY0271,2026-07-31 20:18:07
14033672307,信息流-小牛-折叠椅-京东主体-代运营-新人福利价-0731-10183713190151-设计自选-625-5,李虹玉-XNY0271,2026-07-31 20:18:07
14033673840,信息流-小牛-折叠椅-京东主体-代运营-新人福利价-0731-10183713190151-设计自选-625-10,李虹玉-XNY0271,2026-07-31 20:18:16
14033673881,信息流-小牛-折叠椅-京东主体-代运营-新人福利价-0731-10183713190151-设计自选-625-9,李虹玉-XNY0271,2026-07-31 20:18:16
14033674081,信息流-小牛-折叠椅-京东主体-代运营-新人福利价-0731-10183713190151-设计自选-625-8,李虹玉-XNY0271,2026-07-31 20:18:18
14049338132,CH-SC-低活-100270871707-试用频道-个人护理-无-剪辑-转化引导-个人护理-20260722-个人护理-625-3,李虹玉-XNY0271,2026-08-03 10:21:22
14049339010,CH-SC-低活-100270871707-试用频道-个人护理-无-剪辑-转化引导-个人护理-20260722-个人护理-625-2,李虹玉-XNY0271,2026-08-03 10:21:25
14049339258,CH-SC-低活-100270871707-试用频道-个人护理-无-剪辑-转化引导-个人护理-20260722-个人护理-625-5,李虹玉-XNY0271,2026-08-03 10:21:26
14049339971,CH-SC-低活-100270871707-试用频道-个人护理-无-剪辑-转化引导-个人护理-20260722-个人护理-625-4,李虹玉-XNY0271,2026-08-03 10:21:27
14049340485,CH-SC-低活-100270871707-试用频道-个人护理-无-剪辑-转化引导-个人护理-20260722-个人护理-625-6,李虹玉-XNY0271,2026-08-03 10:21:29
14049340648,CH-SC-低活-100270871707-试用频道-个人护理-无-剪辑-转化引导-个人护理-20260722-个人护理-625-7,李虹玉-XNY0271,2026-08-03 10:21:29
14049341219,CH-SC-低活-100270871707-试用频道-个人护理-无-剪辑-转化引导-个人护理-20260722-个人护理-625-8,李虹玉-XNY0271,2026-08-03 10:21:31
14049341665,CH-SC-低活-100270871707-试用频道-个人护理-无-剪辑-转化引导-个人护理-20260722-个人护理-625-9,李虹玉-XNY0271,2026-08-03 10:21:32
14049341790,CH-SC-低活-100270871707-试用频道-个人护理-无-剪辑-转化引导-个人护理-20260722-个人护理-625-10,李虹玉-XNY0271,2026-08-03 10:21:32
14049342480,CH-SC-低活-100270871707-试用频道-个人护理-无-剪辑-转化引导-个人护理-20260722-个人护理-625-1,李虹玉-XNY0271,2026-08-03 10:21:33
14049362626,CH-SC-低活-10143318867797-超级抢购-厨具-无-剪辑-转化引导-厨具-20260727-无-625-aigc-2,李虹玉-XNY0271,2026-08-03 10:22:28
14049362940,CH-SC-低活-10143318867797-超级抢购-厨具-无-剪辑-转化引导-厨具-20260727-无-625-aigc-1,李虹玉-XNY0271,2026-08-03 10:22:29
14049364088,CH-SC-低活-10143318867797-超级抢购-厨具-无-剪辑-转化引导-厨具-20260727-无-625-aigc-12,李虹玉-XNY0271,2026-08-03 10:22:33
14049364107,CH-SC-低活-10143318867797-超级抢购-厨具-无-剪辑-转化引导-厨具-20260727-无-625-aigc-3,李虹玉-XNY0271,2026-08-03 10:22:33
14049364327,CH-SC-低活-10143318867797-超级抢购-厨具-无-剪辑-转化引导-厨具-20260727-无-625-aigc-4,李虹玉-XNY0271,2026-08-03 10:22:34
14049365343,CH-SC-低活-10143318867797-超级抢购-厨具-无-剪辑-转化引导-厨具-20260727-无-625-aigc-5,李虹玉-XNY0271,2026-08-03 10:22:38
14049365809,CH-SC-低活-10143318867797-超级抢购-厨具-无-剪辑-转化引导-厨具-20260727-无-625-aigc-7,李虹玉-XNY0271,2026-08-03 10:22:40
14049366383,CH-SC-低活-10143318867797-超级抢购-厨具-无-剪辑-转化引导-厨具-20260727-无-625-aigc-8,李虹玉-XNY0271,2026-08-03 10:22:42
14049366421,CH-SC-低活-10143318867797-超级抢购-厨具-无-剪辑-转化引导-厨具-20260727-无-625-aigc-6,李虹玉-XNY0271,2026-08-03 10:22:42
14049366824,CH-SC-低活-10143318867797-超级抢购-厨具-无-剪辑-转化引导-厨具-20260727-无-625-aigc-9,李虹玉-XNY0271,2026-08-03 10:22:43
14049367592,CH-SC-低活-10143318867797-超级抢购-厨具-无-剪辑-转化引导-厨具-20260727-无-625-aigc-10,李虹玉-XNY0271,2026-08-03 10:22:47
14049367886,CH-SC-低活-10143318867797-超级抢购-厨具-无-剪辑-转化引导-厨具-20260727-无-625-aigc-11,李虹玉-XNY0271,2026-08-03 10:22:48
14049368728,CH-SC-低活-10103917299332-超级抢购-厨具-无-剪辑-转化引导-厨具-20260727-无-625-aigc-9,李虹玉-XNY0271,2026-08-03 10:22:52
14049368932,CH-SC-低活-10103917299332-超级抢购-厨具-无-剪辑-转化引导-厨具-20260727-无-625-aigc-10,李虹玉-XNY0271,2026-08-03 10:22:53
14049369866,CH-SC-低活-10103917299332-超级抢购-厨具-无-剪辑-转化引导-厨具-20260727-无-625-aigc-11,李虹玉-XNY0271,2026-08-03 10:22:56
14049370059,CH-SC-低活-10103917299332-超级抢购-厨具-无-剪辑-转化引导-厨具-20260727-无-625-aigc-12,李虹玉-XNY0271,2026-08-03 10:22:57
14049370209,CH-SC-低活-10103917299332-超级抢购-厨具-无-剪辑-转化引导-厨具-20260727-无-625-aigc-8,李虹玉-XNY0271,2026-08-03 10:22:57
14049371029,CH-SC-低活-10103917299332-超级抢购-厨具-无-剪辑-转化引导-厨具-20260727-无-625-aigc-13,李虹玉-XNY0271,2026-08-03 10:23:01
14049371821,CH-SC-低活-10103917299332-超级抢购-厨具-无-剪辑-转化引导-厨具-20260727-无-625-aigc-1,李虹玉-XNY0271,2026-08-03 10:23:04
14049372108,CH-SC-低活-10103917299332-超级抢购-厨具-无-剪辑-转化引导-厨具-20260727-无-625-aigc-3,李虹玉-XNY0271,2026-08-03 10:23:05
14049372182,CH-SC-低活-10103917299332-超级抢购-厨具-无-剪辑-转化引导-厨具-20260727-无-625-aigc-2,李虹玉-XNY0271,2026-08-03 10:23:05
14049373465,CH-SC-低活-10103917299332-超级抢购-厨具-无-剪辑-转化引导-厨具-20260727-无-625-aigc-5,李虹玉-XNY0271,2026-08-03 10:23:09
14049373573,CH-SC-低活-10103917299332-超级抢购-厨具-无-剪辑-转化引导-厨具-20260727-无-625-aigc-6,李虹玉-XNY0271,2026-08-03 10:23:10
14049373917,CH-SC-低活-10103917299332-超级抢购-厨具-无-剪辑-转化引导-厨具-20260727-无-625-aigc-4,李虹玉-XNY0271,2026-08-03 10:23:11
14049374725,CH-SC-低活-10103917299332-超级抢购-厨具-无-剪辑-转化引导-厨具-20260727-无-625-aigc-7,李虹玉-XNY0271,2026-08-03 10:23:15
14049374880,CH-SC-低活-10142433952187-超级抢购-厨具-无-剪辑-转化引导-厨具-20260727-无-625-aigc-2,李虹玉-XNY0271,2026-08-03 10:23:16
14049375376,CH-SC-低活-10142433952187-超级抢购-厨具-无-剪辑-转化引导-厨具-20260727-无-625-aigc-3,李虹玉-XNY0271,2026-08-03 10:23:18
14049375748,CH-SC-低活-10178946597305-超级抢购-厨具-无-剪辑-转化引导-厨具-20260728-无-625-aigc-7,李虹玉-XNY0271,2026-08-03 10:23:19
14049375807,CH-SC-低活-10178946597305-超级抢购-厨具-无-剪辑-转化引导-厨具-20260728-无-625-aigc-11,李虹玉-XNY0271,2026-08-03 10:23:19
14049376224,CH-SC-低活-10178946597305-超级抢购-厨具-无-剪辑-转化引导-厨具-20260728-无-625-aigc-8,李虹玉-XNY0271,2026-08-03 10:23:21
14049376504,CH-SC-低活-10178946597305-超级抢购-厨具-无-剪辑-转化引导-厨具-20260728-无-625-aigc-9,李虹玉-XNY0271,2026-08-03 10:23:22
14049376624,CH-SC-低活-10178946597305-超级抢购-厨具-无-剪辑-转化引导-厨具-20260728-无-625-aigc-12,李虹玉-XNY0271,2026-08-03 10:23:22
14049377003,CH-SC-低活-10178946597305-超级抢购-厨具-无-剪辑-转化引导-厨具-20260728-无-625-aigc-10,李虹玉-XNY0271,2026-08-03 10:23:24
14049377454,误传-9,李虹玉-XNY0271,2026-08-03 10:23:26
14049377606,误传-8,李虹玉-XNY0271,2026-08-03 10:23:27
14049377942,误传-7,李虹玉-XNY0271,2026-08-03 10:23:28
14049378178,误传-5,李虹玉-XNY0271,2026-08-03 10:23:29
14049378268,误传-6,李虹玉-XNY0271,2026-08-03 10:23:29
14049378562,误传-4,李虹玉-XNY0271,2026-08-03 10:23:30
14049378846,误传-2,李虹玉-XNY0271,2026-08-03 10:23:32
14049379032,误传-3,李虹玉-XNY0271,2026-08-03 10:23:32
14049379662,误传-1,李虹玉-XNY0271,2026-08-03 10:23:34
14049380083,误传,李虹玉-XNY0271,2026-08-03 10:23:35
14049380096,CH-SC-低活-10178946597305-超级抢购-厨具-无-剪辑-转化引导-厨具-20260728-无-625-aigc-1,李虹玉-XNY0271,2026-08-03 10:23:35
14049380620,CH-SC-低活-10178946597305-超级抢购-厨具-无-剪辑-转化引导-厨具-20260728-无-625-aigc-5,李虹玉-XNY0271,2026-08-03 10:23:37
14049381375,CH-SC-低活-10178946597305-超级抢购-厨具-无-剪辑-转化引导-厨具-20260728-无-625-aigc-3,李虹玉-XNY0271,2026-08-03 10:23:40
14049381598,CH-SC-低活-10178946597305-超级抢购-厨具-无-剪辑-转化引导-厨具-20260728-无-625-aigc-2,李虹玉-XNY0271,2026-08-03 10:23:41
14049382521,CH-SC-低活-10178946597305-超级抢购-厨具-无-剪辑-转化引导-厨具-20260728-无-625-aigc-6,李虹玉-XNY0271,2026-08-03 10:23:44
14049382719,CH-SC-低活-10178946597305-超级抢购-厨具-无-剪辑-转化引导-厨具-20260728-无-625-aigc-4,李虹玉-XNY0271,2026-08-03 10:23:45
14049383680,CH-SC-低活-10142433952187-超级抢购-厨具-无-剪辑-转化引导-厨具-20260727-无-625-aigc-4,李虹玉-XNY0271,2026-08-03 10:23:48
14049384630,CH-SC-低活-10142433952187-超级抢购-厨具-无-剪辑-转化引导-厨具-20260727-无-625-aigc-5,李虹玉-XNY0271,2026-08-03 10:23:52
14049384818,CH-SC-低活-10142433952187-超级抢购-厨具-无-剪辑-转化引导-厨具-20260727-无-625-aigc-6,李虹玉-XNY0271,2026-08-03 10:23:53
14049386145,CH-SC-低活-10142433952187-超级抢购-厨具-无-剪辑-转化引导-厨具-20260727-无-625-aigc-9,李虹玉-XNY0271,2026-08-03 10:23:59
14049386694,CH-SC-低活-10142433952187-超级抢购-厨具-无-剪辑-转化引导-厨具-20260727-无-625-aigc-8,李虹玉-XNY0271,2026-08-03 10:24:02
14049387477,CH-SC-低活-10142433952187-超级抢购-厨具-无-剪辑-转化引导-厨具-20260727-无-625-aigc-7,李虹玉-XNY0271,2026-08-03 10:24:06
14049387946,CH-SC-低活-10142433952187-超级抢购-厨具-无-剪辑-转化引导-厨具-20260727-无-625-aigc-10,李虹玉-XNY0271,2026-08-03 10:24:08
14049389181,CH-SC-低活-10142433952187-超级抢购-厨具-无-剪辑-转化引导-厨具-20260727-无-625-aigc-11,李虹玉-XNY0271,2026-08-03 10:24:12
14049390260,CH-SC-低活-10142433952187-超级抢购-厨具-无-剪辑-转化引导-厨具-20260727-无-625-aigc-12,李虹玉-XNY0271,2026-08-03 10:24:16
14049390581,CH-SC-低活-10142433952187-超级抢购-厨具-无-剪辑-转化引导-厨具-20260727-无-625-aigc-13,李虹玉-XNY0271,2026-08-03 10:24:17
14049391450,CH-SC-低活-10142433952187-超级抢购-厨具-无-剪辑-转化引导-厨具-20260727-无-625-aigc-1,李虹玉-XNY0271,2026-08-03 10:24:20
14049421724,CH-SC-低活-10212147672624-超级抢购-电动车-无-剪辑-转化引导-电动车-20260729-无-625-aigc-1,李虹玉-XNY0271,2026-08-03 10:26:02
14049421823,CH-SC-低活-10212147672624-超级抢购-电动车-无-剪辑-转化引导-电动车-20260729-无-625-aigc-3,李虹玉-XNY0271,2026-08-03 10:26:03
14049422590,CH-SC-低活-10212147672624-超级抢购-电动车-无-剪辑-转化引导-电动车-20260729-无-625-aigc-2,李虹玉-XNY0271,2026-08-03 10:26:05
14049422896,CH-SC-低活-10212147672624-超级抢购-电动车-无-剪辑-转化引导-电动车-20260729-无-625-aigc-4,李虹玉-XNY0271,2026-08-03 10:26:06
14049423070,CH-SC-低活-10212147672624-超级抢购-电动车-无-剪辑-转化引导-电动车-20260729-无-625-aigc-5,李虹玉-XNY0271,2026-08-03 10:26:07
14049423615,CH-SC-低活-10212147672624-超级抢购-电动车-无-剪辑-转化引导-电动车-20260729-无-625-aigc-6,李虹玉-XNY0271,2026-08-03 10:26:09
14049424089,CH-SC-低活-10212147672624-超级抢购-电动车-无-剪辑-转化引导-电动车-20260729-无-625-aigc-7,李虹玉-XNY0271,2026-08-03 10:26:10
14049424367,CH-SC-低活-10212147672624-超级抢购-电动车-无-剪辑-转化引导-电动车-20260729-无-625-aigc-8,李虹玉-XNY0271,2026-08-03 10:26:11
14049424819,CH-SC-低活-10212147672624-超级抢购-电动车-无-剪辑-转化引导-电动车-20260729-无-625-aigc-9,李虹玉-XNY0271,2026-08-03 10:26:12
14049425335,CH-SC-低活-10212147672624-超级抢购-电动车-无-剪辑-转化引导-电动车-20260729-无-625-aigc-10,李虹玉-XNY0271,2026-08-03 10:26:14
14049452813,CH-SC-低活-10203314269223-超级抢购-生鲜-无-剪辑-转化引导-生鲜-20260730-无-625-aigc-17,李虹玉-XNY0271,2026-08-03 10:27:42
14049453232,CH-SC-低活-10203314269223-超级抢购-生鲜-无-剪辑-转化引导-生鲜-20260730-无-625-aigc-18,李虹玉-XNY0271,2026-08-03 10:27:44
14049453611,CH-SC-低活-10203314269223-超级抢购-生鲜-无-剪辑-转化引导-生鲜-20260730-无-625-aigc-1,李虹玉-XNY0271,2026-08-03 10:27:45
14049454044,CH-SC-低活-10203314269223-超级抢购-生鲜-无-剪辑-转化引导-生鲜-20260730-无-625-aigc-2,李虹玉-XNY0271,2026-08-03 10:27:47
14049454630,CH-SC-低活-10203314269223-超级抢购-生鲜-无-剪辑-转化引导-生鲜-20260730-无-625-aigc-3,李虹玉-XNY0271,2026-08-03 10:27:48
14049455089,CH-SC-低活-10203314269223-超级抢购-生鲜-无-剪辑-转化引导-生鲜-20260730-无-625-aigc-4,李虹玉-XNY0271,2026-08-03 10:27:50
14049455405,CH-SC-低活-10203314269223-超级抢购-生鲜-无-剪辑-转化引导-生鲜-20260730-无-625-aigc-5,李虹玉-XNY0271,2026-08-03 10:27:51
14049455728,CH-SC-低活-10203314269223-超级抢购-生鲜-无-剪辑-转化引导-生鲜-20260730-无-625-aigc-6,李虹玉-XNY0271,2026-08-03 10:27:52
14049456238,CH-SC-低活-10203314269223-超级抢购-生鲜-无-剪辑-转化引导-生鲜-20260730-无-625-aigc-7,李虹玉-XNY0271,2026-08-03 10:27:53
14049456727,CH-SC-低活-10203314269223-超级抢购-生鲜-无-剪辑-转化引导-生鲜-20260730-无-625-aigc-8,李虹玉-XNY0271,2026-08-03 10:27:54
14049457349,CH-SC-低活-10203314269223-超级抢购-生鲜-无-剪辑-转化引导-生鲜-20260730-无-625-aigc-9,李虹玉-XNY0271,2026-08-03 10:27:56
14049457917,CH-SC-低活-10203314269223-超级抢购-生鲜-无-剪辑-转化引导-生鲜-20260730-无-625-aigc-10,李虹玉-XNY0271,2026-08-03 10:27:57
14049458353,CH-SC-低活-10203314269223-超级抢购-生鲜-无-剪辑-转化引导-生鲜-20260730-无-625-aigc-11,李虹玉-XNY0271,2026-08-03 10:27:58
14049458694,CH-SC-低活-10203314269223-超级抢购-生鲜-无-剪辑-转化引导-生鲜-20260730-无-625-aigc-12,李虹玉-XNY0271,2026-08-03 10:27:59
14049459156,CH-SC-低活-10203314269223-超级抢购-生鲜-无-剪辑-转化引导-生鲜-20260730-无-625-aigc-13,李虹玉-XNY0271,2026-08-03 10:28:01
14049459786,CH-SC-低活-10154095391500-超级抢购-手机通讯-无-剪辑-转化引导-手机通讯-20260730-无-625-5,李虹玉-XNY0271,2026-08-03 10:28:03
14049460135,CH-SC-低活-10154095391500-超级抢购-手机通讯-无-剪辑-转化引导-手机通讯-20260730-无-625-6,李虹玉-XNY0271,2026-08-03 10:28:04
14049461053,CH-SC-低活-10154095391500-超级抢购-手机通讯-无-剪辑-转化引导-手机通讯-20260730-无-625-7,李虹玉-XNY0271,2026-08-03 10:28:06
14049462509,CH-SC-低活-10154095391500-超级抢购-手机通讯-无-剪辑-转化引导-手机通讯-20260730-无-625-8,李虹玉-XNY0271,2026-08-03 10:28:10
14049463132,CH-SC-低活-10154095391500-超级抢购-手机通讯-无-剪辑-转化引导-手机通讯-20260730-无-625-9,李虹玉-XNY0271,2026-08-03 10:28:12
14049464288,CH-SC-低活-10154095391500-超级抢购-手机通讯-无-剪辑-转化引导-手机通讯-20260730-无-625-10,李虹玉-XNY0271,2026-08-03 10:28:15
14049464862,CH-SC-低活-10154095391500-超级抢购-手机通讯-无-剪辑-转化引导-手机通讯-20260730-无-625-1,李虹玉-XNY0271,2026-08-03 10:28:17
14049464992,CH-SC-低活-10154095391500-超级抢购-手机通讯-无-剪辑-转化引导-手机通讯-20260730-无-625-2,李虹玉-XNY0271,2026-08-03 10:28:18
14049466217,CH-SC-低活-10154095391500-超级抢购-手机通讯-无-剪辑-转化引导-手机通讯-20260730-无-625-3,李虹玉-XNY0271,2026-08-03 10:28:21
14049466881,CH-SC-低活-10154095391500-超级抢购-手机通讯-无-剪辑-转化引导-手机通讯-20260730-无-625-4,李虹玉-XNY0271,2026-08-03 10:28:23
14049467058,CH-SC-低活-10203314269223-超级抢购-生鲜-无-剪辑-转化引导-生鲜-20260730-无-625-aigc-14,李虹玉-XNY0271,2026-08-03 10:28:23
14049468217,CH-SC-低活-10203314269223-超级抢购-生鲜-无-剪辑-转化引导-生鲜-20260730-无-625-aigc-15,李虹玉-XNY0271,2026-08-03 10:28:27
14049468884,CH-SC-低活-10219841541026-超级抢购-厨具-无-剪辑-转化引导-20260730-无-625-aigc-7,李虹玉-XNY0271,2026-08-03 10:28:30
14049469811,CH-SC-低活-10219841541026-超级抢购-厨具-无-剪辑-转化引导-20260730-无-625-aigc-6,李虹玉-XNY0271,2026-08-03 10:28:33
14049470052,CH-SC-低活-10219841541026-超级抢购-厨具-无-剪辑-转化引导-20260730-无-625-aigc-8,李虹玉-XNY0271,2026-08-03 10:28:34
14049470898,CH-SC-低活-10219841541026-超级抢购-厨具-无-剪辑-转化引导-20260730-无-625-aigc-9,李虹玉-XNY0271,2026-08-03 10:28:37
14049472469,CH-SC-低活-10219841541026-超级抢购-厨具-无-剪辑-转化引导-20260730-无-625-aigc-2,李虹玉-XNY0271,2026-08-03 10:28:44
14049473322,CH-SC-低活-10219841541026-超级抢购-厨具-无-剪辑-转化引导-20260730-无-625-aigc-10,李虹玉-XNY0271,2026-08-03 10:28:47
14049473506,CH-SC-低活-10219841541026-超级抢购-厨具-无-剪辑-转化引导-20260730-无-625-aigc-3,李虹玉-XNY0271,2026-08-03 10:28:48
14049474058,CH-SC-低活-10219841541026-超级抢购-厨具-无-剪辑-转化引导-20260730-无-625-aigc-4,李虹玉-XNY0271,2026-08-03 10:28:50
14049474632,CH-SC-低活-10219841541026-超级抢购-厨具-无-剪辑-转化引导-20260730-无-625-aigc-5,李虹玉-XNY0271,2026-08-03 10:28:53
14049477784,CH-SC-低活-10203314269223-超级抢购-生鲜-无-剪辑-转化引导-生鲜-20260730-无-625-aigc-16,李虹玉-XNY0271,2026-08-03 10:29:06
14050160671,CH-SC-广义新-10148101118968 -新综合频道-厨房卫浴-京喜拉新-剪辑-转化引导-厨房卫浴-20260728-无-625-2,李虹玉-XNY0271,2026-08-03 11:06:29
14050161762,CH-SC-广义新-10148101118968 -新综合频道-厨房卫浴-京喜拉新-剪辑-转化引导-厨房卫浴-20260728-无-625-5,李虹玉-XNY0271,2026-08-03 11:06:33
14050161881,CH-SC-广义新-10148101118968 -新综合频道-厨房卫浴-京喜拉新-剪辑-转化引导-厨房卫浴-20260728-无-625-4,李虹玉-XNY0271,2026-08-03 11:06:34
14050162326,CH-SC-广义新-10148101118968 -新综合频道-厨房卫浴-京喜拉新-剪辑-转化引导-厨房卫浴-20260728-无-625-3,李虹玉-XNY0271,2026-08-03 11:06:36
14050163196,CH-SC-广义新-10148101118968 -新综合频道-厨房卫浴-京喜拉新-剪辑-转化引导-厨房卫浴-20260728-无-625-6,李虹玉-XNY0271,2026-08-03 11:06:39
14050163904,CH-SC-广义新-10148101118968 -新综合频道-厨房卫浴-京喜拉新-剪辑-转化引导-厨房卫浴-20260728-无-625-8,李虹玉-XNY0271,2026-08-03 11:06:42
14050164443,CH-SC-广义新-10148101118968 -新综合频道-厨房卫浴-京喜拉新-剪辑-转化引导-厨房卫浴-20260728-无-625-9,李虹玉-XNY0271,2026-08-03 11:06:44
14050164648,CH-SC-广义新-10148101118968 -新综合频道-厨房卫浴-京喜拉新-剪辑-转化引导-厨房卫浴-20260728-无-625-7,李虹玉-XNY0271,2026-08-03 11:06:45
14050165484,CH-SC-广义新-10148101118968 -新综合频道-厨房卫浴-京喜拉新-剪辑-转化引导-厨房卫浴-20260728-无-625-10,李虹玉-XNY0271,2026-08-03 11:06:48
14050166061,CH-SC-广义新-10148101118968 -新综合频道-厨房卫浴-京喜拉新-剪辑-转化引导-厨房卫浴-20260728-无-625-1,李虹玉-XNY0271,2026-08-03 11:06:50
14050166610,CH-SC-广义新-10136363822650-新综合频道-纸品-京喜拉新-剪辑-转化引导-纸品-20260728-无-625-8,李虹玉-XNY0271,2026-08-03 11:06:52
14050167123,CH-SC-广义新-10136363822650-新综合频道-纸品-京喜拉新-剪辑-转化引导-纸品-20260728-无-625-9,李虹玉-XNY0271,2026-08-03 11:06:55
14050168072,CH-SC-广义新-10136363822650-新综合频道-纸品-京喜拉新-剪辑-转化引导-纸品-20260728-无-625-10,李虹玉-XNY0271,2026-08-03 11:06:58
14050168582,CH-SC-广义新-10219841541026-新综合频道-厨具-京喜拉新-剪辑-转化引导-厨具-20260730-无-625-aigc-20,李虹玉-XNY0271,2026-08-03 11:07:00
14050168822,CH-SC-广义新-10136363822650-新综合频道-纸品-京喜拉新-剪辑-转化引导-纸品-20260728-无-625-7,李虹玉-XNY0271,2026-08-03 11:07:01
14050169095,CH-SC-广义新-10219841541026-新综合频道-厨具-京喜拉新-剪辑-转化引导-厨具-20260730-无-625-aigc-1,李虹玉-XNY0271,2026-08-03 11:07:02
14050170621,CH-SC-广义新-10219841541026-新综合频道-厨具-京喜拉新-剪辑-转化引导-厨具-20260730-无-625-aigc-4,李虹玉-XNY0271,2026-08-03 11:07:08
14050170975,CH-SC-广义新-10219841541026-新综合频道-厨具-京喜拉新-剪辑-转化引导-厨具-20260730-无-625-aigc-2,李虹玉-XNY0271,2026-08-03 11:07:09
14050171803,CH-SC-广义新-10219841541026-新综合频道-厨具-京喜拉新-剪辑-转化引导-厨具-20260730-无-625-aigc-3,李虹玉-XNY0271,2026-08-03 11:07:12
14050172880,CH-SC-广义新-10219841541026-新综合频道-厨具-京喜拉新-剪辑-转化引导-厨具-20260730-无-625-aigc-7,李虹玉-XNY0271,2026-08-03 11:07:16
14050172995,CH-SC-广义新-10219841541026-新综合频道-厨具-京喜拉新-剪辑-转化引导-厨具-20260730-无-625-aigc-5,李虹玉-XNY0271,2026-08-03 11:07:17
14050174170,CH-SC-广义新-10219841541026-新综合频道-厨具-京喜拉新-剪辑-转化引导-厨具-20260730-无-625-aigc-6,李虹玉-XNY0271,2026-08-03 11:07:21
14050174490,CH-SC-广义新-10219841541026-新综合频道-厨具-京喜拉新-剪辑-转化引导-厨具-20260730-无-625-aigc-9,李虹玉-XNY0271,2026-08-03 11:07:23
14050176269,CH-SC-广义新-10219841541026-新综合频道-厨具-京喜拉新-剪辑-转化引导-厨具-20260730-无-625-aigc-8,李虹玉-XNY0271,2026-08-03 11:07:29
14050176403,CH-SC-广义新-10219841541026-新综合频道-厨具-京喜拉新-剪辑-转化引导-厨具-20260730-无-625-aigc-11,李虹玉-XNY0271,2026-08-03 11:07:30
14050176791,CH-SC-广义新-10219841541026-新综合频道-厨具-京喜拉新-剪辑-转化引导-厨具-20260730-无-625-aigc-10,李虹玉-XNY0271,2026-08-03 11:07:31
14050179417,CH-SC-广义新-10219841541026-新综合频道-厨具-京喜拉新-剪辑-转化引导-厨具-20260730-无-625-aigc-13,李虹玉-XNY0271,2026-08-03 11:07:41
14050179841,CH-SC-广义新-10219841541026-新综合频道-厨具-京喜拉新-剪辑-转化引导-厨具-20260730-无-625-aigc-12,李虹玉-XNY0271,2026-08-03 11:07:42
14050180075,CH-SC-广义新-10219841541026-新综合频道-厨具-京喜拉新-剪辑-转化引导-厨具-20260730-无-625-aigc-14,李虹玉-XNY0271,2026-08-03 11:07:42
14050181795,CH-SC-广义新-10219841541026-新综合频道-厨具-京喜拉新-剪辑-转化引导-厨具-20260730-无-625-aigc-15,李虹玉-XNY0271,2026-08-03 11:07:48
14050181840,CH-SC-广义新-10219841541026-新综合频道-厨具-京喜拉新-剪辑-转化引导-厨具-20260730-无-625-aigc-17,李虹玉-XNY0271,2026-08-03 11:07:48
14050182461,CH-SC-广义新-10219841541026-新综合频道-厨具-京喜拉新-剪辑-转化引导-厨具-20260730-无-625-aigc-16,李虹玉-XNY0271,2026-08-03 11:07:50
14050183418,CH-SC-广义新-10219841541026-新综合频道-厨具-京喜拉新-剪辑-转化引导-厨具-20260730-无-625-aigc-18,李虹玉-XNY0271,2026-08-03 11:07:53
14050183889,CH-SC-广义新-10136363822650-新综合频道-纸品-京喜拉新-剪辑-转化引导-纸品-20260728-无-625-11,李虹玉-XNY0271,2026-08-03 11:07:55
14050184843,CH-SC-广义新-10136363822650-新综合频道-纸品-京喜拉新-剪辑-转化引导-纸品-20260728-无-625-12,李虹玉-XNY0271,2026-08-03 11:07:57
14050185424,CH-SC-广义新-10136363822650-新综合频道-纸品-京喜拉新-剪辑-转化引导-纸品-20260728-无-625-1,李虹玉-XNY0271,2026-08-03 11:07:59
14050185905,CH-SC-广义新-10136363822650-新综合频道-纸品-京喜拉新-剪辑-转化引导-纸品-20260728-无-625-2,李虹玉-XNY0271,2026-08-03 11:08:00
14050186618,CH-SC-广义新-10136363822650-新综合频道-纸品-京喜拉新-剪辑-转化引导-纸品-20260728-无-625-3,李虹玉-XNY0271,2026-08-03 11:08:03
14050187057,CH-SC-广义新-10136363822650-新综合频道-纸品-京喜拉新-剪辑-转化引导-纸品-20260728-无-625-4,李虹玉-XNY0271,2026-08-03 11:08:04
14050187195,CH-SC-广义新-10219841541026-新综合频道-厨具-京喜拉新-剪辑-转化引导-厨具-20260730-无-625-aigc-19,李虹玉-XNY0271,2026-08-03 11:08:05
14050188142,CH-SC-广义新-10136363822650-新综合频道-纸品-京喜拉新-剪辑-转化引导-纸品-20260728-无-625-5,李虹玉-XNY0271,2026-08-03 11:08:08
14050188567,CH-SC-广义新-10136363822650-新综合频道-纸品-京喜拉新-剪辑-转化引导-纸品-20260728-无-625-6,李虹玉-XNY0271,2026-08-03 11:08:09
14050189742,CH-SC-广义新-10120029474627 -新综合频道-生鲜-京喜拉新-剪辑-转化引导-生鲜-20260729-无-625-3,李虹玉-XNY0271,2026-08-03 11:08:13
14050190133,CH-SC-广义新-10120029474627 -新综合频道-生鲜-京喜拉新-剪辑-转化引导-生鲜-20260729-无-625-4,李虹玉-XNY0271,2026-08-03 11:08:14
14050191064,CH-SC-广义新-10120029474627 -新综合频道-生鲜-京喜拉新-剪辑-转化引导-生鲜-20260729-无-625-2,李虹玉-XNY0271,2026-08-03 11:08:17
14050191686,CH-SC-广义新-10120029474627 -新综合频道-生鲜-京喜拉新-剪辑-转化引导-生鲜-20260729-无-625-5,李虹玉-XNY0271,2026-08-03 11:08:19
14050193263,CH-SC-广义新-10120029474627 -新综合频道-生鲜-京喜拉新-剪辑-转化引导-生鲜-20260729-无-625-6,李虹玉-XNY0271,2026-08-03 11:08:24
14050193575,CH-SC-广义新-10120029474627 -新综合频道-生鲜-京喜拉新-剪辑-转化引导-生鲜-20260729-无-625-7,李虹玉-XNY0271,2026-08-03 11:08:24
14050194837,CH-SC-广义新-10120029474627 -新综合频道-生鲜-京喜拉新-剪辑-转化引导-生鲜-20260729-无-625-8,李虹玉-XNY0271,2026-08-03 11:08:29
14050196286,CH-SC-广义新-10120029474627 -新综合频道-生鲜-京喜拉新-剪辑-转化引导-生鲜-20260729-无-625-10,李虹玉-XNY0271,2026-08-03 11:08:33
14050196639,CH-SC-广义新-10120029474627 -新综合频道-生鲜-京喜拉新-剪辑-转化引导-生鲜-20260729-无-625-9,李虹玉-XNY0271,2026-08-03 11:08:34
14050199088,CH-SC-广义新-10120029474627 -新综合频道-生鲜-京喜拉新-剪辑-转化引导-生鲜-20260729-无-625-1,李虹玉-XNY0271,2026-08-03 11:08:44
14050199469,CH-SC-广义新-10177393646075 -新综合频道-灯饰照明-京喜拉新-剪辑-转化引导-灯饰照明-20260729-无-625-4,李虹玉-XNY0271,2026-08-03 11:08:45
14050200216,CH-SC-广义新-10177393646075 -新综合频道-灯饰照明-京喜拉新-剪辑-转化引导-灯饰照明-20260729-无-625-5,李虹玉-XNY0271,2026-08-03 11:08:48
14050201944,CH-SC-广义新-10177393646075 -新综合频道-灯饰照明-京喜拉新-剪辑-转化引导-灯饰照明-20260729-无-625-6,李虹玉-XNY0271,2026-08-03 11:08:54
14050202936,CH-SC-广义新-10177393646075 -新综合频道-灯饰照明-京喜拉新-剪辑-转化引导-灯饰照明-20260729-无-625-8,李虹玉-XNY0271,2026-08-03 11:08:58
14050203266,CH-SC-广义新-10177393646075 -新综合频道-灯饰照明-京喜拉新-剪辑-转化引导-灯饰照明-20260729-无-625-7,李虹玉-XNY0271,2026-08-03 11:08:59
14050204882,CH-SC-广义新-10177393646075 -新综合频道-灯饰照明-京喜拉新-剪辑-转化引导-灯饰照明-20260729-无-625-9,李虹玉-XNY0271,2026-08-03 11:09:05
14050205630,CH-SC-广义新-10177393646075 -新综合频道-灯饰照明-京喜拉新-剪辑-转化引导-灯饰照明-20260729-无-625-10,李虹玉-XNY0271,2026-08-03 11:09:08
14050206937,CH-SC-广义新-10177393646075 -新综合频道-灯饰照明-京喜拉新-剪辑-转化引导-灯饰照明-20260729-无-625-12,李虹玉-XNY0271,2026-08-03 11:09:12
14050207209,CH-SC-广义新-10177393646075 -新综合频道-灯饰照明-京喜拉新-剪辑-转化引导-灯饰照明-20260729-无-625-11,李虹玉-XNY0271,2026-08-03 11:09:14
14050207975,CH-SC-广义新-10177393646075 -新综合频道-灯饰照明-京喜拉新-剪辑-转化引导-灯饰照明-20260729-无-625-1,李虹玉-XNY0271,2026-08-03 11:09:17
14050209467,CH-SC-广义新-10177393646075 -新综合频道-灯饰照明-京喜拉新-剪辑-转化引导-灯饰照明-20260729-无-625-3,李虹玉-XNY0271,2026-08-03 11:09:23
14050209479,CH-SC-广义新-10187000434970-新综合频道-厨具-京喜拉新-剪辑-转化引导-厨具-20260730-无-625-16,李虹玉-XNY0271,2026-08-03 11:09:23
14050209743,CH-SC-广义新-10177393646075 -新综合频道-灯饰照明-京喜拉新-剪辑-转化引导-灯饰照明-20260729-无-625-2,李虹玉-XNY0271,2026-08-03 11:09:24
14050210874,CH-SC-广义新-10187000434970-新综合频道-厨具-京喜拉新-剪辑-转化引导-厨具-20260730-无-625-1,李虹玉-XNY0271,2026-08-03 11:09:28
14050212256,CH-SC-广义新-10187000434970-新综合频道-厨具-京喜拉新-剪辑-转化引导-厨具-20260730-无-625-3,李虹玉-XNY0271,2026-08-03 11:09:34
14050213136,CH-SC-广义新-10187000434970-新综合频道-厨具-京喜拉新-剪辑-转化引导-厨具-20260730-无-625-2,李虹玉-XNY0271,2026-08-03 11:09:37
14050213984,CH-SC-广义新-10187000434970-新综合频道-厨具-京喜拉新-剪辑-转化引导-厨具-20260730-无-625-5,李虹玉-XNY0271,2026-08-03 11:09:41
14050214963,CH-SC-广义新-10187000434970-新综合频道-厨具-京喜拉新-剪辑-转化引导-厨具-20260730-无-625-6,李虹玉-XNY0271,2026-08-03 11:09:45
14050215407,CH-SC-广义新-10187000434970-新综合频道-厨具-京喜拉新-剪辑-转化引导-厨具-20260730-无-625-4,李虹玉-XNY0271,2026-08-03 11:09:46
14050217042,CH-SC-广义新-10187000434970-新综合频道-厨具-京喜拉新-剪辑-转化引导-厨具-20260730-无-625-7,李虹玉-XNY0271,2026-08-03 11:09:52
14050217412,CH-SC-广义新-10187000434970-新综合频道-厨具-京喜拉新-剪辑-转化引导-厨具-20260730-无-625-8,李虹玉-XNY0271,2026-08-03 11:09:53
14050219049,CH-SC-广义新-10187000434970-新综合频道-厨具-京喜拉新-剪辑-转化引导-厨具-20260730-无-625-10,李虹玉-XNY0271,2026-08-03 11:09:59
14050219598,CH-SC-广义新-10187000434970-新综合频道-厨具-京喜拉新-剪辑-转化引导-厨具-20260730-无-625-9,李虹玉-XNY0271,2026-08-03 11:10:01
14050220381,CH-SC-广义新-10187000434970-新综合频道-厨具-京喜拉新-剪辑-转化引导-厨具-20260730-无-625-12,李虹玉-XNY0271,2026-08-03 11:10:04
14050220758,CH-SC-广义新-10187000434970-新综合频道-厨具-京喜拉新-剪辑-转化引导-厨具-20260730-无-625-11,李虹玉-XNY0271,2026-08-03 11:10:05
14050221336,CH-SC-广义新-10187000434970-新综合频道-厨具-京喜拉新-剪辑-转化引导-厨具-20260730-无-625-13,李虹玉-XNY0271,2026-08-03 11:10:08
14050221887,CH-SC-广义新-10187000434970-新综合频道-厨具-京喜拉新-剪辑-转化引导-厨具-20260730-无-625-14,李虹玉-XNY0271,2026-08-03 11:10:09
14050222435,CH-SC-广义新-10187000434970-新综合频道-厨具-京喜拉新-剪辑-转化引导-厨具-20260730-无-625-15,李虹玉-XNY0271,2026-08-03 11:10:11
14057839331,信息流-小牛-红薯粉-京东主体-代运营-新人福利价-0803-10199807565163-京东-625-aigc-6,李虹玉-XNY0271,2026-08-03 20:39:37
14057839368,信息流-小牛-红薯粉-京东主体-代运营-新人福利价-0803-10199807565163-京东-625-aigc-8,李虹玉-XNY0271,2026-08-03 20:39:38
14057839501,信息流-小牛-红薯粉-京东主体-代运营-新人福利价-0803-10199807565163-京东-625-aigc-7,李虹玉-XNY0271,2026-08-03 20:39:40
14057839922,信息流-小牛-红薯粉-京东主体-代运营-新人福利价-0803-10199807565163-京东-625-aigc-9,李虹玉-XNY0271,2026-08-03 20:39:46
14057840008,信息流-小牛-红薯粉-京东主体-代运营-新人福利价-0803-10199807565163-京东-625-aigc-10,李虹玉-XNY0271,2026-08-03 20:39:48
14057840522,信息流-小牛-红薯粉-京东主体-代运营-新人福利价-0803-10199807565163-京东-625-aigc-2,李虹玉-XNY0271,2026-08-03 20:39:56
14057840587,信息流-小牛-红薯粉-京东主体-代运营-新人福利价-0803-10199807565163-京东-625-aigc-1,李虹玉-XNY0271,2026-08-03 20:39:57
14057840675,信息流-小牛-红薯粉-京东主体-代运营-新人福利价-0803-10199807565163-京东-625-aigc-3,李虹玉-XNY0271,2026-08-03 20:39:58
14057841365,信息流-小牛-红薯粉-京东主体-代运营-新人福利价-0803-10199807565163-京东-625-aigc-5,李虹玉-XNY0271,2026-08-03 20:40:07
14057841428,信息流-小牛-餐具-京东主体-代运营-新人福利价-0803-10120927066267-本东爆品-625-aigc-1,李虹玉-XNY0271,2026-08-03 20:40:08
14057841481,信息流-小牛-红薯粉-京东主体-代运营-新人福利价-0803-10199807565163-京东-625-aigc-4,李虹玉-XNY0271,2026-08-03 20:40:09
14057842133,信息流-小牛-餐具-京东主体-代运营-新人福利价-0803-10120927066267-本东爆品-625-aigc-2,李虹玉-XNY0271,2026-08-03 20:40:18
14057842159,信息流-小牛-餐具-京东主体-代运营-新人福利价-0803-10120927066267-本东爆品-625-aigc-4,李虹玉-XNY0271,2026-08-03 20:40:18
14057842401,信息流-小牛-餐具-京东主体-代运营-新人福利价-0803-10120927066267-本东爆品-625-aigc-3,李虹玉-XNY0271,2026-08-03 20:40:21
14057842806,信息流-小牛-餐具-京东主体-代运营-新人福利价-0803-10120927066267-本东爆品-625-aigc-6,李虹玉-XNY0271,2026-08-03 20:40:28
14057842807,信息流-小牛-餐具-京东主体-代运营-新人福利价-0803-10120927066267-本东爆品-625-aigc-5,李虹玉-XNY0271,2026-08-03 20:40:28
14057842976,信息流-小牛-餐具-京东主体-代运营-新人福利价-0803-10120927066267-本东爆品-625-aigc-7,李虹玉-XNY0271,2026-08-03 20:40:31
14057843428,信息流-小牛-餐具-京东主体-代运营-新人福利价-0803-10120927066267-本东爆品-625-aigc-9,李虹玉-XNY0271,2026-08-03 20:40:37
14057843446,信息流-小牛-餐具-京东主体-代运营-新人福利价-0803-10120927066267-本东爆品-625-aigc-8,李虹玉-XNY0271,2026-08-03 20:40:38
14057843668,信息流-小牛-餐具-京东主体-代运营-新人福利价-0803-10120927066267-本东爆品-625-aigc-10,李虹玉-XNY0271,2026-08-03 20:40:40
14057844289,信息流-小牛-宝宝蕉-京东主体-代运营-新人福利价-0803-10151192121038-应季品-625-aigc-3,李虹玉-XNY0271,2026-08-03 20:40:48
14057844315,信息流-小牛-宝宝蕉-京东主体-代运营-新人福利价-0803-10151192121038-应季品-625-aigc-1,李虹玉-XNY0271,2026-08-03 20:40:48
14057844435,信息流-小牛-宝宝蕉-京东主体-代运营-新人福利价-0803-10151192121038-应季品-625-aigc-2,李虹玉-XNY0271,2026-08-03 20:40:50
14057844923,信息流-小牛-宝宝蕉-京东主体-代运营-新人福利价-0803-10151192121038-应季品-625-aigc-4,李虹玉-XNY0271,2026-08-03 20:40:56
14057845083,信息流-小牛-宝宝蕉-京东主体-代运营-新人福利价-0803-10151192121038-应季品-625-aigc-6,李虹玉-XNY0271,2026-08-03 20:40:59
14057845105,信息流-小牛-宝宝蕉-京东主体-代运营-新人福利价-0803-10151192121038-应季品-625-aigc-5,李虹玉-XNY0271,2026-08-03 20:40:59
14057845332,信息流-小牛-宝宝蕉-京东主体-代运营-新人福利价-0803-10151192121038-应季品-625-aigc-7,李虹玉-XNY0271,2026-08-03 20:41:02
14057845650,信息流-小牛-宝宝蕉-京东主体-代运营-新人福利价-0803-10151192121038-应季品-625-aigc-8,李虹玉-XNY0271,2026-08-03 20:41:08
14057845661,信息流-小牛-宝宝蕉-京东主体-代运营-新人福利价-0803-10151192121038-应季品-625-aigc-9,李虹玉-XNY0271,2026-08-03 20:41:08
14057845805,信息流-小牛-宝宝蕉-京东主体-代运营-新人福利价-0803-10151192121038-应季品-625-aigc-10,李虹玉-XNY0271,2026-08-03 20:41:10
14071963704,信息流-小牛-透明皂 -三方主体-代运营-新人福利价-0805-3207554-客户推品-625-2,李虹玉-XNY0271,2026-08-05 09:55:51
14071963900,信息流-小牛-透明皂 -三方主体-代运营-新人福利价-0805-3207554-客户推品-625-3,李虹玉-XNY0271,2026-08-05 09:55:52
14071965208,信息流-小牛-透明皂 -三方主体-代运营-新人福利价-0805-3207554-客户推品-625-5,李虹玉-XNY0271,2026-08-05 09:55:56
14071965415,信息流-小牛-透明皂 -三方主体-代运营-新人福利价-0805-3207554-客户推品-625-4,李虹玉-XNY0271,2026-08-05 09:55:56
14071966282,信息流-小牛-透明皂 -三方主体-代运营-新人福利价-0805-3207554-客户推品-625-6,李虹玉-XNY0271,2026-08-05 09:55:59
14071967183,信息流-小牛-透明皂 -三方主体-代运营-新人福利价-0805-3207554-客户推品-625-1,李虹玉-XNY0271,2026-08-05 09:56:01
14071967367,信息流-小牛-透明皂 -三方主体-代运营-新人福利价-0805-3207554-客户推品-625-7,李虹玉-XNY0271,2026-08-05 09:56:02
